ISO-10303-21;
HEADER;
/* Generated by software containing ST-Developer
 * from STEP Tools, Inc. (www.steptools.com) 
 */

FILE_DESCRIPTION(
/* description */ (''),
/* implementation_level */ '2;1');

FILE_NAME(
/* name */ 'midrail support.step',
/* time_stamp */ '2026-08-04T21:53:54+02:00',
/* author */ (''),
/* organization */ (''),
/* preprocessor_version */ 'ST-DEVELOPER v20.1',
/* originating_system */ 'Autodesk Translation Framework v15.8.0.0',
/* authorisation */ '');

FILE_SCHEMA (('AUTOMOTIVE_DESIGN { 1 0 10303 214 3 1 1 }'));
ENDSEC;

DATA;
#10=MECHANICAL_DESIGN_GEOMETRIC_PRESENTATION_REPRESENTATION('',(#13,#14,
#15,#16),#3892);
#11=SHAPE_REPRESENTATION_RELATIONSHIP('SRR','None',#3899,#12);
#12=ADVANCED_BREP_SHAPE_REPRESENTATION('',(#17,#18,#19,#20),#3891);
#13=STYLED_ITEM('',(#3908),#17);
#14=STYLED_ITEM('',(#3908),#18);
#15=STYLED_ITEM('',(#3908),#19);
#16=STYLED_ITEM('',(#3908),#20);
#17=MANIFOLD_SOLID_BREP('Body1',#2373);
#18=MANIFOLD_SOLID_BREP('Body3',#2374);
#19=MANIFOLD_SOLID_BREP('Body10',#2375);
#20=MANIFOLD_SOLID_BREP('Body11',#2376);
#21=FACE_BOUND('',#286,.T.);
#22=FACE_BOUND('',#287,.T.);
#23=FACE_BOUND('',#289,.T.);
#24=FACE_BOUND('',#290,.T.);
#25=FACE_BOUND('',#292,.T.);
#26=FACE_BOUND('',#296,.T.);
#27=FACE_BOUND('',#302,.T.);
#28=FACE_BOUND('',#304,.T.);
#29=FACE_BOUND('',#305,.T.);
#30=FACE_BOUND('',#307,.T.);
#31=FACE_BOUND('',#308,.T.);
#32=FACE_BOUND('',#315,.T.);
#33=FACE_BOUND('',#316,.T.);
#34=FACE_BOUND('',#317,.T.);
#35=FACE_BOUND('',#318,.T.);
#36=FACE_BOUND('',#321,.T.);
#37=FACE_BOUND('',#326,.T.);
#38=FACE_BOUND('',#329,.T.);
#39=FACE_BOUND('',#333,.T.);
#40=FACE_BOUND('',#334,.T.);
#41=FACE_BOUND('',#338,.T.);
#42=FACE_BOUND('',#343,.T.);
#43=FACE_BOUND('',#344,.T.);
#44=FACE_BOUND('',#346,.T.);
#45=FACE_BOUND('',#347,.T.);
#46=FACE_BOUND('',#356,.T.);
#47=FACE_BOUND('',#357,.T.);
#48=FACE_BOUND('',#358,.T.);
#49=FACE_BOUND('',#359,.T.);
#50=FACE_BOUND('',#360,.T.);
#51=FACE_BOUND('',#361,.T.);
#52=FACE_BOUND('',#373,.T.);
#53=FACE_BOUND('',#374,.T.);
#54=FACE_BOUND('',#375,.T.);
#55=FACE_BOUND('',#376,.T.);
#56=FACE_BOUND('',#377,.T.);
#57=FACE_BOUND('',#378,.T.);
#58=FACE_BOUND('',#384,.T.);
#59=FACE_BOUND('',#386,.T.);
#60=FACE_BOUND('',#387,.T.);
#61=FACE_BOUND('',#389,.T.);
#62=FACE_BOUND('',#390,.T.);
#63=FACE_BOUND('',#396,.T.);
#64=FACE_BOUND('',#399,.T.);
#65=FACE_BOUND('',#400,.T.);
#66=FACE_BOUND('',#403,.T.);
#67=FACE_BOUND('',#405,.T.);
#68=FACE_BOUND('',#406,.T.);
#69=FACE_BOUND('',#407,.T.);
#70=FACE_BOUND('',#408,.T.);
#71=FACE_BOUND('',#413,.T.);
#72=FACE_BOUND('',#416,.T.);
#73=FACE_BOUND('',#420,.T.);
#74=FACE_BOUND('',#421,.T.);
#75=FACE_BOUND('',#425,.T.);
#76=FACE_BOUND('',#430,.T.);
#77=FACE_BOUND('',#431,.T.);
#78=FACE_BOUND('',#433,.T.);
#79=FACE_BOUND('',#434,.T.);
#80=FACE_BOUND('',#443,.T.);
#81=FACE_BOUND('',#444,.T.);
#82=FACE_BOUND('',#445,.T.);
#83=FACE_BOUND('',#446,.T.);
#84=FACE_BOUND('',#447,.T.);
#85=FACE_BOUND('',#448,.T.);
#86=FACE_BOUND('',#460,.T.);
#87=FACE_BOUND('',#461,.T.);
#88=FACE_BOUND('',#462,.T.);
#89=FACE_BOUND('',#463,.T.);
#90=FACE_BOUND('',#464,.T.);
#91=FACE_BOUND('',#465,.T.);
#92=PLANE('',#2396);
#93=PLANE('',#2397);
#94=PLANE('',#2398);
#95=PLANE('',#2399);
#96=PLANE('',#2400);
#97=PLANE('',#2403);
#98=PLANE('',#2407);
#99=PLANE('',#2410);
#100=PLANE('',#2411);
#101=PLANE('',#2424);
#102=PLANE('',#2427);
#103=PLANE('',#2431);
#104=PLANE('',#2434);
#105=PLANE('',#2435);
#106=PLANE('',#2438);
#107=PLANE('',#2439);
#108=PLANE('',#2440);
#109=PLANE('',#2441);
#110=PLANE('',#2442);
#111=PLANE('',#2445);
#112=PLANE('',#2448);
#113=PLANE('',#2449);
#114=PLANE('',#2450);
#115=PLANE('',#2451);
#116=PLANE('',#2454);
#117=PLANE('',#2456);
#118=PLANE('',#2459);
#119=PLANE('',#2460);
#120=PLANE('',#2462);
#121=PLANE('',#2463);
#122=PLANE('',#2464);
#123=PLANE('',#2465);
#124=PLANE('',#2466);
#125=PLANE('',#2467);
#126=PLANE('',#2474);
#127=PLANE('',#2481);
#128=PLANE('',#2482);
#129=PLANE('',#2495);
#130=PLANE('',#2496);
#131=PLANE('',#2497);
#132=PLANE('',#2510);
#133=PLANE('',#2513);
#134=PLANE('',#2517);
#135=PLANE('',#2520);
#136=PLANE('',#2521);
#137=PLANE('',#2524);
#138=PLANE('',#2525);
#139=PLANE('',#2526);
#140=PLANE('',#2527);
#141=PLANE('',#2528);
#142=PLANE('',#2529);
#143=PLANE('',#2532);
#144=PLANE('',#2538);
#145=PLANE('',#2541);
#146=PLANE('',#2542);
#147=PLANE('',#2543);
#148=PLANE('',#2544);
#149=PLANE('',#2547);
#150=PLANE('',#2549);
#151=PLANE('',#2552);
#152=PLANE('',#2553);
#153=PLANE('',#2555);
#154=PLANE('',#2556);
#155=PLANE('',#2557);
#156=PLANE('',#2558);
#157=PLANE('',#2559);
#158=PLANE('',#2560);
#159=PLANE('',#2567);
#160=PLANE('',#2574);
#161=PLANE('',#2575);
#162=PLANE('',#2588);
#163=PLANE('',#2589);
#164=PLANE('',#2590);
#165=FACE_OUTER_BOUND('',#280,.T.);
#166=FACE_OUTER_BOUND('',#281,.T.);
#167=FACE_OUTER_BOUND('',#282,.T.);
#168=FACE_OUTER_BOUND('',#283,.T.);
#169=FACE_OUTER_BOUND('',#284,.T.);
#170=FACE_OUTER_BOUND('',#285,.T.);
#171=FACE_OUTER_BOUND('',#288,.T.);
#172=FACE_OUTER_BOUND('',#291,.T.);
#173=FACE_OUTER_BOUND('',#293,.T.);
#174=FACE_OUTER_BOUND('',#294,.T.);
#175=FACE_OUTER_BOUND('',#295,.T.);
#176=FACE_OUTER_BOUND('',#297,.T.);
#177=FACE_OUTER_BOUND('',#298,.T.);
#178=FACE_OUTER_BOUND('',#299,.T.);
#179=FACE_OUTER_BOUND('',#300,.T.);
#180=FACE_OUTER_BOUND('',#301,.T.);
#181=FACE_OUTER_BOUND('',#303,.T.);
#182=FACE_OUTER_BOUND('',#306,.T.);
#183=FACE_OUTER_BOUND('',#309,.T.);
#184=FACE_OUTER_BOUND('',#310,.T.);
#185=FACE_OUTER_BOUND('',#311,.T.);
#186=FACE_OUTER_BOUND('',#312,.T.);
#187=FACE_OUTER_BOUND('',#313,.T.);
#188=FACE_OUTER_BOUND('',#314,.T.);
#189=FACE_OUTER_BOUND('',#319,.T.);
#190=FACE_OUTER_BOUND('',#320,.T.);
#191=FACE_OUTER_BOUND('',#322,.T.);
#192=FACE_OUTER_BOUND('',#323,.T.);
#193=FACE_OUTER_BOUND('',#324,.T.);
#194=FACE_OUTER_BOUND('',#325,.T.);
#195=FACE_OUTER_BOUND('',#327,.T.);
#196=FACE_OUTER_BOUND('',#328,.T.);
#197=FACE_OUTER_BOUND('',#330,.T.);
#198=FACE_OUTER_BOUND('',#331,.T.);
#199=FACE_OUTER_BOUND('',#332,.T.);
#200=FACE_OUTER_BOUND('',#335,.T.);
#201=FACE_OUTER_BOUND('',#336,.T.);
#202=FACE_OUTER_BOUND('',#337,.T.);
#203=FACE_OUTER_BOUND('',#339,.T.);
#204=FACE_OUTER_BOUND('',#340,.T.);
#205=FACE_OUTER_BOUND('',#341,.T.);
#206=FACE_OUTER_BOUND('',#342,.T.);
#207=FACE_OUTER_BOUND('',#345,.T.);
#208=FACE_OUTER_BOUND('',#348,.T.);
#209=FACE_OUTER_BOUND('',#349,.T.);
#210=FACE_OUTER_BOUND('',#350,.T.);
#211=FACE_OUTER_BOUND('',#351,.T.);
#212=FACE_OUTER_BOUND('',#352,.T.);
#213=FACE_OUTER_BOUND('',#353,.T.);
#214=FACE_OUTER_BOUND('',#354,.T.);
#215=FACE_OUTER_BOUND('',#355,.T.);
#216=FACE_OUTER_BOUND('',#362,.T.);
#217=FACE_OUTER_BOUND('',#363,.T.);
#218=FACE_OUTER_BOUND('',#364,.T.);
#219=FACE_OUTER_BOUND('',#365,.T.);
#220=FACE_OUTER_BOUND('',#366,.T.);
#221=FACE_OUTER_BOUND('',#367,.T.);
#222=FACE_OUTER_BOUND('',#368,.T.);
#223=FACE_OUTER_BOUND('',#369,.T.);
#224=FACE_OUTER_BOUND('',#370,.T.);
#225=FACE_OUTER_BOUND('',#371,.T.);
#226=FACE_OUTER_BOUND('',#372,.T.);
#227=FACE_OUTER_BOUND('',#379,.T.);
#228=FACE_OUTER_BOUND('',#380,.T.);
#229=FACE_OUTER_BOUND('',#381,.T.);
#230=FACE_OUTER_BOUND('',#382,.T.);
#231=FACE_OUTER_BOUND('',#383,.T.);
#232=FACE_OUTER_BOUND('',#385,.T.);
#233=FACE_OUTER_BOUND('',#388,.T.);
#234=FACE_OUTER_BOUND('',#391,.T.);
#235=FACE_OUTER_BOUND('',#392,.T.);
#236=FACE_OUTER_BOUND('',#393,.T.);
#237=FACE_OUTER_BOUND('',#394,.T.);
#238=FACE_OUTER_BOUND('',#395,.T.);
#239=FACE_OUTER_BOUND('',#397,.T.);
#240=FACE_OUTER_BOUND('',#398,.T.);
#241=FACE_OUTER_BOUND('',#401,.T.);
#242=FACE_OUTER_BOUND('',#402,.T.);
#243=FACE_OUTER_BOUND('',#404,.T.);
#244=FACE_OUTER_BOUND('',#409,.T.);
#245=FACE_OUTER_BOUND('',#410,.T.);
#246=FACE_OUTER_BOUND('',#411,.T.);
#247=FACE_OUTER_BOUND('',#412,.T.);
#248=FACE_OUTER_BOUND('',#414,.T.);
#249=FACE_OUTER_BOUND('',#415,.T.);
#250=FACE_OUTER_BOUND('',#417,.T.);
#251=FACE_OUTER_BOUND('',#418,.T.);
#252=FACE_OUTER_BOUND('',#419,.T.);
#253=FACE_OUTER_BOUND('',#422,.T.);
#254=FACE_OUTER_BOUND('',#423,.T.);
#255=FACE_OUTER_BOUND('',#424,.T.);
#256=FACE_OUTER_BOUND('',#426,.T.);
#257=FACE_OUTER_BOUND('',#427,.T.);
#258=FACE_OUTER_BOUND('',#428,.T.);
#259=FACE_OUTER_BOUND('',#429,.T.);
#260=FACE_OUTER_BOUND('',#432,.T.);
#261=FACE_OUTER_BOUND('',#435,.T.);
#262=FACE_OUTER_BOUND('',#436,.T.);
#263=FACE_OUTER_BOUND('',#437,.T.);
#264=FACE_OUTER_BOUND('',#438,.T.);
#265=FACE_OUTER_BOUND('',#439,.T.);
#266=FACE_OUTER_BOUND('',#440,.T.);
#267=FACE_OUTER_BOUND('',#441,.T.);
#268=FACE_OUTER_BOUND('',#442,.T.);
#269=FACE_OUTER_BOUND('',#449,.T.);
#270=FACE_OUTER_BOUND('',#450,.T.);
#271=FACE_OUTER_BOUND('',#451,.T.);
#272=FACE_OUTER_BOUND('',#452,.T.);
#273=FACE_OUTER_BOUND('',#453,.T.);
#274=FACE_OUTER_BOUND('',#454,.T.);
#275=FACE_OUTER_BOUND('',#455,.T.);
#276=FACE_OUTER_BOUND('',#456,.T.);
#277=FACE_OUTER_BOUND('',#457,.T.);
#278=FACE_OUTER_BOUND('',#458,.T.);
#279=FACE_OUTER_BOUND('',#459,.T.);
#280=EDGE_LOOP('',(#1568,#1569,#1570,#1571));
#281=EDGE_LOOP('',(#1572,#1573,#1574,#1575));
#282=EDGE_LOOP('',(#1576,#1577,#1578,#1579));
#283=EDGE_LOOP('',(#1580,#1581,#1582,#1583,#1584,#1585));
#284=EDGE_LOOP('',(#1586,#1587,#1588,#1589));
#285=EDGE_LOOP('',(#1590,#1591,#1592,#1593,#1594,#1595));
#286=EDGE_LOOP('',(#1596));
#287=EDGE_LOOP('',(#1597));
#288=EDGE_LOOP('',(#1598,#1599,#1600,#1601));
#289=EDGE_LOOP('',(#1602));
#290=EDGE_LOOP('',(#1603));
#291=EDGE_LOOP('',(#1604,#1605,#1606,#1607,#1608,#1609,#1610,#1611,#1612));
#292=EDGE_LOOP('',(#1613));
#293=EDGE_LOOP('',(#1614,#1615,#1616,#1617,#1618,#1619,#1620));
#294=EDGE_LOOP('',(#1621,#1622,#1623,#1624));
#295=EDGE_LOOP('',(#1625,#1626,#1627,#1628,#1629,#1630,#1631,#1632,#1633,
#1634,#1635,#1636,#1637,#1638,#1639,#1640));
#296=EDGE_LOOP('',(#1641,#1642,#1643,#1644));
#297=EDGE_LOOP('',(#1645,#1646,#1647,#1648));
#298=EDGE_LOOP('',(#1649,#1650,#1651,#1652));
#299=EDGE_LOOP('',(#1653,#1654,#1655,#1656));
#300=EDGE_LOOP('',(#1657,#1658,#1659,#1660));
#301=EDGE_LOOP('',(#1661,#1662,#1663,#1664,#1665));
#302=EDGE_LOOP('',(#1666));
#303=EDGE_LOOP('',(#1667,#1668,#1669,#1670,#1671,#1672,#1673,#1674));
#304=EDGE_LOOP('',(#1675));
#305=EDGE_LOOP('',(#1676));
#306=EDGE_LOOP('',(#1677,#1678,#1679,#1680));
#307=EDGE_LOOP('',(#1681));
#308=EDGE_LOOP('',(#1682));
#309=EDGE_LOOP('',(#1683,#1684,#1685,#1686));
#310=EDGE_LOOP('',(#1687,#1688,#1689,#1690));
#311=EDGE_LOOP('',(#1691,#1692,#1693,#1694));
#312=EDGE_LOOP('',(#1695,#1696,#1697,#1698));
#313=EDGE_LOOP('',(#1699,#1700,#1701,#1702));
#314=EDGE_LOOP('',(#1703,#1704,#1705,#1706,#1707,#1708,#1709,#1710,#1711,
#1712,#1713,#1714));
#315=EDGE_LOOP('',(#1715));
#316=EDGE_LOOP('',(#1716));
#317=EDGE_LOOP('',(#1717));
#318=EDGE_LOOP('',(#1718));
#319=EDGE_LOOP('',(#1719,#1720,#1721,#1722));
#320=EDGE_LOOP('',(#1723,#1724,#1725,#1726,#1727));
#321=EDGE_LOOP('',(#1728));
#322=EDGE_LOOP('',(#1729,#1730,#1731,#1732));
#323=EDGE_LOOP('',(#1733,#1734,#1735,#1736));
#324=EDGE_LOOP('',(#1737,#1738,#1739,#1740));
#325=EDGE_LOOP('',(#1741,#1742,#1743,#1744,#1745,#1746,#1747,#1748));
#326=EDGE_LOOP('',(#1749,#1750,#1751,#1752));
#327=EDGE_LOOP('',(#1753,#1754,#1755,#1756));
#328=EDGE_LOOP('',(#1757,#1758,#1759,#1760,#1761,#1762,#1763,#1764));
#329=EDGE_LOOP('',(#1765));
#330=EDGE_LOOP('',(#1766,#1767,#1768,#1769));
#331=EDGE_LOOP('',(#1770,#1771,#1772,#1773));
#332=EDGE_LOOP('',(#1774,#1775,#1776,#1777,#1778,#1779,#1780,#1781,#1782,
#1783,#1784,#1785));
#333=EDGE_LOOP('',(#1786));
#334=EDGE_LOOP('',(#1787));
#335=EDGE_LOOP('',(#1788,#1789,#1790,#1791));
#336=EDGE_LOOP('',(#1792,#1793,#1794,#1795));
#337=EDGE_LOOP('',(#1796,#1797,#1798,#1799,#1800,#1801,#1802,#1803,#1804));
#338=EDGE_LOOP('',(#1805));
#339=EDGE_LOOP('',(#1806,#1807,#1808,#1809));
#340=EDGE_LOOP('',(#1810,#1811,#1812,#1813));
#341=EDGE_LOOP('',(#1814,#1815,#1816,#1817));
#342=EDGE_LOOP('',(#1818,#1819,#1820,#1821));
#343=EDGE_LOOP('',(#1822));
#344=EDGE_LOOP('',(#1823));
#345=EDGE_LOOP('',(#1824,#1825,#1826,#1827));
#346=EDGE_LOOP('',(#1828));
#347=EDGE_LOOP('',(#1829));
#348=EDGE_LOOP('',(#1830,#1831,#1832,#1833));
#349=EDGE_LOOP('',(#1834,#1835,#1836,#1837));
#350=EDGE_LOOP('',(#1838,#1839,#1840,#1841));
#351=EDGE_LOOP('',(#1842,#1843,#1844,#1845,#1846,#1847,#1848,#1849));
#352=EDGE_LOOP('',(#1850,#1851,#1852,#1853));
#353=EDGE_LOOP('',(#1854,#1855,#1856,#1857));
#354=EDGE_LOOP('',(#1858,#1859,#1860,#1861));
#355=EDGE_LOOP('',(#1862,#1863,#1864,#1865));
#356=EDGE_LOOP('',(#1866));
#357=EDGE_LOOP('',(#1867));
#358=EDGE_LOOP('',(#1868));
#359=EDGE_LOOP('',(#1869));
#360=EDGE_LOOP('',(#1870));
#361=EDGE_LOOP('',(#1871));
#362=EDGE_LOOP('',(#1872,#1873,#1874,#1875));
#363=EDGE_LOOP('',(#1876,#1877,#1878,#1879));
#364=EDGE_LOOP('',(#1880,#1881,#1882,#1883));
#365=EDGE_LOOP('',(#1884,#1885,#1886,#1887));
#366=EDGE_LOOP('',(#1888,#1889,#1890,#1891));
#367=EDGE_LOOP('',(#1892,#1893,#1894,#1895));
#368=EDGE_LOOP('',(#1896,#1897,#1898,#1899));
#369=EDGE_LOOP('',(#1900,#1901,#1902,#1903));
#370=EDGE_LOOP('',(#1904,#1905,#1906,#1907));
#371=EDGE_LOOP('',(#1908,#1909,#1910,#1911));
#372=EDGE_LOOP('',(#1912,#1913,#1914,#1915));
#373=EDGE_LOOP('',(#1916));
#374=EDGE_LOOP('',(#1917));
#375=EDGE_LOOP('',(#1918));
#376=EDGE_LOOP('',(#1919));
#377=EDGE_LOOP('',(#1920));
#378=EDGE_LOOP('',(#1921));
#379=EDGE_LOOP('',(#1922,#1923,#1924,#1925));
#380=EDGE_LOOP('',(#1926,#1927,#1928,#1929));
#381=EDGE_LOOP('',(#1930,#1931,#1932,#1933));
#382=EDGE_LOOP('',(#1934,#1935,#1936,#1937));
#383=EDGE_LOOP('',(#1938,#1939,#1940,#1941,#1942));
#384=EDGE_LOOP('',(#1943));
#385=EDGE_LOOP('',(#1944,#1945,#1946,#1947,#1948,#1949,#1950,#1951));
#386=EDGE_LOOP('',(#1952));
#387=EDGE_LOOP('',(#1953));
#388=EDGE_LOOP('',(#1954,#1955,#1956,#1957));
#389=EDGE_LOOP('',(#1958));
#390=EDGE_LOOP('',(#1959));
#391=EDGE_LOOP('',(#1960,#1961,#1962,#1963));
#392=EDGE_LOOP('',(#1964,#1965,#1966,#1967));
#393=EDGE_LOOP('',(#1968,#1969,#1970,#1971));
#394=EDGE_LOOP('',(#1972,#1973,#1974,#1975));
#395=EDGE_LOOP('',(#1976,#1977,#1978,#1979,#1980,#1981,#1982,#1983,#1984,
#1985,#1986,#1987));
#396=EDGE_LOOP('',(#1988,#1989,#1990,#1991));
#397=EDGE_LOOP('',(#1992,#1993,#1994,#1995));
#398=EDGE_LOOP('',(#1996,#1997,#1998,#1999,#2000,#2001,#2002,#2003,#2004,
#2005,#2006,#2007));
#399=EDGE_LOOP('',(#2008));
#400=EDGE_LOOP('',(#2009));
#401=EDGE_LOOP('',(#2010,#2011,#2012,#2013));
#402=EDGE_LOOP('',(#2014,#2015,#2016,#2017,#2018));
#403=EDGE_LOOP('',(#2019));
#404=EDGE_LOOP('',(#2020,#2021,#2022,#2023,#2024,#2025,#2026));
#405=EDGE_LOOP('',(#2027));
#406=EDGE_LOOP('',(#2028));
#407=EDGE_LOOP('',(#2029));
#408=EDGE_LOOP('',(#2030));
#409=EDGE_LOOP('',(#2031,#2032,#2033,#2034));
#410=EDGE_LOOP('',(#2035,#2036,#2037,#2038));
#411=EDGE_LOOP('',(#2039,#2040,#2041,#2042));
#412=EDGE_LOOP('',(#2043,#2044,#2045,#2046));
#413=EDGE_LOOP('',(#2047,#2048,#2049,#2050));
#414=EDGE_LOOP('',(#2051,#2052,#2053,#2054));
#415=EDGE_LOOP('',(#2055,#2056,#2057,#2058,#2059,#2060,#2061,#2062));
#416=EDGE_LOOP('',(#2063));
#417=EDGE_LOOP('',(#2064,#2065,#2066,#2067));
#418=EDGE_LOOP('',(#2068,#2069,#2070,#2071));
#419=EDGE_LOOP('',(#2072,#2073,#2074,#2075,#2076,#2077,#2078,#2079,#2080,
#2081,#2082,#2083));
#420=EDGE_LOOP('',(#2084));
#421=EDGE_LOOP('',(#2085));
#422=EDGE_LOOP('',(#2086,#2087,#2088,#2089));
#423=EDGE_LOOP('',(#2090,#2091,#2092,#2093));
#424=EDGE_LOOP('',(#2094,#2095,#2096,#2097,#2098,#2099,#2100,#2101,#2102));
#425=EDGE_LOOP('',(#2103));
#426=EDGE_LOOP('',(#2104,#2105,#2106,#2107));
#427=EDGE_LOOP('',(#2108,#2109,#2110,#2111));
#428=EDGE_LOOP('',(#2112,#2113,#2114,#2115));
#429=EDGE_LOOP('',(#2116,#2117,#2118,#2119));
#430=EDGE_LOOP('',(#2120));
#431=EDGE_LOOP('',(#2121));
#432=EDGE_LOOP('',(#2122,#2123,#2124,#2125));
#433=EDGE_LOOP('',(#2126));
#434=EDGE_LOOP('',(#2127));
#435=EDGE_LOOP('',(#2128,#2129,#2130,#2131));
#436=EDGE_LOOP('',(#2132,#2133,#2134,#2135));
#437=EDGE_LOOP('',(#2136,#2137,#2138,#2139));
#438=EDGE_LOOP('',(#2140,#2141,#2142,#2143));
#439=EDGE_LOOP('',(#2144,#2145,#2146,#2147));
#440=EDGE_LOOP('',(#2148,#2149,#2150,#2151));
#441=EDGE_LOOP('',(#2152,#2153,#2154,#2155));
#442=EDGE_LOOP('',(#2156,#2157,#2158,#2159));
#443=EDGE_LOOP('',(#2160));
#444=EDGE_LOOP('',(#2161));
#445=EDGE_LOOP('',(#2162));
#446=EDGE_LOOP('',(#2163));
#447=EDGE_LOOP('',(#2164));
#448=EDGE_LOOP('',(#2165));
#449=EDGE_LOOP('',(#2166,#2167,#2168,#2169));
#450=EDGE_LOOP('',(#2170,#2171,#2172,#2173));
#451=EDGE_LOOP('',(#2174,#2175,#2176,#2177));
#452=EDGE_LOOP('',(#2178,#2179,#2180,#2181));
#453=EDGE_LOOP('',(#2182,#2183,#2184,#2185));
#454=EDGE_LOOP('',(#2186,#2187,#2188,#2189));
#455=EDGE_LOOP('',(#2190,#2191,#2192,#2193));
#456=EDGE_LOOP('',(#2194,#2195,#2196,#2197));
#457=EDGE_LOOP('',(#2198,#2199,#2200,#2201));
#458=EDGE_LOOP('',(#2202,#2203,#2204,#2205));
#459=EDGE_LOOP('',(#2206,#2207,#2208,#2209));
#460=EDGE_LOOP('',(#2210));
#461=EDGE_LOOP('',(#2211));
#462=EDGE_LOOP('',(#2212));
#463=EDGE_LOOP('',(#2213));
#464=EDGE_LOOP('',(#2214));
#465=EDGE_LOOP('',(#2215));
#466=LINE('',#3238,#704);
#467=LINE('',#3244,#705);
#468=LINE('',#3249,#706);
#469=LINE('',#3251,#707);
#470=LINE('',#3253,#708);
#471=LINE('',#3254,#709);
#472=LINE('',#3257,#710);
#473=LINE('',#3259,#711);
#474=LINE('',#3261,#712);
#475=LINE('',#3263,#713);
#476=LINE('',#3264,#714);
#477=LINE('',#3267,#715);
#478=LINE('',#3268,#716);
#479=LINE('',#3272,#717);
#480=LINE('',#3273,#718);
#481=LINE('',#3275,#719);
#482=LINE('',#3276,#720);
#483=LINE('',#3279,#721);
#484=LINE('',#3281,#722);
#485=LINE('',#3282,#723);
#486=LINE('',#3291,#724);
#487=LINE('',#3293,#725);
#488=LINE('',#3295,#726);
#489=LINE('',#3299,#727);
#490=LINE('',#3301,#728);
#491=LINE('',#3302,#729);
#492=LINE('',#3309,#730);
#493=LINE('',#3311,#731);
#494=LINE('',#3314,#732);
#495=LINE('',#3315,#733);
#496=LINE('',#3318,#734);
#497=LINE('',#3320,#735);
#498=LINE('',#3322,#736);
#499=LINE('',#3324,#737);
#500=LINE('',#3326,#738);
#501=LINE('',#3328,#739);
#502=LINE('',#3330,#740);
#503=LINE('',#3332,#741);
#504=LINE('',#3334,#742);
#505=LINE('',#3336,#743);
#506=LINE('',#3337,#744);
#507=LINE('',#3340,#745);
#508=LINE('',#3342,#746);
#509=LINE('',#3344,#747);
#510=LINE('',#3345,#748);
#511=LINE('',#3350,#749);
#512=LINE('',#3356,#750);
#513=LINE('',#3362,#751);
#514=LINE('',#3368,#752);
#515=LINE('',#3372,#753);
#516=LINE('',#3374,#754);
#517=LINE('',#3376,#755);
#518=LINE('',#3382,#756);
#519=LINE('',#3384,#757);
#520=LINE('',#3388,#758);
#521=LINE('',#3390,#759);
#522=LINE('',#3392,#760);
#523=LINE('',#3393,#761);
#524=LINE('',#3401,#762);
#525=LINE('',#3403,#763);
#526=LINE('',#3405,#764);
#527=LINE('',#3406,#765);
#528=LINE('',#3413,#766);
#529=LINE('',#3414,#767);
#530=LINE('',#3417,#768);
#531=LINE('',#3419,#769);
#532=LINE('',#3420,#770);
#533=LINE('',#3423,#771);
#534=LINE('',#3427,#772);
#535=LINE('',#3428,#773);
#536=LINE('',#3430,#774);
#537=LINE('',#3432,#775);
#538=LINE('',#3434,#776);
#539=LINE('',#3436,#777);
#540=LINE('',#3437,#778);
#541=LINE('',#3439,#779);
#542=LINE('',#3440,#780);
#543=LINE('',#3443,#781);
#544=LINE('',#3444,#782);
#545=LINE('',#3448,#783);
#546=LINE('',#3451,#784);
#547=LINE('',#3452,#785);
#548=LINE('',#3457,#786);
#549=LINE('',#3458,#787);
#550=LINE('',#3461,#788);
#551=LINE('',#3465,#789);
#552=LINE('',#3466,#790);
#553=LINE('',#3468,#791);
#554=LINE('',#3471,#792);
#555=LINE('',#3473,#793);
#556=LINE('',#3475,#794);
#557=LINE('',#3476,#795);
#558=LINE('',#3479,#796);
#559=LINE('',#3481,#797);
#560=LINE('',#3482,#798);
#561=LINE('',#3484,#799);
#562=LINE('',#3487,#800);
#563=LINE('',#3491,#801);
#564=LINE('',#3495,#802);
#565=LINE('',#3496,#803);
#566=LINE('',#3499,#804);
#567=LINE('',#3502,#805);
#568=LINE('',#3507,#806);
#569=LINE('',#3510,#807);
#570=LINE('',#3511,#808);
#571=LINE('',#3513,#809);
#572=LINE('',#3515,#810);
#573=LINE('',#3518,#811);
#574=LINE('',#3520,#812);
#575=LINE('',#3522,#813);
#576=LINE('',#3524,#814);
#577=LINE('',#3526,#815);
#578=LINE('',#3528,#816);
#579=LINE('',#3532,#817);
#580=LINE('',#3534,#818);
#581=LINE('',#3536,#819);
#582=LINE('',#3537,#820);
#583=LINE('',#3552,#821);
#584=LINE('',#3554,#822);
#585=LINE('',#3555,#823);
#586=LINE('',#3558,#824);
#587=LINE('',#3559,#825);
#588=LINE('',#3563,#826);
#589=LINE('',#3567,#827);
#590=LINE('',#3571,#828);
#591=LINE('',#3575,#829);
#592=LINE('',#3579,#830);
#593=LINE('',#3583,#831);
#594=LINE('',#3586,#832);
#595=LINE('',#3587,#833);
#596=LINE('',#3589,#834);
#597=LINE('',#3595,#835);
#598=LINE('',#3601,#836);
#599=LINE('',#3607,#837);
#600=LINE('',#3613,#838);
#601=LINE('',#3618,#839);
#602=LINE('',#3622,#840);
#603=LINE('',#3624,#841);
#604=LINE('',#3625,#842);
#605=LINE('',#3631,#843);
#606=LINE('',#3633,#844);
#607=LINE('',#3635,#845);
#608=LINE('',#3637,#846);
#609=LINE('',#3639,#847);
#610=LINE('',#3641,#848);
#611=LINE('',#3644,#849);
#612=LINE('',#3652,#850);
#613=LINE('',#3654,#851);
#614=LINE('',#3656,#852);
#615=LINE('',#3657,#853);
#616=LINE('',#3664,#854);
#617=LINE('',#3666,#855);
#618=LINE('',#3667,#856);
#619=LINE('',#3670,#857);
#620=LINE('',#3672,#858);
#621=LINE('',#3673,#859);
#622=LINE('',#3677,#860);
#623=LINE('',#3680,#861);
#624=LINE('',#3681,#862);
#625=LINE('',#3684,#863);
#626=LINE('',#3686,#864);
#627=LINE('',#3688,#865);
#628=LINE('',#3690,#866);
#629=LINE('',#3692,#867);
#630=LINE('',#3694,#868);
#631=LINE('',#3695,#869);
#632=LINE('',#3697,#870);
#633=LINE('',#3698,#871);
#634=LINE('',#3701,#872);
#635=LINE('',#3703,#873);
#636=LINE('',#3705,#874);
#637=LINE('',#3706,#875);
#638=LINE('',#3708,#876);
#639=LINE('',#3711,#877);
#640=LINE('',#3712,#878);
#641=LINE('',#3714,#879);
#642=LINE('',#3716,#880);
#643=LINE('',#3717,#881);
#644=LINE('',#3719,#882);
#645=LINE('',#3720,#883);
#646=LINE('',#3723,#884);
#647=LINE('',#3724,#885);
#648=LINE('',#3728,#886);
#649=LINE('',#3729,#887);
#650=LINE('',#3731,#888);
#651=LINE('',#3738,#889);
#652=LINE('',#3741,#890);
#653=LINE('',#3743,#891);
#654=LINE('',#3744,#892);
#655=LINE('',#3755,#893);
#656=LINE('',#3756,#894);
#657=LINE('',#3760,#895);
#658=LINE('',#3763,#896);
#659=LINE('',#3764,#897);
#660=LINE('',#3766,#898);
#661=LINE('',#3769,#899);
#662=LINE('',#3771,#900);
#663=LINE('',#3773,#901);
#664=LINE('',#3774,#902);
#665=LINE('',#3777,#903);
#666=LINE('',#3779,#904);
#667=LINE('',#3780,#905);
#668=LINE('',#3783,#906);
#669=LINE('',#3785,#907);
#670=LINE('',#3789,#908);
#671=LINE('',#3793,#909);
#672=LINE('',#3794,#910);
#673=LINE('',#3798,#911);
#674=LINE('',#3800,#912);
#675=LINE('',#3805,#913);
#676=LINE('',#3808,#914);
#677=LINE('',#3809,#915);
#678=LINE('',#3811,#916);
#679=LINE('',#3813,#917);
#680=LINE('',#3816,#918);
#681=LINE('',#3818,#919);
#682=LINE('',#3820,#920);
#683=LINE('',#3822,#921);
#684=LINE('',#3824,#922);
#685=LINE('',#3826,#923);
#686=LINE('',#3830,#924);
#687=LINE('',#3832,#925);
#688=LINE('',#3834,#926);
#689=LINE('',#3835,#927);
#690=LINE('',#3850,#928);
#691=LINE('',#3852,#929);
#692=LINE('',#3853,#930);
#693=LINE('',#3856,#931);
#694=LINE('',#3857,#932);
#695=LINE('',#3861,#933);
#696=LINE('',#3865,#934);
#697=LINE('',#3869,#935);
#698=LINE('',#3873,#936);
#699=LINE('',#3877,#937);
#700=LINE('',#3881,#938);
#701=LINE('',#3884,#939);
#702=LINE('',#3885,#940);
#703=LINE('',#3887,#941);
#704=VECTOR('',#2597,1.1);
#705=VECTOR('',#2604,1.1);
#706=VECTOR('',#2609,10.);
#707=VECTOR('',#2610,10.);
#708=VECTOR('',#2611,10.);
#709=VECTOR('',#2612,10.);
#710=VECTOR('',#2615,10.);
#711=VECTOR('',#2616,10.);
#712=VECTOR('',#2617,10.);
#713=VECTOR('',#2618,10.);
#714=VECTOR('',#2619,10.);
#715=VECTOR('',#2622,10.);
#716=VECTOR('',#2623,10.);
#717=VECTOR('',#2626,10.);
#718=VECTOR('',#2627,10.);
#719=VECTOR('',#2628,10.);
#720=VECTOR('',#2629,10.);
#721=VECTOR('',#2632,10.);
#722=VECTOR('',#2633,10.);
#723=VECTOR('',#2634,10.);
#724=VECTOR('',#2643,10.);
#725=VECTOR('',#2644,10.);
#726=VECTOR('',#2645,10.);
#727=VECTOR('',#2648,10.);
#728=VECTOR('',#2649,10.);
#729=VECTOR('',#2650,10.);
#730=VECTOR('',#2657,10.);
#731=VECTOR('',#2658,10.);
#732=VECTOR('',#2663,10.);
#733=VECTOR('',#2664,10.);
#734=VECTOR('',#2667,10.);
#735=VECTOR('',#2668,10.);
#736=VECTOR('',#2669,10.);
#737=VECTOR('',#2670,10.);
#738=VECTOR('',#2671,10.);
#739=VECTOR('',#2672,10.);
#740=VECTOR('',#2673,10.);
#741=VECTOR('',#2674,10.);
#742=VECTOR('',#2675,10.);
#743=VECTOR('',#2676,10.);
#744=VECTOR('',#2677,10.);
#745=VECTOR('',#2678,10.);
#746=VECTOR('',#2679,10.);
#747=VECTOR('',#2680,10.);
#748=VECTOR('',#2681,10.);
#749=VECTOR('',#2686,1.15);
#750=VECTOR('',#2693,1.15);
#751=VECTOR('',#2700,1.15);
#752=VECTOR('',#2707,1.15);
#753=VECTOR('',#2712,10.);
#754=VECTOR('',#2713,10.);
#755=VECTOR('',#2714,10.);
#756=VECTOR('',#2721,10.);
#757=VECTOR('',#2722,10.);
#758=VECTOR('',#2725,10.);
#759=VECTOR('',#2726,10.);
#760=VECTOR('',#2727,10.);
#761=VECTOR('',#2728,10.);
#762=VECTOR('',#2735,10.);
#763=VECTOR('',#2736,10.);
#764=VECTOR('',#2737,10.);
#765=VECTOR('',#2738,10.);
#766=VECTOR('',#2745,10.);
#767=VECTOR('',#2746,10.);
#768=VECTOR('',#2749,10.);
#769=VECTOR('',#2750,10.);
#770=VECTOR('',#2751,10.);
#771=VECTOR('',#2754,10.);
#772=VECTOR('',#2759,10.);
#773=VECTOR('',#2760,10.);
#774=VECTOR('',#2763,10.);
#775=VECTOR('',#2766,10.);
#776=VECTOR('',#2767,10.);
#777=VECTOR('',#2768,10.);
#778=VECTOR('',#2769,10.);
#779=VECTOR('',#2770,10.);
#780=VECTOR('',#2771,10.);
#781=VECTOR('',#2774,10.);
#782=VECTOR('',#2775,10.);
#783=VECTOR('',#2778,10.);
#784=VECTOR('',#2781,10.);
#785=VECTOR('',#2782,10.);
#786=VECTOR('',#2787,10.);
#787=VECTOR('',#2788,10.);
#788=VECTOR('',#2791,10.);
#789=VECTOR('',#2796,10.);
#790=VECTOR('',#2797,10.);
#791=VECTOR('',#2800,10.);
#792=VECTOR('',#2801,10.);
#793=VECTOR('',#2802,10.);
#794=VECTOR('',#2803,10.);
#795=VECTOR('',#2804,10.);
#796=VECTOR('',#2807,10.);
#797=VECTOR('',#2808,10.);
#798=VECTOR('',#2809,10.);
#799=VECTOR('',#2812,10.);
#800=VECTOR('',#2815,10.);
#801=VECTOR('',#2820,10.);
#802=VECTOR('',#2825,10.);
#803=VECTOR('',#2826,10.);
#804=VECTOR('',#2829,10.);
#805=VECTOR('',#2834,10.);
#806=VECTOR('',#2841,10.);
#807=VECTOR('',#2846,10.);
#808=VECTOR('',#2847,10.);
#809=VECTOR('',#2850,10.);
#810=VECTOR('',#2853,10.);
#811=VECTOR('',#2858,3.);
#812=VECTOR('',#2861,3.);
#813=VECTOR('',#2864,2.4);
#814=VECTOR('',#2867,3.);
#815=VECTOR('',#2870,3.);
#816=VECTOR('',#2873,2.4);
#817=VECTOR('',#2876,10.);
#818=VECTOR('',#2877,10.);
#819=VECTOR('',#2878,10.);
#820=VECTOR('',#2879,10.);
#821=VECTOR('',#2894,10.);
#822=VECTOR('',#2895,10.);
#823=VECTOR('',#2896,10.);
#824=VECTOR('',#2899,10.);
#825=VECTOR('',#2900,10.);
#826=VECTOR('',#2905,3.);
#827=VECTOR('',#2910,3.);
#828=VECTOR('',#2915,2.6);
#829=VECTOR('',#2920,3.);
#830=VECTOR('',#2925,3.);
#831=VECTOR('',#2930,2.6);
#832=VECTOR('',#2933,10.);
#833=VECTOR('',#2934,10.);
#834=VECTOR('',#2937,10.);
#835=VECTOR('',#2944,1.15);
#836=VECTOR('',#2951,1.15);
#837=VECTOR('',#2958,1.15);
#838=VECTOR('',#2965,1.15);
#839=VECTOR('',#2970,10.);
#840=VECTOR('',#2973,10.);
#841=VECTOR('',#2974,10.);
#842=VECTOR('',#2975,10.);
#843=VECTOR('',#2980,10.);
#844=VECTOR('',#2981,10.);
#845=VECTOR('',#2982,10.);
#846=VECTOR('',#2983,10.);
#847=VECTOR('',#2984,10.);
#848=VECTOR('',#2985,10.);
#849=VECTOR('',#2988,10.);
#850=VECTOR('',#2995,10.);
#851=VECTOR('',#2996,10.);
#852=VECTOR('',#2997,10.);
#853=VECTOR('',#2998,10.);
#854=VECTOR('',#3005,10.);
#855=VECTOR('',#3006,10.);
#856=VECTOR('',#3007,10.);
#857=VECTOR('',#3010,10.);
#858=VECTOR('',#3011,10.);
#859=VECTOR('',#3012,10.);
#860=VECTOR('',#3017,10.);
#861=VECTOR('',#3020,10.);
#862=VECTOR('',#3021,10.);
#863=VECTOR('',#3024,10.);
#864=VECTOR('',#3025,10.);
#865=VECTOR('',#3026,10.);
#866=VECTOR('',#3027,10.);
#867=VECTOR('',#3028,10.);
#868=VECTOR('',#3029,10.);
#869=VECTOR('',#3030,10.);
#870=VECTOR('',#3031,10.);
#871=VECTOR('',#3032,10.);
#872=VECTOR('',#3033,10.);
#873=VECTOR('',#3034,10.);
#874=VECTOR('',#3035,10.);
#875=VECTOR('',#3036,10.);
#876=VECTOR('',#3039,10.);
#877=VECTOR('',#3042,10.);
#878=VECTOR('',#3043,10.);
#879=VECTOR('',#3044,10.);
#880=VECTOR('',#3045,10.);
#881=VECTOR('',#3046,10.);
#882=VECTOR('',#3047,10.);
#883=VECTOR('',#3048,10.);
#884=VECTOR('',#3051,10.);
#885=VECTOR('',#3052,10.);
#886=VECTOR('',#3055,10.);
#887=VECTOR('',#3056,10.);
#888=VECTOR('',#3057,10.);
#889=VECTOR('',#3064,10.);
#890=VECTOR('',#3067,10.);
#891=VECTOR('',#3068,10.);
#892=VECTOR('',#3069,10.);
#893=VECTOR('',#3080,10.);
#894=VECTOR('',#3081,10.);
#895=VECTOR('',#3086,10.);
#896=VECTOR('',#3089,10.);
#897=VECTOR('',#3090,10.);
#898=VECTOR('',#3093,10.);
#899=VECTOR('',#3094,10.);
#900=VECTOR('',#3095,10.);
#901=VECTOR('',#3096,10.);
#902=VECTOR('',#3097,10.);
#903=VECTOR('',#3100,10.);
#904=VECTOR('',#3101,10.);
#905=VECTOR('',#3102,10.);
#906=VECTOR('',#3105,10.);
#907=VECTOR('',#3108,10.);
#908=VECTOR('',#3113,10.);
#909=VECTOR('',#3118,10.);
#910=VECTOR('',#3119,10.);
#911=VECTOR('',#3124,10.);
#912=VECTOR('',#3127,10.);
#913=VECTOR('',#3134,10.);
#914=VECTOR('',#3139,10.);
#915=VECTOR('',#3140,10.);
#916=VECTOR('',#3143,10.);
#917=VECTOR('',#3146,10.);
#918=VECTOR('',#3151,3.);
#919=VECTOR('',#3154,3.);
#920=VECTOR('',#3157,2.4);
#921=VECTOR('',#3160,3.);
#922=VECTOR('',#3163,3.);
#923=VECTOR('',#3166,2.4);
#924=VECTOR('',#3169,10.);
#925=VECTOR('',#3170,10.);
#926=VECTOR('',#3171,10.);
#927=VECTOR('',#3172,10.);
#928=VECTOR('',#3187,10.);
#929=VECTOR('',#3188,10.);
#930=VECTOR('',#3189,10.);
#931=VECTOR('',#3192,10.);
#932=VECTOR('',#3193,10.);
#933=VECTOR('',#3198,3.);
#934=VECTOR('',#3203,3.);
#935=VECTOR('',#3208,2.6);
#936=VECTOR('',#3213,3.);
#937=VECTOR('',#3218,3.);
#938=VECTOR('',#3223,2.6);
#939=VECTOR('',#3226,10.);
#940=VECTOR('',#3227,10.);
#941=VECTOR('',#3230,10.);
#942=CIRCLE('',#2391,1.1);
#943=CIRCLE('',#2392,1.1);
#944=CIRCLE('',#2394,1.1);
#945=CIRCLE('',#2395,1.1);
#946=CIRCLE('',#2401,3.);
#947=CIRCLE('',#2402,3.);
#948=CIRCLE('',#2404,2.4);
#949=CIRCLE('',#2405,10.);
#950=CIRCLE('',#2406,3.);
#951=CIRCLE('',#2408,2.4);
#952=CIRCLE('',#2409,2.4);
#953=CIRCLE('',#2413,1.15);
#954=CIRCLE('',#2414,1.15);
#955=CIRCLE('',#2416,1.15);
#956=CIRCLE('',#2417,1.15);
#957=CIRCLE('',#2419,1.15);
#958=CIRCLE('',#2420,1.15);
#959=CIRCLE('',#2422,1.15);
#960=CIRCLE('',#2423,1.15);
#961=CIRCLE('',#2425,10.);
#962=CIRCLE('',#2426,3.);
#963=CIRCLE('',#2428,10.);
#964=CIRCLE('',#2429,3.);
#965=CIRCLE('',#2430,2.4);
#966=CIRCLE('',#2432,3.);
#967=CIRCLE('',#2433,3.);
#968=CIRCLE('',#2437,10.);
#969=CIRCLE('',#2443,10.);
#970=CIRCLE('',#2444,3.);
#971=CIRCLE('',#2447,10.);
#972=CIRCLE('',#2452,10.);
#973=CIRCLE('',#2453,2.4);
#974=CIRCLE('',#2458,10.);
#975=CIRCLE('',#2461,2.4);
#976=CIRCLE('',#2475,2.6);
#977=CIRCLE('',#2476,3.);
#978=CIRCLE('',#2477,3.);
#979=CIRCLE('',#2478,2.6);
#980=CIRCLE('',#2479,3.);
#981=CIRCLE('',#2480,3.);
#982=CIRCLE('',#2484,3.);
#983=CIRCLE('',#2486,3.);
#984=CIRCLE('',#2488,2.6);
#985=CIRCLE('',#2490,3.);
#986=CIRCLE('',#2492,3.);
#987=CIRCLE('',#2494,2.6);
#988=CIRCLE('',#2499,1.15);
#989=CIRCLE('',#2500,1.15);
#990=CIRCLE('',#2502,1.15);
#991=CIRCLE('',#2503,1.15);
#992=CIRCLE('',#2505,1.15);
#993=CIRCLE('',#2506,1.15);
#994=CIRCLE('',#2508,1.15);
#995=CIRCLE('',#2509,1.15);
#996=CIRCLE('',#2511,10.);
#997=CIRCLE('',#2512,3.);
#998=CIRCLE('',#2514,10.);
#999=CIRCLE('',#2515,3.);
#1000=CIRCLE('',#2516,2.4);
#1001=CIRCLE('',#2518,3.);
#1002=CIRCLE('',#2519,3.);
#1003=CIRCLE('',#2523,10.);
#1004=CIRCLE('',#2530,10.);
#1005=CIRCLE('',#2531,3.);
#1006=CIRCLE('',#2533,10.);
#1007=CIRCLE('',#2534,3.);
#1008=CIRCLE('',#2535,3.);
#1009=CIRCLE('',#2536,2.4);
#1010=CIRCLE('',#2537,3.);
#1011=CIRCLE('',#2540,10.);
#1012=CIRCLE('',#2545,10.);
#1013=CIRCLE('',#2546,2.4);
#1014=CIRCLE('',#2551,10.);
#1015=CIRCLE('',#2554,2.4);
#1016=CIRCLE('',#2568,2.6);
#1017=CIRCLE('',#2569,3.);
#1018=CIRCLE('',#2570,3.);
#1019=CIRCLE('',#2571,2.6);
#1020=CIRCLE('',#2572,3.);
#1021=CIRCLE('',#2573,3.);
#1022=CIRCLE('',#2577,3.);
#1023=CIRCLE('',#2579,3.);
#1024=CIRCLE('',#2581,2.6);
#1025=CIRCLE('',#2583,3.);
#1026=CIRCLE('',#2585,3.);
#1027=CIRCLE('',#2587,2.6);
#1028=VERTEX_POINT('',#3235);
#1029=VERTEX_POINT('',#3237);
#1030=VERTEX_POINT('',#3241);
#1031=VERTEX_POINT('',#3243);
#1032=VERTEX_POINT('',#3247);
#1033=VERTEX_POINT('',#3248);
#1034=VERTEX_POINT('',#3250);
#1035=VERTEX_POINT('',#3252);
#1036=VERTEX_POINT('',#3256);
#1037=VERTEX_POINT('',#3258);
#1038=VERTEX_POINT('',#3260);
#1039=VERTEX_POINT('',#3262);
#1040=VERTEX_POINT('',#3266);
#1041=VERTEX_POINT('',#3270);
#1042=VERTEX_POINT('',#3271);
#1043=VERTEX_POINT('',#3274);
#1044=VERTEX_POINT('',#3278);
#1045=VERTEX_POINT('',#3280);
#1046=VERTEX_POINT('',#3283);
#1047=VERTEX_POINT('',#3285);
#1048=VERTEX_POINT('',#3288);
#1049=VERTEX_POINT('',#3290);
#1050=VERTEX_POINT('',#3292);
#1051=VERTEX_POINT('',#3294);
#1052=VERTEX_POINT('',#3296);
#1053=VERTEX_POINT('',#3298);
#1054=VERTEX_POINT('',#3300);
#1055=VERTEX_POINT('',#3303);
#1056=VERTEX_POINT('',#3306);
#1057=VERTEX_POINT('',#3308);
#1058=VERTEX_POINT('',#3310);
#1059=VERTEX_POINT('',#3317);
#1060=VERTEX_POINT('',#3319);
#1061=VERTEX_POINT('',#3321);
#1062=VERTEX_POINT('',#3323);
#1063=VERTEX_POINT('',#3325);
#1064=VERTEX_POINT('',#3327);
#1065=VERTEX_POINT('',#3329);
#1066=VERTEX_POINT('',#3331);
#1067=VERTEX_POINT('',#3333);
#1068=VERTEX_POINT('',#3335);
#1069=VERTEX_POINT('',#3338);
#1070=VERTEX_POINT('',#3339);
#1071=VERTEX_POINT('',#3341);
#1072=VERTEX_POINT('',#3343);
#1073=VERTEX_POINT('',#3347);
#1074=VERTEX_POINT('',#3349);
#1075=VERTEX_POINT('',#3353);
#1076=VERTEX_POINT('',#3355);
#1077=VERTEX_POINT('',#3359);
#1078=VERTEX_POINT('',#3361);
#1079=VERTEX_POINT('',#3365);
#1080=VERTEX_POINT('',#3367);
#1081=VERTEX_POINT('',#3371);
#1082=VERTEX_POINT('',#3373);
#1083=VERTEX_POINT('',#3375);
#1084=VERTEX_POINT('',#3378);
#1085=VERTEX_POINT('',#3381);
#1086=VERTEX_POINT('',#3383);
#1087=VERTEX_POINT('',#3385);
#1088=VERTEX_POINT('',#3387);
#1089=VERTEX_POINT('',#3389);
#1090=VERTEX_POINT('',#3391);
#1091=VERTEX_POINT('',#3394);
#1092=VERTEX_POINT('',#3396);
#1093=VERTEX_POINT('',#3399);
#1094=VERTEX_POINT('',#3400);
#1095=VERTEX_POINT('',#3402);
#1096=VERTEX_POINT('',#3404);
#1097=VERTEX_POINT('',#3407);
#1098=VERTEX_POINT('',#3409);
#1099=VERTEX_POINT('',#3412);
#1100=VERTEX_POINT('',#3416);
#1101=VERTEX_POINT('',#3418);
#1102=VERTEX_POINT('',#3422);
#1103=VERTEX_POINT('',#3426);
#1104=VERTEX_POINT('',#3433);
#1105=VERTEX_POINT('',#3435);
#1106=VERTEX_POINT('',#3438);
#1107=VERTEX_POINT('',#3442);
#1108=VERTEX_POINT('',#3446);
#1109=VERTEX_POINT('',#3447);
#1110=VERTEX_POINT('',#3449);
#1111=VERTEX_POINT('',#3453);
#1112=VERTEX_POINT('',#3456);
#1113=VERTEX_POINT('',#3460);
#1114=VERTEX_POINT('',#3464);
#1115=VERTEX_POINT('',#3469);
#1116=VERTEX_POINT('',#3470);
#1117=VERTEX_POINT('',#3472);
#1118=VERTEX_POINT('',#3474);
#1119=VERTEX_POINT('',#3478);
#1120=VERTEX_POINT('',#3480);
#1121=VERTEX_POINT('',#3485);
#1122=VERTEX_POINT('',#3488);
#1123=VERTEX_POINT('',#3494);
#1124=VERTEX_POINT('',#3498);
#1125=VERTEX_POINT('',#3504);
#1126=VERTEX_POINT('',#3530);
#1127=VERTEX_POINT('',#3531);
#1128=VERTEX_POINT('',#3533);
#1129=VERTEX_POINT('',#3535);
#1130=VERTEX_POINT('',#3538);
#1131=VERTEX_POINT('',#3540);
#1132=VERTEX_POINT('',#3542);
#1133=VERTEX_POINT('',#3544);
#1134=VERTEX_POINT('',#3546);
#1135=VERTEX_POINT('',#3548);
#1136=VERTEX_POINT('',#3551);
#1137=VERTEX_POINT('',#3553);
#1138=VERTEX_POINT('',#3557);
#1139=VERTEX_POINT('',#3561);
#1140=VERTEX_POINT('',#3565);
#1141=VERTEX_POINT('',#3569);
#1142=VERTEX_POINT('',#3573);
#1143=VERTEX_POINT('',#3577);
#1144=VERTEX_POINT('',#3581);
#1145=VERTEX_POINT('',#3585);
#1146=VERTEX_POINT('',#3592);
#1147=VERTEX_POINT('',#3594);
#1148=VERTEX_POINT('',#3598);
#1149=VERTEX_POINT('',#3600);
#1150=VERTEX_POINT('',#3604);
#1151=VERTEX_POINT('',#3606);
#1152=VERTEX_POINT('',#3610);
#1153=VERTEX_POINT('',#3612);
#1154=VERTEX_POINT('',#3616);
#1155=VERTEX_POINT('',#3617);
#1156=VERTEX_POINT('',#3619);
#1157=VERTEX_POINT('',#3621);
#1158=VERTEX_POINT('',#3623);
#1159=VERTEX_POINT('',#3626);
#1160=VERTEX_POINT('',#3629);
#1161=VERTEX_POINT('',#3630);
#1162=VERTEX_POINT('',#3632);
#1163=VERTEX_POINT('',#3634);
#1164=VERTEX_POINT('',#3636);
#1165=VERTEX_POINT('',#3638);
#1166=VERTEX_POINT('',#3640);
#1167=VERTEX_POINT('',#3642);
#1168=VERTEX_POINT('',#3645);
#1169=VERTEX_POINT('',#3647);
#1170=VERTEX_POINT('',#3650);
#1171=VERTEX_POINT('',#3651);
#1172=VERTEX_POINT('',#3653);
#1173=VERTEX_POINT('',#3655);
#1174=VERTEX_POINT('',#3658);
#1175=VERTEX_POINT('',#3660);
#1176=VERTEX_POINT('',#3663);
#1177=VERTEX_POINT('',#3665);
#1178=VERTEX_POINT('',#3669);
#1179=VERTEX_POINT('',#3671);
#1180=VERTEX_POINT('',#3675);
#1181=VERTEX_POINT('',#3679);
#1182=VERTEX_POINT('',#3683);
#1183=VERTEX_POINT('',#3685);
#1184=VERTEX_POINT('',#3687);
#1185=VERTEX_POINT('',#3689);
#1186=VERTEX_POINT('',#3691);
#1187=VERTEX_POINT('',#3693);
#1188=VERTEX_POINT('',#3696);
#1189=VERTEX_POINT('',#3699);
#1190=VERTEX_POINT('',#3700);
#1191=VERTEX_POINT('',#3702);
#1192=VERTEX_POINT('',#3704);
#1193=VERTEX_POINT('',#3710);
#1194=VERTEX_POINT('',#3713);
#1195=VERTEX_POINT('',#3715);
#1196=VERTEX_POINT('',#3718);
#1197=VERTEX_POINT('',#3722);
#1198=VERTEX_POINT('',#3726);
#1199=VERTEX_POINT('',#3727);
#1200=VERTEX_POINT('',#3730);
#1201=VERTEX_POINT('',#3733);
#1202=VERTEX_POINT('',#3736);
#1203=VERTEX_POINT('',#3737);
#1204=VERTEX_POINT('',#3739);
#1205=VERTEX_POINT('',#3742);
#1206=VERTEX_POINT('',#3745);
#1207=VERTEX_POINT('',#3747);
#1208=VERTEX_POINT('',#3749);
#1209=VERTEX_POINT('',#3751);
#1210=VERTEX_POINT('',#3754);
#1211=VERTEX_POINT('',#3758);
#1212=VERTEX_POINT('',#3762);
#1213=VERTEX_POINT('',#3767);
#1214=VERTEX_POINT('',#3768);
#1215=VERTEX_POINT('',#3770);
#1216=VERTEX_POINT('',#3772);
#1217=VERTEX_POINT('',#3776);
#1218=VERTEX_POINT('',#3778);
#1219=VERTEX_POINT('',#3782);
#1220=VERTEX_POINT('',#3786);
#1221=VERTEX_POINT('',#3792);
#1222=VERTEX_POINT('',#3796);
#1223=VERTEX_POINT('',#3802);
#1224=VERTEX_POINT('',#3828);
#1225=VERTEX_POINT('',#3829);
#1226=VERTEX_POINT('',#3831);
#1227=VERTEX_POINT('',#3833);
#1228=VERTEX_POINT('',#3836);
#1229=VERTEX_POINT('',#3838);
#1230=VERTEX_POINT('',#3840);
#1231=VERTEX_POINT('',#3842);
#1232=VERTEX_POINT('',#3844);
#1233=VERTEX_POINT('',#3846);
#1234=VERTEX_POINT('',#3849);
#1235=VERTEX_POINT('',#3851);
#1236=VERTEX_POINT('',#3855);
#1237=VERTEX_POINT('',#3859);
#1238=VERTEX_POINT('',#3863);
#1239=VERTEX_POINT('',#3867);
#1240=VERTEX_POINT('',#3871);
#1241=VERTEX_POINT('',#3875);
#1242=VERTEX_POINT('',#3879);
#1243=VERTEX_POINT('',#3883);
#1244=EDGE_CURVE('',#1028,#1028,#942,.T.);
#1245=EDGE_CURVE('',#1028,#1029,#466,.T.);
#1246=EDGE_CURVE('',#1029,#1029,#943,.T.);
#1247=EDGE_CURVE('',#1030,#1030,#944,.T.);
#1248=EDGE_CURVE('',#1030,#1031,#467,.T.);
#1249=EDGE_CURVE('',#1031,#1031,#945,.T.);
#1250=EDGE_CURVE('',#1032,#1033,#468,.T.);
#1251=EDGE_CURVE('',#1032,#1034,#469,.T.);
#1252=EDGE_CURVE('',#1035,#1034,#470,.T.);
#1253=EDGE_CURVE('',#1033,#1035,#471,.T.);
#1254=EDGE_CURVE('',#1032,#1036,#472,.T.);
#1255=EDGE_CURVE('',#1037,#1036,#473,.T.);
#1256=EDGE_CURVE('',#1038,#1037,#474,.T.);
#1257=EDGE_CURVE('',#1039,#1038,#475,.T.);
#1258=EDGE_CURVE('',#1034,#1039,#476,.T.);
#1259=EDGE_CURVE('',#1040,#1033,#477,.T.);
#1260=EDGE_CURVE('',#1036,#1040,#478,.T.);
#1261=EDGE_CURVE('',#1041,#1042,#479,.T.);
#1262=EDGE_CURVE('',#1041,#1040,#480,.T.);
#1263=EDGE_CURVE('',#1043,#1035,#481,.T.);
#1264=EDGE_CURVE('',#1042,#1043,#482,.T.);
#1265=EDGE_CURVE('',#1044,#1043,#483,.T.);
#1266=EDGE_CURVE('',#1045,#1044,#484,.T.);
#1267=EDGE_CURVE('',#1042,#1045,#485,.T.);
#1268=EDGE_CURVE('',#1046,#1046,#946,.T.);
#1269=EDGE_CURVE('',#1047,#1047,#947,.T.);
#1270=EDGE_CURVE('',#1048,#1038,#948,.T.);
#1271=EDGE_CURVE('',#1048,#1049,#486,.T.);
#1272=EDGE_CURVE('',#1050,#1049,#487,.T.);
#1273=EDGE_CURVE('',#1051,#1050,#488,.T.);
#1274=EDGE_CURVE('',#1052,#1051,#949,.T.);
#1275=EDGE_CURVE('',#1053,#1052,#489,.T.);
#1276=EDGE_CURVE('',#1054,#1053,#490,.T.);
#1277=EDGE_CURVE('',#1039,#1054,#491,.T.);
#1278=EDGE_CURVE('',#1055,#1055,#950,.T.);
#1279=EDGE_CURVE('',#1037,#1056,#951,.T.);
#1280=EDGE_CURVE('',#1057,#1041,#492,.T.);
#1281=EDGE_CURVE('',#1057,#1058,#493,.T.);
#1282=EDGE_CURVE('',#1056,#1058,#952,.T.);
#1283=EDGE_CURVE('',#1058,#1048,#494,.T.);
#1284=EDGE_CURVE('',#1049,#1057,#495,.T.);
#1285=EDGE_CURVE('',#1059,#1045,#496,.T.);
#1286=EDGE_CURVE('',#1059,#1060,#497,.T.);
#1287=EDGE_CURVE('',#1060,#1061,#498,.T.);
#1288=EDGE_CURVE('',#1061,#1062,#499,.T.);
#1289=EDGE_CURVE('',#1062,#1063,#500,.T.);
#1290=EDGE_CURVE('',#1063,#1064,#501,.T.);
#1291=EDGE_CURVE('',#1064,#1065,#502,.T.);
#1292=EDGE_CURVE('',#1065,#1066,#503,.T.);
#1293=EDGE_CURVE('',#1066,#1067,#504,.T.);
#1294=EDGE_CURVE('',#1067,#1068,#505,.T.);
#1295=EDGE_CURVE('',#1068,#1050,#506,.T.);
#1296=EDGE_CURVE('',#1069,#1070,#507,.T.);
#1297=EDGE_CURVE('',#1070,#1071,#508,.T.);
#1298=EDGE_CURVE('',#1071,#1072,#509,.T.);
#1299=EDGE_CURVE('',#1072,#1069,#510,.T.);
#1300=EDGE_CURVE('',#1073,#1073,#953,.T.);
#1301=EDGE_CURVE('',#1073,#1074,#511,.T.);
#1302=EDGE_CURVE('',#1074,#1074,#954,.T.);
#1303=EDGE_CURVE('',#1075,#1075,#955,.T.);
#1304=EDGE_CURVE('',#1075,#1076,#512,.T.);
#1305=EDGE_CURVE('',#1076,#1076,#956,.T.);
#1306=EDGE_CURVE('',#1077,#1077,#957,.T.);
#1307=EDGE_CURVE('',#1077,#1078,#513,.T.);
#1308=EDGE_CURVE('',#1078,#1078,#958,.T.);
#1309=EDGE_CURVE('',#1079,#1079,#959,.T.);
#1310=EDGE_CURVE('',#1079,#1080,#514,.T.);
#1311=EDGE_CURVE('',#1080,#1080,#960,.T.);
#1312=EDGE_CURVE('',#1060,#1081,#515,.T.);
#1313=EDGE_CURVE('',#1082,#1059,#516,.T.);
#1314=EDGE_CURVE('',#1083,#1082,#517,.T.);
#1315=EDGE_CURVE('',#1081,#1083,#961,.T.);
#1316=EDGE_CURVE('',#1084,#1084,#962,.T.);
#1317=EDGE_CURVE('',#1085,#1063,#518,.T.);
#1318=EDGE_CURVE('',#1086,#1085,#519,.T.);
#1319=EDGE_CURVE('',#1087,#1086,#963,.T.);
#1320=EDGE_CURVE('',#1088,#1087,#520,.T.);
#1321=EDGE_CURVE('',#1089,#1088,#521,.T.);
#1322=EDGE_CURVE('',#1090,#1089,#522,.T.);
#1323=EDGE_CURVE('',#1064,#1090,#523,.T.);
#1324=EDGE_CURVE('',#1091,#1091,#964,.T.);
#1325=EDGE_CURVE('',#1092,#1092,#965,.T.);
#1326=EDGE_CURVE('',#1093,#1094,#524,.T.);
#1327=EDGE_CURVE('',#1095,#1093,#525,.T.);
#1328=EDGE_CURVE('',#1096,#1095,#526,.T.);
#1329=EDGE_CURVE('',#1094,#1096,#527,.T.);
#1330=EDGE_CURVE('',#1097,#1097,#966,.T.);
#1331=EDGE_CURVE('',#1098,#1098,#967,.T.);
#1332=EDGE_CURVE('',#1081,#1099,#528,.T.);
#1333=EDGE_CURVE('',#1099,#1061,#529,.T.);
#1334=EDGE_CURVE('',#1087,#1100,#530,.T.);
#1335=EDGE_CURVE('',#1100,#1101,#531,.T.);
#1336=EDGE_CURVE('',#1088,#1101,#532,.T.);
#1337=EDGE_CURVE('',#1086,#1102,#533,.T.);
#1338=EDGE_CURVE('',#1102,#1100,#968,.T.);
#1339=EDGE_CURVE('',#1085,#1103,#534,.T.);
#1340=EDGE_CURVE('',#1103,#1102,#535,.T.);
#1341=EDGE_CURVE('',#1062,#1103,#536,.T.);
#1342=EDGE_CURVE('',#1095,#1044,#537,.T.);
#1343=EDGE_CURVE('',#1093,#1104,#538,.T.);
#1344=EDGE_CURVE('',#1104,#1105,#539,.T.);
#1345=EDGE_CURVE('',#1105,#1089,#540,.T.);
#1346=EDGE_CURVE('',#1101,#1106,#541,.T.);
#1347=EDGE_CURVE('',#1106,#1082,#542,.T.);
#1348=EDGE_CURVE('',#1107,#1094,#543,.T.);
#1349=EDGE_CURVE('',#1107,#1104,#544,.T.);
#1350=EDGE_CURVE('',#1108,#1109,#545,.T.);
#1351=EDGE_CURVE('',#1110,#1108,#969,.T.);
#1352=EDGE_CURVE('',#1066,#1110,#546,.T.);
#1353=EDGE_CURVE('',#1109,#1065,#547,.T.);
#1354=EDGE_CURVE('',#1111,#1111,#970,.T.);
#1355=EDGE_CURVE('',#1112,#1110,#548,.T.);
#1356=EDGE_CURVE('',#1067,#1112,#549,.T.);
#1357=EDGE_CURVE('',#1113,#1108,#550,.T.);
#1358=EDGE_CURVE('',#1112,#1113,#971,.T.);
#1359=EDGE_CURVE('',#1114,#1109,#551,.T.);
#1360=EDGE_CURVE('',#1113,#1114,#552,.T.);
#1361=EDGE_CURVE('',#1096,#1054,#553,.T.);
#1362=EDGE_CURVE('',#1115,#1116,#554,.T.);
#1363=EDGE_CURVE('',#1116,#1117,#555,.T.);
#1364=EDGE_CURVE('',#1117,#1118,#556,.T.);
#1365=EDGE_CURVE('',#1118,#1115,#557,.T.);
#1366=EDGE_CURVE('',#1119,#1052,#558,.T.);
#1367=EDGE_CURVE('',#1120,#1119,#559,.T.);
#1368=EDGE_CURVE('',#1053,#1120,#560,.T.);
#1369=EDGE_CURVE('',#1120,#1114,#561,.T.);
#1370=EDGE_CURVE('',#1119,#1121,#972,.T.);
#1371=EDGE_CURVE('',#1121,#1068,#562,.T.);
#1372=EDGE_CURVE('',#1122,#1122,#973,.T.);
#1373=EDGE_CURVE('',#1121,#1051,#563,.T.);
#1374=EDGE_CURVE('',#1090,#1123,#564,.T.);
#1375=EDGE_CURVE('',#1123,#1107,#565,.T.);
#1376=EDGE_CURVE('',#1083,#1124,#566,.T.);
#1377=EDGE_CURVE('',#1124,#1099,#974,.T.);
#1378=EDGE_CURVE('',#1106,#1124,#567,.T.);
#1379=EDGE_CURVE('',#1125,#1125,#975,.T.);
#1380=EDGE_CURVE('',#1105,#1123,#568,.T.);
#1381=EDGE_CURVE('',#1115,#1070,#569,.T.);
#1382=EDGE_CURVE('',#1069,#1116,#570,.T.);
#1383=EDGE_CURVE('',#1072,#1117,#571,.T.);
#1384=EDGE_CURVE('',#1118,#1071,#572,.T.);
#1385=EDGE_CURVE('',#1091,#1111,#573,.T.);
#1386=EDGE_CURVE('',#1084,#1047,#574,.T.);
#1387=EDGE_CURVE('',#1125,#1056,#575,.T.);
#1388=EDGE_CURVE('',#1098,#1055,#576,.T.);
#1389=EDGE_CURVE('',#1097,#1046,#577,.T.);
#1390=EDGE_CURVE('',#1092,#1122,#578,.T.);
#1391=EDGE_CURVE('',#1126,#1127,#579,.T.);
#1392=EDGE_CURVE('',#1128,#1126,#580,.T.);
#1393=EDGE_CURVE('',#1129,#1128,#581,.T.);
#1394=EDGE_CURVE('',#1127,#1129,#582,.T.);
#1395=EDGE_CURVE('',#1130,#1130,#976,.T.);
#1396=EDGE_CURVE('',#1131,#1131,#977,.T.);
#1397=EDGE_CURVE('',#1132,#1132,#978,.T.);
#1398=EDGE_CURVE('',#1133,#1133,#979,.T.);
#1399=EDGE_CURVE('',#1134,#1134,#980,.T.);
#1400=EDGE_CURVE('',#1135,#1135,#981,.T.);
#1401=EDGE_CURVE('',#1136,#1126,#583,.T.);
#1402=EDGE_CURVE('',#1137,#1136,#584,.T.);
#1403=EDGE_CURVE('',#1137,#1128,#585,.T.);
#1404=EDGE_CURVE('',#1138,#1127,#586,.T.);
#1405=EDGE_CURVE('',#1136,#1138,#587,.T.);
#1406=EDGE_CURVE('',#1139,#1139,#982,.T.);
#1407=EDGE_CURVE('',#1139,#1135,#588,.T.);
#1408=EDGE_CURVE('',#1140,#1140,#983,.T.);
#1409=EDGE_CURVE('',#1140,#1134,#589,.T.);
#1410=EDGE_CURVE('',#1141,#1141,#984,.T.);
#1411=EDGE_CURVE('',#1141,#1133,#590,.T.);
#1412=EDGE_CURVE('',#1142,#1142,#985,.T.);
#1413=EDGE_CURVE('',#1142,#1132,#591,.T.);
#1414=EDGE_CURVE('',#1143,#1143,#986,.T.);
#1415=EDGE_CURVE('',#1143,#1131,#592,.T.);
#1416=EDGE_CURVE('',#1144,#1144,#987,.T.);
#1417=EDGE_CURVE('',#1144,#1130,#593,.T.);
#1418=EDGE_CURVE('',#1145,#1129,#594,.T.);
#1419=EDGE_CURVE('',#1138,#1145,#595,.T.);
#1420=EDGE_CURVE('',#1145,#1137,#596,.T.);
#1421=EDGE_CURVE('',#1146,#1146,#988,.T.);
#1422=EDGE_CURVE('',#1146,#1147,#597,.T.);
#1423=EDGE_CURVE('',#1147,#1147,#989,.T.);
#1424=EDGE_CURVE('',#1148,#1148,#990,.T.);
#1425=EDGE_CURVE('',#1148,#1149,#598,.T.);
#1426=EDGE_CURVE('',#1149,#1149,#991,.T.);
#1427=EDGE_CURVE('',#1150,#1150,#992,.T.);
#1428=EDGE_CURVE('',#1150,#1151,#599,.T.);
#1429=EDGE_CURVE('',#1151,#1151,#993,.T.);
#1430=EDGE_CURVE('',#1152,#1152,#994,.T.);
#1431=EDGE_CURVE('',#1152,#1153,#600,.T.);
#1432=EDGE_CURVE('',#1153,#1153,#995,.T.);
#1433=EDGE_CURVE('',#1154,#1155,#601,.T.);
#1434=EDGE_CURVE('',#1155,#1156,#996,.T.);
#1435=EDGE_CURVE('',#1156,#1157,#602,.T.);
#1436=EDGE_CURVE('',#1157,#1158,#603,.T.);
#1437=EDGE_CURVE('',#1158,#1154,#604,.T.);
#1438=EDGE_CURVE('',#1159,#1159,#997,.T.);
#1439=EDGE_CURVE('',#1160,#1161,#605,.T.);
#1440=EDGE_CURVE('',#1161,#1162,#606,.T.);
#1441=EDGE_CURVE('',#1162,#1163,#607,.T.);
#1442=EDGE_CURVE('',#1163,#1164,#608,.T.);
#1443=EDGE_CURVE('',#1164,#1165,#609,.T.);
#1444=EDGE_CURVE('',#1165,#1166,#610,.T.);
#1445=EDGE_CURVE('',#1166,#1167,#998,.T.);
#1446=EDGE_CURVE('',#1167,#1160,#611,.T.);
#1447=EDGE_CURVE('',#1168,#1168,#999,.T.);
#1448=EDGE_CURVE('',#1169,#1169,#1000,.T.);
#1449=EDGE_CURVE('',#1170,#1171,#612,.T.);
#1450=EDGE_CURVE('',#1171,#1172,#613,.T.);
#1451=EDGE_CURVE('',#1172,#1173,#614,.T.);
#1452=EDGE_CURVE('',#1173,#1170,#615,.T.);
#1453=EDGE_CURVE('',#1174,#1174,#1001,.T.);
#1454=EDGE_CURVE('',#1175,#1175,#1002,.T.);
#1455=EDGE_CURVE('',#1154,#1176,#616,.T.);
#1456=EDGE_CURVE('',#1177,#1176,#617,.T.);
#1457=EDGE_CURVE('',#1155,#1177,#618,.T.);
#1458=EDGE_CURVE('',#1165,#1178,#619,.T.);
#1459=EDGE_CURVE('',#1179,#1178,#620,.T.);
#1460=EDGE_CURVE('',#1166,#1179,#621,.T.);
#1461=EDGE_CURVE('',#1180,#1179,#1003,.T.);
#1462=EDGE_CURVE('',#1167,#1180,#622,.T.);
#1463=EDGE_CURVE('',#1181,#1180,#623,.T.);
#1464=EDGE_CURVE('',#1160,#1181,#624,.T.);
#1465=EDGE_CURVE('',#1158,#1182,#625,.T.);
#1466=EDGE_CURVE('',#1183,#1182,#626,.T.);
#1467=EDGE_CURVE('',#1184,#1183,#627,.T.);
#1468=EDGE_CURVE('',#1185,#1184,#628,.T.);
#1469=EDGE_CURVE('',#1186,#1185,#629,.T.);
#1470=EDGE_CURVE('',#1187,#1186,#630,.T.);
#1471=EDGE_CURVE('',#1162,#1187,#631,.T.);
#1472=EDGE_CURVE('',#1188,#1161,#632,.T.);
#1473=EDGE_CURVE('',#1176,#1188,#633,.T.);
#1474=EDGE_CURVE('',#1189,#1190,#634,.T.);
#1475=EDGE_CURVE('',#1191,#1189,#635,.T.);
#1476=EDGE_CURVE('',#1192,#1191,#636,.T.);
#1477=EDGE_CURVE('',#1190,#1192,#637,.T.);
#1478=EDGE_CURVE('',#1188,#1181,#638,.T.);
#1479=EDGE_CURVE('',#1193,#1157,#639,.T.);
#1480=EDGE_CURVE('',#1178,#1193,#640,.T.);
#1481=EDGE_CURVE('',#1194,#1164,#641,.T.);
#1482=EDGE_CURVE('',#1195,#1194,#642,.T.);
#1483=EDGE_CURVE('',#1170,#1195,#643,.T.);
#1484=EDGE_CURVE('',#1173,#1196,#644,.T.);
#1485=EDGE_CURVE('',#1182,#1196,#645,.T.);
#1486=EDGE_CURVE('',#1197,#1195,#646,.T.);
#1487=EDGE_CURVE('',#1197,#1171,#647,.T.);
#1488=EDGE_CURVE('',#1198,#1199,#648,.T.);
#1489=EDGE_CURVE('',#1199,#1187,#649,.T.);
#1490=EDGE_CURVE('',#1186,#1200,#650,.T.);
#1491=EDGE_CURVE('',#1200,#1198,#1004,.T.);
#1492=EDGE_CURVE('',#1201,#1201,#1005,.T.);
#1493=EDGE_CURVE('',#1202,#1203,#651,.T.);
#1494=EDGE_CURVE('',#1203,#1204,#1006,.T.);
#1495=EDGE_CURVE('',#1204,#1183,#652,.T.);
#1496=EDGE_CURVE('',#1196,#1205,#653,.T.);
#1497=EDGE_CURVE('',#1205,#1202,#654,.T.);
#1498=EDGE_CURVE('',#1206,#1206,#1007,.T.);
#1499=EDGE_CURVE('',#1207,#1207,#1008,.T.);
#1500=EDGE_CURVE('',#1208,#1208,#1009,.T.);
#1501=EDGE_CURVE('',#1209,#1209,#1010,.T.);
#1502=EDGE_CURVE('',#1185,#1210,#655,.T.);
#1503=EDGE_CURVE('',#1210,#1200,#656,.T.);
#1504=EDGE_CURVE('',#1210,#1211,#1011,.T.);
#1505=EDGE_CURVE('',#1211,#1198,#657,.T.);
#1506=EDGE_CURVE('',#1211,#1212,#658,.T.);
#1507=EDGE_CURVE('',#1212,#1199,#659,.T.);
#1508=EDGE_CURVE('',#1172,#1205,#660,.T.);
#1509=EDGE_CURVE('',#1213,#1214,#661,.T.);
#1510=EDGE_CURVE('',#1215,#1213,#662,.T.);
#1511=EDGE_CURVE('',#1216,#1215,#663,.T.);
#1512=EDGE_CURVE('',#1214,#1216,#664,.T.);
#1513=EDGE_CURVE('',#1202,#1217,#665,.T.);
#1514=EDGE_CURVE('',#1217,#1218,#666,.T.);
#1515=EDGE_CURVE('',#1218,#1203,#667,.T.);
#1516=EDGE_CURVE('',#1219,#1184,#668,.T.);
#1517=EDGE_CURVE('',#1218,#1219,#1012,.T.);
#1518=EDGE_CURVE('',#1217,#1212,#669,.T.);
#1519=EDGE_CURVE('',#1220,#1220,#1013,.T.);
#1520=EDGE_CURVE('',#1219,#1204,#670,.T.);
#1521=EDGE_CURVE('',#1221,#1197,#671,.T.);
#1522=EDGE_CURVE('',#1163,#1221,#672,.T.);
#1523=EDGE_CURVE('',#1222,#1177,#1014,.T.);
#1524=EDGE_CURVE('',#1156,#1222,#673,.T.);
#1525=EDGE_CURVE('',#1193,#1222,#674,.T.);
#1526=EDGE_CURVE('',#1223,#1223,#1015,.T.);
#1527=EDGE_CURVE('',#1194,#1221,#675,.T.);
#1528=EDGE_CURVE('',#1189,#1214,#676,.T.);
#1529=EDGE_CURVE('',#1213,#1190,#677,.T.);
#1530=EDGE_CURVE('',#1191,#1216,#678,.T.);
#1531=EDGE_CURVE('',#1215,#1192,#679,.T.);
#1532=EDGE_CURVE('',#1168,#1201,#680,.T.);
#1533=EDGE_CURVE('',#1159,#1209,#681,.T.);
#1534=EDGE_CURVE('',#1223,#1208,#682,.T.);
#1535=EDGE_CURVE('',#1175,#1207,#683,.T.);
#1536=EDGE_CURVE('',#1174,#1206,#684,.T.);
#1537=EDGE_CURVE('',#1169,#1220,#685,.T.);
#1538=EDGE_CURVE('',#1224,#1225,#686,.T.);
#1539=EDGE_CURVE('',#1225,#1226,#687,.T.);
#1540=EDGE_CURVE('',#1226,#1227,#688,.T.);
#1541=EDGE_CURVE('',#1227,#1224,#689,.T.);
#1542=EDGE_CURVE('',#1228,#1228,#1016,.T.);
#1543=EDGE_CURVE('',#1229,#1229,#1017,.T.);
#1544=EDGE_CURVE('',#1230,#1230,#1018,.T.);
#1545=EDGE_CURVE('',#1231,#1231,#1019,.T.);
#1546=EDGE_CURVE('',#1232,#1232,#1020,.T.);
#1547=EDGE_CURVE('',#1233,#1233,#1021,.T.);
#1548=EDGE_CURVE('',#1234,#1227,#690,.T.);
#1549=EDGE_CURVE('',#1234,#1235,#691,.T.);
#1550=EDGE_CURVE('',#1235,#1224,#692,.T.);
#1551=EDGE_CURVE('',#1235,#1236,#693,.T.);
#1552=EDGE_CURVE('',#1236,#1225,#694,.T.);
#1553=EDGE_CURVE('',#1237,#1237,#1022,.T.);
#1554=EDGE_CURVE('',#1237,#1233,#695,.T.);
#1555=EDGE_CURVE('',#1238,#1238,#1023,.T.);
#1556=EDGE_CURVE('',#1238,#1232,#696,.T.);
#1557=EDGE_CURVE('',#1239,#1239,#1024,.T.);
#1558=EDGE_CURVE('',#1239,#1231,#697,.T.);
#1559=EDGE_CURVE('',#1240,#1240,#1025,.T.);
#1560=EDGE_CURVE('',#1240,#1230,#698,.T.);
#1561=EDGE_CURVE('',#1241,#1241,#1026,.T.);
#1562=EDGE_CURVE('',#1241,#1229,#699,.T.);
#1563=EDGE_CURVE('',#1242,#1242,#1027,.T.);
#1564=EDGE_CURVE('',#1242,#1228,#700,.T.);
#1565=EDGE_CURVE('',#1236,#1243,#701,.T.);
#1566=EDGE_CURVE('',#1243,#1226,#702,.T.);
#1567=EDGE_CURVE('',#1243,#1234,#703,.T.);
#1568=ORIENTED_EDGE('',*,*,#1244,.F.);
#1569=ORIENTED_EDGE('',*,*,#1245,.T.);
#1570=ORIENTED_EDGE('',*,*,#1246,.F.);
#1571=ORIENTED_EDGE('',*,*,#1245,.F.);
#1572=ORIENTED_EDGE('',*,*,#1247,.F.);
#1573=ORIENTED_EDGE('',*,*,#1248,.T.);
#1574=ORIENTED_EDGE('',*,*,#1249,.F.);
#1575=ORIENTED_EDGE('',*,*,#1248,.F.);
#1576=ORIENTED_EDGE('',*,*,#1250,.F.);
#1577=ORIENTED_EDGE('',*,*,#1251,.T.);
#1578=ORIENTED_EDGE('',*,*,#1252,.F.);
#1579=ORIENTED_EDGE('',*,*,#1253,.F.);
#1580=ORIENTED_EDGE('',*,*,#1254,.T.);
#1581=ORIENTED_EDGE('',*,*,#1255,.F.);
#1582=ORIENTED_EDGE('',*,*,#1256,.F.);
#1583=ORIENTED_EDGE('',*,*,#1257,.F.);
#1584=ORIENTED_EDGE('',*,*,#1258,.F.);
#1585=ORIENTED_EDGE('',*,*,#1251,.F.);
#1586=ORIENTED_EDGE('',*,*,#1250,.T.);
#1587=ORIENTED_EDGE('',*,*,#1259,.F.);
#1588=ORIENTED_EDGE('',*,*,#1260,.F.);
#1589=ORIENTED_EDGE('',*,*,#1254,.F.);
#1590=ORIENTED_EDGE('',*,*,#1261,.F.);
#1591=ORIENTED_EDGE('',*,*,#1262,.T.);
#1592=ORIENTED_EDGE('',*,*,#1259,.T.);
#1593=ORIENTED_EDGE('',*,*,#1253,.T.);
#1594=ORIENTED_EDGE('',*,*,#1263,.F.);
#1595=ORIENTED_EDGE('',*,*,#1264,.F.);
#1596=ORIENTED_EDGE('',*,*,#1244,.T.);
#1597=ORIENTED_EDGE('',*,*,#1247,.T.);
#1598=ORIENTED_EDGE('',*,*,#1264,.T.);
#1599=ORIENTED_EDGE('',*,*,#1265,.F.);
#1600=ORIENTED_EDGE('',*,*,#1266,.F.);
#1601=ORIENTED_EDGE('',*,*,#1267,.F.);
#1602=ORIENTED_EDGE('',*,*,#1268,.F.);
#1603=ORIENTED_EDGE('',*,*,#1269,.F.);
#1604=ORIENTED_EDGE('',*,*,#1257,.T.);
#1605=ORIENTED_EDGE('',*,*,#1270,.F.);
#1606=ORIENTED_EDGE('',*,*,#1271,.T.);
#1607=ORIENTED_EDGE('',*,*,#1272,.F.);
#1608=ORIENTED_EDGE('',*,*,#1273,.F.);
#1609=ORIENTED_EDGE('',*,*,#1274,.F.);
#1610=ORIENTED_EDGE('',*,*,#1275,.F.);
#1611=ORIENTED_EDGE('',*,*,#1276,.F.);
#1612=ORIENTED_EDGE('',*,*,#1277,.F.);
#1613=ORIENTED_EDGE('',*,*,#1278,.F.);
#1614=ORIENTED_EDGE('',*,*,#1279,.F.);
#1615=ORIENTED_EDGE('',*,*,#1255,.T.);
#1616=ORIENTED_EDGE('',*,*,#1260,.T.);
#1617=ORIENTED_EDGE('',*,*,#1262,.F.);
#1618=ORIENTED_EDGE('',*,*,#1280,.F.);
#1619=ORIENTED_EDGE('',*,*,#1281,.T.);
#1620=ORIENTED_EDGE('',*,*,#1282,.F.);
#1621=ORIENTED_EDGE('',*,*,#1283,.F.);
#1622=ORIENTED_EDGE('',*,*,#1281,.F.);
#1623=ORIENTED_EDGE('',*,*,#1284,.F.);
#1624=ORIENTED_EDGE('',*,*,#1271,.F.);
#1625=ORIENTED_EDGE('',*,*,#1261,.T.);
#1626=ORIENTED_EDGE('',*,*,#1267,.T.);
#1627=ORIENTED_EDGE('',*,*,#1285,.F.);
#1628=ORIENTED_EDGE('',*,*,#1286,.T.);
#1629=ORIENTED_EDGE('',*,*,#1287,.T.);
#1630=ORIENTED_EDGE('',*,*,#1288,.T.);
#1631=ORIENTED_EDGE('',*,*,#1289,.T.);
#1632=ORIENTED_EDGE('',*,*,#1290,.T.);
#1633=ORIENTED_EDGE('',*,*,#1291,.T.);
#1634=ORIENTED_EDGE('',*,*,#1292,.T.);
#1635=ORIENTED_EDGE('',*,*,#1293,.T.);
#1636=ORIENTED_EDGE('',*,*,#1294,.T.);
#1637=ORIENTED_EDGE('',*,*,#1295,.T.);
#1638=ORIENTED_EDGE('',*,*,#1272,.T.);
#1639=ORIENTED_EDGE('',*,*,#1284,.T.);
#1640=ORIENTED_EDGE('',*,*,#1280,.T.);
#1641=ORIENTED_EDGE('',*,*,#1296,.T.);
#1642=ORIENTED_EDGE('',*,*,#1297,.T.);
#1643=ORIENTED_EDGE('',*,*,#1298,.T.);
#1644=ORIENTED_EDGE('',*,*,#1299,.T.);
#1645=ORIENTED_EDGE('',*,*,#1300,.F.);
#1646=ORIENTED_EDGE('',*,*,#1301,.T.);
#1647=ORIENTED_EDGE('',*,*,#1302,.F.);
#1648=ORIENTED_EDGE('',*,*,#1301,.F.);
#1649=ORIENTED_EDGE('',*,*,#1303,.F.);
#1650=ORIENTED_EDGE('',*,*,#1304,.T.);
#1651=ORIENTED_EDGE('',*,*,#1305,.F.);
#1652=ORIENTED_EDGE('',*,*,#1304,.F.);
#1653=ORIENTED_EDGE('',*,*,#1306,.F.);
#1654=ORIENTED_EDGE('',*,*,#1307,.T.);
#1655=ORIENTED_EDGE('',*,*,#1308,.F.);
#1656=ORIENTED_EDGE('',*,*,#1307,.F.);
#1657=ORIENTED_EDGE('',*,*,#1309,.F.);
#1658=ORIENTED_EDGE('',*,*,#1310,.T.);
#1659=ORIENTED_EDGE('',*,*,#1311,.F.);
#1660=ORIENTED_EDGE('',*,*,#1310,.F.);
#1661=ORIENTED_EDGE('',*,*,#1312,.F.);
#1662=ORIENTED_EDGE('',*,*,#1286,.F.);
#1663=ORIENTED_EDGE('',*,*,#1313,.F.);
#1664=ORIENTED_EDGE('',*,*,#1314,.F.);
#1665=ORIENTED_EDGE('',*,*,#1315,.F.);
#1666=ORIENTED_EDGE('',*,*,#1316,.F.);
#1667=ORIENTED_EDGE('',*,*,#1317,.F.);
#1668=ORIENTED_EDGE('',*,*,#1318,.F.);
#1669=ORIENTED_EDGE('',*,*,#1319,.F.);
#1670=ORIENTED_EDGE('',*,*,#1320,.F.);
#1671=ORIENTED_EDGE('',*,*,#1321,.F.);
#1672=ORIENTED_EDGE('',*,*,#1322,.F.);
#1673=ORIENTED_EDGE('',*,*,#1323,.F.);
#1674=ORIENTED_EDGE('',*,*,#1290,.F.);
#1675=ORIENTED_EDGE('',*,*,#1324,.F.);
#1676=ORIENTED_EDGE('',*,*,#1325,.F.);
#1677=ORIENTED_EDGE('',*,*,#1326,.F.);
#1678=ORIENTED_EDGE('',*,*,#1327,.F.);
#1679=ORIENTED_EDGE('',*,*,#1328,.F.);
#1680=ORIENTED_EDGE('',*,*,#1329,.F.);
#1681=ORIENTED_EDGE('',*,*,#1330,.F.);
#1682=ORIENTED_EDGE('',*,*,#1331,.F.);
#1683=ORIENTED_EDGE('',*,*,#1312,.T.);
#1684=ORIENTED_EDGE('',*,*,#1332,.T.);
#1685=ORIENTED_EDGE('',*,*,#1333,.T.);
#1686=ORIENTED_EDGE('',*,*,#1287,.F.);
#1687=ORIENTED_EDGE('',*,*,#1320,.T.);
#1688=ORIENTED_EDGE('',*,*,#1334,.T.);
#1689=ORIENTED_EDGE('',*,*,#1335,.T.);
#1690=ORIENTED_EDGE('',*,*,#1336,.F.);
#1691=ORIENTED_EDGE('',*,*,#1319,.T.);
#1692=ORIENTED_EDGE('',*,*,#1337,.T.);
#1693=ORIENTED_EDGE('',*,*,#1338,.T.);
#1694=ORIENTED_EDGE('',*,*,#1334,.F.);
#1695=ORIENTED_EDGE('',*,*,#1318,.T.);
#1696=ORIENTED_EDGE('',*,*,#1339,.T.);
#1697=ORIENTED_EDGE('',*,*,#1340,.T.);
#1698=ORIENTED_EDGE('',*,*,#1337,.F.);
#1699=ORIENTED_EDGE('',*,*,#1317,.T.);
#1700=ORIENTED_EDGE('',*,*,#1289,.F.);
#1701=ORIENTED_EDGE('',*,*,#1341,.T.);
#1702=ORIENTED_EDGE('',*,*,#1339,.F.);
#1703=ORIENTED_EDGE('',*,*,#1313,.T.);
#1704=ORIENTED_EDGE('',*,*,#1285,.T.);
#1705=ORIENTED_EDGE('',*,*,#1266,.T.);
#1706=ORIENTED_EDGE('',*,*,#1342,.F.);
#1707=ORIENTED_EDGE('',*,*,#1327,.T.);
#1708=ORIENTED_EDGE('',*,*,#1343,.T.);
#1709=ORIENTED_EDGE('',*,*,#1344,.T.);
#1710=ORIENTED_EDGE('',*,*,#1345,.T.);
#1711=ORIENTED_EDGE('',*,*,#1321,.T.);
#1712=ORIENTED_EDGE('',*,*,#1336,.T.);
#1713=ORIENTED_EDGE('',*,*,#1346,.T.);
#1714=ORIENTED_EDGE('',*,*,#1347,.T.);
#1715=ORIENTED_EDGE('',*,*,#1246,.T.);
#1716=ORIENTED_EDGE('',*,*,#1249,.T.);
#1717=ORIENTED_EDGE('',*,*,#1300,.T.);
#1718=ORIENTED_EDGE('',*,*,#1306,.T.);
#1719=ORIENTED_EDGE('',*,*,#1326,.T.);
#1720=ORIENTED_EDGE('',*,*,#1348,.F.);
#1721=ORIENTED_EDGE('',*,*,#1349,.T.);
#1722=ORIENTED_EDGE('',*,*,#1343,.F.);
#1723=ORIENTED_EDGE('',*,*,#1350,.F.);
#1724=ORIENTED_EDGE('',*,*,#1351,.F.);
#1725=ORIENTED_EDGE('',*,*,#1352,.F.);
#1726=ORIENTED_EDGE('',*,*,#1292,.F.);
#1727=ORIENTED_EDGE('',*,*,#1353,.F.);
#1728=ORIENTED_EDGE('',*,*,#1354,.F.);
#1729=ORIENTED_EDGE('',*,*,#1352,.T.);
#1730=ORIENTED_EDGE('',*,*,#1355,.F.);
#1731=ORIENTED_EDGE('',*,*,#1356,.F.);
#1732=ORIENTED_EDGE('',*,*,#1293,.F.);
#1733=ORIENTED_EDGE('',*,*,#1351,.T.);
#1734=ORIENTED_EDGE('',*,*,#1357,.F.);
#1735=ORIENTED_EDGE('',*,*,#1358,.F.);
#1736=ORIENTED_EDGE('',*,*,#1355,.T.);
#1737=ORIENTED_EDGE('',*,*,#1350,.T.);
#1738=ORIENTED_EDGE('',*,*,#1359,.F.);
#1739=ORIENTED_EDGE('',*,*,#1360,.F.);
#1740=ORIENTED_EDGE('',*,*,#1357,.T.);
#1741=ORIENTED_EDGE('',*,*,#1258,.T.);
#1742=ORIENTED_EDGE('',*,*,#1277,.T.);
#1743=ORIENTED_EDGE('',*,*,#1361,.F.);
#1744=ORIENTED_EDGE('',*,*,#1328,.T.);
#1745=ORIENTED_EDGE('',*,*,#1342,.T.);
#1746=ORIENTED_EDGE('',*,*,#1265,.T.);
#1747=ORIENTED_EDGE('',*,*,#1263,.T.);
#1748=ORIENTED_EDGE('',*,*,#1252,.T.);
#1749=ORIENTED_EDGE('',*,*,#1362,.T.);
#1750=ORIENTED_EDGE('',*,*,#1363,.T.);
#1751=ORIENTED_EDGE('',*,*,#1364,.T.);
#1752=ORIENTED_EDGE('',*,*,#1365,.T.);
#1753=ORIENTED_EDGE('',*,*,#1275,.T.);
#1754=ORIENTED_EDGE('',*,*,#1366,.F.);
#1755=ORIENTED_EDGE('',*,*,#1367,.F.);
#1756=ORIENTED_EDGE('',*,*,#1368,.F.);
#1757=ORIENTED_EDGE('',*,*,#1358,.T.);
#1758=ORIENTED_EDGE('',*,*,#1360,.T.);
#1759=ORIENTED_EDGE('',*,*,#1369,.F.);
#1760=ORIENTED_EDGE('',*,*,#1367,.T.);
#1761=ORIENTED_EDGE('',*,*,#1370,.T.);
#1762=ORIENTED_EDGE('',*,*,#1371,.T.);
#1763=ORIENTED_EDGE('',*,*,#1294,.F.);
#1764=ORIENTED_EDGE('',*,*,#1356,.T.);
#1765=ORIENTED_EDGE('',*,*,#1372,.F.);
#1766=ORIENTED_EDGE('',*,*,#1273,.T.);
#1767=ORIENTED_EDGE('',*,*,#1295,.F.);
#1768=ORIENTED_EDGE('',*,*,#1371,.F.);
#1769=ORIENTED_EDGE('',*,*,#1373,.T.);
#1770=ORIENTED_EDGE('',*,*,#1274,.T.);
#1771=ORIENTED_EDGE('',*,*,#1373,.F.);
#1772=ORIENTED_EDGE('',*,*,#1370,.F.);
#1773=ORIENTED_EDGE('',*,*,#1366,.T.);
#1774=ORIENTED_EDGE('',*,*,#1323,.T.);
#1775=ORIENTED_EDGE('',*,*,#1374,.T.);
#1776=ORIENTED_EDGE('',*,*,#1375,.T.);
#1777=ORIENTED_EDGE('',*,*,#1348,.T.);
#1778=ORIENTED_EDGE('',*,*,#1329,.T.);
#1779=ORIENTED_EDGE('',*,*,#1361,.T.);
#1780=ORIENTED_EDGE('',*,*,#1276,.T.);
#1781=ORIENTED_EDGE('',*,*,#1368,.T.);
#1782=ORIENTED_EDGE('',*,*,#1369,.T.);
#1783=ORIENTED_EDGE('',*,*,#1359,.T.);
#1784=ORIENTED_EDGE('',*,*,#1353,.T.);
#1785=ORIENTED_EDGE('',*,*,#1291,.F.);
#1786=ORIENTED_EDGE('',*,*,#1305,.T.);
#1787=ORIENTED_EDGE('',*,*,#1311,.T.);
#1788=ORIENTED_EDGE('',*,*,#1315,.T.);
#1789=ORIENTED_EDGE('',*,*,#1376,.T.);
#1790=ORIENTED_EDGE('',*,*,#1377,.T.);
#1791=ORIENTED_EDGE('',*,*,#1332,.F.);
#1792=ORIENTED_EDGE('',*,*,#1314,.T.);
#1793=ORIENTED_EDGE('',*,*,#1347,.F.);
#1794=ORIENTED_EDGE('',*,*,#1378,.T.);
#1795=ORIENTED_EDGE('',*,*,#1376,.F.);
#1796=ORIENTED_EDGE('',*,*,#1340,.F.);
#1797=ORIENTED_EDGE('',*,*,#1341,.F.);
#1798=ORIENTED_EDGE('',*,*,#1288,.F.);
#1799=ORIENTED_EDGE('',*,*,#1333,.F.);
#1800=ORIENTED_EDGE('',*,*,#1377,.F.);
#1801=ORIENTED_EDGE('',*,*,#1378,.F.);
#1802=ORIENTED_EDGE('',*,*,#1346,.F.);
#1803=ORIENTED_EDGE('',*,*,#1335,.F.);
#1804=ORIENTED_EDGE('',*,*,#1338,.F.);
#1805=ORIENTED_EDGE('',*,*,#1379,.F.);
#1806=ORIENTED_EDGE('',*,*,#1322,.T.);
#1807=ORIENTED_EDGE('',*,*,#1345,.F.);
#1808=ORIENTED_EDGE('',*,*,#1380,.T.);
#1809=ORIENTED_EDGE('',*,*,#1374,.F.);
#1810=ORIENTED_EDGE('',*,*,#1375,.F.);
#1811=ORIENTED_EDGE('',*,*,#1380,.F.);
#1812=ORIENTED_EDGE('',*,*,#1344,.F.);
#1813=ORIENTED_EDGE('',*,*,#1349,.F.);
#1814=ORIENTED_EDGE('',*,*,#1362,.F.);
#1815=ORIENTED_EDGE('',*,*,#1381,.T.);
#1816=ORIENTED_EDGE('',*,*,#1296,.F.);
#1817=ORIENTED_EDGE('',*,*,#1382,.T.);
#1818=ORIENTED_EDGE('',*,*,#1382,.F.);
#1819=ORIENTED_EDGE('',*,*,#1299,.F.);
#1820=ORIENTED_EDGE('',*,*,#1383,.T.);
#1821=ORIENTED_EDGE('',*,*,#1363,.F.);
#1822=ORIENTED_EDGE('',*,*,#1303,.T.);
#1823=ORIENTED_EDGE('',*,*,#1309,.T.);
#1824=ORIENTED_EDGE('',*,*,#1381,.F.);
#1825=ORIENTED_EDGE('',*,*,#1365,.F.);
#1826=ORIENTED_EDGE('',*,*,#1384,.T.);
#1827=ORIENTED_EDGE('',*,*,#1297,.F.);
#1828=ORIENTED_EDGE('',*,*,#1302,.T.);
#1829=ORIENTED_EDGE('',*,*,#1308,.T.);
#1830=ORIENTED_EDGE('',*,*,#1364,.F.);
#1831=ORIENTED_EDGE('',*,*,#1383,.F.);
#1832=ORIENTED_EDGE('',*,*,#1298,.F.);
#1833=ORIENTED_EDGE('',*,*,#1384,.F.);
#1834=ORIENTED_EDGE('',*,*,#1324,.T.);
#1835=ORIENTED_EDGE('',*,*,#1385,.T.);
#1836=ORIENTED_EDGE('',*,*,#1354,.T.);
#1837=ORIENTED_EDGE('',*,*,#1385,.F.);
#1838=ORIENTED_EDGE('',*,*,#1316,.T.);
#1839=ORIENTED_EDGE('',*,*,#1386,.T.);
#1840=ORIENTED_EDGE('',*,*,#1269,.T.);
#1841=ORIENTED_EDGE('',*,*,#1386,.F.);
#1842=ORIENTED_EDGE('',*,*,#1379,.T.);
#1843=ORIENTED_EDGE('',*,*,#1387,.T.);
#1844=ORIENTED_EDGE('',*,*,#1282,.T.);
#1845=ORIENTED_EDGE('',*,*,#1283,.T.);
#1846=ORIENTED_EDGE('',*,*,#1270,.T.);
#1847=ORIENTED_EDGE('',*,*,#1256,.T.);
#1848=ORIENTED_EDGE('',*,*,#1279,.T.);
#1849=ORIENTED_EDGE('',*,*,#1387,.F.);
#1850=ORIENTED_EDGE('',*,*,#1331,.T.);
#1851=ORIENTED_EDGE('',*,*,#1388,.T.);
#1852=ORIENTED_EDGE('',*,*,#1278,.T.);
#1853=ORIENTED_EDGE('',*,*,#1388,.F.);
#1854=ORIENTED_EDGE('',*,*,#1330,.T.);
#1855=ORIENTED_EDGE('',*,*,#1389,.T.);
#1856=ORIENTED_EDGE('',*,*,#1268,.T.);
#1857=ORIENTED_EDGE('',*,*,#1389,.F.);
#1858=ORIENTED_EDGE('',*,*,#1325,.T.);
#1859=ORIENTED_EDGE('',*,*,#1390,.T.);
#1860=ORIENTED_EDGE('',*,*,#1372,.T.);
#1861=ORIENTED_EDGE('',*,*,#1390,.F.);
#1862=ORIENTED_EDGE('',*,*,#1391,.F.);
#1863=ORIENTED_EDGE('',*,*,#1392,.F.);
#1864=ORIENTED_EDGE('',*,*,#1393,.F.);
#1865=ORIENTED_EDGE('',*,*,#1394,.F.);
#1866=ORIENTED_EDGE('',*,*,#1395,.F.);
#1867=ORIENTED_EDGE('',*,*,#1396,.F.);
#1868=ORIENTED_EDGE('',*,*,#1397,.F.);
#1869=ORIENTED_EDGE('',*,*,#1398,.F.);
#1870=ORIENTED_EDGE('',*,*,#1399,.F.);
#1871=ORIENTED_EDGE('',*,*,#1400,.F.);
#1872=ORIENTED_EDGE('',*,*,#1392,.T.);
#1873=ORIENTED_EDGE('',*,*,#1401,.F.);
#1874=ORIENTED_EDGE('',*,*,#1402,.F.);
#1875=ORIENTED_EDGE('',*,*,#1403,.T.);
#1876=ORIENTED_EDGE('',*,*,#1391,.T.);
#1877=ORIENTED_EDGE('',*,*,#1404,.F.);
#1878=ORIENTED_EDGE('',*,*,#1405,.F.);
#1879=ORIENTED_EDGE('',*,*,#1401,.T.);
#1880=ORIENTED_EDGE('',*,*,#1406,.F.);
#1881=ORIENTED_EDGE('',*,*,#1407,.T.);
#1882=ORIENTED_EDGE('',*,*,#1400,.T.);
#1883=ORIENTED_EDGE('',*,*,#1407,.F.);
#1884=ORIENTED_EDGE('',*,*,#1408,.F.);
#1885=ORIENTED_EDGE('',*,*,#1409,.T.);
#1886=ORIENTED_EDGE('',*,*,#1399,.T.);
#1887=ORIENTED_EDGE('',*,*,#1409,.F.);
#1888=ORIENTED_EDGE('',*,*,#1410,.F.);
#1889=ORIENTED_EDGE('',*,*,#1411,.T.);
#1890=ORIENTED_EDGE('',*,*,#1398,.T.);
#1891=ORIENTED_EDGE('',*,*,#1411,.F.);
#1892=ORIENTED_EDGE('',*,*,#1412,.F.);
#1893=ORIENTED_EDGE('',*,*,#1413,.T.);
#1894=ORIENTED_EDGE('',*,*,#1397,.T.);
#1895=ORIENTED_EDGE('',*,*,#1413,.F.);
#1896=ORIENTED_EDGE('',*,*,#1414,.F.);
#1897=ORIENTED_EDGE('',*,*,#1415,.T.);
#1898=ORIENTED_EDGE('',*,*,#1396,.T.);
#1899=ORIENTED_EDGE('',*,*,#1415,.F.);
#1900=ORIENTED_EDGE('',*,*,#1416,.F.);
#1901=ORIENTED_EDGE('',*,*,#1417,.T.);
#1902=ORIENTED_EDGE('',*,*,#1395,.T.);
#1903=ORIENTED_EDGE('',*,*,#1417,.F.);
#1904=ORIENTED_EDGE('',*,*,#1394,.T.);
#1905=ORIENTED_EDGE('',*,*,#1418,.F.);
#1906=ORIENTED_EDGE('',*,*,#1419,.F.);
#1907=ORIENTED_EDGE('',*,*,#1404,.T.);
#1908=ORIENTED_EDGE('',*,*,#1393,.T.);
#1909=ORIENTED_EDGE('',*,*,#1403,.F.);
#1910=ORIENTED_EDGE('',*,*,#1420,.F.);
#1911=ORIENTED_EDGE('',*,*,#1418,.T.);
#1912=ORIENTED_EDGE('',*,*,#1405,.T.);
#1913=ORIENTED_EDGE('',*,*,#1419,.T.);
#1914=ORIENTED_EDGE('',*,*,#1420,.T.);
#1915=ORIENTED_EDGE('',*,*,#1402,.T.);
#1916=ORIENTED_EDGE('',*,*,#1416,.T.);
#1917=ORIENTED_EDGE('',*,*,#1414,.T.);
#1918=ORIENTED_EDGE('',*,*,#1412,.T.);
#1919=ORIENTED_EDGE('',*,*,#1410,.T.);
#1920=ORIENTED_EDGE('',*,*,#1408,.T.);
#1921=ORIENTED_EDGE('',*,*,#1406,.T.);
#1922=ORIENTED_EDGE('',*,*,#1421,.T.);
#1923=ORIENTED_EDGE('',*,*,#1422,.T.);
#1924=ORIENTED_EDGE('',*,*,#1423,.T.);
#1925=ORIENTED_EDGE('',*,*,#1422,.F.);
#1926=ORIENTED_EDGE('',*,*,#1424,.T.);
#1927=ORIENTED_EDGE('',*,*,#1425,.T.);
#1928=ORIENTED_EDGE('',*,*,#1426,.T.);
#1929=ORIENTED_EDGE('',*,*,#1425,.F.);
#1930=ORIENTED_EDGE('',*,*,#1427,.T.);
#1931=ORIENTED_EDGE('',*,*,#1428,.T.);
#1932=ORIENTED_EDGE('',*,*,#1429,.T.);
#1933=ORIENTED_EDGE('',*,*,#1428,.F.);
#1934=ORIENTED_EDGE('',*,*,#1430,.T.);
#1935=ORIENTED_EDGE('',*,*,#1431,.T.);
#1936=ORIENTED_EDGE('',*,*,#1432,.T.);
#1937=ORIENTED_EDGE('',*,*,#1431,.F.);
#1938=ORIENTED_EDGE('',*,*,#1433,.T.);
#1939=ORIENTED_EDGE('',*,*,#1434,.T.);
#1940=ORIENTED_EDGE('',*,*,#1435,.T.);
#1941=ORIENTED_EDGE('',*,*,#1436,.T.);
#1942=ORIENTED_EDGE('',*,*,#1437,.T.);
#1943=ORIENTED_EDGE('',*,*,#1438,.T.);
#1944=ORIENTED_EDGE('',*,*,#1439,.T.);
#1945=ORIENTED_EDGE('',*,*,#1440,.T.);
#1946=ORIENTED_EDGE('',*,*,#1441,.T.);
#1947=ORIENTED_EDGE('',*,*,#1442,.T.);
#1948=ORIENTED_EDGE('',*,*,#1443,.T.);
#1949=ORIENTED_EDGE('',*,*,#1444,.T.);
#1950=ORIENTED_EDGE('',*,*,#1445,.T.);
#1951=ORIENTED_EDGE('',*,*,#1446,.T.);
#1952=ORIENTED_EDGE('',*,*,#1447,.T.);
#1953=ORIENTED_EDGE('',*,*,#1448,.T.);
#1954=ORIENTED_EDGE('',*,*,#1449,.T.);
#1955=ORIENTED_EDGE('',*,*,#1450,.T.);
#1956=ORIENTED_EDGE('',*,*,#1451,.T.);
#1957=ORIENTED_EDGE('',*,*,#1452,.T.);
#1958=ORIENTED_EDGE('',*,*,#1453,.T.);
#1959=ORIENTED_EDGE('',*,*,#1454,.T.);
#1960=ORIENTED_EDGE('',*,*,#1433,.F.);
#1961=ORIENTED_EDGE('',*,*,#1455,.T.);
#1962=ORIENTED_EDGE('',*,*,#1456,.F.);
#1963=ORIENTED_EDGE('',*,*,#1457,.F.);
#1964=ORIENTED_EDGE('',*,*,#1444,.F.);
#1965=ORIENTED_EDGE('',*,*,#1458,.T.);
#1966=ORIENTED_EDGE('',*,*,#1459,.F.);
#1967=ORIENTED_EDGE('',*,*,#1460,.F.);
#1968=ORIENTED_EDGE('',*,*,#1445,.F.);
#1969=ORIENTED_EDGE('',*,*,#1460,.T.);
#1970=ORIENTED_EDGE('',*,*,#1461,.F.);
#1971=ORIENTED_EDGE('',*,*,#1462,.F.);
#1972=ORIENTED_EDGE('',*,*,#1446,.F.);
#1973=ORIENTED_EDGE('',*,*,#1462,.T.);
#1974=ORIENTED_EDGE('',*,*,#1463,.F.);
#1975=ORIENTED_EDGE('',*,*,#1464,.F.);
#1976=ORIENTED_EDGE('',*,*,#1437,.F.);
#1977=ORIENTED_EDGE('',*,*,#1465,.T.);
#1978=ORIENTED_EDGE('',*,*,#1466,.F.);
#1979=ORIENTED_EDGE('',*,*,#1467,.F.);
#1980=ORIENTED_EDGE('',*,*,#1468,.F.);
#1981=ORIENTED_EDGE('',*,*,#1469,.F.);
#1982=ORIENTED_EDGE('',*,*,#1470,.F.);
#1983=ORIENTED_EDGE('',*,*,#1471,.F.);
#1984=ORIENTED_EDGE('',*,*,#1440,.F.);
#1985=ORIENTED_EDGE('',*,*,#1472,.F.);
#1986=ORIENTED_EDGE('',*,*,#1473,.F.);
#1987=ORIENTED_EDGE('',*,*,#1455,.F.);
#1988=ORIENTED_EDGE('',*,*,#1474,.F.);
#1989=ORIENTED_EDGE('',*,*,#1475,.F.);
#1990=ORIENTED_EDGE('',*,*,#1476,.F.);
#1991=ORIENTED_EDGE('',*,*,#1477,.F.);
#1992=ORIENTED_EDGE('',*,*,#1439,.F.);
#1993=ORIENTED_EDGE('',*,*,#1464,.T.);
#1994=ORIENTED_EDGE('',*,*,#1478,.F.);
#1995=ORIENTED_EDGE('',*,*,#1472,.T.);
#1996=ORIENTED_EDGE('',*,*,#1436,.F.);
#1997=ORIENTED_EDGE('',*,*,#1479,.F.);
#1998=ORIENTED_EDGE('',*,*,#1480,.F.);
#1999=ORIENTED_EDGE('',*,*,#1458,.F.);
#2000=ORIENTED_EDGE('',*,*,#1443,.F.);
#2001=ORIENTED_EDGE('',*,*,#1481,.F.);
#2002=ORIENTED_EDGE('',*,*,#1482,.F.);
#2003=ORIENTED_EDGE('',*,*,#1483,.F.);
#2004=ORIENTED_EDGE('',*,*,#1452,.F.);
#2005=ORIENTED_EDGE('',*,*,#1484,.T.);
#2006=ORIENTED_EDGE('',*,*,#1485,.F.);
#2007=ORIENTED_EDGE('',*,*,#1465,.F.);
#2008=ORIENTED_EDGE('',*,*,#1421,.F.);
#2009=ORIENTED_EDGE('',*,*,#1427,.F.);
#2010=ORIENTED_EDGE('',*,*,#1449,.F.);
#2011=ORIENTED_EDGE('',*,*,#1483,.T.);
#2012=ORIENTED_EDGE('',*,*,#1486,.F.);
#2013=ORIENTED_EDGE('',*,*,#1487,.T.);
#2014=ORIENTED_EDGE('',*,*,#1488,.T.);
#2015=ORIENTED_EDGE('',*,*,#1489,.T.);
#2016=ORIENTED_EDGE('',*,*,#1470,.T.);
#2017=ORIENTED_EDGE('',*,*,#1490,.T.);
#2018=ORIENTED_EDGE('',*,*,#1491,.T.);
#2019=ORIENTED_EDGE('',*,*,#1492,.T.);
#2020=ORIENTED_EDGE('',*,*,#1493,.T.);
#2021=ORIENTED_EDGE('',*,*,#1494,.T.);
#2022=ORIENTED_EDGE('',*,*,#1495,.T.);
#2023=ORIENTED_EDGE('',*,*,#1466,.T.);
#2024=ORIENTED_EDGE('',*,*,#1485,.T.);
#2025=ORIENTED_EDGE('',*,*,#1496,.T.);
#2026=ORIENTED_EDGE('',*,*,#1497,.T.);
#2027=ORIENTED_EDGE('',*,*,#1498,.T.);
#2028=ORIENTED_EDGE('',*,*,#1499,.T.);
#2029=ORIENTED_EDGE('',*,*,#1500,.T.);
#2030=ORIENTED_EDGE('',*,*,#1501,.T.);
#2031=ORIENTED_EDGE('',*,*,#1490,.F.);
#2032=ORIENTED_EDGE('',*,*,#1469,.T.);
#2033=ORIENTED_EDGE('',*,*,#1502,.T.);
#2034=ORIENTED_EDGE('',*,*,#1503,.T.);
#2035=ORIENTED_EDGE('',*,*,#1491,.F.);
#2036=ORIENTED_EDGE('',*,*,#1503,.F.);
#2037=ORIENTED_EDGE('',*,*,#1504,.T.);
#2038=ORIENTED_EDGE('',*,*,#1505,.T.);
#2039=ORIENTED_EDGE('',*,*,#1488,.F.);
#2040=ORIENTED_EDGE('',*,*,#1505,.F.);
#2041=ORIENTED_EDGE('',*,*,#1506,.T.);
#2042=ORIENTED_EDGE('',*,*,#1507,.T.);
#2043=ORIENTED_EDGE('',*,*,#1451,.F.);
#2044=ORIENTED_EDGE('',*,*,#1508,.T.);
#2045=ORIENTED_EDGE('',*,*,#1496,.F.);
#2046=ORIENTED_EDGE('',*,*,#1484,.F.);
#2047=ORIENTED_EDGE('',*,*,#1509,.F.);
#2048=ORIENTED_EDGE('',*,*,#1510,.F.);
#2049=ORIENTED_EDGE('',*,*,#1511,.F.);
#2050=ORIENTED_EDGE('',*,*,#1512,.F.);
#2051=ORIENTED_EDGE('',*,*,#1493,.F.);
#2052=ORIENTED_EDGE('',*,*,#1513,.T.);
#2053=ORIENTED_EDGE('',*,*,#1514,.T.);
#2054=ORIENTED_EDGE('',*,*,#1515,.T.);
#2055=ORIENTED_EDGE('',*,*,#1504,.F.);
#2056=ORIENTED_EDGE('',*,*,#1502,.F.);
#2057=ORIENTED_EDGE('',*,*,#1468,.T.);
#2058=ORIENTED_EDGE('',*,*,#1516,.F.);
#2059=ORIENTED_EDGE('',*,*,#1517,.F.);
#2060=ORIENTED_EDGE('',*,*,#1514,.F.);
#2061=ORIENTED_EDGE('',*,*,#1518,.T.);
#2062=ORIENTED_EDGE('',*,*,#1506,.F.);
#2063=ORIENTED_EDGE('',*,*,#1519,.T.);
#2064=ORIENTED_EDGE('',*,*,#1495,.F.);
#2065=ORIENTED_EDGE('',*,*,#1520,.F.);
#2066=ORIENTED_EDGE('',*,*,#1516,.T.);
#2067=ORIENTED_EDGE('',*,*,#1467,.T.);
#2068=ORIENTED_EDGE('',*,*,#1494,.F.);
#2069=ORIENTED_EDGE('',*,*,#1515,.F.);
#2070=ORIENTED_EDGE('',*,*,#1517,.T.);
#2071=ORIENTED_EDGE('',*,*,#1520,.T.);
#2072=ORIENTED_EDGE('',*,*,#1441,.F.);
#2073=ORIENTED_EDGE('',*,*,#1471,.T.);
#2074=ORIENTED_EDGE('',*,*,#1489,.F.);
#2075=ORIENTED_EDGE('',*,*,#1507,.F.);
#2076=ORIENTED_EDGE('',*,*,#1518,.F.);
#2077=ORIENTED_EDGE('',*,*,#1513,.F.);
#2078=ORIENTED_EDGE('',*,*,#1497,.F.);
#2079=ORIENTED_EDGE('',*,*,#1508,.F.);
#2080=ORIENTED_EDGE('',*,*,#1450,.F.);
#2081=ORIENTED_EDGE('',*,*,#1487,.F.);
#2082=ORIENTED_EDGE('',*,*,#1521,.F.);
#2083=ORIENTED_EDGE('',*,*,#1522,.F.);
#2084=ORIENTED_EDGE('',*,*,#1426,.F.);
#2085=ORIENTED_EDGE('',*,*,#1432,.F.);
#2086=ORIENTED_EDGE('',*,*,#1434,.F.);
#2087=ORIENTED_EDGE('',*,*,#1457,.T.);
#2088=ORIENTED_EDGE('',*,*,#1523,.F.);
#2089=ORIENTED_EDGE('',*,*,#1524,.F.);
#2090=ORIENTED_EDGE('',*,*,#1435,.F.);
#2091=ORIENTED_EDGE('',*,*,#1524,.T.);
#2092=ORIENTED_EDGE('',*,*,#1525,.F.);
#2093=ORIENTED_EDGE('',*,*,#1479,.T.);
#2094=ORIENTED_EDGE('',*,*,#1463,.T.);
#2095=ORIENTED_EDGE('',*,*,#1461,.T.);
#2096=ORIENTED_EDGE('',*,*,#1459,.T.);
#2097=ORIENTED_EDGE('',*,*,#1480,.T.);
#2098=ORIENTED_EDGE('',*,*,#1525,.T.);
#2099=ORIENTED_EDGE('',*,*,#1523,.T.);
#2100=ORIENTED_EDGE('',*,*,#1456,.T.);
#2101=ORIENTED_EDGE('',*,*,#1473,.T.);
#2102=ORIENTED_EDGE('',*,*,#1478,.T.);
#2103=ORIENTED_EDGE('',*,*,#1526,.T.);
#2104=ORIENTED_EDGE('',*,*,#1442,.F.);
#2105=ORIENTED_EDGE('',*,*,#1522,.T.);
#2106=ORIENTED_EDGE('',*,*,#1527,.F.);
#2107=ORIENTED_EDGE('',*,*,#1481,.T.);
#2108=ORIENTED_EDGE('',*,*,#1521,.T.);
#2109=ORIENTED_EDGE('',*,*,#1486,.T.);
#2110=ORIENTED_EDGE('',*,*,#1482,.T.);
#2111=ORIENTED_EDGE('',*,*,#1527,.T.);
#2112=ORIENTED_EDGE('',*,*,#1509,.T.);
#2113=ORIENTED_EDGE('',*,*,#1528,.F.);
#2114=ORIENTED_EDGE('',*,*,#1474,.T.);
#2115=ORIENTED_EDGE('',*,*,#1529,.F.);
#2116=ORIENTED_EDGE('',*,*,#1528,.T.);
#2117=ORIENTED_EDGE('',*,*,#1512,.T.);
#2118=ORIENTED_EDGE('',*,*,#1530,.F.);
#2119=ORIENTED_EDGE('',*,*,#1475,.T.);
#2120=ORIENTED_EDGE('',*,*,#1424,.F.);
#2121=ORIENTED_EDGE('',*,*,#1430,.F.);
#2122=ORIENTED_EDGE('',*,*,#1529,.T.);
#2123=ORIENTED_EDGE('',*,*,#1477,.T.);
#2124=ORIENTED_EDGE('',*,*,#1531,.F.);
#2125=ORIENTED_EDGE('',*,*,#1510,.T.);
#2126=ORIENTED_EDGE('',*,*,#1423,.F.);
#2127=ORIENTED_EDGE('',*,*,#1429,.F.);
#2128=ORIENTED_EDGE('',*,*,#1511,.T.);
#2129=ORIENTED_EDGE('',*,*,#1531,.T.);
#2130=ORIENTED_EDGE('',*,*,#1476,.T.);
#2131=ORIENTED_EDGE('',*,*,#1530,.T.);
#2132=ORIENTED_EDGE('',*,*,#1447,.F.);
#2133=ORIENTED_EDGE('',*,*,#1532,.T.);
#2134=ORIENTED_EDGE('',*,*,#1492,.F.);
#2135=ORIENTED_EDGE('',*,*,#1532,.F.);
#2136=ORIENTED_EDGE('',*,*,#1438,.F.);
#2137=ORIENTED_EDGE('',*,*,#1533,.T.);
#2138=ORIENTED_EDGE('',*,*,#1501,.F.);
#2139=ORIENTED_EDGE('',*,*,#1533,.F.);
#2140=ORIENTED_EDGE('',*,*,#1526,.F.);
#2141=ORIENTED_EDGE('',*,*,#1534,.T.);
#2142=ORIENTED_EDGE('',*,*,#1500,.F.);
#2143=ORIENTED_EDGE('',*,*,#1534,.F.);
#2144=ORIENTED_EDGE('',*,*,#1454,.F.);
#2145=ORIENTED_EDGE('',*,*,#1535,.T.);
#2146=ORIENTED_EDGE('',*,*,#1499,.F.);
#2147=ORIENTED_EDGE('',*,*,#1535,.F.);
#2148=ORIENTED_EDGE('',*,*,#1453,.F.);
#2149=ORIENTED_EDGE('',*,*,#1536,.T.);
#2150=ORIENTED_EDGE('',*,*,#1498,.F.);
#2151=ORIENTED_EDGE('',*,*,#1536,.F.);
#2152=ORIENTED_EDGE('',*,*,#1448,.F.);
#2153=ORIENTED_EDGE('',*,*,#1537,.T.);
#2154=ORIENTED_EDGE('',*,*,#1519,.F.);
#2155=ORIENTED_EDGE('',*,*,#1537,.F.);
#2156=ORIENTED_EDGE('',*,*,#1538,.T.);
#2157=ORIENTED_EDGE('',*,*,#1539,.T.);
#2158=ORIENTED_EDGE('',*,*,#1540,.T.);
#2159=ORIENTED_EDGE('',*,*,#1541,.T.);
#2160=ORIENTED_EDGE('',*,*,#1542,.T.);
#2161=ORIENTED_EDGE('',*,*,#1543,.T.);
#2162=ORIENTED_EDGE('',*,*,#1544,.T.);
#2163=ORIENTED_EDGE('',*,*,#1545,.T.);
#2164=ORIENTED_EDGE('',*,*,#1546,.T.);
#2165=ORIENTED_EDGE('',*,*,#1547,.T.);
#2166=ORIENTED_EDGE('',*,*,#1541,.F.);
#2167=ORIENTED_EDGE('',*,*,#1548,.F.);
#2168=ORIENTED_EDGE('',*,*,#1549,.T.);
#2169=ORIENTED_EDGE('',*,*,#1550,.T.);
#2170=ORIENTED_EDGE('',*,*,#1538,.F.);
#2171=ORIENTED_EDGE('',*,*,#1550,.F.);
#2172=ORIENTED_EDGE('',*,*,#1551,.T.);
#2173=ORIENTED_EDGE('',*,*,#1552,.T.);
#2174=ORIENTED_EDGE('',*,*,#1553,.T.);
#2175=ORIENTED_EDGE('',*,*,#1554,.T.);
#2176=ORIENTED_EDGE('',*,*,#1547,.F.);
#2177=ORIENTED_EDGE('',*,*,#1554,.F.);
#2178=ORIENTED_EDGE('',*,*,#1555,.T.);
#2179=ORIENTED_EDGE('',*,*,#1556,.T.);
#2180=ORIENTED_EDGE('',*,*,#1546,.F.);
#2181=ORIENTED_EDGE('',*,*,#1556,.F.);
#2182=ORIENTED_EDGE('',*,*,#1557,.T.);
#2183=ORIENTED_EDGE('',*,*,#1558,.T.);
#2184=ORIENTED_EDGE('',*,*,#1545,.F.);
#2185=ORIENTED_EDGE('',*,*,#1558,.F.);
#2186=ORIENTED_EDGE('',*,*,#1559,.T.);
#2187=ORIENTED_EDGE('',*,*,#1560,.T.);
#2188=ORIENTED_EDGE('',*,*,#1544,.F.);
#2189=ORIENTED_EDGE('',*,*,#1560,.F.);
#2190=ORIENTED_EDGE('',*,*,#1561,.T.);
#2191=ORIENTED_EDGE('',*,*,#1562,.T.);
#2192=ORIENTED_EDGE('',*,*,#1543,.F.);
#2193=ORIENTED_EDGE('',*,*,#1562,.F.);
#2194=ORIENTED_EDGE('',*,*,#1563,.T.);
#2195=ORIENTED_EDGE('',*,*,#1564,.T.);
#2196=ORIENTED_EDGE('',*,*,#1542,.F.);
#2197=ORIENTED_EDGE('',*,*,#1564,.F.);
#2198=ORIENTED_EDGE('',*,*,#1539,.F.);
#2199=ORIENTED_EDGE('',*,*,#1552,.F.);
#2200=ORIENTED_EDGE('',*,*,#1565,.T.);
#2201=ORIENTED_EDGE('',*,*,#1566,.T.);
#2202=ORIENTED_EDGE('',*,*,#1540,.F.);
#2203=ORIENTED_EDGE('',*,*,#1566,.F.);
#2204=ORIENTED_EDGE('',*,*,#1567,.T.);
#2205=ORIENTED_EDGE('',*,*,#1548,.T.);
#2206=ORIENTED_EDGE('',*,*,#1551,.F.);
#2207=ORIENTED_EDGE('',*,*,#1549,.F.);
#2208=ORIENTED_EDGE('',*,*,#1567,.F.);
#2209=ORIENTED_EDGE('',*,*,#1565,.F.);
#2210=ORIENTED_EDGE('',*,*,#1563,.F.);
#2211=ORIENTED_EDGE('',*,*,#1561,.F.);
#2212=ORIENTED_EDGE('',*,*,#1559,.F.);
#2213=ORIENTED_EDGE('',*,*,#1557,.F.);
#2214=ORIENTED_EDGE('',*,*,#1555,.F.);
#2215=ORIENTED_EDGE('',*,*,#1553,.F.);
#2216=CYLINDRICAL_SURFACE('',#2390,1.1);
#2217=CYLINDRICAL_SURFACE('',#2393,1.1);
#2218=CYLINDRICAL_SURFACE('',#2412,1.15);
#2219=CYLINDRICAL_SURFACE('',#2415,1.15);
#2220=CYLINDRICAL_SURFACE('',#2418,1.15);
#2221=CYLINDRICAL_SURFACE('',#2421,1.15);
#2222=CYLINDRICAL_SURFACE('',#2436,10.);
#2223=CYLINDRICAL_SURFACE('',#2446,10.);
#2224=CYLINDRICAL_SURFACE('',#2455,10.);
#2225=CYLINDRICAL_SURFACE('',#2457,10.);
#2226=CYLINDRICAL_SURFACE('',#2468,3.);
#2227=CYLINDRICAL_SURFACE('',#2469,3.);
#2228=CYLINDRICAL_SURFACE('',#2470,2.4);
#2229=CYLINDRICAL_SURFACE('',#2471,3.);
#2230=CYLINDRICAL_SURFACE('',#2472,3.);
#2231=CYLINDRICAL_SURFACE('',#2473,2.4);
#2232=CYLINDRICAL_SURFACE('',#2483,3.);
#2233=CYLINDRICAL_SURFACE('',#2485,3.);
#2234=CYLINDRICAL_SURFACE('',#2487,2.6);
#2235=CYLINDRICAL_SURFACE('',#2489,3.);
#2236=CYLINDRICAL_SURFACE('',#2491,3.);
#2237=CYLINDRICAL_SURFACE('',#2493,2.6);
#2238=CYLINDRICAL_SURFACE('',#2498,1.15);
#2239=CYLINDRICAL_SURFACE('',#2501,1.15);
#2240=CYLINDRICAL_SURFACE('',#2504,1.15);
#2241=CYLINDRICAL_SURFACE('',#2507,1.15);
#2242=CYLINDRICAL_SURFACE('',#2522,10.);
#2243=CYLINDRICAL_SURFACE('',#2539,10.);
#2244=CYLINDRICAL_SURFACE('',#2548,10.);
#2245=CYLINDRICAL_SURFACE('',#2550,10.);
#2246=CYLINDRICAL_SURFACE('',#2561,3.);
#2247=CYLINDRICAL_SURFACE('',#2562,3.);
#2248=CYLINDRICAL_SURFACE('',#2563,2.4);
#2249=CYLINDRICAL_SURFACE('',#2564,3.);
#2250=CYLINDRICAL_SURFACE('',#2565,3.);
#2251=CYLINDRICAL_SURFACE('',#2566,2.4);
#2252=CYLINDRICAL_SURFACE('',#2576,3.);
#2253=CYLINDRICAL_SURFACE('',#2578,3.);
#2254=CYLINDRICAL_SURFACE('',#2580,2.6);
#2255=CYLINDRICAL_SURFACE('',#2582,3.);
#2256=CYLINDRICAL_SURFACE('',#2584,3.);
#2257=CYLINDRICAL_SURFACE('',#2586,2.6);
#2258=ADVANCED_FACE('',(#165),#2216,.F.);
#2259=ADVANCED_FACE('',(#166),#2217,.F.);
#2260=ADVANCED_FACE('',(#167),#92,.F.);
#2261=ADVANCED_FACE('',(#168),#93,.F.);
#2262=ADVANCED_FACE('',(#169),#94,.F.);
#2263=ADVANCED_FACE('',(#170,#21,#22),#95,.F.);
#2264=ADVANCED_FACE('',(#171,#23,#24),#96,.T.);
#2265=ADVANCED_FACE('',(#172,#25),#97,.T.);
#2266=ADVANCED_FACE('',(#173),#98,.F.);
#2267=ADVANCED_FACE('',(#174),#99,.F.);
#2268=ADVANCED_FACE('',(#175,#26),#100,.T.);
#2269=ADVANCED_FACE('',(#176),#2218,.F.);
#2270=ADVANCED_FACE('',(#177),#2219,.F.);
#2271=ADVANCED_FACE('',(#178),#2220,.F.);
#2272=ADVANCED_FACE('',(#179),#2221,.F.);
#2273=ADVANCED_FACE('',(#180,#27),#101,.F.);
#2274=ADVANCED_FACE('',(#181,#28,#29),#102,.F.);
#2275=ADVANCED_FACE('',(#182,#30,#31),#103,.F.);
#2276=ADVANCED_FACE('',(#183),#104,.F.);
#2277=ADVANCED_FACE('',(#184),#105,.F.);
#2278=ADVANCED_FACE('',(#185),#2222,.F.);
#2279=ADVANCED_FACE('',(#186),#106,.F.);
#2280=ADVANCED_FACE('',(#187),#107,.F.);
#2281=ADVANCED_FACE('',(#188,#32,#33,#34,#35),#108,.T.);
#2282=ADVANCED_FACE('',(#189),#109,.F.);
#2283=ADVANCED_FACE('',(#190,#36),#110,.T.);
#2284=ADVANCED_FACE('',(#191),#111,.F.);
#2285=ADVANCED_FACE('',(#192),#2223,.F.);
#2286=ADVANCED_FACE('',(#193),#112,.F.);
#2287=ADVANCED_FACE('',(#194,#37),#113,.T.);
#2288=ADVANCED_FACE('',(#195),#114,.F.);
#2289=ADVANCED_FACE('',(#196,#38),#115,.T.);
#2290=ADVANCED_FACE('',(#197),#116,.F.);
#2291=ADVANCED_FACE('',(#198),#2224,.F.);
#2292=ADVANCED_FACE('',(#199,#39,#40),#117,.T.);
#2293=ADVANCED_FACE('',(#200),#2225,.F.);
#2294=ADVANCED_FACE('',(#201),#118,.F.);
#2295=ADVANCED_FACE('',(#202,#41),#119,.F.);
#2296=ADVANCED_FACE('',(#203),#120,.F.);
#2297=ADVANCED_FACE('',(#204),#121,.F.);
#2298=ADVANCED_FACE('',(#205),#122,.T.);
#2299=ADVANCED_FACE('',(#206,#42,#43),#123,.F.);
#2300=ADVANCED_FACE('',(#207,#44,#45),#124,.F.);
#2301=ADVANCED_FACE('',(#208),#125,.F.);
#2302=ADVANCED_FACE('',(#209),#2226,.F.);
#2303=ADVANCED_FACE('',(#210),#2227,.F.);
#2304=ADVANCED_FACE('',(#211),#2228,.F.);
#2305=ADVANCED_FACE('',(#212),#2229,.F.);
#2306=ADVANCED_FACE('',(#213),#2230,.F.);
#2307=ADVANCED_FACE('',(#214),#2231,.F.);
#2308=ADVANCED_FACE('',(#215,#46,#47,#48,#49,#50,#51),#126,.T.);
#2309=ADVANCED_FACE('',(#216),#127,.T.);
#2310=ADVANCED_FACE('',(#217),#128,.T.);
#2311=ADVANCED_FACE('',(#218),#2232,.F.);
#2312=ADVANCED_FACE('',(#219),#2233,.F.);
#2313=ADVANCED_FACE('',(#220),#2234,.F.);
#2314=ADVANCED_FACE('',(#221),#2235,.F.);
#2315=ADVANCED_FACE('',(#222),#2236,.F.);
#2316=ADVANCED_FACE('',(#223),#2237,.F.);
#2317=ADVANCED_FACE('',(#224),#129,.T.);
#2318=ADVANCED_FACE('',(#225),#130,.T.);
#2319=ADVANCED_FACE('',(#226,#52,#53,#54,#55,#56,#57),#131,.F.);
#2320=ADVANCED_FACE('',(#227),#2238,.F.);
#2321=ADVANCED_FACE('',(#228),#2239,.F.);
#2322=ADVANCED_FACE('',(#229),#2240,.F.);
#2323=ADVANCED_FACE('',(#230),#2241,.F.);
#2324=ADVANCED_FACE('',(#231,#58),#132,.T.);
#2325=ADVANCED_FACE('',(#232,#59,#60),#133,.T.);
#2326=ADVANCED_FACE('',(#233,#61,#62),#134,.T.);
#2327=ADVANCED_FACE('',(#234),#135,.T.);
#2328=ADVANCED_FACE('',(#235),#136,.T.);
#2329=ADVANCED_FACE('',(#236),#2242,.F.);
#2330=ADVANCED_FACE('',(#237),#137,.T.);
#2331=ADVANCED_FACE('',(#238,#63),#138,.F.);
#2332=ADVANCED_FACE('',(#239),#139,.T.);
#2333=ADVANCED_FACE('',(#240,#64,#65),#140,.F.);
#2334=ADVANCED_FACE('',(#241),#141,.T.);
#2335=ADVANCED_FACE('',(#242,#66),#142,.F.);
#2336=ADVANCED_FACE('',(#243,#67,#68,#69,#70),#143,.F.);
#2337=ADVANCED_FACE('',(#244),#144,.T.);
#2338=ADVANCED_FACE('',(#245),#2243,.F.);
#2339=ADVANCED_FACE('',(#246),#145,.T.);
#2340=ADVANCED_FACE('',(#247,#71),#146,.F.);
#2341=ADVANCED_FACE('',(#248),#147,.T.);
#2342=ADVANCED_FACE('',(#249,#72),#148,.F.);
#2343=ADVANCED_FACE('',(#250),#149,.T.);
#2344=ADVANCED_FACE('',(#251),#2244,.F.);
#2345=ADVANCED_FACE('',(#252,#73,#74),#150,.F.);
#2346=ADVANCED_FACE('',(#253),#2245,.F.);
#2347=ADVANCED_FACE('',(#254),#151,.T.);
#2348=ADVANCED_FACE('',(#255,#75),#152,.T.);
#2349=ADVANCED_FACE('',(#256),#153,.T.);
#2350=ADVANCED_FACE('',(#257),#154,.T.);
#2351=ADVANCED_FACE('',(#258),#155,.F.);
#2352=ADVANCED_FACE('',(#259,#76,#77),#156,.T.);
#2353=ADVANCED_FACE('',(#260,#78,#79),#157,.T.);
#2354=ADVANCED_FACE('',(#261),#158,.T.);
#2355=ADVANCED_FACE('',(#262),#2246,.F.);
#2356=ADVANCED_FACE('',(#263),#2247,.F.);
#2357=ADVANCED_FACE('',(#264),#2248,.F.);
#2358=ADVANCED_FACE('',(#265),#2249,.F.);
#2359=ADVANCED_FACE('',(#266),#2250,.F.);
#2360=ADVANCED_FACE('',(#267),#2251,.F.);
#2361=ADVANCED_FACE('',(#268,#80,#81,#82,#83,#84,#85),#159,.F.);
#2362=ADVANCED_FACE('',(#269),#160,.F.);
#2363=ADVANCED_FACE('',(#270),#161,.F.);
#2364=ADVANCED_FACE('',(#271),#2252,.F.);
#2365=ADVANCED_FACE('',(#272),#2253,.F.);
#2366=ADVANCED_FACE('',(#273),#2254,.F.);
#2367=ADVANCED_FACE('',(#274),#2255,.F.);
#2368=ADVANCED_FACE('',(#275),#2256,.F.);
#2369=ADVANCED_FACE('',(#276),#2257,.F.);
#2370=ADVANCED_FACE('',(#277),#162,.F.);
#2371=ADVANCED_FACE('',(#278),#163,.F.);
#2372=ADVANCED_FACE('',(#279,#86,#87,#88,#89,#90,#91),#164,.T.);
#2373=CLOSED_SHELL('',(#2258,#2259,#2260,#2261,#2262,#2263,#2264,#2265,
#2266,#2267,#2268,#2269,#2270,#2271,#2272,#2273,#2274,#2275,#2276,#2277,
#2278,#2279,#2280,#2281,#2282,#2283,#2284,#2285,#2286,#2287,#2288,#2289,
#2290,#2291,#2292,#2293,#2294,#2295,#2296,#2297,#2298,#2299,#2300,#2301,
#2302,#2303,#2304,#2305,#2306,#2307));
#2374=CLOSED_SHELL('',(#2308,#2309,#2310,#2311,#2312,#2313,#2314,#2315,
#2316,#2317,#2318,#2319));
#2375=CLOSED_SHELL('',(#2320,#2321,#2322,#2323,#2324,#2325,#2326,#2327,
#2328,#2329,#2330,#2331,#2332,#2333,#2334,#2335,#2336,#2337,#2338,#2339,
#2340,#2341,#2342,#2343,#2344,#2345,#2346,#2347,#2348,#2349,#2350,#2351,
#2352,#2353,#2354,#2355,#2356,#2357,#2358,#2359,#2360));
#2376=CLOSED_SHELL('',(#2361,#2362,#2363,#2364,#2365,#2366,#2367,#2368,
#2369,#2370,#2371,#2372));
#2377=DERIVED_UNIT_ELEMENT(#2379,1.);
#2378=DERIVED_UNIT_ELEMENT(#3894,-3.);
#2379=(
MASS_UNIT()
NAMED_UNIT(*)
SI_UNIT(.KILO.,.GRAM.)
);
#2380=DERIVED_UNIT((#2377,#2378));
#2381=MEASURE_REPRESENTATION_ITEM('density measure',
POSITIVE_RATIO_MEASURE(7850.),#2380);
#2382=PROPERTY_DEFINITION_REPRESENTATION(#2387,#2384);
#2383=PROPERTY_DEFINITION_REPRESENTATION(#2388,#2385);
#2384=REPRESENTATION('material name',(#2386),#3891);
#2385=REPRESENTATION('density',(#2381),#3891);
#2386=DESCRIPTIVE_REPRESENTATION_ITEM('Steel','Steel');
#2387=PROPERTY_DEFINITION('material property','material name',#3901);
#2388=PROPERTY_DEFINITION('material property','density of part',#3901);
#2389=AXIS2_PLACEMENT_3D('',#3233,#2591,#2592);
#2390=AXIS2_PLACEMENT_3D('',#3234,#2593,#2594);
#2391=AXIS2_PLACEMENT_3D('',#3236,#2595,#2596);
#2392=AXIS2_PLACEMENT_3D('',#3239,#2598,#2599);
#2393=AXIS2_PLACEMENT_3D('',#3240,#2600,#2601);
#2394=AXIS2_PLACEMENT_3D('',#3242,#2602,#2603);
#2395=AXIS2_PLACEMENT_3D('',#3245,#2605,#2606);
#2396=AXIS2_PLACEMENT_3D('',#3246,#2607,#2608);
#2397=AXIS2_PLACEMENT_3D('',#3255,#2613,#2614);
#2398=AXIS2_PLACEMENT_3D('',#3265,#2620,#2621);
#2399=AXIS2_PLACEMENT_3D('',#3269,#2624,#2625);
#2400=AXIS2_PLACEMENT_3D('',#3277,#2630,#2631);
#2401=AXIS2_PLACEMENT_3D('',#3284,#2635,#2636);
#2402=AXIS2_PLACEMENT_3D('',#3286,#2637,#2638);
#2403=AXIS2_PLACEMENT_3D('',#3287,#2639,#2640);
#2404=AXIS2_PLACEMENT_3D('',#3289,#2641,#2642);
#2405=AXIS2_PLACEMENT_3D('',#3297,#2646,#2647);
#2406=AXIS2_PLACEMENT_3D('',#3304,#2651,#2652);
#2407=AXIS2_PLACEMENT_3D('',#3305,#2653,#2654);
#2408=AXIS2_PLACEMENT_3D('',#3307,#2655,#2656);
#2409=AXIS2_PLACEMENT_3D('',#3312,#2659,#2660);
#2410=AXIS2_PLACEMENT_3D('',#3313,#2661,#2662);
#2411=AXIS2_PLACEMENT_3D('',#3316,#2665,#2666);
#2412=AXIS2_PLACEMENT_3D('',#3346,#2682,#2683);
#2413=AXIS2_PLACEMENT_3D('',#3348,#2684,#2685);
#2414=AXIS2_PLACEMENT_3D('',#3351,#2687,#2688);
#2415=AXIS2_PLACEMENT_3D('',#3352,#2689,#2690);
#2416=AXIS2_PLACEMENT_3D('',#3354,#2691,#2692);
#2417=AXIS2_PLACEMENT_3D('',#3357,#2694,#2695);
#2418=AXIS2_PLACEMENT_3D('',#3358,#2696,#2697);
#2419=AXIS2_PLACEMENT_3D('',#3360,#2698,#2699);
#2420=AXIS2_PLACEMENT_3D('',#3363,#2701,#2702);
#2421=AXIS2_PLACEMENT_3D('',#3364,#2703,#2704);
#2422=AXIS2_PLACEMENT_3D('',#3366,#2705,#2706);
#2423=AXIS2_PLACEMENT_3D('',#3369,#2708,#2709);
#2424=AXIS2_PLACEMENT_3D('',#3370,#2710,#2711);
#2425=AXIS2_PLACEMENT_3D('',#3377,#2715,#2716);
#2426=AXIS2_PLACEMENT_3D('',#3379,#2717,#2718);
#2427=AXIS2_PLACEMENT_3D('',#3380,#2719,#2720);
#2428=AXIS2_PLACEMENT_3D('',#3386,#2723,#2724);
#2429=AXIS2_PLACEMENT_3D('',#3395,#2729,#2730);
#2430=AXIS2_PLACEMENT_3D('',#3397,#2731,#2732);
#2431=AXIS2_PLACEMENT_3D('',#3398,#2733,#2734);
#2432=AXIS2_PLACEMENT_3D('',#3408,#2739,#2740);
#2433=AXIS2_PLACEMENT_3D('',#3410,#2741,#2742);
#2434=AXIS2_PLACEMENT_3D('',#3411,#2743,#2744);
#2435=AXIS2_PLACEMENT_3D('',#3415,#2747,#2748);
#2436=AXIS2_PLACEMENT_3D('',#3421,#2752,#2753);
#2437=AXIS2_PLACEMENT_3D('',#3424,#2755,#2756);
#2438=AXIS2_PLACEMENT_3D('',#3425,#2757,#2758);
#2439=AXIS2_PLACEMENT_3D('',#3429,#2761,#2762);
#2440=AXIS2_PLACEMENT_3D('',#3431,#2764,#2765);
#2441=AXIS2_PLACEMENT_3D('',#3441,#2772,#2773);
#2442=AXIS2_PLACEMENT_3D('',#3445,#2776,#2777);
#2443=AXIS2_PLACEMENT_3D('',#3450,#2779,#2780);
#2444=AXIS2_PLACEMENT_3D('',#3454,#2783,#2784);
#2445=AXIS2_PLACEMENT_3D('',#3455,#2785,#2786);
#2446=AXIS2_PLACEMENT_3D('',#3459,#2789,#2790);
#2447=AXIS2_PLACEMENT_3D('',#3462,#2792,#2793);
#2448=AXIS2_PLACEMENT_3D('',#3463,#2794,#2795);
#2449=AXIS2_PLACEMENT_3D('',#3467,#2798,#2799);
#2450=AXIS2_PLACEMENT_3D('',#3477,#2805,#2806);
#2451=AXIS2_PLACEMENT_3D('',#3483,#2810,#2811);
#2452=AXIS2_PLACEMENT_3D('',#3486,#2813,#2814);
#2453=AXIS2_PLACEMENT_3D('',#3489,#2816,#2817);
#2454=AXIS2_PLACEMENT_3D('',#3490,#2818,#2819);
#2455=AXIS2_PLACEMENT_3D('',#3492,#2821,#2822);
#2456=AXIS2_PLACEMENT_3D('',#3493,#2823,#2824);
#2457=AXIS2_PLACEMENT_3D('',#3497,#2827,#2828);
#2458=AXIS2_PLACEMENT_3D('',#3500,#2830,#2831);
#2459=AXIS2_PLACEMENT_3D('',#3501,#2832,#2833);
#2460=AXIS2_PLACEMENT_3D('',#3503,#2835,#2836);
#2461=AXIS2_PLACEMENT_3D('',#3505,#2837,#2838);
#2462=AXIS2_PLACEMENT_3D('',#3506,#2839,#2840);
#2463=AXIS2_PLACEMENT_3D('',#3508,#2842,#2843);
#2464=AXIS2_PLACEMENT_3D('',#3509,#2844,#2845);
#2465=AXIS2_PLACEMENT_3D('',#3512,#2848,#2849);
#2466=AXIS2_PLACEMENT_3D('',#3514,#2851,#2852);
#2467=AXIS2_PLACEMENT_3D('',#3516,#2854,#2855);
#2468=AXIS2_PLACEMENT_3D('',#3517,#2856,#2857);
#2469=AXIS2_PLACEMENT_3D('',#3519,#2859,#2860);
#2470=AXIS2_PLACEMENT_3D('',#3521,#2862,#2863);
#2471=AXIS2_PLACEMENT_3D('',#3523,#2865,#2866);
#2472=AXIS2_PLACEMENT_3D('',#3525,#2868,#2869);
#2473=AXIS2_PLACEMENT_3D('',#3527,#2871,#2872);
#2474=AXIS2_PLACEMENT_3D('',#3529,#2874,#2875);
#2475=AXIS2_PLACEMENT_3D('',#3539,#2880,#2881);
#2476=AXIS2_PLACEMENT_3D('',#3541,#2882,#2883);
#2477=AXIS2_PLACEMENT_3D('',#3543,#2884,#2885);
#2478=AXIS2_PLACEMENT_3D('',#3545,#2886,#2887);
#2479=AXIS2_PLACEMENT_3D('',#3547,#2888,#2889);
#2480=AXIS2_PLACEMENT_3D('',#3549,#2890,#2891);
#2481=AXIS2_PLACEMENT_3D('',#3550,#2892,#2893);
#2482=AXIS2_PLACEMENT_3D('',#3556,#2897,#2898);
#2483=AXIS2_PLACEMENT_3D('',#3560,#2901,#2902);
#2484=AXIS2_PLACEMENT_3D('',#3562,#2903,#2904);
#2485=AXIS2_PLACEMENT_3D('',#3564,#2906,#2907);
#2486=AXIS2_PLACEMENT_3D('',#3566,#2908,#2909);
#2487=AXIS2_PLACEMENT_3D('',#3568,#2911,#2912);
#2488=AXIS2_PLACEMENT_3D('',#3570,#2913,#2914);
#2489=AXIS2_PLACEMENT_3D('',#3572,#2916,#2917);
#2490=AXIS2_PLACEMENT_3D('',#3574,#2918,#2919);
#2491=AXIS2_PLACEMENT_3D('',#3576,#2921,#2922);
#2492=AXIS2_PLACEMENT_3D('',#3578,#2923,#2924);
#2493=AXIS2_PLACEMENT_3D('',#3580,#2926,#2927);
#2494=AXIS2_PLACEMENT_3D('',#3582,#2928,#2929);
#2495=AXIS2_PLACEMENT_3D('',#3584,#2931,#2932);
#2496=AXIS2_PLACEMENT_3D('',#3588,#2935,#2936);
#2497=AXIS2_PLACEMENT_3D('',#3590,#2938,#2939);
#2498=AXIS2_PLACEMENT_3D('',#3591,#2940,#2941);
#2499=AXIS2_PLACEMENT_3D('',#3593,#2942,#2943);
#2500=AXIS2_PLACEMENT_3D('',#3596,#2945,#2946);
#2501=AXIS2_PLACEMENT_3D('',#3597,#2947,#2948);
#2502=AXIS2_PLACEMENT_3D('',#3599,#2949,#2950);
#2503=AXIS2_PLACEMENT_3D('',#3602,#2952,#2953);
#2504=AXIS2_PLACEMENT_3D('',#3603,#2954,#2955);
#2505=AXIS2_PLACEMENT_3D('',#3605,#2956,#2957);
#2506=AXIS2_PLACEMENT_3D('',#3608,#2959,#2960);
#2507=AXIS2_PLACEMENT_3D('',#3609,#2961,#2962);
#2508=AXIS2_PLACEMENT_3D('',#3611,#2963,#2964);
#2509=AXIS2_PLACEMENT_3D('',#3614,#2966,#2967);
#2510=AXIS2_PLACEMENT_3D('',#3615,#2968,#2969);
#2511=AXIS2_PLACEMENT_3D('',#3620,#2971,#2972);
#2512=AXIS2_PLACEMENT_3D('',#3627,#2976,#2977);
#2513=AXIS2_PLACEMENT_3D('',#3628,#2978,#2979);
#2514=AXIS2_PLACEMENT_3D('',#3643,#2986,#2987);
#2515=AXIS2_PLACEMENT_3D('',#3646,#2989,#2990);
#2516=AXIS2_PLACEMENT_3D('',#3648,#2991,#2992);
#2517=AXIS2_PLACEMENT_3D('',#3649,#2993,#2994);
#2518=AXIS2_PLACEMENT_3D('',#3659,#2999,#3000);
#2519=AXIS2_PLACEMENT_3D('',#3661,#3001,#3002);
#2520=AXIS2_PLACEMENT_3D('',#3662,#3003,#3004);
#2521=AXIS2_PLACEMENT_3D('',#3668,#3008,#3009);
#2522=AXIS2_PLACEMENT_3D('',#3674,#3013,#3014);
#2523=AXIS2_PLACEMENT_3D('',#3676,#3015,#3016);
#2524=AXIS2_PLACEMENT_3D('',#3678,#3018,#3019);
#2525=AXIS2_PLACEMENT_3D('',#3682,#3022,#3023);
#2526=AXIS2_PLACEMENT_3D('',#3707,#3037,#3038);
#2527=AXIS2_PLACEMENT_3D('',#3709,#3040,#3041);
#2528=AXIS2_PLACEMENT_3D('',#3721,#3049,#3050);
#2529=AXIS2_PLACEMENT_3D('',#3725,#3053,#3054);
#2530=AXIS2_PLACEMENT_3D('',#3732,#3058,#3059);
#2531=AXIS2_PLACEMENT_3D('',#3734,#3060,#3061);
#2532=AXIS2_PLACEMENT_3D('',#3735,#3062,#3063);
#2533=AXIS2_PLACEMENT_3D('',#3740,#3065,#3066);
#2534=AXIS2_PLACEMENT_3D('',#3746,#3070,#3071);
#2535=AXIS2_PLACEMENT_3D('',#3748,#3072,#3073);
#2536=AXIS2_PLACEMENT_3D('',#3750,#3074,#3075);
#2537=AXIS2_PLACEMENT_3D('',#3752,#3076,#3077);
#2538=AXIS2_PLACEMENT_3D('',#3753,#3078,#3079);
#2539=AXIS2_PLACEMENT_3D('',#3757,#3082,#3083);
#2540=AXIS2_PLACEMENT_3D('',#3759,#3084,#3085);
#2541=AXIS2_PLACEMENT_3D('',#3761,#3087,#3088);
#2542=AXIS2_PLACEMENT_3D('',#3765,#3091,#3092);
#2543=AXIS2_PLACEMENT_3D('',#3775,#3098,#3099);
#2544=AXIS2_PLACEMENT_3D('',#3781,#3103,#3104);
#2545=AXIS2_PLACEMENT_3D('',#3784,#3106,#3107);
#2546=AXIS2_PLACEMENT_3D('',#3787,#3109,#3110);
#2547=AXIS2_PLACEMENT_3D('',#3788,#3111,#3112);
#2548=AXIS2_PLACEMENT_3D('',#3790,#3114,#3115);
#2549=AXIS2_PLACEMENT_3D('',#3791,#3116,#3117);
#2550=AXIS2_PLACEMENT_3D('',#3795,#3120,#3121);
#2551=AXIS2_PLACEMENT_3D('',#3797,#3122,#3123);
#2552=AXIS2_PLACEMENT_3D('',#3799,#3125,#3126);
#2553=AXIS2_PLACEMENT_3D('',#3801,#3128,#3129);
#2554=AXIS2_PLACEMENT_3D('',#3803,#3130,#3131);
#2555=AXIS2_PLACEMENT_3D('',#3804,#3132,#3133);
#2556=AXIS2_PLACEMENT_3D('',#3806,#3135,#3136);
#2557=AXIS2_PLACEMENT_3D('',#3807,#3137,#3138);
#2558=AXIS2_PLACEMENT_3D('',#3810,#3141,#3142);
#2559=AXIS2_PLACEMENT_3D('',#3812,#3144,#3145);
#2560=AXIS2_PLACEMENT_3D('',#3814,#3147,#3148);
#2561=AXIS2_PLACEMENT_3D('',#3815,#3149,#3150);
#2562=AXIS2_PLACEMENT_3D('',#3817,#3152,#3153);
#2563=AXIS2_PLACEMENT_3D('',#3819,#3155,#3156);
#2564=AXIS2_PLACEMENT_3D('',#3821,#3158,#3159);
#2565=AXIS2_PLACEMENT_3D('',#3823,#3161,#3162);
#2566=AXIS2_PLACEMENT_3D('',#3825,#3164,#3165);
#2567=AXIS2_PLACEMENT_3D('',#3827,#3167,#3168);
#2568=AXIS2_PLACEMENT_3D('',#3837,#3173,#3174);
#2569=AXIS2_PLACEMENT_3D('',#3839,#3175,#3176);
#2570=AXIS2_PLACEMENT_3D('',#3841,#3177,#3178);
#2571=AXIS2_PLACEMENT_3D('',#3843,#3179,#3180);
#2572=AXIS2_PLACEMENT_3D('',#3845,#3181,#3182);
#2573=AXIS2_PLACEMENT_3D('',#3847,#3183,#3184);
#2574=AXIS2_PLACEMENT_3D('',#3848,#3185,#3186);
#2575=AXIS2_PLACEMENT_3D('',#3854,#3190,#3191);
#2576=AXIS2_PLACEMENT_3D('',#3858,#3194,#3195);
#2577=AXIS2_PLACEMENT_3D('',#3860,#3196,#3197);
#2578=AXIS2_PLACEMENT_3D('',#3862,#3199,#3200);
#2579=AXIS2_PLACEMENT_3D('',#3864,#3201,#3202);
#2580=AXIS2_PLACEMENT_3D('',#3866,#3204,#3205);
#2581=AXIS2_PLACEMENT_3D('',#3868,#3206,#3207);
#2582=AXIS2_PLACEMENT_3D('',#3870,#3209,#3210);
#2583=AXIS2_PLACEMENT_3D('',#3872,#3211,#3212);
#2584=AXIS2_PLACEMENT_3D('',#3874,#3214,#3215);
#2585=AXIS2_PLACEMENT_3D('',#3876,#3216,#3217);
#2586=AXIS2_PLACEMENT_3D('',#3878,#3219,#3220);
#2587=AXIS2_PLACEMENT_3D('',#3880,#3221,#3222);
#2588=AXIS2_PLACEMENT_3D('',#3882,#3224,#3225);
#2589=AXIS2_PLACEMENT_3D('',#3886,#3228,#3229);
#2590=AXIS2_PLACEMENT_3D('',#3888,#3231,#3232);
#2591=DIRECTION('axis',(0.,0.,1.));
#2592=DIRECTION('refdir',(1.,0.,0.));
#2593=DIRECTION('center_axis',(0.,0.,1.));
#2594=DIRECTION('ref_axis',(-1.,0.,0.));
#2595=DIRECTION('center_axis',(0.,-5.55111512312578E-17,1.));
#2596=DIRECTION('ref_axis',(-1.,0.,0.));
#2597=DIRECTION('',(0.,0.,1.));
#2598=DIRECTION('center_axis',(0.,0.,-1.));
#2599=DIRECTION('ref_axis',(-1.,0.,0.));
#2600=DIRECTION('center_axis',(0.,0.,1.));
#2601=DIRECTION('ref_axis',(-1.,0.,0.));
#2602=DIRECTION('center_axis',(0.,-5.55111512312578E-17,1.));
#2603=DIRECTION('ref_axis',(-1.,0.,0.));
#2604=DIRECTION('',(0.,0.,1.));
#2605=DIRECTION('center_axis',(0.,0.,-1.));
#2606=DIRECTION('ref_axis',(-1.,0.,0.));
#2607=DIRECTION('center_axis',(0.,-1.,0.));
#2608=DIRECTION('ref_axis',(0.,0.,1.));
#2609=DIRECTION('',(0.,0.,1.));
#2610=DIRECTION('',(-1.,0.,0.));
#2611=DIRECTION('',(0.,0.,-1.));
#2612=DIRECTION('',(-1.,0.,0.));
#2613=DIRECTION('center_axis',(0.,0.,-1.));
#2614=DIRECTION('ref_axis',(0.,-1.,0.));
#2615=DIRECTION('',(0.,-1.,0.));
#2616=DIRECTION('',(-1.,0.,0.));
#2617=DIRECTION('',(0.,-1.,0.));
#2618=DIRECTION('',(1.,0.,0.));
#2619=DIRECTION('',(0.,1.,0.));
#2620=DIRECTION('center_axis',(-1.,0.,0.));
#2621=DIRECTION('ref_axis',(0.,0.,1.));
#2622=DIRECTION('',(0.,1.,5.55111512312578E-17));
#2623=DIRECTION('',(0.,0.,1.));
#2624=DIRECTION('center_axis',(0.,-5.55111512312578E-17,1.));
#2625=DIRECTION('ref_axis',(0.,1.,5.55111512312578E-17));
#2626=DIRECTION('',(0.,1.,5.55111512312578E-17));
#2627=DIRECTION('',(-1.,0.,0.));
#2628=DIRECTION('',(0.,-1.,-2.22044604925031E-16));
#2629=DIRECTION('',(-1.,0.,0.));
#2630=DIRECTION('center_axis',(0.,1.,0.));
#2631=DIRECTION('ref_axis',(0.,0.,1.));
#2632=DIRECTION('',(0.,0.,-1.));
#2633=DIRECTION('',(-1.,0.,0.));
#2634=DIRECTION('',(0.,0.,1.));
#2635=DIRECTION('center_axis',(0.,1.,0.));
#2636=DIRECTION('ref_axis',(1.,0.,0.));
#2637=DIRECTION('center_axis',(0.,1.,0.));
#2638=DIRECTION('ref_axis',(1.,0.,0.));
#2639=DIRECTION('center_axis',(0.,1.,0.));
#2640=DIRECTION('ref_axis',(0.,0.,1.));
#2641=DIRECTION('center_axis',(0.,1.,0.));
#2642=DIRECTION('ref_axis',(1.,0.,0.));
#2643=DIRECTION('',(1.,0.,0.));
#2644=DIRECTION('',(0.,0.,1.));
#2645=DIRECTION('',(1.,0.,0.));
#2646=DIRECTION('center_axis',(0.,1.,0.));
#2647=DIRECTION('ref_axis',(1.,0.,0.));
#2648=DIRECTION('',(0.,0.,1.));
#2649=DIRECTION('',(1.,0.,0.));
#2650=DIRECTION('',(0.,0.,-1.));
#2651=DIRECTION('center_axis',(0.,1.,0.));
#2652=DIRECTION('ref_axis',(1.,0.,0.));
#2653=DIRECTION('center_axis',(0.,-1.,0.));
#2654=DIRECTION('ref_axis',(0.,0.,1.));
#2655=DIRECTION('center_axis',(0.,1.,0.));
#2656=DIRECTION('ref_axis',(1.,0.,0.));
#2657=DIRECTION('',(0.,0.,1.));
#2658=DIRECTION('',(-1.,0.,0.));
#2659=DIRECTION('center_axis',(0.,1.,0.));
#2660=DIRECTION('ref_axis',(1.,0.,0.));
#2661=DIRECTION('center_axis',(0.,0.,-1.));
#2662=DIRECTION('ref_axis',(0.,-1.,0.));
#2663=DIRECTION('',(0.,1.,0.));
#2664=DIRECTION('',(0.,-1.,0.));
#2665=DIRECTION('center_axis',(1.,0.,0.));
#2666=DIRECTION('ref_axis',(0.,0.,-1.));
#2667=DIRECTION('',(0.,1.,0.));
#2668=DIRECTION('',(0.,0.,-1.));
#2669=DIRECTION('',(0.,1.,0.));
#2670=DIRECTION('',(0.,0.,-1.));
#2671=DIRECTION('',(0.,-1.,0.));
#2672=DIRECTION('',(0.,0.,-1.));
#2673=DIRECTION('',(0.,1.,0.));
#2674=DIRECTION('',(0.,0.,1.));
#2675=DIRECTION('',(0.,-1.,0.));
#2676=DIRECTION('',(0.,0.,1.));
#2677=DIRECTION('',(0.,1.,0.));
#2678=DIRECTION('',(0.,0.,1.));
#2679=DIRECTION('',(0.,1.,0.));
#2680=DIRECTION('',(0.,0.,-1.));
#2681=DIRECTION('',(0.,-1.,0.));
#2682=DIRECTION('center_axis',(0.,0.,-1.));
#2683=DIRECTION('ref_axis',(1.,0.,0.));
#2684=DIRECTION('center_axis',(0.,0.,-1.));
#2685=DIRECTION('ref_axis',(1.,0.,0.));
#2686=DIRECTION('',(0.,0.,-1.));
#2687=DIRECTION('center_axis',(0.,0.,1.));
#2688=DIRECTION('ref_axis',(1.,0.,0.));
#2689=DIRECTION('center_axis',(0.,0.,-1.));
#2690=DIRECTION('ref_axis',(1.,0.,0.));
#2691=DIRECTION('center_axis',(0.,0.,-1.));
#2692=DIRECTION('ref_axis',(1.,0.,0.));
#2693=DIRECTION('',(0.,0.,-1.));
#2694=DIRECTION('center_axis',(0.,0.,1.));
#2695=DIRECTION('ref_axis',(1.,0.,0.));
#2696=DIRECTION('center_axis',(0.,0.,-1.));
#2697=DIRECTION('ref_axis',(1.,0.,0.));
#2698=DIRECTION('center_axis',(0.,0.,-1.));
#2699=DIRECTION('ref_axis',(1.,0.,0.));
#2700=DIRECTION('',(0.,0.,-1.));
#2701=DIRECTION('center_axis',(0.,0.,1.));
#2702=DIRECTION('ref_axis',(1.,0.,0.));
#2703=DIRECTION('center_axis',(0.,0.,-1.));
#2704=DIRECTION('ref_axis',(1.,0.,0.));
#2705=DIRECTION('center_axis',(0.,0.,-1.));
#2706=DIRECTION('ref_axis',(1.,0.,0.));
#2707=DIRECTION('',(0.,0.,-1.));
#2708=DIRECTION('center_axis',(0.,0.,1.));
#2709=DIRECTION('ref_axis',(1.,0.,0.));
#2710=DIRECTION('center_axis',(0.,1.,0.));
#2711=DIRECTION('ref_axis',(1.,0.,0.));
#2712=DIRECTION('',(-1.,0.,0.));
#2713=DIRECTION('',(1.,0.,0.));
#2714=DIRECTION('',(0.,0.,1.));
#2715=DIRECTION('center_axis',(0.,-1.,0.));
#2716=DIRECTION('ref_axis',(1.,0.,0.));
#2717=DIRECTION('center_axis',(0.,-1.,0.));
#2718=DIRECTION('ref_axis',(1.,0.,0.));
#2719=DIRECTION('center_axis',(0.,1.,0.));
#2720=DIRECTION('ref_axis',(1.,0.,0.));
#2721=DIRECTION('',(1.,0.,0.));
#2722=DIRECTION('',(0.,0.,-1.));
#2723=DIRECTION('center_axis',(0.,-1.,0.));
#2724=DIRECTION('ref_axis',(1.,0.,0.));
#2725=DIRECTION('',(0.,0.,-1.));
#2726=DIRECTION('',(1.,0.,0.));
#2727=DIRECTION('',(0.,0.,1.));
#2728=DIRECTION('',(-1.,0.,0.));
#2729=DIRECTION('center_axis',(0.,-1.,0.));
#2730=DIRECTION('ref_axis',(1.,0.,0.));
#2731=DIRECTION('center_axis',(0.,-1.,0.));
#2732=DIRECTION('ref_axis',(1.,0.,0.));
#2733=DIRECTION('center_axis',(0.,1.,0.));
#2734=DIRECTION('ref_axis',(1.,0.,0.));
#2735=DIRECTION('',(0.,0.,-1.));
#2736=DIRECTION('',(1.,0.,0.));
#2737=DIRECTION('',(0.,0.,1.));
#2738=DIRECTION('',(-1.,0.,0.));
#2739=DIRECTION('center_axis',(0.,-1.,0.));
#2740=DIRECTION('ref_axis',(1.,0.,0.));
#2741=DIRECTION('center_axis',(0.,-1.,0.));
#2742=DIRECTION('ref_axis',(1.,0.,0.));
#2743=DIRECTION('center_axis',(0.,0.,1.));
#2744=DIRECTION('ref_axis',(1.,0.,0.));
#2745=DIRECTION('',(0.,1.,0.));
#2746=DIRECTION('',(1.,0.,0.));
#2747=DIRECTION('center_axis',(-1.,0.,0.));
#2748=DIRECTION('ref_axis',(0.,0.,1.));
#2749=DIRECTION('',(0.,1.,0.));
#2750=DIRECTION('',(0.,0.,1.));
#2751=DIRECTION('',(0.,1.,0.));
#2752=DIRECTION('center_axis',(0.,1.,0.));
#2753=DIRECTION('ref_axis',(-0.697298456551172,0.,-0.716780902711109));
#2754=DIRECTION('',(0.,1.,0.));
#2755=DIRECTION('center_axis',(0.,1.,0.));
#2756=DIRECTION('ref_axis',(1.,0.,0.));
#2757=DIRECTION('center_axis',(-1.,0.,0.));
#2758=DIRECTION('ref_axis',(0.,0.,1.));
#2759=DIRECTION('',(0.,1.,0.));
#2760=DIRECTION('',(0.,0.,1.));
#2761=DIRECTION('center_axis',(0.,0.,-1.));
#2762=DIRECTION('ref_axis',(-1.,0.,0.));
#2763=DIRECTION('',(-1.,0.,0.));
#2764=DIRECTION('center_axis',(0.,0.,1.));
#2765=DIRECTION('ref_axis',(1.,0.,0.));
#2766=DIRECTION('',(0.,1.,0.));
#2767=DIRECTION('',(0.,1.,0.));
#2768=DIRECTION('',(1.,0.,0.));
#2769=DIRECTION('',(0.,-1.,0.));
#2770=DIRECTION('',(1.,0.,0.));
#2771=DIRECTION('',(0.,-1.,0.));
#2772=DIRECTION('center_axis',(-1.,0.,0.));
#2773=DIRECTION('ref_axis',(0.,0.,1.));
#2774=DIRECTION('',(0.,-1.,0.));
#2775=DIRECTION('',(0.,0.,1.));
#2776=DIRECTION('center_axis',(0.,1.,0.));
#2777=DIRECTION('ref_axis',(0.,0.,1.));
#2778=DIRECTION('',(0.,0.,-1.));
#2779=DIRECTION('center_axis',(0.,1.,0.));
#2780=DIRECTION('ref_axis',(1.,0.,0.));
#2781=DIRECTION('',(-1.,0.,0.));
#2782=DIRECTION('',(1.,0.,0.));
#2783=DIRECTION('center_axis',(0.,1.,0.));
#2784=DIRECTION('ref_axis',(1.,0.,0.));
#2785=DIRECTION('center_axis',(0.,0.,-1.));
#2786=DIRECTION('ref_axis',(-1.,0.,0.));
#2787=DIRECTION('',(0.,1.,0.));
#2788=DIRECTION('',(-1.,0.,0.));
#2789=DIRECTION('center_axis',(0.,1.,0.));
#2790=DIRECTION('ref_axis',(1.,0.,0.));
#2791=DIRECTION('',(0.,1.,0.));
#2792=DIRECTION('center_axis',(0.,1.,0.));
#2793=DIRECTION('ref_axis',(1.,0.,0.));
#2794=DIRECTION('center_axis',(1.,0.,0.));
#2795=DIRECTION('ref_axis',(0.,0.,-1.));
#2796=DIRECTION('',(0.,1.,0.));
#2797=DIRECTION('',(0.,0.,-1.));
#2798=DIRECTION('center_axis',(-1.,0.,0.));
#2799=DIRECTION('ref_axis',(0.,0.,1.));
#2800=DIRECTION('',(0.,1.,0.));
#2801=DIRECTION('',(0.,0.,-1.));
#2802=DIRECTION('',(0.,1.,0.));
#2803=DIRECTION('',(0.,0.,1.));
#2804=DIRECTION('',(0.,-1.,0.));
#2805=DIRECTION('center_axis',(-1.,0.,0.));
#2806=DIRECTION('ref_axis',(0.,0.,1.));
#2807=DIRECTION('',(0.,1.,0.));
#2808=DIRECTION('',(0.,0.,1.));
#2809=DIRECTION('',(0.,-1.,0.));
#2810=DIRECTION('center_axis',(0.,1.,0.));
#2811=DIRECTION('ref_axis',(1.,0.,0.));
#2812=DIRECTION('',(1.,0.,0.));
#2813=DIRECTION('center_axis',(0.,1.,0.));
#2814=DIRECTION('ref_axis',(1.,0.,0.));
#2815=DIRECTION('',(1.,0.,0.));
#2816=DIRECTION('center_axis',(0.,1.,0.));
#2817=DIRECTION('ref_axis',(1.,0.,0.));
#2818=DIRECTION('center_axis',(0.,0.,1.));
#2819=DIRECTION('ref_axis',(1.,0.,0.));
#2820=DIRECTION('',(0.,1.,0.));
#2821=DIRECTION('center_axis',(0.,1.,0.));
#2822=DIRECTION('ref_axis',(-0.707106790187451,0.,0.707106772185644));
#2823=DIRECTION('center_axis',(0.,0.,-1.));
#2824=DIRECTION('ref_axis',(-1.,0.,0.));
#2825=DIRECTION('',(0.,1.,0.));
#2826=DIRECTION('',(-1.,0.,0.));
#2827=DIRECTION('center_axis',(0.,1.,0.));
#2828=DIRECTION('ref_axis',(1.,0.,0.));
#2829=DIRECTION('',(0.,1.,0.));
#2830=DIRECTION('center_axis',(0.,1.,0.));
#2831=DIRECTION('ref_axis',(1.,0.,0.));
#2832=DIRECTION('center_axis',(1.,0.,0.));
#2833=DIRECTION('ref_axis',(0.,0.,-1.));
#2834=DIRECTION('',(0.,0.,-1.));
#2835=DIRECTION('center_axis',(0.,1.,0.));
#2836=DIRECTION('ref_axis',(1.,0.,0.));
#2837=DIRECTION('center_axis',(0.,-1.,0.));
#2838=DIRECTION('ref_axis',(1.,0.,0.));
#2839=DIRECTION('center_axis',(1.,0.,0.));
#2840=DIRECTION('ref_axis',(0.,0.,-1.));
#2841=DIRECTION('',(0.,0.,-1.));
#2842=DIRECTION('center_axis',(0.,1.,0.));
#2843=DIRECTION('ref_axis',(0.,0.,1.));
#2844=DIRECTION('center_axis',(0.,1.,0.));
#2845=DIRECTION('ref_axis',(0.,0.,1.));
#2846=DIRECTION('',(1.,0.,0.));
#2847=DIRECTION('',(-1.,0.,0.));
#2848=DIRECTION('center_axis',(0.,0.,-1.));
#2849=DIRECTION('ref_axis',(-1.,0.,0.));
#2850=DIRECTION('',(-1.,0.,0.));
#2851=DIRECTION('center_axis',(0.,0.,1.));
#2852=DIRECTION('ref_axis',(1.,0.,0.));
#2853=DIRECTION('',(1.,0.,0.));
#2854=DIRECTION('center_axis',(0.,1.,0.));
#2855=DIRECTION('ref_axis',(0.,0.,1.));
#2856=DIRECTION('center_axis',(0.,1.,0.));
#2857=DIRECTION('ref_axis',(1.,0.,0.));
#2858=DIRECTION('',(0.,1.,0.));
#2859=DIRECTION('center_axis',(0.,1.,0.));
#2860=DIRECTION('ref_axis',(1.,0.,0.));
#2861=DIRECTION('',(0.,1.,0.));
#2862=DIRECTION('center_axis',(0.,1.,0.));
#2863=DIRECTION('ref_axis',(1.,0.,0.));
#2864=DIRECTION('',(0.,1.,0.));
#2865=DIRECTION('center_axis',(0.,1.,0.));
#2866=DIRECTION('ref_axis',(1.,0.,0.));
#2867=DIRECTION('',(0.,1.,0.));
#2868=DIRECTION('center_axis',(0.,1.,0.));
#2869=DIRECTION('ref_axis',(1.,0.,0.));
#2870=DIRECTION('',(0.,1.,0.));
#2871=DIRECTION('center_axis',(0.,1.,0.));
#2872=DIRECTION('ref_axis',(1.,0.,0.));
#2873=DIRECTION('',(0.,1.,0.));
#2874=DIRECTION('center_axis',(0.,1.,0.));
#2875=DIRECTION('ref_axis',(0.,0.,1.));
#2876=DIRECTION('',(8.88178419700125E-17,0.,1.));
#2877=DIRECTION('',(1.,0.,0.));
#2878=DIRECTION('',(-8.88178419700125E-17,0.,-1.));
#2879=DIRECTION('',(-1.,0.,0.));
#2880=DIRECTION('center_axis',(0.,1.,0.));
#2881=DIRECTION('ref_axis',(1.,0.,0.));
#2882=DIRECTION('center_axis',(0.,1.,0.));
#2883=DIRECTION('ref_axis',(1.,0.,0.));
#2884=DIRECTION('center_axis',(0.,1.,0.));
#2885=DIRECTION('ref_axis',(1.,0.,0.));
#2886=DIRECTION('center_axis',(0.,1.,0.));
#2887=DIRECTION('ref_axis',(1.,0.,0.));
#2888=DIRECTION('center_axis',(0.,1.,0.));
#2889=DIRECTION('ref_axis',(1.,0.,0.));
#2890=DIRECTION('center_axis',(0.,1.,0.));
#2891=DIRECTION('ref_axis',(1.,0.,0.));
#2892=DIRECTION('center_axis',(0.,0.,-1.));
#2893=DIRECTION('ref_axis',(-1.,0.,0.));
#2894=DIRECTION('',(0.,1.,0.));
#2895=DIRECTION('',(1.,0.,0.));
#2896=DIRECTION('',(0.,1.,0.));
#2897=DIRECTION('center_axis',(1.,0.,-8.88178419700125E-17));
#2898=DIRECTION('ref_axis',(-8.88178419700125E-17,0.,-1.));
#2899=DIRECTION('',(0.,1.,0.));
#2900=DIRECTION('',(8.88178419700125E-17,0.,1.));
#2901=DIRECTION('center_axis',(0.,1.,0.));
#2902=DIRECTION('ref_axis',(1.,0.,0.));
#2903=DIRECTION('center_axis',(0.,1.,0.));
#2904=DIRECTION('ref_axis',(1.,0.,0.));
#2905=DIRECTION('',(0.,1.,0.));
#2906=DIRECTION('center_axis',(0.,1.,0.));
#2907=DIRECTION('ref_axis',(1.,0.,0.));
#2908=DIRECTION('center_axis',(0.,1.,0.));
#2909=DIRECTION('ref_axis',(1.,0.,0.));
#2910=DIRECTION('',(0.,1.,0.));
#2911=DIRECTION('center_axis',(0.,1.,0.));
#2912=DIRECTION('ref_axis',(1.,0.,0.));
#2913=DIRECTION('center_axis',(0.,1.,0.));
#2914=DIRECTION('ref_axis',(1.,0.,0.));
#2915=DIRECTION('',(0.,1.,0.));
#2916=DIRECTION('center_axis',(0.,1.,0.));
#2917=DIRECTION('ref_axis',(1.,0.,0.));
#2918=DIRECTION('center_axis',(0.,1.,0.));
#2919=DIRECTION('ref_axis',(1.,0.,0.));
#2920=DIRECTION('',(0.,1.,0.));
#2921=DIRECTION('center_axis',(0.,1.,0.));
#2922=DIRECTION('ref_axis',(1.,0.,0.));
#2923=DIRECTION('center_axis',(0.,1.,0.));
#2924=DIRECTION('ref_axis',(1.,0.,0.));
#2925=DIRECTION('',(0.,1.,0.));
#2926=DIRECTION('center_axis',(0.,1.,0.));
#2927=DIRECTION('ref_axis',(1.,0.,0.));
#2928=DIRECTION('center_axis',(0.,1.,0.));
#2929=DIRECTION('ref_axis',(1.,0.,0.));
#2930=DIRECTION('',(0.,1.,0.));
#2931=DIRECTION('center_axis',(0.,0.,1.));
#2932=DIRECTION('ref_axis',(1.,0.,0.));
#2933=DIRECTION('',(0.,1.,0.));
#2934=DIRECTION('',(-1.,0.,0.));
#2935=DIRECTION('center_axis',(-1.,0.,8.88178419700125E-17));
#2936=DIRECTION('ref_axis',(8.88178419700125E-17,0.,1.));
#2937=DIRECTION('',(-8.88178419700125E-17,0.,-1.));
#2938=DIRECTION('center_axis',(0.,1.,0.));
#2939=DIRECTION('ref_axis',(1.,0.,0.));
#2940=DIRECTION('center_axis',(0.,0.,1.));
#2941=DIRECTION('ref_axis',(-1.,0.,0.));
#2942=DIRECTION('center_axis',(0.,0.,1.));
#2943=DIRECTION('ref_axis',(-1.,0.,0.));
#2944=DIRECTION('',(0.,0.,-1.));
#2945=DIRECTION('center_axis',(0.,0.,-1.));
#2946=DIRECTION('ref_axis',(-1.,0.,0.));
#2947=DIRECTION('center_axis',(0.,0.,1.));
#2948=DIRECTION('ref_axis',(-1.,0.,0.));
#2949=DIRECTION('center_axis',(0.,0.,1.));
#2950=DIRECTION('ref_axis',(-1.,0.,0.));
#2951=DIRECTION('',(0.,0.,-1.));
#2952=DIRECTION('center_axis',(0.,0.,-1.));
#2953=DIRECTION('ref_axis',(-1.,0.,0.));
#2954=DIRECTION('center_axis',(0.,0.,1.));
#2955=DIRECTION('ref_axis',(-1.,0.,0.));
#2956=DIRECTION('center_axis',(0.,0.,1.));
#2957=DIRECTION('ref_axis',(-1.,0.,0.));
#2958=DIRECTION('',(0.,0.,-1.));
#2959=DIRECTION('center_axis',(0.,0.,-1.));
#2960=DIRECTION('ref_axis',(-1.,0.,0.));
#2961=DIRECTION('center_axis',(0.,0.,1.));
#2962=DIRECTION('ref_axis',(-1.,0.,0.));
#2963=DIRECTION('center_axis',(0.,0.,1.));
#2964=DIRECTION('ref_axis',(-1.,0.,0.));
#2965=DIRECTION('',(0.,0.,-1.));
#2966=DIRECTION('center_axis',(0.,0.,-1.));
#2967=DIRECTION('ref_axis',(-1.,0.,0.));
#2968=DIRECTION('center_axis',(0.,-1.,0.));
#2969=DIRECTION('ref_axis',(-1.,0.,0.));
#2970=DIRECTION('',(1.,0.,0.));
#2971=DIRECTION('center_axis',(0.,1.,0.));
#2972=DIRECTION('ref_axis',(-1.,0.,0.));
#2973=DIRECTION('',(0.,0.,1.));
#2974=DIRECTION('',(-1.,0.,0.));
#2975=DIRECTION('',(0.,0.,-1.));
#2976=DIRECTION('center_axis',(0.,1.,0.));
#2977=DIRECTION('ref_axis',(-1.,0.,0.));
#2978=DIRECTION('center_axis',(0.,-1.,0.));
#2979=DIRECTION('ref_axis',(-1.,0.,0.));
#2980=DIRECTION('',(-1.,0.,0.));
#2981=DIRECTION('',(0.,0.,-1.));
#2982=DIRECTION('',(1.,0.,0.));
#2983=DIRECTION('',(0.,0.,1.));
#2984=DIRECTION('',(-1.,0.,0.));
#2985=DIRECTION('',(0.,0.,-1.));
#2986=DIRECTION('center_axis',(0.,1.,0.));
#2987=DIRECTION('ref_axis',(-1.,0.,0.));
#2988=DIRECTION('',(0.,0.,-1.));
#2989=DIRECTION('center_axis',(0.,1.,0.));
#2990=DIRECTION('ref_axis',(-1.,0.,0.));
#2991=DIRECTION('center_axis',(0.,1.,0.));
#2992=DIRECTION('ref_axis',(-1.,0.,0.));
#2993=DIRECTION('center_axis',(0.,-1.,0.));
#2994=DIRECTION('ref_axis',(-1.,0.,0.));
#2995=DIRECTION('',(0.,0.,-1.));
#2996=DIRECTION('',(1.,0.,0.));
#2997=DIRECTION('',(0.,0.,1.));
#2998=DIRECTION('',(-1.,0.,0.));
#2999=DIRECTION('center_axis',(0.,1.,0.));
#3000=DIRECTION('ref_axis',(-1.,0.,0.));
#3001=DIRECTION('center_axis',(0.,1.,0.));
#3002=DIRECTION('ref_axis',(-1.,0.,0.));
#3003=DIRECTION('center_axis',(0.,0.,-1.));
#3004=DIRECTION('ref_axis',(-1.,0.,0.));
#3005=DIRECTION('',(0.,1.,0.));
#3006=DIRECTION('',(-1.,0.,0.));
#3007=DIRECTION('',(0.,1.,0.));
#3008=DIRECTION('center_axis',(-1.,0.,0.));
#3009=DIRECTION('ref_axis',(0.,0.,1.));
#3010=DIRECTION('',(0.,1.,0.));
#3011=DIRECTION('',(0.,0.,1.));
#3012=DIRECTION('',(0.,1.,0.));
#3013=DIRECTION('center_axis',(0.,-1.,0.));
#3014=DIRECTION('ref_axis',(0.697298456551172,0.,-0.716780902711109));
#3015=DIRECTION('center_axis',(0.,-1.,0.));
#3016=DIRECTION('ref_axis',(-1.,0.,0.));
#3017=DIRECTION('',(0.,1.,0.));
#3018=DIRECTION('center_axis',(-1.,0.,0.));
#3019=DIRECTION('ref_axis',(0.,0.,1.));
#3020=DIRECTION('',(0.,0.,1.));
#3021=DIRECTION('',(0.,1.,0.));
#3022=DIRECTION('center_axis',(1.,0.,0.));
#3023=DIRECTION('ref_axis',(0.,0.,-1.));
#3024=DIRECTION('',(0.,1.,0.));
#3025=DIRECTION('',(0.,0.,1.));
#3026=DIRECTION('',(0.,1.,0.));
#3027=DIRECTION('',(0.,0.,1.));
#3028=DIRECTION('',(0.,-1.,0.));
#3029=DIRECTION('',(0.,0.,1.));
#3030=DIRECTION('',(0.,1.,0.));
#3031=DIRECTION('',(0.,-1.,0.));
#3032=DIRECTION('',(0.,0.,-1.));
#3033=DIRECTION('',(0.,0.,1.));
#3034=DIRECTION('',(0.,-1.,0.));
#3035=DIRECTION('',(0.,0.,-1.));
#3036=DIRECTION('',(0.,1.,0.));
#3037=DIRECTION('center_axis',(0.,0.,1.));
#3038=DIRECTION('ref_axis',(1.,0.,0.));
#3039=DIRECTION('',(1.,0.,0.));
#3040=DIRECTION('center_axis',(0.,0.,-1.));
#3041=DIRECTION('ref_axis',(-1.,0.,0.));
#3042=DIRECTION('',(0.,-1.,0.));
#3043=DIRECTION('',(-1.,0.,0.));
#3044=DIRECTION('',(0.,-1.,0.));
#3045=DIRECTION('',(-1.,0.,0.));
#3046=DIRECTION('',(0.,1.,0.));
#3047=DIRECTION('',(0.,1.,0.));
#3048=DIRECTION('',(1.,0.,0.));
#3049=DIRECTION('center_axis',(-1.,0.,0.));
#3050=DIRECTION('ref_axis',(0.,0.,1.));
#3051=DIRECTION('',(0.,0.,1.));
#3052=DIRECTION('',(0.,-1.,0.));
#3053=DIRECTION('center_axis',(0.,-1.,0.));
#3054=DIRECTION('ref_axis',(0.,0.,1.));
#3055=DIRECTION('',(0.,0.,-1.));
#3056=DIRECTION('',(-1.,0.,0.));
#3057=DIRECTION('',(1.,0.,0.));
#3058=DIRECTION('center_axis',(0.,-1.,0.));
#3059=DIRECTION('ref_axis',(-1.,0.,0.));
#3060=DIRECTION('center_axis',(0.,-1.,0.));
#3061=DIRECTION('ref_axis',(-1.,0.,0.));
#3062=DIRECTION('center_axis',(0.,-1.,0.));
#3063=DIRECTION('ref_axis',(0.,0.,1.));
#3064=DIRECTION('',(0.,0.,1.));
#3065=DIRECTION('center_axis',(0.,-1.,0.));
#3066=DIRECTION('ref_axis',(-1.,0.,0.));
#3067=DIRECTION('',(-1.,0.,0.));
#3068=DIRECTION('',(0.,0.,-1.));
#3069=DIRECTION('',(-1.,0.,0.));
#3070=DIRECTION('center_axis',(0.,-1.,0.));
#3071=DIRECTION('ref_axis',(-1.,0.,0.));
#3072=DIRECTION('center_axis',(0.,-1.,0.));
#3073=DIRECTION('ref_axis',(-1.,0.,0.));
#3074=DIRECTION('center_axis',(0.,-1.,0.));
#3075=DIRECTION('ref_axis',(-1.,0.,0.));
#3076=DIRECTION('center_axis',(0.,-1.,0.));
#3077=DIRECTION('ref_axis',(-1.,0.,0.));
#3078=DIRECTION('center_axis',(0.,0.,1.));
#3079=DIRECTION('ref_axis',(1.,0.,0.));
#3080=DIRECTION('',(1.,0.,0.));
#3081=DIRECTION('',(0.,1.,0.));
#3082=DIRECTION('center_axis',(0.,-1.,0.));
#3083=DIRECTION('ref_axis',(-1.,0.,0.));
#3084=DIRECTION('center_axis',(0.,-1.,0.));
#3085=DIRECTION('ref_axis',(-1.,0.,0.));
#3086=DIRECTION('',(0.,1.,0.));
#3087=DIRECTION('center_axis',(1.,0.,0.));
#3088=DIRECTION('ref_axis',(0.,0.,-1.));
#3089=DIRECTION('',(0.,0.,-1.));
#3090=DIRECTION('',(0.,1.,0.));
#3091=DIRECTION('center_axis',(-1.,0.,0.));
#3092=DIRECTION('ref_axis',(0.,0.,1.));
#3093=DIRECTION('',(0.,1.,0.));
#3094=DIRECTION('',(0.,0.,-1.));
#3095=DIRECTION('',(0.,-1.,0.));
#3096=DIRECTION('',(0.,0.,1.));
#3097=DIRECTION('',(0.,1.,0.));
#3098=DIRECTION('center_axis',(-1.,0.,0.));
#3099=DIRECTION('ref_axis',(0.,0.,1.));
#3100=DIRECTION('',(0.,-1.,0.));
#3101=DIRECTION('',(0.,0.,1.));
#3102=DIRECTION('',(0.,1.,0.));
#3103=DIRECTION('center_axis',(0.,-1.,0.));
#3104=DIRECTION('ref_axis',(-1.,0.,0.));
#3105=DIRECTION('',(-1.,0.,0.));
#3106=DIRECTION('center_axis',(0.,-1.,0.));
#3107=DIRECTION('ref_axis',(-1.,0.,0.));
#3108=DIRECTION('',(-1.,0.,0.));
#3109=DIRECTION('center_axis',(0.,-1.,0.));
#3110=DIRECTION('ref_axis',(-1.,0.,0.));
#3111=DIRECTION('center_axis',(0.,0.,-1.));
#3112=DIRECTION('ref_axis',(-1.,0.,0.));
#3113=DIRECTION('',(0.,1.,0.));
#3114=DIRECTION('center_axis',(0.,-1.,0.));
#3115=DIRECTION('ref_axis',(0.707106790187451,0.,0.707106772185644));
#3116=DIRECTION('center_axis',(0.,0.,1.));
#3117=DIRECTION('ref_axis',(1.,0.,0.));
#3118=DIRECTION('',(1.,0.,0.));
#3119=DIRECTION('',(0.,1.,0.));
#3120=DIRECTION('center_axis',(0.,-1.,0.));
#3121=DIRECTION('ref_axis',(-1.,0.,0.));
#3122=DIRECTION('center_axis',(0.,-1.,0.));
#3123=DIRECTION('ref_axis',(-1.,0.,0.));
#3124=DIRECTION('',(0.,1.,0.));
#3125=DIRECTION('center_axis',(1.,0.,0.));
#3126=DIRECTION('ref_axis',(0.,0.,-1.));
#3127=DIRECTION('',(0.,0.,-1.));
#3128=DIRECTION('center_axis',(0.,-1.,0.));
#3129=DIRECTION('ref_axis',(-1.,0.,0.));
#3130=DIRECTION('center_axis',(0.,1.,0.));
#3131=DIRECTION('ref_axis',(-1.,0.,0.));
#3132=DIRECTION('center_axis',(1.,0.,0.));
#3133=DIRECTION('ref_axis',(0.,0.,-1.));
#3134=DIRECTION('',(0.,0.,-1.));
#3135=DIRECTION('center_axis',(0.,-1.,0.));
#3136=DIRECTION('ref_axis',(0.,0.,1.));
#3137=DIRECTION('center_axis',(0.,-1.,0.));
#3138=DIRECTION('ref_axis',(0.,0.,1.));
#3139=DIRECTION('',(1.,0.,0.));
#3140=DIRECTION('',(-1.,0.,0.));
#3141=DIRECTION('center_axis',(0.,0.,1.));
#3142=DIRECTION('ref_axis',(1.,0.,0.));
#3143=DIRECTION('',(1.,0.,0.));
#3144=DIRECTION('center_axis',(0.,0.,-1.));
#3145=DIRECTION('ref_axis',(-1.,0.,0.));
#3146=DIRECTION('',(-1.,0.,0.));
#3147=DIRECTION('center_axis',(0.,-1.,0.));
#3148=DIRECTION('ref_axis',(0.,0.,1.));
#3149=DIRECTION('center_axis',(0.,-1.,0.));
#3150=DIRECTION('ref_axis',(-1.,0.,0.));
#3151=DIRECTION('',(0.,1.,0.));
#3152=DIRECTION('center_axis',(0.,-1.,0.));
#3153=DIRECTION('ref_axis',(-1.,0.,0.));
#3154=DIRECTION('',(0.,1.,0.));
#3155=DIRECTION('center_axis',(0.,-1.,0.));
#3156=DIRECTION('ref_axis',(-1.,0.,0.));
#3157=DIRECTION('',(0.,1.,0.));
#3158=DIRECTION('center_axis',(0.,-1.,0.));
#3159=DIRECTION('ref_axis',(-1.,0.,0.));
#3160=DIRECTION('',(0.,1.,0.));
#3161=DIRECTION('center_axis',(0.,-1.,0.));
#3162=DIRECTION('ref_axis',(-1.,0.,0.));
#3163=DIRECTION('',(0.,1.,0.));
#3164=DIRECTION('center_axis',(0.,-1.,0.));
#3165=DIRECTION('ref_axis',(-1.,0.,0.));
#3166=DIRECTION('',(0.,1.,0.));
#3167=DIRECTION('center_axis',(0.,-1.,0.));
#3168=DIRECTION('ref_axis',(0.,0.,1.));
#3169=DIRECTION('',(-8.88178419700125E-17,0.,1.));
#3170=DIRECTION('',(1.,0.,0.));
#3171=DIRECTION('',(8.88178419700125E-17,0.,-1.));
#3172=DIRECTION('',(-1.,0.,0.));
#3173=DIRECTION('center_axis',(0.,-1.,0.));
#3174=DIRECTION('ref_axis',(-1.,0.,0.));
#3175=DIRECTION('center_axis',(0.,-1.,0.));
#3176=DIRECTION('ref_axis',(-1.,0.,0.));
#3177=DIRECTION('center_axis',(0.,-1.,0.));
#3178=DIRECTION('ref_axis',(-1.,0.,0.));
#3179=DIRECTION('center_axis',(0.,-1.,0.));
#3180=DIRECTION('ref_axis',(-1.,0.,0.));
#3181=DIRECTION('center_axis',(0.,-1.,0.));
#3182=DIRECTION('ref_axis',(-1.,0.,0.));
#3183=DIRECTION('center_axis',(0.,-1.,0.));
#3184=DIRECTION('ref_axis',(-1.,0.,0.));
#3185=DIRECTION('center_axis',(0.,0.,1.));
#3186=DIRECTION('ref_axis',(1.,0.,0.));
#3187=DIRECTION('',(0.,1.,0.));
#3188=DIRECTION('',(-1.,0.,0.));
#3189=DIRECTION('',(0.,1.,0.));
#3190=DIRECTION('center_axis',(1.,0.,8.88178419700125E-17));
#3191=DIRECTION('ref_axis',(8.88178419700125E-17,0.,-1.));
#3192=DIRECTION('',(-8.88178419700125E-17,0.,1.));
#3193=DIRECTION('',(0.,1.,0.));
#3194=DIRECTION('center_axis',(0.,-1.,0.));
#3195=DIRECTION('ref_axis',(-1.,0.,0.));
#3196=DIRECTION('center_axis',(0.,-1.,0.));
#3197=DIRECTION('ref_axis',(-1.,0.,0.));
#3198=DIRECTION('',(0.,1.,0.));
#3199=DIRECTION('center_axis',(0.,-1.,0.));
#3200=DIRECTION('ref_axis',(-1.,0.,0.));
#3201=DIRECTION('center_axis',(0.,-1.,0.));
#3202=DIRECTION('ref_axis',(-1.,0.,0.));
#3203=DIRECTION('',(0.,1.,0.));
#3204=DIRECTION('center_axis',(0.,-1.,0.));
#3205=DIRECTION('ref_axis',(-1.,0.,0.));
#3206=DIRECTION('center_axis',(0.,-1.,0.));
#3207=DIRECTION('ref_axis',(-1.,0.,0.));
#3208=DIRECTION('',(0.,1.,0.));
#3209=DIRECTION('center_axis',(0.,-1.,0.));
#3210=DIRECTION('ref_axis',(-1.,0.,0.));
#3211=DIRECTION('center_axis',(0.,-1.,0.));
#3212=DIRECTION('ref_axis',(-1.,0.,0.));
#3213=DIRECTION('',(0.,1.,0.));
#3214=DIRECTION('center_axis',(0.,-1.,0.));
#3215=DIRECTION('ref_axis',(-1.,0.,0.));
#3216=DIRECTION('center_axis',(0.,-1.,0.));
#3217=DIRECTION('ref_axis',(-1.,0.,0.));
#3218=DIRECTION('',(0.,1.,0.));
#3219=DIRECTION('center_axis',(0.,-1.,0.));
#3220=DIRECTION('ref_axis',(-1.,0.,0.));
#3221=DIRECTION('center_axis',(0.,-1.,0.));
#3222=DIRECTION('ref_axis',(-1.,0.,0.));
#3223=DIRECTION('',(0.,1.,0.));
#3224=DIRECTION('center_axis',(0.,0.,-1.));
#3225=DIRECTION('ref_axis',(-1.,0.,0.));
#3226=DIRECTION('',(1.,0.,0.));
#3227=DIRECTION('',(0.,1.,0.));
#3228=DIRECTION('center_axis',(-1.,0.,-8.88178419700125E-17));
#3229=DIRECTION('ref_axis',(-8.88178419700125E-17,0.,1.));
#3230=DIRECTION('',(8.88178419700125E-17,0.,-1.));
#3231=DIRECTION('center_axis',(0.,-1.,0.));
#3232=DIRECTION('ref_axis',(-1.,0.,0.));
#3233=CARTESIAN_POINT('',(0.,0.,0.));
#3234=CARTESIAN_POINT('Origin',(10.5,45.5,9.5));
#3235=CARTESIAN_POINT('',(11.6,45.5,9.5));
#3236=CARTESIAN_POINT('Origin',(10.5,45.5,9.5));
#3237=CARTESIAN_POINT('',(11.6,45.5,25.));
#3238=CARTESIAN_POINT('',(11.6,45.5,9.5));
#3239=CARTESIAN_POINT('Origin',(10.5,45.5,25.));
#3240=CARTESIAN_POINT('Origin',(10.5,35.5,9.5));
#3241=CARTESIAN_POINT('',(11.6,35.5,9.5));
#3242=CARTESIAN_POINT('Origin',(10.5,35.5,9.5));
#3243=CARTESIAN_POINT('',(11.6,35.5,25.));
#3244=CARTESIAN_POINT('',(11.6,35.5,9.5));
#3245=CARTESIAN_POINT('Origin',(10.5,35.5,25.));
#3246=CARTESIAN_POINT('Origin',(25.,47.,2.5));
#3247=CARTESIAN_POINT('',(4.,47.,2.5));
#3248=CARTESIAN_POINT('',(4.,47.,9.5));
#3249=CARTESIAN_POINT('',(4.,47.,4.25));
#3250=CARTESIAN_POINT('',(-25.,47.,2.5));
#3251=CARTESIAN_POINT('',(25.,47.,2.5));
#3252=CARTESIAN_POINT('',(-25.,47.,9.5));
#3253=CARTESIAN_POINT('',(-25.,47.,-11.25));
#3254=CARTESIAN_POINT('',(25.,47.,9.5));
#3255=CARTESIAN_POINT('Origin',(25.,52.,2.5));
#3256=CARTESIAN_POINT('',(4.,30.,2.5));
#3257=CARTESIAN_POINT('',(4.,52.,2.5));
#3258=CARTESIAN_POINT('',(9.6526611610237,30.,2.5));
#3259=CARTESIAN_POINT('',(25.,30.,2.5));
#3260=CARTESIAN_POINT('',(9.6526611610237,52.,2.5));
#3261=CARTESIAN_POINT('',(9.6526611610237,0.,2.5));
#3262=CARTESIAN_POINT('',(-25.,52.,2.5));
#3263=CARTESIAN_POINT('',(12.5000000931323,52.,2.5));
#3264=CARTESIAN_POINT('',(-25.,26.,2.5));
#3265=CARTESIAN_POINT('Origin',(4.,42.,6.));
#3266=CARTESIAN_POINT('',(4.,30.,9.5));
#3267=CARTESIAN_POINT('',(4.,32.,9.5));
#3268=CARTESIAN_POINT('',(4.,30.,2.5));
#3269=CARTESIAN_POINT('Origin',(25.,32.,9.5));
#3270=CARTESIAN_POINT('',(25.,30.,9.5));
#3271=CARTESIAN_POINT('',(25.,52.,9.5));
#3272=CARTESIAN_POINT('',(25.,16.,9.5));
#3273=CARTESIAN_POINT('',(25.,30.,9.5));
#3274=CARTESIAN_POINT('',(-25.,52.,9.5));
#3275=CARTESIAN_POINT('',(-25.,23.5,9.5));
#3276=CARTESIAN_POINT('',(12.5000000931323,52.,9.5));
#3277=CARTESIAN_POINT('Origin',(1.86264514923096E-7,52.,0.));
#3278=CARTESIAN_POINT('',(-25.,52.,25.));
#3279=CARTESIAN_POINT('',(-25.,52.,-12.5));
#3280=CARTESIAN_POINT('',(25.,52.,25.));
#3281=CARTESIAN_POINT('',(-12.4999999068677,52.,25.));
#3282=CARTESIAN_POINT('',(25.,52.,12.5));
#3283=CARTESIAN_POINT('',(-20.5,52.,17.5));
#3284=CARTESIAN_POINT('Origin',(-17.5,52.,17.5));
#3285=CARTESIAN_POINT('',(14.5,52.,17.5));
#3286=CARTESIAN_POINT('Origin',(17.5,52.,17.5));
#3287=CARTESIAN_POINT('Origin',(1.86264514923096E-7,52.,0.));
#3288=CARTESIAN_POINT('',(14.3473390177902,52.,2.5));
#3289=CARTESIAN_POINT('Origin',(12.000000089407,52.,2.99999995529652));
#3290=CARTESIAN_POINT('',(25.,52.,2.5));
#3291=CARTESIAN_POINT('',(12.5000000931323,52.,2.5));
#3292=CARTESIAN_POINT('',(25.000000372529,52.,-0.5));
#3293=CARTESIAN_POINT('',(25.,52.,12.5));
#3294=CARTESIAN_POINT('',(5.26782671488727,52.,-0.5));
#3295=CARTESIAN_POINT('',(2.63391345057589,52.,-0.5));
#3296=CARTESIAN_POINT('',(-8.5,52.,-14.2678270653941));
#3297=CARTESIAN_POINT('Origin',(-8.94069662749075E-8,52.,-9.00000004470348));
#3298=CARTESIAN_POINT('',(-8.5,52.,-25.));
#3299=CARTESIAN_POINT('',(-8.5,52.,-12.5));
#3300=CARTESIAN_POINT('',(-25.,52.,-25.));
#3301=CARTESIAN_POINT('',(12.5000000931323,52.,-25.));
#3302=CARTESIAN_POINT('',(-25.,52.,-12.5));
#3303=CARTESIAN_POINT('',(-20.5,52.,-17.5));
#3304=CARTESIAN_POINT('Origin',(-17.5,52.,-17.5));
#3305=CARTESIAN_POINT('Origin',(25.,30.,2.5));
#3306=CARTESIAN_POINT('',(9.60000008940697,30.,2.99999995529652));
#3307=CARTESIAN_POINT('Origin',(12.000000089407,30.,2.99999995529652));
#3308=CARTESIAN_POINT('',(25.,30.,2.5));
#3309=CARTESIAN_POINT('',(25.,30.,13.75));
#3310=CARTESIAN_POINT('',(14.3473390177902,30.,2.5));
#3311=CARTESIAN_POINT('',(25.,30.,2.5));
#3312=CARTESIAN_POINT('Origin',(12.000000089407,30.,2.99999995529652));
#3313=CARTESIAN_POINT('Origin',(25.,52.,2.5));
#3314=CARTESIAN_POINT('',(14.3473390177902,0.,2.5));
#3315=CARTESIAN_POINT('',(25.,26.,2.5));
#3316=CARTESIAN_POINT('Origin',(25.,0.,25.));
#3317=CARTESIAN_POINT('',(25.,1.,25.));
#3318=CARTESIAN_POINT('',(25.,0.,25.));
#3319=CARTESIAN_POINT('',(25.000000372529,1.,-0.5));
#3320=CARTESIAN_POINT('',(25.,1.,12.5));
#3321=CARTESIAN_POINT('',(25.000000372529,15.,-0.5));
#3322=CARTESIAN_POINT('',(25.,0.,-0.499999999999998));
#3323=CARTESIAN_POINT('',(25.000000372529,15.,-5.5));
#3324=CARTESIAN_POINT('',(25.,15.,17.0000000819564));
#3325=CARTESIAN_POINT('',(25.000000372529,1.,-5.5));
#3326=CARTESIAN_POINT('',(25.,0.,-5.5));
#3327=CARTESIAN_POINT('',(25.,1.,-25.));
#3328=CARTESIAN_POINT('',(25.,1.,12.5));
#3329=CARTESIAN_POINT('',(25.,52.,-25.));
#3330=CARTESIAN_POINT('',(25.,0.,-25.));
#3331=CARTESIAN_POINT('',(25.000000372529,52.,-5.5));
#3332=CARTESIAN_POINT('',(25.,52.,12.5));
#3333=CARTESIAN_POINT('',(25.000000372529,38.,-5.5));
#3334=CARTESIAN_POINT('',(25.,0.,-5.5));
#3335=CARTESIAN_POINT('',(25.000000372529,38.,-0.5));
#3336=CARTESIAN_POINT('',(25.,38.,6.49999998882413));
#3337=CARTESIAN_POINT('',(25.,0.,-0.499999999999998));
#3338=CARTESIAN_POINT('',(25.000000372529,23.,-4.5));
#3339=CARTESIAN_POINT('',(25.000000372529,23.,0.5));
#3340=CARTESIAN_POINT('',(25.,23.,11.5));
#3341=CARTESIAN_POINT('',(25.000000372529,30.,0.5));
#3342=CARTESIAN_POINT('',(25.,0.,0.499999999999998));
#3343=CARTESIAN_POINT('',(25.000000372529,30.,-4.5));
#3344=CARTESIAN_POINT('',(25.,30.,11.5));
#3345=CARTESIAN_POINT('',(25.,0.,-4.5));
#3346=CARTESIAN_POINT('Origin',(-10.,26.5,25.));
#3347=CARTESIAN_POINT('',(-11.15,26.5,25.));
#3348=CARTESIAN_POINT('Origin',(-10.,26.5,25.));
#3349=CARTESIAN_POINT('',(-11.15,26.5,0.499999999999998));
#3350=CARTESIAN_POINT('',(-11.15,26.5,25.));
#3351=CARTESIAN_POINT('Origin',(-10.,26.5,0.499999999999998));
#3352=CARTESIAN_POINT('Origin',(-10.,26.5,25.));
#3353=CARTESIAN_POINT('',(-11.15,26.5,-4.5));
#3354=CARTESIAN_POINT('Origin',(-10.,26.5,-4.5));
#3355=CARTESIAN_POINT('',(-11.15,26.5,-25.));
#3356=CARTESIAN_POINT('',(-11.15,26.5,25.));
#3357=CARTESIAN_POINT('Origin',(-10.,26.5,-25.));
#3358=CARTESIAN_POINT('Origin',(5.,26.5,25.));
#3359=CARTESIAN_POINT('',(3.85,26.5,25.));
#3360=CARTESIAN_POINT('Origin',(5.,26.5,25.));
#3361=CARTESIAN_POINT('',(3.85,26.5,0.499999999999998));
#3362=CARTESIAN_POINT('',(3.85,26.5,25.));
#3363=CARTESIAN_POINT('Origin',(5.,26.5,0.499999999999998));
#3364=CARTESIAN_POINT('Origin',(5.,26.5,25.));
#3365=CARTESIAN_POINT('',(3.85,26.5,-4.5));
#3366=CARTESIAN_POINT('Origin',(5.,26.5,-4.5));
#3367=CARTESIAN_POINT('',(3.85,26.5,-25.));
#3368=CARTESIAN_POINT('',(3.85,26.5,25.));
#3369=CARTESIAN_POINT('Origin',(5.,26.5,-25.));
#3370=CARTESIAN_POINT('Origin',(1.86264514923096E-7,1.,0.));
#3371=CARTESIAN_POINT('',(21.3674971037072,1.,-0.5));
#3372=CARTESIAN_POINT('',(10.6837486449859,1.,-0.5));
#3373=CARTESIAN_POINT('',(8.5,1.,25.000000372529));
#3374=CARTESIAN_POINT('',(-12.4999999068677,1.,25.));
#3375=CARTESIAN_POINT('',(8.5,1.,12.3674969194888));
#3376=CARTESIAN_POINT('',(8.5,1.,12.5000001862645));
#3377=CARTESIAN_POINT('Origin',(12.000000089407,1.,2.99999995529652));
#3378=CARTESIAN_POINT('',(14.5,1.,17.5));
#3379=CARTESIAN_POINT('Origin',(17.5,1.,17.5));
#3380=CARTESIAN_POINT('Origin',(1.86264514923096E-7,1.,0.));
#3381=CARTESIAN_POINT('',(17.5,1.,-5.5));
#3382=CARTESIAN_POINT('',(12.5000002793968,1.,-5.5));
#3383=CARTESIAN_POINT('',(17.5,1.,-5.35164664782772));
#3384=CARTESIAN_POINT('',(17.5,1.,-2.75));
#3385=CARTESIAN_POINT('',(3.5,1.,8.26782668745861));
#3386=CARTESIAN_POINT('Origin',(12.000000089407,1.,2.99999995529652));
#3387=CARTESIAN_POINT('',(3.5,1.,25.000000372529));
#3388=CARTESIAN_POINT('',(3.5,1.,4.13391334372931));
#3389=CARTESIAN_POINT('',(-3.5,1.,25.));
#3390=CARTESIAN_POINT('',(-12.4999999068677,1.,25.));
#3391=CARTESIAN_POINT('',(-3.5,1.,-25.));
#3392=CARTESIAN_POINT('',(-3.5,1.,12.5));
#3393=CARTESIAN_POINT('',(12.5000000931323,1.,-25.));
#3394=CARTESIAN_POINT('',(14.5,1.,-17.5));
#3395=CARTESIAN_POINT('Origin',(17.5,1.,-17.5));
#3396=CARTESIAN_POINT('',(-2.40000008940697,1.,-9.00000004470348));
#3397=CARTESIAN_POINT('Origin',(-8.94069662749075E-8,1.,-9.00000004470348));
#3398=CARTESIAN_POINT('Origin',(1.86264514923096E-7,1.,0.));
#3399=CARTESIAN_POINT('',(-8.5,1.,25.));
#3400=CARTESIAN_POINT('',(-8.5,1.,-25.));
#3401=CARTESIAN_POINT('',(-8.5,1.,-12.5));
#3402=CARTESIAN_POINT('',(-25.,1.,25.));
#3403=CARTESIAN_POINT('',(-12.4999999068677,1.,25.));
#3404=CARTESIAN_POINT('',(-25.,1.,-25.));
#3405=CARTESIAN_POINT('',(-25.,1.,-12.5));
#3406=CARTESIAN_POINT('',(12.5000000931323,1.,-25.));
#3407=CARTESIAN_POINT('',(-20.5,1.,17.5));
#3408=CARTESIAN_POINT('Origin',(-17.5,1.,17.5));
#3409=CARTESIAN_POINT('',(-20.5,1.,-17.5));
#3410=CARTESIAN_POINT('Origin',(-17.5,1.,-17.5));
#3411=CARTESIAN_POINT('Origin',(21.3674971037072,0.,-0.5));
#3412=CARTESIAN_POINT('',(21.3674971037072,15.,-0.5));
#3413=CARTESIAN_POINT('',(21.3674971037072,0.,-0.5));
#3414=CARTESIAN_POINT('',(25.000000372529,15.,-0.5));
#3415=CARTESIAN_POINT('Origin',(3.5,0.,8.26782668745861));
#3416=CARTESIAN_POINT('',(3.5,15.,8.26782668745861));
#3417=CARTESIAN_POINT('',(3.5,0.,8.26782668745861));
#3418=CARTESIAN_POINT('',(3.5,15.,25.000000372529));
#3419=CARTESIAN_POINT('',(3.5,15.,25.000000372529));
#3420=CARTESIAN_POINT('',(3.5,0.,25.));
#3421=CARTESIAN_POINT('Origin',(12.000000089407,0.,2.99999995529652));
#3422=CARTESIAN_POINT('',(17.5,15.,-5.35164664782772));
#3423=CARTESIAN_POINT('',(17.5,0.,-5.35164664782772));
#3424=CARTESIAN_POINT('Origin',(12.000000089407,15.,2.99999995529652));
#3425=CARTESIAN_POINT('Origin',(17.5,0.,-5.5));
#3426=CARTESIAN_POINT('',(17.5,15.,-5.5));
#3427=CARTESIAN_POINT('',(17.5,0.,-5.5));
#3428=CARTESIAN_POINT('',(17.5,15.,-17.5));
#3429=CARTESIAN_POINT('Origin',(25.000000372529,0.,-5.5));
#3430=CARTESIAN_POINT('',(-25.,15.,-5.5));
#3431=CARTESIAN_POINT('Origin',(-25.,0.,25.));
#3432=CARTESIAN_POINT('',(-25.,0.,25.));
#3433=CARTESIAN_POINT('',(-8.5,15.,25.));
#3434=CARTESIAN_POINT('',(-8.5,0.,25.));
#3435=CARTESIAN_POINT('',(-3.5,15.,25.));
#3436=CARTESIAN_POINT('',(-15.5,15.,25.));
#3437=CARTESIAN_POINT('',(-3.5,0.,25.));
#3438=CARTESIAN_POINT('',(8.5,15.,25.000000372529));
#3439=CARTESIAN_POINT('',(-5.749999884516,15.,25.));
#3440=CARTESIAN_POINT('',(8.5,0.,25.));
#3441=CARTESIAN_POINT('Origin',(-8.5,0.,-25.));
#3442=CARTESIAN_POINT('',(-8.5,15.,-25.));
#3443=CARTESIAN_POINT('',(-8.5,0.,-25.));
#3444=CARTESIAN_POINT('',(-8.5,15.,25.));
#3445=CARTESIAN_POINT('Origin',(1.86264514923096E-7,52.,0.));
#3446=CARTESIAN_POINT('',(-3.5,52.,-18.3674970757064));
#3447=CARTESIAN_POINT('',(-3.5,52.,-25.));
#3448=CARTESIAN_POINT('',(-3.5,52.,-9.18374853785321));
#3449=CARTESIAN_POINT('',(9.36749689148796,52.,-5.5));
#3450=CARTESIAN_POINT('Origin',(-8.94069662749075E-8,52.,-9.00000004470348));
#3451=CARTESIAN_POINT('',(12.5000002793968,52.,-5.5));
#3452=CARTESIAN_POINT('',(12.5000000931323,52.,-25.));
#3453=CARTESIAN_POINT('',(14.5,52.,-17.5));
#3454=CARTESIAN_POINT('Origin',(17.5,52.,-17.5));
#3455=CARTESIAN_POINT('Origin',(25.000000372529,0.,-5.5));
#3456=CARTESIAN_POINT('',(9.36749689148796,38.,-5.5));
#3457=CARTESIAN_POINT('',(9.36749689148796,0.,-5.5));
#3458=CARTESIAN_POINT('',(16.250000257045,38.,-5.5));
#3459=CARTESIAN_POINT('Origin',(-8.94069662749075E-8,0.,-9.00000004470348));
#3460=CARTESIAN_POINT('',(-3.5,38.,-18.3674970757064));
#3461=CARTESIAN_POINT('',(-3.5,0.,-18.3674970757064));
#3462=CARTESIAN_POINT('Origin',(-8.94069662749075E-8,38.,-9.00000004470348));
#3463=CARTESIAN_POINT('Origin',(-3.5,0.,-18.3674970757064));
#3464=CARTESIAN_POINT('',(-3.5,38.,-25.));
#3465=CARTESIAN_POINT('',(-3.5,0.,-25.));
#3466=CARTESIAN_POINT('',(-3.5,38.,-15.1837485490291));
#3467=CARTESIAN_POINT('Origin',(-25.,0.,-25.));
#3468=CARTESIAN_POINT('',(-25.,0.,-25.));
#3469=CARTESIAN_POINT('',(-24.999999627471,23.,0.5));
#3470=CARTESIAN_POINT('',(-24.999999627471,23.,-4.5));
#3471=CARTESIAN_POINT('',(-25.,23.,-13.5));
#3472=CARTESIAN_POINT('',(-24.999999627471,30.,-4.5));
#3473=CARTESIAN_POINT('',(-25.,0.,-4.5));
#3474=CARTESIAN_POINT('',(-24.999999627471,30.,0.5));
#3475=CARTESIAN_POINT('',(-25.,30.,-13.5));
#3476=CARTESIAN_POINT('',(-25.,0.,0.499999999999998));
#3477=CARTESIAN_POINT('Origin',(-8.5,0.,-25.));
#3478=CARTESIAN_POINT('',(-8.5,38.,-14.2678270653941));
#3479=CARTESIAN_POINT('',(-8.5,0.,-14.2678270653941));
#3480=CARTESIAN_POINT('',(-8.5,38.,-25.));
#3481=CARTESIAN_POINT('',(-8.5,38.,-18.5000000111759));
#3482=CARTESIAN_POINT('',(-8.5,0.,-25.));
#3483=CARTESIAN_POINT('Origin',(7.50000014156103,38.,-12.0000000223517));
#3484=CARTESIAN_POINT('',(16.2500000707805,38.,-25.));
#3485=CARTESIAN_POINT('',(5.26782671488727,38.,-0.5));
#3486=CARTESIAN_POINT('Origin',(-8.94069662749075E-8,38.,-9.00000004470348));
#3487=CARTESIAN_POINT('',(6.38391342822415,38.,-0.5));
#3488=CARTESIAN_POINT('',(-2.40000008940697,38.,-9.00000004470348));
#3489=CARTESIAN_POINT('Origin',(-8.94069662749075E-8,38.,-9.00000004470348));
#3490=CARTESIAN_POINT('Origin',(5.26782671488727,0.,-0.5));
#3491=CARTESIAN_POINT('',(5.26782671488727,0.,-0.5));
#3492=CARTESIAN_POINT('Origin',(-8.94069662749075E-8,0.,-9.00000004470348));
#3493=CARTESIAN_POINT('Origin',(25.,0.,-25.));
#3494=CARTESIAN_POINT('',(-3.5,15.,-25.));
#3495=CARTESIAN_POINT('',(-3.5,0.,-25.));
#3496=CARTESIAN_POINT('',(9.5,15.,-25.));
#3497=CARTESIAN_POINT('Origin',(12.000000089407,0.,2.99999995529652));
#3498=CARTESIAN_POINT('',(8.5,15.,12.3674969194888));
#3499=CARTESIAN_POINT('',(8.5,0.,12.3674969194888));
#3500=CARTESIAN_POINT('Origin',(12.000000089407,15.,2.99999995529652));
#3501=CARTESIAN_POINT('Origin',(8.5,0.,25.000000372529));
#3502=CARTESIAN_POINT('',(8.5,15.,-25.000000372529));
#3503=CARTESIAN_POINT('Origin',(13.500000230968,15.,9.00000016391277));
#3504=CARTESIAN_POINT('',(9.60000008940697,15.,2.99999995529652));
#3505=CARTESIAN_POINT('Origin',(12.000000089407,15.,2.99999995529652));
#3506=CARTESIAN_POINT('Origin',(-3.5,0.,25.));
#3507=CARTESIAN_POINT('',(-3.5,15.,-25.));
#3508=CARTESIAN_POINT('Origin',(-6.,15.,0.));
#3509=CARTESIAN_POINT('Origin',(3.72529029846191E-7,23.,-2.));
#3510=CARTESIAN_POINT('',(-12.499999627471,23.,0.5));
#3511=CARTESIAN_POINT('',(12.500000372529,23.,-4.5));
#3512=CARTESIAN_POINT('Origin',(25.000000372529,0.,-4.5));
#3513=CARTESIAN_POINT('',(-24.999999627471,30.,-4.5));
#3514=CARTESIAN_POINT('Origin',(-24.999999627471,0.,0.5));
#3515=CARTESIAN_POINT('',(-24.999999627471,30.,0.5));
#3516=CARTESIAN_POINT('Origin',(3.72529029846191E-7,30.,-2.));
#3517=CARTESIAN_POINT('Origin',(17.5,0.,-17.5));
#3518=CARTESIAN_POINT('',(14.5,0.,-17.5));
#3519=CARTESIAN_POINT('Origin',(17.5,0.,17.5));
#3520=CARTESIAN_POINT('',(14.5,0.,17.5));
#3521=CARTESIAN_POINT('Origin',(12.000000089407,0.,2.99999995529652));
#3522=CARTESIAN_POINT('',(9.60000008940697,0.,2.99999995529652));
#3523=CARTESIAN_POINT('Origin',(-17.5,0.,-17.5));
#3524=CARTESIAN_POINT('',(-20.5,0.,-17.5));
#3525=CARTESIAN_POINT('Origin',(-17.5,0.,17.5));
#3526=CARTESIAN_POINT('',(-20.5,0.,17.5));
#3527=CARTESIAN_POINT('Origin',(-8.94069662749075E-8,0.,-9.00000004470348));
#3528=CARTESIAN_POINT('',(-2.40000008940697,0.,-9.00000004470348));
#3529=CARTESIAN_POINT('Origin',(1.86264510482204E-7,10.,60.0000001862645));
#3530=CARTESIAN_POINT('',(25.,10.,35.));
#3531=CARTESIAN_POINT('',(25.,10.,85.));
#3532=CARTESIAN_POINT('',(25.,10.,72.5000000931323));
#3533=CARTESIAN_POINT('',(-25.,10.,35.));
#3534=CARTESIAN_POINT('',(12.5000000931323,10.,35.));
#3535=CARTESIAN_POINT('',(-25.,10.,85.));
#3536=CARTESIAN_POINT('',(-25.,10.,47.5000000931323));
#3537=CARTESIAN_POINT('',(-12.4999999068677,10.,85.));
#3538=CARTESIAN_POINT('',(-2.6,10.,51.));
#3539=CARTESIAN_POINT('Origin',(-1.83697027887775E-16,10.,51.));
#3540=CARTESIAN_POINT('',(14.5,10.,42.5));
#3541=CARTESIAN_POINT('Origin',(17.5,10.,42.5));
#3542=CARTESIAN_POINT('',(-20.5,10.,42.5));
#3543=CARTESIAN_POINT('Origin',(-17.5,10.,42.5));
#3544=CARTESIAN_POINT('',(9.4,10.,63.));
#3545=CARTESIAN_POINT('Origin',(12.,10.,63.));
#3546=CARTESIAN_POINT('',(14.5,10.,77.5));
#3547=CARTESIAN_POINT('Origin',(17.5,10.,77.5));
#3548=CARTESIAN_POINT('',(-20.5,10.,77.5));
#3549=CARTESIAN_POINT('Origin',(-17.5,10.,77.5));
#3550=CARTESIAN_POINT('Origin',(25.,1.,35.));
#3551=CARTESIAN_POINT('',(25.,1.,35.));
#3552=CARTESIAN_POINT('',(25.,1.,35.));
#3553=CARTESIAN_POINT('',(-25.,1.,35.));
#3554=CARTESIAN_POINT('',(-25.,1.,35.));
#3555=CARTESIAN_POINT('',(-25.,1.,35.));
#3556=CARTESIAN_POINT('Origin',(25.,1.,85.));
#3557=CARTESIAN_POINT('',(25.,1.,85.));
#3558=CARTESIAN_POINT('',(25.,1.,85.));
#3559=CARTESIAN_POINT('',(25.,1.,35.));
#3560=CARTESIAN_POINT('Origin',(-17.5,1.,77.5));
#3561=CARTESIAN_POINT('',(-20.5,1.,77.5));
#3562=CARTESIAN_POINT('Origin',(-17.5,1.,77.5));
#3563=CARTESIAN_POINT('',(-20.5,1.,77.5));
#3564=CARTESIAN_POINT('Origin',(17.5,1.,77.5));
#3565=CARTESIAN_POINT('',(14.5,1.,77.5));
#3566=CARTESIAN_POINT('Origin',(17.5,1.,77.5));
#3567=CARTESIAN_POINT('',(14.5,1.,77.5));
#3568=CARTESIAN_POINT('Origin',(12.,1.,63.));
#3569=CARTESIAN_POINT('',(9.4,1.,63.));
#3570=CARTESIAN_POINT('Origin',(12.,1.,63.));
#3571=CARTESIAN_POINT('',(9.4,1.,63.));
#3572=CARTESIAN_POINT('Origin',(-17.5,1.,42.5));
#3573=CARTESIAN_POINT('',(-20.5,1.,42.5));
#3574=CARTESIAN_POINT('Origin',(-17.5,1.,42.5));
#3575=CARTESIAN_POINT('',(-20.5,1.,42.5));
#3576=CARTESIAN_POINT('Origin',(17.5,1.,42.5));
#3577=CARTESIAN_POINT('',(14.5,1.,42.5));
#3578=CARTESIAN_POINT('Origin',(17.5,1.,42.5));
#3579=CARTESIAN_POINT('',(14.5,1.,42.5));
#3580=CARTESIAN_POINT('Origin',(-1.83697027887775E-16,1.,51.));
#3581=CARTESIAN_POINT('',(-2.6,1.,51.));
#3582=CARTESIAN_POINT('Origin',(-1.83697027887775E-16,1.,51.));
#3583=CARTESIAN_POINT('',(-2.6,1.,51.));
#3584=CARTESIAN_POINT('Origin',(-25.,1.,85.));
#3585=CARTESIAN_POINT('',(-25.,1.,85.));
#3586=CARTESIAN_POINT('',(-25.,1.,85.));
#3587=CARTESIAN_POINT('',(25.,1.,85.));
#3588=CARTESIAN_POINT('Origin',(-25.,1.,35.));
#3589=CARTESIAN_POINT('',(-25.,1.,85.));
#3590=CARTESIAN_POINT('Origin',(1.86264510482204E-7,1.,60.0000001862645));
#3591=CARTESIAN_POINT('Origin',(90.,26.5,25.));
#3592=CARTESIAN_POINT('',(91.15,26.5,25.));
#3593=CARTESIAN_POINT('Origin',(90.,26.5,25.));
#3594=CARTESIAN_POINT('',(91.15,26.5,0.499999999999998));
#3595=CARTESIAN_POINT('',(91.15,26.5,25.));
#3596=CARTESIAN_POINT('Origin',(90.,26.5,0.499999999999998));
#3597=CARTESIAN_POINT('Origin',(90.,26.5,25.));
#3598=CARTESIAN_POINT('',(91.15,26.5,-4.5));
#3599=CARTESIAN_POINT('Origin',(90.,26.5,-4.5));
#3600=CARTESIAN_POINT('',(91.15,26.5,-25.));
#3601=CARTESIAN_POINT('',(91.15,26.5,25.));
#3602=CARTESIAN_POINT('Origin',(90.,26.5,-25.));
#3603=CARTESIAN_POINT('Origin',(75.,26.5,25.));
#3604=CARTESIAN_POINT('',(76.15,26.5,25.));
#3605=CARTESIAN_POINT('Origin',(75.,26.5,25.));
#3606=CARTESIAN_POINT('',(76.15,26.5,0.499999999999998));
#3607=CARTESIAN_POINT('',(76.15,26.5,25.));
#3608=CARTESIAN_POINT('Origin',(75.,26.5,0.499999999999998));
#3609=CARTESIAN_POINT('Origin',(75.,26.5,25.));
#3610=CARTESIAN_POINT('',(76.15,26.5,-4.5));
#3611=CARTESIAN_POINT('Origin',(75.,26.5,-4.5));
#3612=CARTESIAN_POINT('',(76.15,26.5,-25.));
#3613=CARTESIAN_POINT('',(76.15,26.5,25.));
#3614=CARTESIAN_POINT('Origin',(75.,26.5,-25.));
#3615=CARTESIAN_POINT('Origin',(79.9999998137355,1.,0.));
#3616=CARTESIAN_POINT('',(54.999999627471,1.,-0.5));
#3617=CARTESIAN_POINT('',(58.6325028962928,1.,-0.5));
#3618=CARTESIAN_POINT('',(69.3162513550141,1.,-0.5));
#3619=CARTESIAN_POINT('',(71.5,1.,12.3674969194888));
#3620=CARTESIAN_POINT('Origin',(67.999999910593,1.,2.99999995529652));
#3621=CARTESIAN_POINT('',(71.5,1.,25.000000372529));
#3622=CARTESIAN_POINT('',(71.5,1.,12.5000001862645));
#3623=CARTESIAN_POINT('',(55.,1.,25.));
#3624=CARTESIAN_POINT('',(92.4999999068677,1.,25.));
#3625=CARTESIAN_POINT('',(55.,1.,12.5));
#3626=CARTESIAN_POINT('',(65.5,1.,17.5));
#3627=CARTESIAN_POINT('Origin',(62.5,1.,17.5));
#3628=CARTESIAN_POINT('Origin',(79.9999998137355,1.,0.));
#3629=CARTESIAN_POINT('',(62.5,1.,-5.5));
#3630=CARTESIAN_POINT('',(54.999999627471,1.,-5.5));
#3631=CARTESIAN_POINT('',(67.4999997206032,1.,-5.5));
#3632=CARTESIAN_POINT('',(55.,1.,-25.));
#3633=CARTESIAN_POINT('',(55.,1.,12.5));
#3634=CARTESIAN_POINT('',(83.5,1.,-25.));
#3635=CARTESIAN_POINT('',(67.4999999068677,1.,-25.));
#3636=CARTESIAN_POINT('',(83.5,1.,25.));
#3637=CARTESIAN_POINT('',(83.5,1.,12.5));
#3638=CARTESIAN_POINT('',(76.5,1.,25.000000372529));
#3639=CARTESIAN_POINT('',(92.4999999068677,1.,25.));
#3640=CARTESIAN_POINT('',(76.5,1.,8.26782668745861));
#3641=CARTESIAN_POINT('',(76.5,1.,4.13391334372931));
#3642=CARTESIAN_POINT('',(62.5,1.,-5.35164664782772));
#3643=CARTESIAN_POINT('Origin',(67.999999910593,1.,2.99999995529652));
#3644=CARTESIAN_POINT('',(62.5,1.,-2.75));
#3645=CARTESIAN_POINT('',(65.5,1.,-17.5));
#3646=CARTESIAN_POINT('Origin',(62.5,1.,-17.5));
#3647=CARTESIAN_POINT('',(82.400000089407,1.,-9.00000004470348));
#3648=CARTESIAN_POINT('Origin',(80.000000089407,1.,-9.00000004470348));
#3649=CARTESIAN_POINT('Origin',(79.9999998137355,1.,0.));
#3650=CARTESIAN_POINT('',(88.5,1.,25.));
#3651=CARTESIAN_POINT('',(88.5,1.,-25.));
#3652=CARTESIAN_POINT('',(88.5,1.,-12.5));
#3653=CARTESIAN_POINT('',(105.,1.,-25.));
#3654=CARTESIAN_POINT('',(67.4999999068677,1.,-25.));
#3655=CARTESIAN_POINT('',(105.,1.,25.));
#3656=CARTESIAN_POINT('',(105.,1.,-12.5));
#3657=CARTESIAN_POINT('',(92.4999999068677,1.,25.));
#3658=CARTESIAN_POINT('',(100.5,1.,17.5));
#3659=CARTESIAN_POINT('Origin',(97.5,1.,17.5));
#3660=CARTESIAN_POINT('',(100.5,1.,-17.5));
#3661=CARTESIAN_POINT('Origin',(97.5,1.,-17.5));
#3662=CARTESIAN_POINT('Origin',(58.6325028962928,0.,-0.5));
#3663=CARTESIAN_POINT('',(54.999999627471,15.,-0.5));
#3664=CARTESIAN_POINT('',(55.,0.,-0.499999999999998));
#3665=CARTESIAN_POINT('',(58.6325028962928,15.,-0.5));
#3666=CARTESIAN_POINT('',(54.999999627471,15.,-0.5));
#3667=CARTESIAN_POINT('',(58.6325028962928,0.,-0.5));
#3668=CARTESIAN_POINT('Origin',(76.5,0.,8.26782668745861));
#3669=CARTESIAN_POINT('',(76.5,15.,25.000000372529));
#3670=CARTESIAN_POINT('',(76.5,0.,25.));
#3671=CARTESIAN_POINT('',(76.5,15.,8.26782668745861));
#3672=CARTESIAN_POINT('',(76.5,15.,25.000000372529));
#3673=CARTESIAN_POINT('',(76.5,0.,8.26782668745861));
#3674=CARTESIAN_POINT('Origin',(67.999999910593,0.,2.99999995529652));
#3675=CARTESIAN_POINT('',(62.5,15.,-5.35164664782772));
#3676=CARTESIAN_POINT('Origin',(67.999999910593,15.,2.99999995529652));
#3677=CARTESIAN_POINT('',(62.5,0.,-5.35164664782772));
#3678=CARTESIAN_POINT('Origin',(62.5,0.,-5.5));
#3679=CARTESIAN_POINT('',(62.5,15.,-5.5));
#3680=CARTESIAN_POINT('',(62.5,15.,-17.5));
#3681=CARTESIAN_POINT('',(62.5,0.,-5.5));
#3682=CARTESIAN_POINT('Origin',(55.,0.,25.));
#3683=CARTESIAN_POINT('',(55.,52.,25.));
#3684=CARTESIAN_POINT('',(55.,0.,25.));
#3685=CARTESIAN_POINT('',(54.999999627471,52.,-0.5));
#3686=CARTESIAN_POINT('',(55.,52.,12.5));
#3687=CARTESIAN_POINT('',(54.999999627471,38.,-0.5));
#3688=CARTESIAN_POINT('',(55.,0.,-0.499999999999998));
#3689=CARTESIAN_POINT('',(54.999999627471,38.,-5.5));
#3690=CARTESIAN_POINT('',(55.,38.,6.49999998882413));
#3691=CARTESIAN_POINT('',(54.999999627471,52.,-5.5));
#3692=CARTESIAN_POINT('',(55.,0.,-5.5));
#3693=CARTESIAN_POINT('',(55.,52.,-25.));
#3694=CARTESIAN_POINT('',(55.,52.,12.5));
#3695=CARTESIAN_POINT('',(55.,0.,-25.));
#3696=CARTESIAN_POINT('',(54.999999627471,15.,-5.5));
#3697=CARTESIAN_POINT('',(55.,0.,-5.5));
#3698=CARTESIAN_POINT('',(55.,15.,17.0000000819564));
#3699=CARTESIAN_POINT('',(54.999999627471,23.,-4.5));
#3700=CARTESIAN_POINT('',(54.999999627471,23.,0.5));
#3701=CARTESIAN_POINT('',(55.,23.,11.5));
#3702=CARTESIAN_POINT('',(54.999999627471,30.,-4.5));
#3703=CARTESIAN_POINT('',(55.,0.,-4.5));
#3704=CARTESIAN_POINT('',(54.999999627471,30.,0.5));
#3705=CARTESIAN_POINT('',(55.,30.,11.5));
#3706=CARTESIAN_POINT('',(55.,0.,0.499999999999998));
#3707=CARTESIAN_POINT('Origin',(54.999999627471,0.,-5.5));
#3708=CARTESIAN_POINT('',(105.,15.,-5.5));
#3709=CARTESIAN_POINT('Origin',(105.,0.,25.));
#3710=CARTESIAN_POINT('',(71.5,15.,25.000000372529));
#3711=CARTESIAN_POINT('',(71.5,0.,25.));
#3712=CARTESIAN_POINT('',(85.749999884516,15.,25.));
#3713=CARTESIAN_POINT('',(83.5,15.,25.));
#3714=CARTESIAN_POINT('',(83.5,0.,25.));
#3715=CARTESIAN_POINT('',(88.5,15.,25.));
#3716=CARTESIAN_POINT('',(95.5,15.,25.));
#3717=CARTESIAN_POINT('',(88.5,0.,25.));
#3718=CARTESIAN_POINT('',(105.,52.,25.));
#3719=CARTESIAN_POINT('',(105.,0.,25.));
#3720=CARTESIAN_POINT('',(92.4999999068677,52.,25.));
#3721=CARTESIAN_POINT('Origin',(88.5,0.,-25.));
#3722=CARTESIAN_POINT('',(88.5,15.,-25.));
#3723=CARTESIAN_POINT('',(88.5,15.,25.));
#3724=CARTESIAN_POINT('',(88.5,0.,-25.));
#3725=CARTESIAN_POINT('Origin',(79.9999998137355,52.,0.));
#3726=CARTESIAN_POINT('',(83.5,52.,-18.3674970757064));
#3727=CARTESIAN_POINT('',(83.5,52.,-25.));
#3728=CARTESIAN_POINT('',(83.5,52.,-9.18374853785321));
#3729=CARTESIAN_POINT('',(67.4999999068677,52.,-25.));
#3730=CARTESIAN_POINT('',(70.632503108512,52.,-5.5));
#3731=CARTESIAN_POINT('',(67.4999997206032,52.,-5.5));
#3732=CARTESIAN_POINT('Origin',(80.000000089407,52.,-9.00000004470348));
#3733=CARTESIAN_POINT('',(65.5,52.,-17.5));
#3734=CARTESIAN_POINT('Origin',(62.5,52.,-17.5));
#3735=CARTESIAN_POINT('Origin',(79.9999998137355,52.,0.));
#3736=CARTESIAN_POINT('',(88.5,52.,-25.));
#3737=CARTESIAN_POINT('',(88.5,52.,-14.2678270653941));
#3738=CARTESIAN_POINT('',(88.5,52.,-12.5));
#3739=CARTESIAN_POINT('',(74.7321732851127,52.,-0.5));
#3740=CARTESIAN_POINT('Origin',(80.000000089407,52.,-9.00000004470348));
#3741=CARTESIAN_POINT('',(77.3660865494241,52.,-0.5));
#3742=CARTESIAN_POINT('',(105.,52.,-25.));
#3743=CARTESIAN_POINT('',(105.,52.,-12.5));
#3744=CARTESIAN_POINT('',(67.4999999068677,52.,-25.));
#3745=CARTESIAN_POINT('',(100.5,52.,17.5));
#3746=CARTESIAN_POINT('Origin',(97.5,52.,17.5));
#3747=CARTESIAN_POINT('',(100.5,52.,-17.5));
#3748=CARTESIAN_POINT('Origin',(97.5,52.,-17.5));
#3749=CARTESIAN_POINT('',(70.399999910593,52.,2.99999995529652));
#3750=CARTESIAN_POINT('Origin',(67.999999910593,52.,2.99999995529652));
#3751=CARTESIAN_POINT('',(65.5,52.,17.5));
#3752=CARTESIAN_POINT('Origin',(62.5,52.,17.5));
#3753=CARTESIAN_POINT('Origin',(54.999999627471,0.,-5.5));
#3754=CARTESIAN_POINT('',(70.632503108512,38.,-5.5));
#3755=CARTESIAN_POINT('',(63.749999742955,38.,-5.5));
#3756=CARTESIAN_POINT('',(70.632503108512,0.,-5.5));
#3757=CARTESIAN_POINT('Origin',(80.000000089407,0.,-9.00000004470348));
#3758=CARTESIAN_POINT('',(83.5,38.,-18.3674970757064));
#3759=CARTESIAN_POINT('Origin',(80.000000089407,38.,-9.00000004470348));
#3760=CARTESIAN_POINT('',(83.5,0.,-18.3674970757064));
#3761=CARTESIAN_POINT('Origin',(83.5,0.,-18.3674970757064));
#3762=CARTESIAN_POINT('',(83.5,38.,-25.));
#3763=CARTESIAN_POINT('',(83.5,38.,-15.1837485490291));
#3764=CARTESIAN_POINT('',(83.5,0.,-25.));
#3765=CARTESIAN_POINT('Origin',(105.,0.,-25.));
#3766=CARTESIAN_POINT('',(105.,0.,-25.));
#3767=CARTESIAN_POINT('',(104.999999627471,23.,0.5));
#3768=CARTESIAN_POINT('',(104.999999627471,23.,-4.5));
#3769=CARTESIAN_POINT('',(105.,23.,-13.5));
#3770=CARTESIAN_POINT('',(104.999999627471,30.,0.5));
#3771=CARTESIAN_POINT('',(105.,0.,0.499999999999998));
#3772=CARTESIAN_POINT('',(104.999999627471,30.,-4.5));
#3773=CARTESIAN_POINT('',(105.,30.,-13.5));
#3774=CARTESIAN_POINT('',(105.,0.,-4.5));
#3775=CARTESIAN_POINT('Origin',(88.5,0.,-25.));
#3776=CARTESIAN_POINT('',(88.5,38.,-25.));
#3777=CARTESIAN_POINT('',(88.5,0.,-25.));
#3778=CARTESIAN_POINT('',(88.5,38.,-14.2678270653941));
#3779=CARTESIAN_POINT('',(88.5,38.,-18.5000000111759));
#3780=CARTESIAN_POINT('',(88.5,0.,-14.2678270653941));
#3781=CARTESIAN_POINT('Origin',(72.499999858439,38.,-12.0000000223517));
#3782=CARTESIAN_POINT('',(74.7321732851127,38.,-0.5));
#3783=CARTESIAN_POINT('',(73.6160865717759,38.,-0.5));
#3784=CARTESIAN_POINT('Origin',(80.000000089407,38.,-9.00000004470348));
#3785=CARTESIAN_POINT('',(63.7499999292195,38.,-25.));
#3786=CARTESIAN_POINT('',(82.400000089407,38.,-9.00000004470348));
#3787=CARTESIAN_POINT('Origin',(80.000000089407,38.,-9.00000004470348));
#3788=CARTESIAN_POINT('Origin',(74.7321732851127,0.,-0.5));
#3789=CARTESIAN_POINT('',(74.7321732851127,0.,-0.5));
#3790=CARTESIAN_POINT('Origin',(80.000000089407,0.,-9.00000004470348));
#3791=CARTESIAN_POINT('Origin',(55.,0.,-25.));
#3792=CARTESIAN_POINT('',(83.5,15.,-25.));
#3793=CARTESIAN_POINT('',(70.5,15.,-25.));
#3794=CARTESIAN_POINT('',(83.5,0.,-25.));
#3795=CARTESIAN_POINT('Origin',(67.999999910593,0.,2.99999995529652));
#3796=CARTESIAN_POINT('',(71.5,15.,12.3674969194888));
#3797=CARTESIAN_POINT('Origin',(67.999999910593,15.,2.99999995529652));
#3798=CARTESIAN_POINT('',(71.5,0.,12.3674969194888));
#3799=CARTESIAN_POINT('Origin',(71.5,0.,25.000000372529));
#3800=CARTESIAN_POINT('',(71.5,15.,-25.000000372529));
#3801=CARTESIAN_POINT('Origin',(66.499999769032,15.,9.00000016391277));
#3802=CARTESIAN_POINT('',(70.399999910593,15.,2.99999995529652));
#3803=CARTESIAN_POINT('Origin',(67.999999910593,15.,2.99999995529652));
#3804=CARTESIAN_POINT('Origin',(83.5,0.,25.));
#3805=CARTESIAN_POINT('',(83.5,15.,-25.));
#3806=CARTESIAN_POINT('Origin',(86.,15.,0.));
#3807=CARTESIAN_POINT('Origin',(79.999999627471,23.,-2.));
#3808=CARTESIAN_POINT('',(67.499999627471,23.,-4.5));
#3809=CARTESIAN_POINT('',(92.499999627471,23.,0.5));
#3810=CARTESIAN_POINT('Origin',(54.999999627471,0.,-4.5));
#3811=CARTESIAN_POINT('',(104.999999627471,30.,-4.5));
#3812=CARTESIAN_POINT('Origin',(104.999999627471,0.,0.5));
#3813=CARTESIAN_POINT('',(104.999999627471,30.,0.5));
#3814=CARTESIAN_POINT('Origin',(79.999999627471,30.,-2.));
#3815=CARTESIAN_POINT('Origin',(62.5,0.,-17.5));
#3816=CARTESIAN_POINT('',(65.5,0.,-17.5));
#3817=CARTESIAN_POINT('Origin',(62.5,0.,17.5));
#3818=CARTESIAN_POINT('',(65.5,0.,17.5));
#3819=CARTESIAN_POINT('Origin',(67.999999910593,0.,2.99999995529652));
#3820=CARTESIAN_POINT('',(70.399999910593,0.,2.99999995529652));
#3821=CARTESIAN_POINT('Origin',(97.5,0.,-17.5));
#3822=CARTESIAN_POINT('',(100.5,0.,-17.5));
#3823=CARTESIAN_POINT('Origin',(97.5,0.,17.5));
#3824=CARTESIAN_POINT('',(100.5,0.,17.5));
#3825=CARTESIAN_POINT('Origin',(80.000000089407,0.,-9.00000004470348));
#3826=CARTESIAN_POINT('',(82.400000089407,0.,-9.00000004470348));
#3827=CARTESIAN_POINT('Origin',(79.9999998137355,10.,60.0000001862645));
#3828=CARTESIAN_POINT('',(55.,10.,35.));
#3829=CARTESIAN_POINT('',(55.,10.,85.));
#3830=CARTESIAN_POINT('',(55.,10.,72.5000000931323));
#3831=CARTESIAN_POINT('',(105.,10.,85.));
#3832=CARTESIAN_POINT('',(92.4999999068677,10.,85.));
#3833=CARTESIAN_POINT('',(105.,10.,35.));
#3834=CARTESIAN_POINT('',(105.,10.,47.5000000931323));
#3835=CARTESIAN_POINT('',(67.4999999068678,10.,35.));
#3836=CARTESIAN_POINT('',(82.6,10.,51.));
#3837=CARTESIAN_POINT('Origin',(80.,10.,51.));
#3838=CARTESIAN_POINT('',(65.5,10.,42.5));
#3839=CARTESIAN_POINT('Origin',(62.5,10.,42.5));
#3840=CARTESIAN_POINT('',(100.5,10.,42.5));
#3841=CARTESIAN_POINT('Origin',(97.5,10.,42.5));
#3842=CARTESIAN_POINT('',(70.6,10.,63.));
#3843=CARTESIAN_POINT('Origin',(68.,10.,63.));
#3844=CARTESIAN_POINT('',(65.5,10.,77.5));
#3845=CARTESIAN_POINT('Origin',(62.5,10.,77.5));
#3846=CARTESIAN_POINT('',(100.5,10.,77.5));
#3847=CARTESIAN_POINT('Origin',(97.5,10.,77.5));
#3848=CARTESIAN_POINT('Origin',(55.,1.,35.));
#3849=CARTESIAN_POINT('',(105.,1.,35.));
#3850=CARTESIAN_POINT('',(105.,1.,35.));
#3851=CARTESIAN_POINT('',(55.,1.,35.));
#3852=CARTESIAN_POINT('',(105.,1.,35.));
#3853=CARTESIAN_POINT('',(55.,1.,35.));
#3854=CARTESIAN_POINT('Origin',(55.,1.,85.));
#3855=CARTESIAN_POINT('',(55.,1.,85.));
#3856=CARTESIAN_POINT('',(55.,1.,35.));
#3857=CARTESIAN_POINT('',(55.,1.,85.));
#3858=CARTESIAN_POINT('Origin',(97.5,1.,77.5));
#3859=CARTESIAN_POINT('',(100.5,1.,77.5));
#3860=CARTESIAN_POINT('Origin',(97.5,1.,77.5));
#3861=CARTESIAN_POINT('',(100.5,1.,77.5));
#3862=CARTESIAN_POINT('Origin',(62.5,1.,77.5));
#3863=CARTESIAN_POINT('',(65.5,1.,77.5));
#3864=CARTESIAN_POINT('Origin',(62.5,1.,77.5));
#3865=CARTESIAN_POINT('',(65.5,1.,77.5));
#3866=CARTESIAN_POINT('Origin',(68.,1.,63.));
#3867=CARTESIAN_POINT('',(70.6,1.,63.));
#3868=CARTESIAN_POINT('Origin',(68.,1.,63.));
#3869=CARTESIAN_POINT('',(70.6,1.,63.));
#3870=CARTESIAN_POINT('Origin',(97.5,1.,42.5));
#3871=CARTESIAN_POINT('',(100.5,1.,42.5));
#3872=CARTESIAN_POINT('Origin',(97.5,1.,42.5));
#3873=CARTESIAN_POINT('',(100.5,1.,42.5));
#3874=CARTESIAN_POINT('Origin',(62.5,1.,42.5));
#3875=CARTESIAN_POINT('',(65.5,1.,42.5));
#3876=CARTESIAN_POINT('Origin',(62.5,1.,42.5));
#3877=CARTESIAN_POINT('',(65.5,1.,42.5));
#3878=CARTESIAN_POINT('Origin',(80.,1.,51.));
#3879=CARTESIAN_POINT('',(82.6,1.,51.));
#3880=CARTESIAN_POINT('Origin',(80.,1.,51.));
#3881=CARTESIAN_POINT('',(82.6,1.,51.));
#3882=CARTESIAN_POINT('Origin',(105.,1.,85.));
#3883=CARTESIAN_POINT('',(105.,1.,85.));
#3884=CARTESIAN_POINT('',(55.,1.,85.));
#3885=CARTESIAN_POINT('',(105.,1.,85.));
#3886=CARTESIAN_POINT('Origin',(105.,1.,35.));
#3887=CARTESIAN_POINT('',(105.,1.,85.));
#3888=CARTESIAN_POINT('Origin',(79.9999998137355,1.,60.0000001862645));
#3889=UNCERTAINTY_MEASURE_WITH_UNIT(LENGTH_MEASURE(0.01),#3893,
'DISTANCE_ACCURACY_VALUE',
'Maximum model space distance between geometric entities at asserted c
onnectivities');
#3890=UNCERTAINTY_MEASURE_WITH_UNIT(LENGTH_MEASURE(0.01),#3893,
'DISTANCE_ACCURACY_VALUE',
'Maximum model space distance between geometric entities at asserted c
onnectivities');
#3891=(
GEOMETRIC_REPRESENTATION_CONTEXT(3)
GLOBAL_UNCERTAINTY_ASSIGNED_CONTEXT((#3889))
GLOBAL_UNIT_ASSIGNED_CONTEXT((#3893,#3895,#3896))
REPRESENTATION_CONTEXT('','3D')
);
#3892=(
GEOMETRIC_REPRESENTATION_CONTEXT(3)
GLOBAL_UNCERTAINTY_ASSIGNED_CONTEXT((#3890))
GLOBAL_UNIT_ASSIGNED_CONTEXT((#3893,#3895,#3896))
REPRESENTATION_CONTEXT('','3D')
);
#3893=(
LENGTH_UNIT()
NAMED_UNIT(*)
SI_UNIT(.MILLI.,.METRE.)
);
#3894=(
LENGTH_UNIT()
NAMED_UNIT(*)
SI_UNIT($,.METRE.)
);
#3895=(
NAMED_UNIT(*)
PLANE_ANGLE_UNIT()
SI_UNIT($,.RADIAN.)
);
#3896=(
NAMED_UNIT(*)
SI_UNIT($,.STERADIAN.)
SOLID_ANGLE_UNIT()
);
#3897=SHAPE_DEFINITION_REPRESENTATION(#3898,#3899);
#3898=PRODUCT_DEFINITION_SHAPE('',$,#3901);
#3899=SHAPE_REPRESENTATION('',(#2389),#3891);
#3900=PRODUCT_DEFINITION_CONTEXT('part definition',#3905,'design');
#3901=PRODUCT_DEFINITION('midrail support','midrail support v3',#3902,#3900);
#3902=PRODUCT_DEFINITION_FORMATION('',$,#3907);
#3903=PRODUCT_RELATED_PRODUCT_CATEGORY('midrail support v3',
'midrail support v3',(#3907));
#3904=APPLICATION_PROTOCOL_DEFINITION('international standard',
'automotive_design',2009,#3905);
#3905=APPLICATION_CONTEXT(
'Core Data for Automotive Mechanical Design Process');
#3906=PRODUCT_CONTEXT('part definition',#3905,'mechanical');
#3907=PRODUCT('midrail support','midrail support v3',$,(#3906));
#3908=PRESENTATION_STYLE_ASSIGNMENT((#3909));
#3909=SURFACE_STYLE_USAGE(.BOTH.,#3910);
#3910=SURFACE_SIDE_STYLE('',(#3911));
#3911=SURFACE_STYLE_FILL_AREA(#3912);
#3912=FILL_AREA_STYLE('Steel - Satin',(#3913));
#3913=FILL_AREA_STYLE_COLOUR('Steel - Satin',#3914);
#3914=COLOUR_RGB('Steel - Satin',0.627450980392157,0.627450980392157,0.627450980392157);
ENDSEC;
END-ISO-10303-21;
