ISO-10303-21;
HEADER;
/* Generated by software containing ST-Developer
 * from STEP Tools, Inc. (www.steptools.com) 
 */

FILE_DESCRIPTION(
/* description */ (''),
/* implementation_level */ '2;1');

FILE_NAME(
/* name */ 'tool change neck.step',
/* time_stamp */ '2026-08-04T21:42:37+02:00',
/* author */ (''),
/* organization */ (''),
/* preprocessor_version */ 'ST-DEVELOPER v20.1',
/* originating_system */ 'Autodesk Translation Framework v15.8.0.0',
/* authorisation */ '');

FILE_SCHEMA (('AUTOMOTIVE_DESIGN { 1 0 10303 214 3 1 1 }'));
ENDSEC;

DATA;
#10=MECHANICAL_DESIGN_GEOMETRIC_PRESENTATION_REPRESENTATION('',(#17,#18,
#19,#20),#6360);
#11=SHAPE_REPRESENTATION_RELATIONSHIP('SRR','None',#6367,#12);
#12=ADVANCED_BREP_SHAPE_REPRESENTATION('',(#21,#22,#23,#24),#6359);
#13=B_SPLINE_CURVE_WITH_KNOTS('',3,(#6022,#6023,#6024,#6025),
 .UNSPECIFIED.,.F.,.F.,(4,4),(0.,0.141002244213337),.UNSPECIFIED.);
#14=B_SPLINE_CURVE_WITH_KNOTS('',3,(#6031,#6032,#6033,#6034),
 .UNSPECIFIED.,.F.,.F.,(4,4),(0.,0.140900468470901),.UNSPECIFIED.);
#15=B_SPLINE_CURVE_WITH_KNOTS('',3,(#6246,#6247,#6248,#6249),
 .UNSPECIFIED.,.F.,.F.,(4,4),(0.,0.141002244219214),.UNSPECIFIED.);
#16=B_SPLINE_CURVE_WITH_KNOTS('',3,(#6255,#6256,#6257,#6258),
 .UNSPECIFIED.,.F.,.F.,(4,4),(0.,0.140900468499326),.UNSPECIFIED.);
#17=STYLED_ITEM('',(#6376),#21);
#18=STYLED_ITEM('',(#6376),#22);
#19=STYLED_ITEM('',(#6376),#23);
#20=STYLED_ITEM('',(#6376),#24);
#21=MANIFOLD_SOLID_BREP('Body13',#3883);
#22=MANIFOLD_SOLID_BREP('Body2',#3884);
#23=MANIFOLD_SOLID_BREP('Body7',#3885);
#24=MANIFOLD_SOLID_BREP('Body4',#3886);
#25=CONICAL_SURFACE('',#3918,4.86602540378426,0.523598775598388);
#26=CONICAL_SURFACE('',#3922,4.86602540378444,0.523598775598299);
#27=CONICAL_SURFACE('',#3926,5.5,0.610865238198015);
#28=CONICAL_SURFACE('',#3937,5.5,0.610865238198015);
#29=CONICAL_SURFACE('',#4077,3.36602540378444,0.5235987755983);
#30=CONICAL_SURFACE('',#4082,3.36602540378444,0.523598775598298);
#31=CONICAL_SURFACE('',#4085,3.36602540378444,0.523598775598298);
#32=CONICAL_SURFACE('',#4090,3.36602540378444,0.523598775598299);
#33=CONICAL_SURFACE('',#4101,2.6,0.785398163397449);
#34=CONICAL_SURFACE('',#4106,4.49999999999999,0.785398163397448);
#35=CONICAL_SURFACE('',#4110,4.5,0.785398163397448);
#36=CONICAL_SURFACE('',#4114,4.5,0.78539816339745);
#37=CONICAL_SURFACE('',#4145,3.36602540378444,0.523598775598298);
#38=CONICAL_SURFACE('',#4150,3.36602540378444,0.523598775598298);
#39=CONICAL_SURFACE('',#4153,3.36602540378444,0.523598775598298);
#40=CONICAL_SURFACE('',#4158,3.36602540378444,0.523598775598298);
#41=CONICAL_SURFACE('',#4169,2.6,0.785398163397449);
#42=CONICAL_SURFACE('',#4174,4.49999999999999,0.785398163397448);
#43=CONICAL_SURFACE('',#4178,4.5,0.785398163397448);
#44=CONICAL_SURFACE('',#4182,4.49999999999999,0.785398163397448);
#45=FACE_BOUND('',#476,.T.);
#46=FACE_BOUND('',#484,.T.);
#47=FACE_BOUND('',#487,.T.);
#48=FACE_BOUND('',#490,.T.);
#49=FACE_BOUND('',#491,.T.);
#50=FACE_BOUND('',#492,.T.);
#51=FACE_BOUND('',#493,.T.);
#52=FACE_BOUND('',#494,.T.);
#53=FACE_BOUND('',#495,.T.);
#54=FACE_BOUND('',#496,.T.);
#55=FACE_BOUND('',#497,.T.);
#56=FACE_BOUND('',#498,.T.);
#57=FACE_BOUND('',#499,.T.);
#58=FACE_BOUND('',#500,.T.);
#59=FACE_BOUND('',#501,.T.);
#60=FACE_BOUND('',#502,.T.);
#61=FACE_BOUND('',#503,.T.);
#62=FACE_BOUND('',#504,.T.);
#63=FACE_BOUND('',#511,.T.);
#64=FACE_BOUND('',#515,.T.);
#65=FACE_BOUND('',#517,.T.);
#66=FACE_BOUND('',#525,.T.);
#67=FACE_BOUND('',#533,.T.);
#68=FACE_BOUND('',#541,.T.);
#69=FACE_BOUND('',#549,.T.);
#70=FACE_BOUND('',#557,.T.);
#71=FACE_BOUND('',#565,.T.);
#72=FACE_BOUND('',#573,.T.);
#73=FACE_BOUND('',#583,.T.);
#74=FACE_BOUND('',#584,.T.);
#75=FACE_BOUND('',#585,.T.);
#76=FACE_BOUND('',#586,.T.);
#77=FACE_BOUND('',#588,.T.);
#78=FACE_BOUND('',#589,.T.);
#79=FACE_BOUND('',#590,.T.);
#80=FACE_BOUND('',#591,.T.);
#81=FACE_BOUND('',#592,.T.);
#82=FACE_BOUND('',#594,.T.);
#83=FACE_BOUND('',#595,.T.);
#84=FACE_BOUND('',#596,.T.);
#85=FACE_BOUND('',#597,.T.);
#86=FACE_BOUND('',#598,.T.);
#87=FACE_BOUND('',#599,.T.);
#88=FACE_BOUND('',#601,.T.);
#89=FACE_BOUND('',#602,.T.);
#90=FACE_BOUND('',#616,.T.);
#91=FACE_BOUND('',#617,.T.);
#92=FACE_BOUND('',#624,.T.);
#93=FACE_BOUND('',#625,.T.);
#94=FACE_BOUND('',#626,.T.);
#95=FACE_BOUND('',#627,.T.);
#96=FACE_BOUND('',#629,.T.);
#97=FACE_BOUND('',#630,.T.);
#98=FACE_BOUND('',#631,.T.);
#99=FACE_BOUND('',#632,.T.);
#100=FACE_BOUND('',#645,.T.);
#101=FACE_BOUND('',#646,.T.);
#102=FACE_BOUND('',#647,.T.);
#103=FACE_BOUND('',#648,.T.);
#104=FACE_BOUND('',#649,.T.);
#105=FACE_BOUND('',#650,.T.);
#106=FACE_BOUND('',#651,.T.);
#107=FACE_BOUND('',#652,.T.);
#108=FACE_BOUND('',#666,.T.);
#109=FACE_BOUND('',#683,.T.);
#110=FACE_BOUND('',#699,.T.);
#111=FACE_BOUND('',#700,.T.);
#112=FACE_BOUND('',#714,.T.);
#113=FACE_BOUND('',#731,.T.);
#114=FACE_BOUND('',#747,.T.);
#115=FACE_BOUND('',#748,.T.);
#116=CIRCLE('',#3902,3.5);
#117=CIRCLE('',#3903,3.5);
#118=CIRCLE('',#3906,3.5);
#119=CIRCLE('',#3907,3.5);
#120=CIRCLE('',#3909,4.5);
#121=CIRCLE('',#3910,4.5);
#122=CIRCLE('',#3912,4.5);
#123=CIRCLE('',#3916,4.5);
#124=CIRCLE('',#3919,4.);
#125=CIRCLE('',#3920,5.73205080756852);
#126=CIRCLE('',#3923,4.);
#127=CIRCLE('',#3924,5.73205080756888);
#128=CIRCLE('',#3927,7.);
#129=CIRCLE('',#3928,4.);
#130=CIRCLE('',#3930,1.25);
#131=CIRCLE('',#3931,1.25);
#132=CIRCLE('',#3932,1.25);
#133=CIRCLE('',#3933,1.25);
#134=CIRCLE('',#3934,7.);
#135=CIRCLE('',#3936,4.);
#136=CIRCLE('',#3938,4.);
#137=CIRCLE('',#3940,4.);
#138=CIRCLE('',#3948,1.85);
#139=CIRCLE('',#3956,1.85);
#140=CIRCLE('',#3964,1.85);
#141=CIRCLE('',#3972,1.85);
#142=CIRCLE('',#3980,1.85);
#143=CIRCLE('',#3988,1.85);
#144=CIRCLE('',#3996,1.85);
#145=CIRCLE('',#4004,1.85);
#146=CIRCLE('',#4014,1.25);
#147=CIRCLE('',#4015,1.25);
#148=CIRCLE('',#4016,1.25);
#149=CIRCLE('',#4017,1.25);
#150=CIRCLE('',#4019,1.85);
#151=CIRCLE('',#4020,1.85);
#152=CIRCLE('',#4021,1.85);
#153=CIRCLE('',#4022,1.85);
#154=CIRCLE('',#4024,1.85);
#155=CIRCLE('',#4025,1.85);
#156=CIRCLE('',#4026,1.85);
#157=CIRCLE('',#4027,1.85);
#158=CIRCLE('',#4048,2.25);
#159=CIRCLE('',#4049,2.25);
#160=CIRCLE('',#4050,2.25);
#161=CIRCLE('',#4051,2.25);
#162=CIRCLE('',#4053,2.25);
#163=CIRCLE('',#4054,2.25);
#164=CIRCLE('',#4055,2.25);
#165=CIRCLE('',#4056,2.25);
#166=CIRCLE('',#4059,2.25);
#167=CIRCLE('',#4061,2.25);
#168=CIRCLE('',#4063,2.25);
#169=CIRCLE('',#4065,2.25);
#170=CIRCLE('',#4067,2.25);
#171=CIRCLE('',#4069,2.25);
#172=CIRCLE('',#4071,2.25);
#173=CIRCLE('',#4073,2.25);
#174=CIRCLE('',#4078,2.5);
#175=CIRCLE('',#4079,4.23205080756888);
#176=CIRCLE('',#4083,2.5);
#177=CIRCLE('',#4084,4.23205080756887);
#178=CIRCLE('',#4086,2.5);
#179=CIRCLE('',#4087,4.23205080756887);
#180=CIRCLE('',#4091,2.5);
#181=CIRCLE('',#4092,4.23205080756888);
#182=CIRCLE('',#4095,2.5);
#183=CIRCLE('',#4098,2.5);
#184=CIRCLE('',#4102,2.1);
#185=CIRCLE('',#4103,3.1);
#186=CIRCLE('',#4107,3.99999999999999);
#187=CIRCLE('',#4108,4.99999999999999);
#188=CIRCLE('',#4111,4.);
#189=CIRCLE('',#4112,5.);
#190=CIRCLE('',#4115,3.99999999999999);
#191=CIRCLE('',#4116,5.);
#192=CIRCLE('',#4119,4.);
#193=CIRCLE('',#4122,3.99999999999999);
#194=CIRCLE('',#4128,2.5);
#195=CIRCLE('',#4130,2.5);
#196=CIRCLE('',#4134,2.1);
#197=CIRCLE('',#4139,3.99999999999999);
#198=CIRCLE('',#4146,2.5);
#199=CIRCLE('',#4147,4.23205080756888);
#200=CIRCLE('',#4151,2.5);
#201=CIRCLE('',#4152,4.23205080756887);
#202=CIRCLE('',#4154,2.5);
#203=CIRCLE('',#4155,4.23205080756887);
#204=CIRCLE('',#4159,2.5);
#205=CIRCLE('',#4160,4.23205080756887);
#206=CIRCLE('',#4163,2.5);
#207=CIRCLE('',#4166,2.5);
#208=CIRCLE('',#4170,2.1);
#209=CIRCLE('',#4171,3.1);
#210=CIRCLE('',#4175,3.99999999999999);
#211=CIRCLE('',#4176,4.99999999999999);
#212=CIRCLE('',#4179,4.);
#213=CIRCLE('',#4180,5.);
#214=CIRCLE('',#4183,3.99999999999999);
#215=CIRCLE('',#4184,4.99999999999999);
#216=CIRCLE('',#4187,4.);
#217=CIRCLE('',#4190,3.99999999999999);
#218=CIRCLE('',#4196,2.5);
#219=CIRCLE('',#4198,2.5);
#220=CIRCLE('',#4202,2.1);
#221=CIRCLE('',#4207,3.99999999999999);
#222=CYLINDRICAL_SURFACE('',#3901,3.5);
#223=CYLINDRICAL_SURFACE('',#3905,3.5);
#224=CYLINDRICAL_SURFACE('',#3911,4.5);
#225=CYLINDRICAL_SURFACE('',#3915,4.5);
#226=CYLINDRICAL_SURFACE('',#3935,4.);
#227=CYLINDRICAL_SURFACE('',#3939,4.);
#228=CYLINDRICAL_SURFACE('',#4029,1.25);
#229=CYLINDRICAL_SURFACE('',#4030,1.85);
#230=CYLINDRICAL_SURFACE('',#4031,1.85);
#231=CYLINDRICAL_SURFACE('',#4032,1.85);
#232=CYLINDRICAL_SURFACE('',#4033,1.85);
#233=CYLINDRICAL_SURFACE('',#4034,1.85);
#234=CYLINDRICAL_SURFACE('',#4035,1.85);
#235=CYLINDRICAL_SURFACE('',#4036,1.85);
#236=CYLINDRICAL_SURFACE('',#4037,1.25);
#237=CYLINDRICAL_SURFACE('',#4038,1.85);
#238=CYLINDRICAL_SURFACE('',#4039,1.25);
#239=CYLINDRICAL_SURFACE('',#4040,1.25);
#240=CYLINDRICAL_SURFACE('',#4058,2.25);
#241=CYLINDRICAL_SURFACE('',#4060,2.25);
#242=CYLINDRICAL_SURFACE('',#4062,2.25);
#243=CYLINDRICAL_SURFACE('',#4064,2.25);
#244=CYLINDRICAL_SURFACE('',#4066,2.25);
#245=CYLINDRICAL_SURFACE('',#4068,2.25);
#246=CYLINDRICAL_SURFACE('',#4070,2.25);
#247=CYLINDRICAL_SURFACE('',#4072,2.25);
#248=CYLINDRICAL_SURFACE('',#4094,2.5);
#249=CYLINDRICAL_SURFACE('',#4097,2.5);
#250=CYLINDRICAL_SURFACE('',#4118,4.);
#251=CYLINDRICAL_SURFACE('',#4121,3.99999999999999);
#252=CYLINDRICAL_SURFACE('',#4127,2.5);
#253=CYLINDRICAL_SURFACE('',#4129,2.5);
#254=CYLINDRICAL_SURFACE('',#4133,2.1);
#255=CYLINDRICAL_SURFACE('',#4138,3.99999999999999);
#256=CYLINDRICAL_SURFACE('',#4162,2.5);
#257=CYLINDRICAL_SURFACE('',#4165,2.5);
#258=CYLINDRICAL_SURFACE('',#4186,4.);
#259=CYLINDRICAL_SURFACE('',#4189,3.99999999999999);
#260=CYLINDRICAL_SURFACE('',#4195,2.5);
#261=CYLINDRICAL_SURFACE('',#4197,2.5);
#262=CYLINDRICAL_SURFACE('',#4201,2.1);
#263=CYLINDRICAL_SURFACE('',#4206,3.99999999999999);
#264=FACE_OUTER_BOUND('',#471,.T.);
#265=FACE_OUTER_BOUND('',#472,.T.);
#266=FACE_OUTER_BOUND('',#473,.T.);
#267=FACE_OUTER_BOUND('',#474,.T.);
#268=FACE_OUTER_BOUND('',#475,.T.);
#269=FACE_OUTER_BOUND('',#477,.T.);
#270=FACE_OUTER_BOUND('',#478,.T.);
#271=FACE_OUTER_BOUND('',#479,.T.);
#272=FACE_OUTER_BOUND('',#480,.T.);
#273=FACE_OUTER_BOUND('',#481,.T.);
#274=FACE_OUTER_BOUND('',#482,.T.);
#275=FACE_OUTER_BOUND('',#483,.T.);
#276=FACE_OUTER_BOUND('',#485,.T.);
#277=FACE_OUTER_BOUND('',#486,.T.);
#278=FACE_OUTER_BOUND('',#488,.T.);
#279=FACE_OUTER_BOUND('',#489,.T.);
#280=FACE_OUTER_BOUND('',#505,.T.);
#281=FACE_OUTER_BOUND('',#506,.T.);
#282=FACE_OUTER_BOUND('',#507,.T.);
#283=FACE_OUTER_BOUND('',#508,.T.);
#284=FACE_OUTER_BOUND('',#509,.T.);
#285=FACE_OUTER_BOUND('',#510,.T.);
#286=FACE_OUTER_BOUND('',#512,.T.);
#287=FACE_OUTER_BOUND('',#513,.T.);
#288=FACE_OUTER_BOUND('',#514,.T.);
#289=FACE_OUTER_BOUND('',#516,.T.);
#290=FACE_OUTER_BOUND('',#518,.T.);
#291=FACE_OUTER_BOUND('',#519,.T.);
#292=FACE_OUTER_BOUND('',#520,.T.);
#293=FACE_OUTER_BOUND('',#521,.T.);
#294=FACE_OUTER_BOUND('',#522,.T.);
#295=FACE_OUTER_BOUND('',#523,.T.);
#296=FACE_OUTER_BOUND('',#524,.T.);
#297=FACE_OUTER_BOUND('',#526,.T.);
#298=FACE_OUTER_BOUND('',#527,.T.);
#299=FACE_OUTER_BOUND('',#528,.T.);
#300=FACE_OUTER_BOUND('',#529,.T.);
#301=FACE_OUTER_BOUND('',#530,.T.);
#302=FACE_OUTER_BOUND('',#531,.T.);
#303=FACE_OUTER_BOUND('',#532,.T.);
#304=FACE_OUTER_BOUND('',#534,.T.);
#305=FACE_OUTER_BOUND('',#535,.T.);
#306=FACE_OUTER_BOUND('',#536,.T.);
#307=FACE_OUTER_BOUND('',#537,.T.);
#308=FACE_OUTER_BOUND('',#538,.T.);
#309=FACE_OUTER_BOUND('',#539,.T.);
#310=FACE_OUTER_BOUND('',#540,.T.);
#311=FACE_OUTER_BOUND('',#542,.T.);
#312=FACE_OUTER_BOUND('',#543,.T.);
#313=FACE_OUTER_BOUND('',#544,.T.);
#314=FACE_OUTER_BOUND('',#545,.T.);
#315=FACE_OUTER_BOUND('',#546,.T.);
#316=FACE_OUTER_BOUND('',#547,.T.);
#317=FACE_OUTER_BOUND('',#548,.T.);
#318=FACE_OUTER_BOUND('',#550,.T.);
#319=FACE_OUTER_BOUND('',#551,.T.);
#320=FACE_OUTER_BOUND('',#552,.T.);
#321=FACE_OUTER_BOUND('',#553,.T.);
#322=FACE_OUTER_BOUND('',#554,.T.);
#323=FACE_OUTER_BOUND('',#555,.T.);
#324=FACE_OUTER_BOUND('',#556,.T.);
#325=FACE_OUTER_BOUND('',#558,.T.);
#326=FACE_OUTER_BOUND('',#559,.T.);
#327=FACE_OUTER_BOUND('',#560,.T.);
#328=FACE_OUTER_BOUND('',#561,.T.);
#329=FACE_OUTER_BOUND('',#562,.T.);
#330=FACE_OUTER_BOUND('',#563,.T.);
#331=FACE_OUTER_BOUND('',#564,.T.);
#332=FACE_OUTER_BOUND('',#566,.T.);
#333=FACE_OUTER_BOUND('',#567,.T.);
#334=FACE_OUTER_BOUND('',#568,.T.);
#335=FACE_OUTER_BOUND('',#569,.T.);
#336=FACE_OUTER_BOUND('',#570,.T.);
#337=FACE_OUTER_BOUND('',#571,.T.);
#338=FACE_OUTER_BOUND('',#572,.T.);
#339=FACE_OUTER_BOUND('',#574,.T.);
#340=FACE_OUTER_BOUND('',#575,.T.);
#341=FACE_OUTER_BOUND('',#576,.T.);
#342=FACE_OUTER_BOUND('',#577,.T.);
#343=FACE_OUTER_BOUND('',#578,.T.);
#344=FACE_OUTER_BOUND('',#579,.T.);
#345=FACE_OUTER_BOUND('',#580,.T.);
#346=FACE_OUTER_BOUND('',#581,.T.);
#347=FACE_OUTER_BOUND('',#582,.T.);
#348=FACE_OUTER_BOUND('',#587,.T.);
#349=FACE_OUTER_BOUND('',#593,.T.);
#350=FACE_OUTER_BOUND('',#600,.T.);
#351=FACE_OUTER_BOUND('',#603,.T.);
#352=FACE_OUTER_BOUND('',#604,.T.);
#353=FACE_OUTER_BOUND('',#605,.T.);
#354=FACE_OUTER_BOUND('',#606,.T.);
#355=FACE_OUTER_BOUND('',#607,.T.);
#356=FACE_OUTER_BOUND('',#608,.T.);
#357=FACE_OUTER_BOUND('',#609,.T.);
#358=FACE_OUTER_BOUND('',#610,.T.);
#359=FACE_OUTER_BOUND('',#611,.T.);
#360=FACE_OUTER_BOUND('',#612,.T.);
#361=FACE_OUTER_BOUND('',#613,.T.);
#362=FACE_OUTER_BOUND('',#614,.T.);
#363=FACE_OUTER_BOUND('',#615,.T.);
#364=FACE_OUTER_BOUND('',#618,.T.);
#365=FACE_OUTER_BOUND('',#619,.T.);
#366=FACE_OUTER_BOUND('',#620,.T.);
#367=FACE_OUTER_BOUND('',#621,.T.);
#368=FACE_OUTER_BOUND('',#622,.T.);
#369=FACE_OUTER_BOUND('',#623,.T.);
#370=FACE_OUTER_BOUND('',#628,.T.);
#371=FACE_OUTER_BOUND('',#633,.T.);
#372=FACE_OUTER_BOUND('',#634,.T.);
#373=FACE_OUTER_BOUND('',#635,.T.);
#374=FACE_OUTER_BOUND('',#636,.T.);
#375=FACE_OUTER_BOUND('',#637,.T.);
#376=FACE_OUTER_BOUND('',#638,.T.);
#377=FACE_OUTER_BOUND('',#639,.T.);
#378=FACE_OUTER_BOUND('',#640,.T.);
#379=FACE_OUTER_BOUND('',#641,.T.);
#380=FACE_OUTER_BOUND('',#642,.T.);
#381=FACE_OUTER_BOUND('',#643,.T.);
#382=FACE_OUTER_BOUND('',#644,.T.);
#383=FACE_OUTER_BOUND('',#653,.T.);
#384=FACE_OUTER_BOUND('',#654,.T.);
#385=FACE_OUTER_BOUND('',#655,.T.);
#386=FACE_OUTER_BOUND('',#656,.T.);
#387=FACE_OUTER_BOUND('',#657,.T.);
#388=FACE_OUTER_BOUND('',#658,.T.);
#389=FACE_OUTER_BOUND('',#659,.T.);
#390=FACE_OUTER_BOUND('',#660,.T.);
#391=FACE_OUTER_BOUND('',#661,.T.);
#392=FACE_OUTER_BOUND('',#662,.T.);
#393=FACE_OUTER_BOUND('',#663,.T.);
#394=FACE_OUTER_BOUND('',#664,.T.);
#395=FACE_OUTER_BOUND('',#665,.T.);
#396=FACE_OUTER_BOUND('',#667,.T.);
#397=FACE_OUTER_BOUND('',#668,.T.);
#398=FACE_OUTER_BOUND('',#669,.T.);
#399=FACE_OUTER_BOUND('',#670,.T.);
#400=FACE_OUTER_BOUND('',#671,.T.);
#401=FACE_OUTER_BOUND('',#672,.T.);
#402=FACE_OUTER_BOUND('',#673,.T.);
#403=FACE_OUTER_BOUND('',#674,.T.);
#404=FACE_OUTER_BOUND('',#675,.T.);
#405=FACE_OUTER_BOUND('',#676,.T.);
#406=FACE_OUTER_BOUND('',#677,.T.);
#407=FACE_OUTER_BOUND('',#678,.T.);
#408=FACE_OUTER_BOUND('',#679,.T.);
#409=FACE_OUTER_BOUND('',#680,.T.);
#410=FACE_OUTER_BOUND('',#681,.T.);
#411=FACE_OUTER_BOUND('',#682,.T.);
#412=FACE_OUTER_BOUND('',#684,.T.);
#413=FACE_OUTER_BOUND('',#685,.T.);
#414=FACE_OUTER_BOUND('',#686,.T.);
#415=FACE_OUTER_BOUND('',#687,.T.);
#416=FACE_OUTER_BOUND('',#688,.T.);
#417=FACE_OUTER_BOUND('',#689,.T.);
#418=FACE_OUTER_BOUND('',#690,.T.);
#419=FACE_OUTER_BOUND('',#691,.T.);
#420=FACE_OUTER_BOUND('',#692,.T.);
#421=FACE_OUTER_BOUND('',#693,.T.);
#422=FACE_OUTER_BOUND('',#694,.T.);
#423=FACE_OUTER_BOUND('',#695,.T.);
#424=FACE_OUTER_BOUND('',#696,.T.);
#425=FACE_OUTER_BOUND('',#697,.T.);
#426=FACE_OUTER_BOUND('',#698,.T.);
#427=FACE_OUTER_BOUND('',#701,.T.);
#428=FACE_OUTER_BOUND('',#702,.T.);
#429=FACE_OUTER_BOUND('',#703,.T.);
#430=FACE_OUTER_BOUND('',#704,.T.);
#431=FACE_OUTER_BOUND('',#705,.T.);
#432=FACE_OUTER_BOUND('',#706,.T.);
#433=FACE_OUTER_BOUND('',#707,.T.);
#434=FACE_OUTER_BOUND('',#708,.T.);
#435=FACE_OUTER_BOUND('',#709,.T.);
#436=FACE_OUTER_BOUND('',#710,.T.);
#437=FACE_OUTER_BOUND('',#711,.T.);
#438=FACE_OUTER_BOUND('',#712,.T.);
#439=FACE_OUTER_BOUND('',#713,.T.);
#440=FACE_OUTER_BOUND('',#715,.T.);
#441=FACE_OUTER_BOUND('',#716,.T.);
#442=FACE_OUTER_BOUND('',#717,.T.);
#443=FACE_OUTER_BOUND('',#718,.T.);
#444=FACE_OUTER_BOUND('',#719,.T.);
#445=FACE_OUTER_BOUND('',#720,.T.);
#446=FACE_OUTER_BOUND('',#721,.T.);
#447=FACE_OUTER_BOUND('',#722,.T.);
#448=FACE_OUTER_BOUND('',#723,.T.);
#449=FACE_OUTER_BOUND('',#724,.T.);
#450=FACE_OUTER_BOUND('',#725,.T.);
#451=FACE_OUTER_BOUND('',#726,.T.);
#452=FACE_OUTER_BOUND('',#727,.T.);
#453=FACE_OUTER_BOUND('',#728,.T.);
#454=FACE_OUTER_BOUND('',#729,.T.);
#455=FACE_OUTER_BOUND('',#730,.T.);
#456=FACE_OUTER_BOUND('',#732,.T.);
#457=FACE_OUTER_BOUND('',#733,.T.);
#458=FACE_OUTER_BOUND('',#734,.T.);
#459=FACE_OUTER_BOUND('',#735,.T.);
#460=FACE_OUTER_BOUND('',#736,.T.);
#461=FACE_OUTER_BOUND('',#737,.T.);
#462=FACE_OUTER_BOUND('',#738,.T.);
#463=FACE_OUTER_BOUND('',#739,.T.);
#464=FACE_OUTER_BOUND('',#740,.T.);
#465=FACE_OUTER_BOUND('',#741,.T.);
#466=FACE_OUTER_BOUND('',#742,.T.);
#467=FACE_OUTER_BOUND('',#743,.T.);
#468=FACE_OUTER_BOUND('',#744,.T.);
#469=FACE_OUTER_BOUND('',#745,.T.);
#470=FACE_OUTER_BOUND('',#746,.T.);
#471=EDGE_LOOP('',(#2467,#2468,#2469,#2470));
#472=EDGE_LOOP('',(#2471,#2472,#2473,#2474));
#473=EDGE_LOOP('',(#2475,#2476,#2477,#2478));
#474=EDGE_LOOP('',(#2479,#2480,#2481,#2482));
#475=EDGE_LOOP('',(#2483,#2484,#2485,#2486));
#476=EDGE_LOOP('',(#2487,#2488,#2489,#2490));
#477=EDGE_LOOP('',(#2491,#2492,#2493,#2494));
#478=EDGE_LOOP('',(#2495,#2496,#2497,#2498));
#479=EDGE_LOOP('',(#2499,#2500,#2501,#2502));
#480=EDGE_LOOP('',(#2503,#2504,#2505,#2506));
#481=EDGE_LOOP('',(#2507,#2508,#2509,#2510));
#482=EDGE_LOOP('',(#2511,#2512,#2513,#2514));
#483=EDGE_LOOP('',(#2515,#2516,#2517,#2518));
#484=EDGE_LOOP('',(#2519));
#485=EDGE_LOOP('',(#2520,#2521,#2522,#2523));
#486=EDGE_LOOP('',(#2524,#2525,#2526,#2527));
#487=EDGE_LOOP('',(#2528));
#488=EDGE_LOOP('',(#2529,#2530,#2531,#2532));
#489=EDGE_LOOP('',(#2533,#2534,#2535,#2536));
#490=EDGE_LOOP('',(#2537,#2538,#2539,#2540));
#491=EDGE_LOOP('',(#2541));
#492=EDGE_LOOP('',(#2542,#2543,#2544,#2545,#2546,#2547));
#493=EDGE_LOOP('',(#2548,#2549,#2550,#2551,#2552,#2553));
#494=EDGE_LOOP('',(#2554,#2555,#2556,#2557,#2558,#2559));
#495=EDGE_LOOP('',(#2560,#2561,#2562,#2563,#2564,#2565));
#496=EDGE_LOOP('',(#2566,#2567,#2568,#2569,#2570,#2571));
#497=EDGE_LOOP('',(#2572,#2573,#2574,#2575,#2576,#2577));
#498=EDGE_LOOP('',(#2578,#2579,#2580,#2581,#2582,#2583));
#499=EDGE_LOOP('',(#2584,#2585,#2586,#2587,#2588,#2589));
#500=EDGE_LOOP('',(#2590));
#501=EDGE_LOOP('',(#2591));
#502=EDGE_LOOP('',(#2592));
#503=EDGE_LOOP('',(#2593));
#504=EDGE_LOOP('',(#2594));
#505=EDGE_LOOP('',(#2595,#2596,#2597,#2598));
#506=EDGE_LOOP('',(#2599,#2600,#2601,#2602));
#507=EDGE_LOOP('',(#2603,#2604,#2605,#2606));
#508=EDGE_LOOP('',(#2607,#2608,#2609,#2610));
#509=EDGE_LOOP('',(#2611,#2612,#2613,#2614));
#510=EDGE_LOOP('',(#2615,#2616,#2617,#2618));
#511=EDGE_LOOP('',(#2619));
#512=EDGE_LOOP('',(#2620,#2621,#2622,#2623));
#513=EDGE_LOOP('',(#2624,#2625,#2626,#2627));
#514=EDGE_LOOP('',(#2628,#2629,#2630,#2631));
#515=EDGE_LOOP('',(#2632));
#516=EDGE_LOOP('',(#2633,#2634,#2635,#2636,#2637,#2638));
#517=EDGE_LOOP('',(#2639));
#518=EDGE_LOOP('',(#2640,#2641,#2642,#2643));
#519=EDGE_LOOP('',(#2644,#2645,#2646,#2647));
#520=EDGE_LOOP('',(#2648,#2649,#2650,#2651));
#521=EDGE_LOOP('',(#2652,#2653,#2654,#2655));
#522=EDGE_LOOP('',(#2656,#2657,#2658,#2659));
#523=EDGE_LOOP('',(#2660,#2661,#2662,#2663));
#524=EDGE_LOOP('',(#2664,#2665,#2666,#2667,#2668,#2669));
#525=EDGE_LOOP('',(#2670));
#526=EDGE_LOOP('',(#2671,#2672,#2673,#2674));
#527=EDGE_LOOP('',(#2675,#2676,#2677,#2678));
#528=EDGE_LOOP('',(#2679,#2680,#2681,#2682));
#529=EDGE_LOOP('',(#2683,#2684,#2685,#2686));
#530=EDGE_LOOP('',(#2687,#2688,#2689,#2690));
#531=EDGE_LOOP('',(#2691,#2692,#2693,#2694));
#532=EDGE_LOOP('',(#2695,#2696,#2697,#2698,#2699,#2700));
#533=EDGE_LOOP('',(#2701));
#534=EDGE_LOOP('',(#2702,#2703,#2704,#2705));
#535=EDGE_LOOP('',(#2706,#2707,#2708,#2709));
#536=EDGE_LOOP('',(#2710,#2711,#2712,#2713));
#537=EDGE_LOOP('',(#2714,#2715,#2716,#2717));
#538=EDGE_LOOP('',(#2718,#2719,#2720,#2721));
#539=EDGE_LOOP('',(#2722,#2723,#2724,#2725));
#540=EDGE_LOOP('',(#2726,#2727,#2728,#2729,#2730,#2731));
#541=EDGE_LOOP('',(#2732));
#542=EDGE_LOOP('',(#2733,#2734,#2735,#2736));
#543=EDGE_LOOP('',(#2737,#2738,#2739,#2740));
#544=EDGE_LOOP('',(#2741,#2742,#2743,#2744));
#545=EDGE_LOOP('',(#2745,#2746,#2747,#2748));
#546=EDGE_LOOP('',(#2749,#2750,#2751,#2752));
#547=EDGE_LOOP('',(#2753,#2754,#2755,#2756));
#548=EDGE_LOOP('',(#2757,#2758,#2759,#2760,#2761,#2762));
#549=EDGE_LOOP('',(#2763));
#550=EDGE_LOOP('',(#2764,#2765,#2766,#2767));
#551=EDGE_LOOP('',(#2768,#2769,#2770,#2771));
#552=EDGE_LOOP('',(#2772,#2773,#2774,#2775));
#553=EDGE_LOOP('',(#2776,#2777,#2778,#2779));
#554=EDGE_LOOP('',(#2780,#2781,#2782,#2783));
#555=EDGE_LOOP('',(#2784,#2785,#2786,#2787));
#556=EDGE_LOOP('',(#2788,#2789,#2790,#2791,#2792,#2793));
#557=EDGE_LOOP('',(#2794));
#558=EDGE_LOOP('',(#2795,#2796,#2797,#2798));
#559=EDGE_LOOP('',(#2799,#2800,#2801,#2802));
#560=EDGE_LOOP('',(#2803,#2804,#2805,#2806));
#561=EDGE_LOOP('',(#2807,#2808,#2809,#2810));
#562=EDGE_LOOP('',(#2811,#2812,#2813,#2814));
#563=EDGE_LOOP('',(#2815,#2816,#2817,#2818));
#564=EDGE_LOOP('',(#2819,#2820,#2821,#2822,#2823,#2824));
#565=EDGE_LOOP('',(#2825));
#566=EDGE_LOOP('',(#2826,#2827,#2828,#2829));
#567=EDGE_LOOP('',(#2830,#2831,#2832,#2833));
#568=EDGE_LOOP('',(#2834,#2835,#2836,#2837));
#569=EDGE_LOOP('',(#2838,#2839,#2840,#2841));
#570=EDGE_LOOP('',(#2842,#2843,#2844,#2845));
#571=EDGE_LOOP('',(#2846,#2847,#2848,#2849));
#572=EDGE_LOOP('',(#2850,#2851,#2852,#2853,#2854,#2855));
#573=EDGE_LOOP('',(#2856));
#574=EDGE_LOOP('',(#2857,#2858,#2859,#2860));
#575=EDGE_LOOP('',(#2861,#2862,#2863,#2864));
#576=EDGE_LOOP('',(#2865,#2866,#2867,#2868));
#577=EDGE_LOOP('',(#2869,#2870,#2871,#2872));
#578=EDGE_LOOP('',(#2873,#2874,#2875,#2876));
#579=EDGE_LOOP('',(#2877,#2878,#2879,#2880));
#580=EDGE_LOOP('',(#2881,#2882,#2883,#2884));
#581=EDGE_LOOP('',(#2885,#2886,#2887,#2888));
#582=EDGE_LOOP('',(#2889,#2890,#2891,#2892));
#583=EDGE_LOOP('',(#2893));
#584=EDGE_LOOP('',(#2894));
#585=EDGE_LOOP('',(#2895));
#586=EDGE_LOOP('',(#2896));
#587=EDGE_LOOP('',(#2897,#2898,#2899,#2900));
#588=EDGE_LOOP('',(#2901));
#589=EDGE_LOOP('',(#2902));
#590=EDGE_LOOP('',(#2903));
#591=EDGE_LOOP('',(#2904));
#592=EDGE_LOOP('',(#2905));
#593=EDGE_LOOP('',(#2906,#2907,#2908,#2909));
#594=EDGE_LOOP('',(#2910,#2911,#2912,#2913));
#595=EDGE_LOOP('',(#2914));
#596=EDGE_LOOP('',(#2915));
#597=EDGE_LOOP('',(#2916));
#598=EDGE_LOOP('',(#2917));
#599=EDGE_LOOP('',(#2918));
#600=EDGE_LOOP('',(#2919,#2920,#2921,#2922,#2923,#2924,#2925,#2926));
#601=EDGE_LOOP('',(#2927,#2928,#2929,#2930));
#602=EDGE_LOOP('',(#2931,#2932,#2933,#2934));
#603=EDGE_LOOP('',(#2935,#2936,#2937,#2938));
#604=EDGE_LOOP('',(#2939,#2940,#2941,#2942));
#605=EDGE_LOOP('',(#2943,#2944,#2945,#2946));
#606=EDGE_LOOP('',(#2947,#2948,#2949,#2950));
#607=EDGE_LOOP('',(#2951,#2952,#2953,#2954));
#608=EDGE_LOOP('',(#2955,#2956,#2957,#2958));
#609=EDGE_LOOP('',(#2959,#2960,#2961,#2962));
#610=EDGE_LOOP('',(#2963,#2964,#2965,#2966));
#611=EDGE_LOOP('',(#2967,#2968,#2969,#2970));
#612=EDGE_LOOP('',(#2971,#2972,#2973,#2974));
#613=EDGE_LOOP('',(#2975,#2976,#2977,#2978));
#614=EDGE_LOOP('',(#2979,#2980,#2981,#2982));
#615=EDGE_LOOP('',(#2983,#2984,#2985,#2986,#2987,#2988,#2989,#2990));
#616=EDGE_LOOP('',(#2991,#2992,#2993,#2994));
#617=EDGE_LOOP('',(#2995,#2996,#2997,#2998));
#618=EDGE_LOOP('',(#2999,#3000,#3001,#3002));
#619=EDGE_LOOP('',(#3003,#3004,#3005,#3006));
#620=EDGE_LOOP('',(#3007,#3008,#3009,#3010));
#621=EDGE_LOOP('',(#3011,#3012,#3013,#3014));
#622=EDGE_LOOP('',(#3015,#3016,#3017,#3018,#3019,#3020,#3021,#3022));
#623=EDGE_LOOP('',(#3023,#3024,#3025,#3026));
#624=EDGE_LOOP('',(#3027));
#625=EDGE_LOOP('',(#3028));
#626=EDGE_LOOP('',(#3029));
#627=EDGE_LOOP('',(#3030));
#628=EDGE_LOOP('',(#3031,#3032,#3033,#3034));
#629=EDGE_LOOP('',(#3035));
#630=EDGE_LOOP('',(#3036));
#631=EDGE_LOOP('',(#3037));
#632=EDGE_LOOP('',(#3038));
#633=EDGE_LOOP('',(#3039,#3040,#3041,#3042));
#634=EDGE_LOOP('',(#3043,#3044,#3045,#3046));
#635=EDGE_LOOP('',(#3047,#3048,#3049,#3050));
#636=EDGE_LOOP('',(#3051,#3052,#3053,#3054));
#637=EDGE_LOOP('',(#3055,#3056,#3057,#3058));
#638=EDGE_LOOP('',(#3059,#3060,#3061,#3062));
#639=EDGE_LOOP('',(#3063,#3064,#3065,#3066));
#640=EDGE_LOOP('',(#3067,#3068,#3069,#3070));
#641=EDGE_LOOP('',(#3071,#3072,#3073,#3074));
#642=EDGE_LOOP('',(#3075,#3076,#3077,#3078,#3079,#3080,#3081,#3082));
#643=EDGE_LOOP('',(#3083,#3084,#3085,#3086));
#644=EDGE_LOOP('',(#3087,#3088,#3089,#3090));
#645=EDGE_LOOP('',(#3091));
#646=EDGE_LOOP('',(#3092));
#647=EDGE_LOOP('',(#3093));
#648=EDGE_LOOP('',(#3094));
#649=EDGE_LOOP('',(#3095));
#650=EDGE_LOOP('',(#3096));
#651=EDGE_LOOP('',(#3097));
#652=EDGE_LOOP('',(#3098));
#653=EDGE_LOOP('',(#3099,#3100,#3101,#3102));
#654=EDGE_LOOP('',(#3103,#3104,#3105,#3106));
#655=EDGE_LOOP('',(#3107,#3108,#3109,#3110));
#656=EDGE_LOOP('',(#3111,#3112,#3113,#3114));
#657=EDGE_LOOP('',(#3115,#3116,#3117,#3118));
#658=EDGE_LOOP('',(#3119,#3120,#3121,#3122));
#659=EDGE_LOOP('',(#3123,#3124,#3125,#3126));
#660=EDGE_LOOP('',(#3127,#3128,#3129,#3130));
#661=EDGE_LOOP('',(#3131,#3132,#3133,#3134));
#662=EDGE_LOOP('',(#3135,#3136,#3137,#3138));
#663=EDGE_LOOP('',(#3139,#3140,#3141,#3142));
#664=EDGE_LOOP('',(#3143,#3144,#3145,#3146));
#665=EDGE_LOOP('',(#3147,#3148,#3149,#3150));
#666=EDGE_LOOP('',(#3151,#3152,#3153,#3154,#3155,#3156,#3157,#3158));
#667=EDGE_LOOP('',(#3159,#3160,#3161,#3162));
#668=EDGE_LOOP('',(#3163,#3164,#3165,#3166));
#669=EDGE_LOOP('',(#3167,#3168,#3169,#3170));
#670=EDGE_LOOP('',(#3171,#3172,#3173,#3174));
#671=EDGE_LOOP('',(#3175,#3176,#3177,#3178));
#672=EDGE_LOOP('',(#3179,#3180,#3181,#3182));
#673=EDGE_LOOP('',(#3183,#3184,#3185,#3186));
#674=EDGE_LOOP('',(#3187,#3188,#3189,#3190));
#675=EDGE_LOOP('',(#3191,#3192,#3193,#3194));
#676=EDGE_LOOP('',(#3195,#3196,#3197,#3198));
#677=EDGE_LOOP('',(#3199,#3200,#3201,#3202));
#678=EDGE_LOOP('',(#3203,#3204,#3205,#3206));
#679=EDGE_LOOP('',(#3207,#3208,#3209,#3210));
#680=EDGE_LOOP('',(#3211,#3212,#3213,#3214));
#681=EDGE_LOOP('',(#3215,#3216,#3217,#3218));
#682=EDGE_LOOP('',(#3219,#3220,#3221,#3222));
#683=EDGE_LOOP('',(#3223,#3224,#3225,#3226,#3227,#3228,#3229,#3230,#3231,
#3232));
#684=EDGE_LOOP('',(#3233,#3234,#3235,#3236));
#685=EDGE_LOOP('',(#3237,#3238,#3239,#3240));
#686=EDGE_LOOP('',(#3241,#3242,#3243,#3244));
#687=EDGE_LOOP('',(#3245,#3246,#3247,#3248));
#688=EDGE_LOOP('',(#3249,#3250,#3251,#3252));
#689=EDGE_LOOP('',(#3253,#3254,#3255,#3256));
#690=EDGE_LOOP('',(#3257,#3258,#3259,#3260));
#691=EDGE_LOOP('',(#3261,#3262,#3263,#3264,#3265,#3266));
#692=EDGE_LOOP('',(#3267,#3268,#3269,#3270));
#693=EDGE_LOOP('',(#3271,#3272,#3273,#3274));
#694=EDGE_LOOP('',(#3275,#3276,#3277,#3278));
#695=EDGE_LOOP('',(#3279,#3280,#3281,#3282));
#696=EDGE_LOOP('',(#3283,#3284,#3285,#3286,#3287,#3288));
#697=EDGE_LOOP('',(#3289,#3290,#3291,#3292));
#698=EDGE_LOOP('',(#3293,#3294,#3295,#3296));
#699=EDGE_LOOP('',(#3297,#3298,#3299,#3300,#3301,#3302,#3303,#3304));
#700=EDGE_LOOP('',(#3305,#3306,#3307,#3308,#3309,#3310,#3311,#3312,#3313,
#3314));
#701=EDGE_LOOP('',(#3315,#3316,#3317,#3318));
#702=EDGE_LOOP('',(#3319,#3320,#3321,#3322));
#703=EDGE_LOOP('',(#3323,#3324,#3325,#3326));
#704=EDGE_LOOP('',(#3327,#3328,#3329,#3330));
#705=EDGE_LOOP('',(#3331,#3332,#3333,#3334));
#706=EDGE_LOOP('',(#3335,#3336,#3337,#3338));
#707=EDGE_LOOP('',(#3339,#3340,#3341,#3342));
#708=EDGE_LOOP('',(#3343,#3344,#3345,#3346));
#709=EDGE_LOOP('',(#3347,#3348,#3349,#3350));
#710=EDGE_LOOP('',(#3351,#3352,#3353,#3354));
#711=EDGE_LOOP('',(#3355,#3356,#3357,#3358));
#712=EDGE_LOOP('',(#3359,#3360,#3361,#3362));
#713=EDGE_LOOP('',(#3363,#3364,#3365,#3366));
#714=EDGE_LOOP('',(#3367,#3368,#3369,#3370,#3371,#3372,#3373,#3374));
#715=EDGE_LOOP('',(#3375,#3376,#3377,#3378));
#716=EDGE_LOOP('',(#3379,#3380,#3381,#3382));
#717=EDGE_LOOP('',(#3383,#3384,#3385,#3386));
#718=EDGE_LOOP('',(#3387,#3388,#3389,#3390));
#719=EDGE_LOOP('',(#3391,#3392,#3393,#3394));
#720=EDGE_LOOP('',(#3395,#3396,#3397,#3398));
#721=EDGE_LOOP('',(#3399,#3400,#3401,#3402));
#722=EDGE_LOOP('',(#3403,#3404,#3405,#3406));
#723=EDGE_LOOP('',(#3407,#3408,#3409,#3410));
#724=EDGE_LOOP('',(#3411,#3412,#3413,#3414));
#725=EDGE_LOOP('',(#3415,#3416,#3417,#3418));
#726=EDGE_LOOP('',(#3419,#3420,#3421,#3422));
#727=EDGE_LOOP('',(#3423,#3424,#3425,#3426));
#728=EDGE_LOOP('',(#3427,#3428,#3429,#3430));
#729=EDGE_LOOP('',(#3431,#3432,#3433,#3434));
#730=EDGE_LOOP('',(#3435,#3436,#3437,#3438));
#731=EDGE_LOOP('',(#3439,#3440,#3441,#3442,#3443,#3444,#3445,#3446,#3447,
#3448));
#732=EDGE_LOOP('',(#3449,#3450,#3451,#3452));
#733=EDGE_LOOP('',(#3453,#3454,#3455,#3456));
#734=EDGE_LOOP('',(#3457,#3458,#3459,#3460));
#735=EDGE_LOOP('',(#3461,#3462,#3463,#3464));
#736=EDGE_LOOP('',(#3465,#3466,#3467,#3468));
#737=EDGE_LOOP('',(#3469,#3470,#3471,#3472));
#738=EDGE_LOOP('',(#3473,#3474,#3475,#3476));
#739=EDGE_LOOP('',(#3477,#3478,#3479,#3480,#3481,#3482));
#740=EDGE_LOOP('',(#3483,#3484,#3485,#3486));
#741=EDGE_LOOP('',(#3487,#3488,#3489,#3490));
#742=EDGE_LOOP('',(#3491,#3492,#3493,#3494));
#743=EDGE_LOOP('',(#3495,#3496,#3497,#3498));
#744=EDGE_LOOP('',(#3499,#3500,#3501,#3502,#3503,#3504));
#745=EDGE_LOOP('',(#3505,#3506,#3507,#3508));
#746=EDGE_LOOP('',(#3509,#3510,#3511,#3512));
#747=EDGE_LOOP('',(#3513,#3514,#3515,#3516,#3517,#3518,#3519,#3520));
#748=EDGE_LOOP('',(#3521,#3522,#3523,#3524,#3525,#3526,#3527,#3528,#3529,
#3530));
#749=LINE('',#5267,#1171);
#750=LINE('',#5269,#1172);
#751=LINE('',#5271,#1173);
#752=LINE('',#5272,#1174);
#753=LINE('',#5278,#1175);
#754=LINE('',#5281,#1176);
#755=LINE('',#5283,#1177);
#756=LINE('',#5284,#1178);
#757=LINE('',#5293,#1179);
#758=LINE('',#5296,#1180);
#759=LINE('',#5299,#1181);
#760=LINE('',#5302,#1182);
#761=LINE('',#5305,#1183);
#762=LINE('',#5306,#1184);
#763=LINE('',#5309,#1185);
#764=LINE('',#5310,#1186);
#765=LINE('',#5316,#1187);
#766=LINE('',#5318,#1188);
#767=LINE('',#5320,#1189);
#768=LINE('',#5321,#1190);
#769=LINE('',#5326,#1191);
#770=LINE('',#5331,#1192);
#771=LINE('',#5333,#1193);
#772=LINE('',#5335,#1194);
#773=LINE('',#5336,#1195);
#774=LINE('',#5341,#1196);
#775=LINE('',#5346,#1197);
#776=LINE('',#5348,#1198);
#777=LINE('',#5350,#1199);
#778=LINE('',#5351,#1200);
#779=LINE('',#5356,#1201);
#780=LINE('',#5360,#1202);
#781=LINE('',#5362,#1203);
#782=LINE('',#5363,#1204);
#783=LINE('',#5366,#1205);
#784=LINE('',#5368,#1206);
#785=LINE('',#5370,#1207);
#786=LINE('',#5372,#1208);
#787=LINE('',#5374,#1209);
#788=LINE('',#5375,#1210);
#789=LINE('',#5378,#1211);
#790=LINE('',#5380,#1212);
#791=LINE('',#5382,#1213);
#792=LINE('',#5384,#1214);
#793=LINE('',#5386,#1215);
#794=LINE('',#5387,#1216);
#795=LINE('',#5390,#1217);
#796=LINE('',#5392,#1218);
#797=LINE('',#5394,#1219);
#798=LINE('',#5396,#1220);
#799=LINE('',#5398,#1221);
#800=LINE('',#5399,#1222);
#801=LINE('',#5402,#1223);
#802=LINE('',#5404,#1224);
#803=LINE('',#5406,#1225);
#804=LINE('',#5408,#1226);
#805=LINE('',#5410,#1227);
#806=LINE('',#5411,#1228);
#807=LINE('',#5414,#1229);
#808=LINE('',#5416,#1230);
#809=LINE('',#5418,#1231);
#810=LINE('',#5420,#1232);
#811=LINE('',#5422,#1233);
#812=LINE('',#5423,#1234);
#813=LINE('',#5426,#1235);
#814=LINE('',#5428,#1236);
#815=LINE('',#5430,#1237);
#816=LINE('',#5432,#1238);
#817=LINE('',#5434,#1239);
#818=LINE('',#5435,#1240);
#819=LINE('',#5438,#1241);
#820=LINE('',#5440,#1242);
#821=LINE('',#5442,#1243);
#822=LINE('',#5444,#1244);
#823=LINE('',#5446,#1245);
#824=LINE('',#5447,#1246);
#825=LINE('',#5450,#1247);
#826=LINE('',#5452,#1248);
#827=LINE('',#5454,#1249);
#828=LINE('',#5456,#1250);
#829=LINE('',#5458,#1251);
#830=LINE('',#5459,#1252);
#831=LINE('',#5473,#1253);
#832=LINE('',#5476,#1254);
#833=LINE('',#5481,#1255);
#834=LINE('',#5484,#1256);
#835=LINE('',#5486,#1257);
#836=LINE('',#5487,#1258);
#837=LINE('',#5490,#1259);
#838=LINE('',#5492,#1260);
#839=LINE('',#5493,#1261);
#840=LINE('',#5495,#1262);
#841=LINE('',#5496,#1263);
#842=LINE('',#5499,#1264);
#843=LINE('',#5501,#1265);
#844=LINE('',#5502,#1266);
#845=LINE('',#5505,#1267);
#846=LINE('',#5507,#1268);
#847=LINE('',#5508,#1269);
#848=LINE('',#5510,#1270);
#849=LINE('',#5511,#1271);
#850=LINE('',#5515,#1272);
#851=LINE('',#5517,#1273);
#852=LINE('',#5519,#1274);
#853=LINE('',#5521,#1275);
#854=LINE('',#5523,#1276);
#855=LINE('',#5524,#1277);
#856=LINE('',#5528,#1278);
#857=LINE('',#5529,#1279);
#858=LINE('',#5531,#1280);
#859=LINE('',#5533,#1281);
#860=LINE('',#5535,#1282);
#861=LINE('',#5537,#1283);
#862=LINE('',#5542,#1284);
#863=LINE('',#5544,#1285);
#864=LINE('',#5546,#1286);
#865=LINE('',#5548,#1287);
#866=LINE('',#5550,#1288);
#867=LINE('',#5551,#1289);
#868=LINE('',#5555,#1290);
#869=LINE('',#5556,#1291);
#870=LINE('',#5558,#1292);
#871=LINE('',#5560,#1293);
#872=LINE('',#5562,#1294);
#873=LINE('',#5564,#1295);
#874=LINE('',#5569,#1296);
#875=LINE('',#5571,#1297);
#876=LINE('',#5573,#1298);
#877=LINE('',#5575,#1299);
#878=LINE('',#5577,#1300);
#879=LINE('',#5578,#1301);
#880=LINE('',#5582,#1302);
#881=LINE('',#5583,#1303);
#882=LINE('',#5585,#1304);
#883=LINE('',#5587,#1305);
#884=LINE('',#5589,#1306);
#885=LINE('',#5591,#1307);
#886=LINE('',#5596,#1308);
#887=LINE('',#5598,#1309);
#888=LINE('',#5600,#1310);
#889=LINE('',#5602,#1311);
#890=LINE('',#5604,#1312);
#891=LINE('',#5605,#1313);
#892=LINE('',#5609,#1314);
#893=LINE('',#5610,#1315);
#894=LINE('',#5612,#1316);
#895=LINE('',#5614,#1317);
#896=LINE('',#5616,#1318);
#897=LINE('',#5618,#1319);
#898=LINE('',#5623,#1320);
#899=LINE('',#5625,#1321);
#900=LINE('',#5627,#1322);
#901=LINE('',#5629,#1323);
#902=LINE('',#5631,#1324);
#903=LINE('',#5632,#1325);
#904=LINE('',#5636,#1326);
#905=LINE('',#5637,#1327);
#906=LINE('',#5639,#1328);
#907=LINE('',#5641,#1329);
#908=LINE('',#5643,#1330);
#909=LINE('',#5645,#1331);
#910=LINE('',#5650,#1332);
#911=LINE('',#5652,#1333);
#912=LINE('',#5654,#1334);
#913=LINE('',#5656,#1335);
#914=LINE('',#5658,#1336);
#915=LINE('',#5659,#1337);
#916=LINE('',#5663,#1338);
#917=LINE('',#5664,#1339);
#918=LINE('',#5666,#1340);
#919=LINE('',#5668,#1341);
#920=LINE('',#5670,#1342);
#921=LINE('',#5672,#1343);
#922=LINE('',#5677,#1344);
#923=LINE('',#5679,#1345);
#924=LINE('',#5681,#1346);
#925=LINE('',#5683,#1347);
#926=LINE('',#5685,#1348);
#927=LINE('',#5686,#1349);
#928=LINE('',#5690,#1350);
#929=LINE('',#5691,#1351);
#930=LINE('',#5693,#1352);
#931=LINE('',#5695,#1353);
#932=LINE('',#5697,#1354);
#933=LINE('',#5699,#1355);
#934=LINE('',#5704,#1356);
#935=LINE('',#5706,#1357);
#936=LINE('',#5708,#1358);
#937=LINE('',#5710,#1359);
#938=LINE('',#5712,#1360);
#939=LINE('',#5713,#1361);
#940=LINE('',#5717,#1362);
#941=LINE('',#5718,#1363);
#942=LINE('',#5720,#1364);
#943=LINE('',#5722,#1365);
#944=LINE('',#5724,#1366);
#945=LINE('',#5726,#1367);
#946=LINE('',#5731,#1368);
#947=LINE('',#5733,#1369);
#948=LINE('',#5735,#1370);
#949=LINE('',#5736,#1371);
#950=LINE('',#5740,#1372);
#951=LINE('',#5742,#1373);
#952=LINE('',#5744,#1374);
#953=LINE('',#5745,#1375);
#954=LINE('',#5747,#1376);
#955=LINE('',#5748,#1377);
#956=LINE('',#5759,#1378);
#957=LINE('',#5761,#1379);
#958=LINE('',#5762,#1380);
#959=LINE('',#5772,#1381);
#960=LINE('',#5773,#1382);
#961=LINE('',#5783,#1383);
#962=LINE('',#5785,#1384);
#963=LINE('',#5787,#1385);
#964=LINE('',#5789,#1386);
#965=LINE('',#5791,#1387);
#966=LINE('',#5793,#1388);
#967=LINE('',#5795,#1389);
#968=LINE('',#5797,#1390);
#969=LINE('',#5799,#1391);
#970=LINE('',#5801,#1392);
#971=LINE('',#5803,#1393);
#972=LINE('',#5805,#1394);
#973=LINE('',#5807,#1395);
#974=LINE('',#5809,#1396);
#975=LINE('',#5814,#1397);
#976=LINE('',#5816,#1398);
#977=LINE('',#5818,#1399);
#978=LINE('',#5819,#1400);
#979=LINE('',#5823,#1401);
#980=LINE('',#5825,#1402);
#981=LINE('',#5827,#1403);
#982=LINE('',#5828,#1404);
#983=LINE('',#5830,#1405);
#984=LINE('',#5831,#1406);
#985=LINE('',#5834,#1407);
#986=LINE('',#5836,#1408);
#987=LINE('',#5838,#1409);
#988=LINE('',#5840,#1410);
#989=LINE('',#5841,#1411);
#990=LINE('',#5844,#1412);
#991=LINE('',#5845,#1413);
#992=LINE('',#5856,#1414);
#993=LINE('',#5857,#1415);
#994=LINE('',#5868,#1416);
#995=LINE('',#5869,#1417);
#996=LINE('',#5873,#1418);
#997=LINE('',#5877,#1419);
#998=LINE('',#5881,#1420);
#999=LINE('',#5885,#1421);
#1000=LINE('',#5889,#1422);
#1001=LINE('',#5893,#1423);
#1002=LINE('',#5897,#1424);
#1003=LINE('',#5901,#1425);
#1004=LINE('',#5904,#1426);
#1005=LINE('',#5905,#1427);
#1006=LINE('',#5907,#1428);
#1007=LINE('',#5912,#1429);
#1008=LINE('',#5916,#1430);
#1009=LINE('',#5920,#1431);
#1010=LINE('',#5922,#1432);
#1011=LINE('',#5923,#1433);
#1012=LINE('',#5927,#1434);
#1013=LINE('',#5928,#1435);
#1014=LINE('',#5929,#1436);
#1015=LINE('',#5934,#1437);
#1016=LINE('',#5939,#1438);
#1017=LINE('',#5944,#1439);
#1018=LINE('',#5946,#1440);
#1019=LINE('',#5947,#1441);
#1020=LINE('',#5951,#1442);
#1021=LINE('',#5952,#1443);
#1022=LINE('',#5953,#1444);
#1023=LINE('',#5959,#1445);
#1024=LINE('',#5961,#1446);
#1025=LINE('',#5962,#1447);
#1026=LINE('',#5965,#1448);
#1027=LINE('',#5969,#1449);
#1028=LINE('',#5970,#1450);
#1029=LINE('',#5973,#1451);
#1030=LINE('',#5978,#1452);
#1031=LINE('',#5980,#1453);
#1032=LINE('',#5982,#1454);
#1033=LINE('',#5983,#1455);
#1034=LINE('',#5987,#1456);
#1035=LINE('',#5989,#1457);
#1036=LINE('',#5991,#1458);
#1037=LINE('',#5992,#1459);
#1038=LINE('',#5996,#1460);
#1039=LINE('',#6001,#1461);
#1040=LINE('',#6003,#1462);
#1041=LINE('',#6004,#1463);
#1042=LINE('',#6007,#1464);
#1043=LINE('',#6009,#1465);
#1044=LINE('',#6010,#1466);
#1045=LINE('',#6014,#1467);
#1046=LINE('',#6019,#1468);
#1047=LINE('',#6021,#1469);
#1048=LINE('',#6037,#1470);
#1049=LINE('',#6039,#1471);
#1050=LINE('',#6040,#1472);
#1051=LINE('',#6044,#1473);
#1052=LINE('',#6048,#1474);
#1053=LINE('',#6049,#1475);
#1054=LINE('',#6052,#1476);
#1055=LINE('',#6055,#1477);
#1056=LINE('',#6058,#1478);
#1057=LINE('',#6059,#1479);
#1058=LINE('',#6062,#1480);
#1059=LINE('',#6066,#1481);
#1060=LINE('',#6067,#1482);
#1061=LINE('',#6070,#1483);
#1062=LINE('',#6071,#1484);
#1063=LINE('',#6075,#1485);
#1064=LINE('',#6077,#1486);
#1065=LINE('',#6079,#1487);
#1066=LINE('',#6080,#1488);
#1067=LINE('',#6083,#1489);
#1068=LINE('',#6084,#1490);
#1069=LINE('',#6088,#1491);
#1070=LINE('',#6091,#1492);
#1071=LINE('',#6094,#1493);
#1072=LINE('',#6096,#1494);
#1073=LINE('',#6097,#1495);
#1074=LINE('',#6100,#1496);
#1075=LINE('',#6104,#1497);
#1076=LINE('',#6106,#1498);
#1077=LINE('',#6107,#1499);
#1078=LINE('',#6110,#1500);
#1079=LINE('',#6111,#1501);
#1080=LINE('',#6114,#1502);
#1081=LINE('',#6115,#1503);
#1082=LINE('',#6119,#1504);
#1083=LINE('',#6122,#1505);
#1084=LINE('',#6123,#1506);
#1085=LINE('',#6125,#1507);
#1086=LINE('',#6128,#1508);
#1087=LINE('',#6129,#1509);
#1088=LINE('',#6131,#1510);
#1089=LINE('',#6136,#1511);
#1090=LINE('',#6140,#1512);
#1091=LINE('',#6144,#1513);
#1092=LINE('',#6146,#1514);
#1093=LINE('',#6147,#1515);
#1094=LINE('',#6151,#1516);
#1095=LINE('',#6152,#1517);
#1096=LINE('',#6153,#1518);
#1097=LINE('',#6158,#1519);
#1098=LINE('',#6163,#1520);
#1099=LINE('',#6168,#1521);
#1100=LINE('',#6170,#1522);
#1101=LINE('',#6171,#1523);
#1102=LINE('',#6175,#1524);
#1103=LINE('',#6176,#1525);
#1104=LINE('',#6177,#1526);
#1105=LINE('',#6183,#1527);
#1106=LINE('',#6185,#1528);
#1107=LINE('',#6186,#1529);
#1108=LINE('',#6189,#1530);
#1109=LINE('',#6193,#1531);
#1110=LINE('',#6194,#1532);
#1111=LINE('',#6197,#1533);
#1112=LINE('',#6202,#1534);
#1113=LINE('',#6204,#1535);
#1114=LINE('',#6206,#1536);
#1115=LINE('',#6207,#1537);
#1116=LINE('',#6211,#1538);
#1117=LINE('',#6213,#1539);
#1118=LINE('',#6215,#1540);
#1119=LINE('',#6216,#1541);
#1120=LINE('',#6220,#1542);
#1121=LINE('',#6225,#1543);
#1122=LINE('',#6227,#1544);
#1123=LINE('',#6228,#1545);
#1124=LINE('',#6231,#1546);
#1125=LINE('',#6233,#1547);
#1126=LINE('',#6234,#1548);
#1127=LINE('',#6238,#1549);
#1128=LINE('',#6243,#1550);
#1129=LINE('',#6245,#1551);
#1130=LINE('',#6261,#1552);
#1131=LINE('',#6263,#1553);
#1132=LINE('',#6264,#1554);
#1133=LINE('',#6268,#1555);
#1134=LINE('',#6272,#1556);
#1135=LINE('',#6273,#1557);
#1136=LINE('',#6276,#1558);
#1137=LINE('',#6279,#1559);
#1138=LINE('',#6282,#1560);
#1139=LINE('',#6283,#1561);
#1140=LINE('',#6286,#1562);
#1141=LINE('',#6290,#1563);
#1142=LINE('',#6291,#1564);
#1143=LINE('',#6294,#1565);
#1144=LINE('',#6295,#1566);
#1145=LINE('',#6299,#1567);
#1146=LINE('',#6301,#1568);
#1147=LINE('',#6303,#1569);
#1148=LINE('',#6304,#1570);
#1149=LINE('',#6307,#1571);
#1150=LINE('',#6308,#1572);
#1151=LINE('',#6312,#1573);
#1152=LINE('',#6315,#1574);
#1153=LINE('',#6318,#1575);
#1154=LINE('',#6320,#1576);
#1155=LINE('',#6321,#1577);
#1156=LINE('',#6324,#1578);
#1157=LINE('',#6328,#1579);
#1158=LINE('',#6330,#1580);
#1159=LINE('',#6331,#1581);
#1160=LINE('',#6334,#1582);
#1161=LINE('',#6335,#1583);
#1162=LINE('',#6338,#1584);
#1163=LINE('',#6339,#1585);
#1164=LINE('',#6343,#1586);
#1165=LINE('',#6346,#1587);
#1166=LINE('',#6347,#1588);
#1167=LINE('',#6349,#1589);
#1168=LINE('',#6352,#1590);
#1169=LINE('',#6353,#1591);
#1170=LINE('',#6355,#1592);
#1171=VECTOR('',#4217,10.);
#1172=VECTOR('',#4218,10.);
#1173=VECTOR('',#4219,10.);
#1174=VECTOR('',#4220,10.);
#1175=VECTOR('',#4227,10.);
#1176=VECTOR('',#4230,10.);
#1177=VECTOR('',#4231,10.);
#1178=VECTOR('',#4232,10.);
#1179=VECTOR('',#4243,10.);
#1180=VECTOR('',#4246,10.);
#1181=VECTOR('',#4249,10.);
#1182=VECTOR('',#4252,10.);
#1183=VECTOR('',#4255,10.);
#1184=VECTOR('',#4256,10.);
#1185=VECTOR('',#4259,10.);
#1186=VECTOR('',#4260,10.);
#1187=VECTOR('',#4267,10.);
#1188=VECTOR('',#4268,10.);
#1189=VECTOR('',#4269,10.);
#1190=VECTOR('',#4270,10.);
#1191=VECTOR('',#4275,4.86602540378426);
#1192=VECTOR('',#4280,10.);
#1193=VECTOR('',#4281,10.);
#1194=VECTOR('',#4282,10.);
#1195=VECTOR('',#4283,10.);
#1196=VECTOR('',#4288,4.86602540378444);
#1197=VECTOR('',#4293,10.);
#1198=VECTOR('',#4294,10.);
#1199=VECTOR('',#4295,10.);
#1200=VECTOR('',#4296,10.);
#1201=VECTOR('',#4301,5.5);
#1202=VECTOR('',#4306,10.);
#1203=VECTOR('',#4307,10.);
#1204=VECTOR('',#4308,10.);
#1205=VECTOR('',#4309,10.);
#1206=VECTOR('',#4310,10.);
#1207=VECTOR('',#4311,10.);
#1208=VECTOR('',#4312,10.);
#1209=VECTOR('',#4313,10.);
#1210=VECTOR('',#4314,10.);
#1211=VECTOR('',#4315,10.);
#1212=VECTOR('',#4316,10.);
#1213=VECTOR('',#4317,10.);
#1214=VECTOR('',#4318,10.);
#1215=VECTOR('',#4319,10.);
#1216=VECTOR('',#4320,10.);
#1217=VECTOR('',#4321,10.);
#1218=VECTOR('',#4322,10.);
#1219=VECTOR('',#4323,10.);
#1220=VECTOR('',#4324,10.);
#1221=VECTOR('',#4325,10.);
#1222=VECTOR('',#4326,10.);
#1223=VECTOR('',#4327,10.);
#1224=VECTOR('',#4328,10.);
#1225=VECTOR('',#4329,10.);
#1226=VECTOR('',#4330,10.);
#1227=VECTOR('',#4331,10.);
#1228=VECTOR('',#4332,10.);
#1229=VECTOR('',#4333,10.);
#1230=VECTOR('',#4334,10.);
#1231=VECTOR('',#4335,10.);
#1232=VECTOR('',#4336,10.);
#1233=VECTOR('',#4337,10.);
#1234=VECTOR('',#4338,10.);
#1235=VECTOR('',#4339,10.);
#1236=VECTOR('',#4340,10.);
#1237=VECTOR('',#4341,10.);
#1238=VECTOR('',#4342,10.);
#1239=VECTOR('',#4343,10.);
#1240=VECTOR('',#4344,10.);
#1241=VECTOR('',#4345,10.);
#1242=VECTOR('',#4346,10.);
#1243=VECTOR('',#4347,10.);
#1244=VECTOR('',#4348,10.);
#1245=VECTOR('',#4349,10.);
#1246=VECTOR('',#4350,10.);
#1247=VECTOR('',#4351,10.);
#1248=VECTOR('',#4352,10.);
#1249=VECTOR('',#4353,10.);
#1250=VECTOR('',#4354,10.);
#1251=VECTOR('',#4355,10.);
#1252=VECTOR('',#4356,10.);
#1253=VECTOR('',#4371,4.);
#1254=VECTOR('',#4374,5.5);
#1255=VECTOR('',#4381,4.);
#1256=VECTOR('',#4384,10.);
#1257=VECTOR('',#4385,10.);
#1258=VECTOR('',#4386,10.);
#1259=VECTOR('',#4389,10.);
#1260=VECTOR('',#4390,10.);
#1261=VECTOR('',#4391,10.);
#1262=VECTOR('',#4394,10.);
#1263=VECTOR('',#4395,10.);
#1264=VECTOR('',#4398,10.);
#1265=VECTOR('',#4399,10.);
#1266=VECTOR('',#4400,10.);
#1267=VECTOR('',#4403,10.);
#1268=VECTOR('',#4404,10.);
#1269=VECTOR('',#4405,10.);
#1270=VECTOR('',#4408,10.);
#1271=VECTOR('',#4409,10.);
#1272=VECTOR('',#4412,10.);
#1273=VECTOR('',#4413,10.);
#1274=VECTOR('',#4414,10.);
#1275=VECTOR('',#4415,10.);
#1276=VECTOR('',#4416,10.);
#1277=VECTOR('',#4417,10.);
#1278=VECTOR('',#4422,10.);
#1279=VECTOR('',#4423,10.);
#1280=VECTOR('',#4426,10.);
#1281=VECTOR('',#4429,10.);
#1282=VECTOR('',#4432,10.);
#1283=VECTOR('',#4435,10.);
#1284=VECTOR('',#4440,10.);
#1285=VECTOR('',#4441,10.);
#1286=VECTOR('',#4442,10.);
#1287=VECTOR('',#4443,10.);
#1288=VECTOR('',#4444,10.);
#1289=VECTOR('',#4445,10.);
#1290=VECTOR('',#4450,10.);
#1291=VECTOR('',#4451,10.);
#1292=VECTOR('',#4454,10.);
#1293=VECTOR('',#4457,10.);
#1294=VECTOR('',#4460,10.);
#1295=VECTOR('',#4463,10.);
#1296=VECTOR('',#4468,10.);
#1297=VECTOR('',#4469,10.);
#1298=VECTOR('',#4470,10.);
#1299=VECTOR('',#4471,10.);
#1300=VECTOR('',#4472,10.);
#1301=VECTOR('',#4473,10.);
#1302=VECTOR('',#4478,10.);
#1303=VECTOR('',#4479,10.);
#1304=VECTOR('',#4482,10.);
#1305=VECTOR('',#4485,10.);
#1306=VECTOR('',#4488,10.);
#1307=VECTOR('',#4491,10.);
#1308=VECTOR('',#4496,10.);
#1309=VECTOR('',#4497,10.);
#1310=VECTOR('',#4498,10.);
#1311=VECTOR('',#4499,10.);
#1312=VECTOR('',#4500,10.);
#1313=VECTOR('',#4501,10.);
#1314=VECTOR('',#4506,10.);
#1315=VECTOR('',#4507,10.);
#1316=VECTOR('',#4510,10.);
#1317=VECTOR('',#4513,10.);
#1318=VECTOR('',#4516,10.);
#1319=VECTOR('',#4519,10.);
#1320=VECTOR('',#4524,10.);
#1321=VECTOR('',#4525,10.);
#1322=VECTOR('',#4526,10.);
#1323=VECTOR('',#4527,10.);
#1324=VECTOR('',#4528,10.);
#1325=VECTOR('',#4529,10.);
#1326=VECTOR('',#4534,10.);
#1327=VECTOR('',#4535,10.);
#1328=VECTOR('',#4538,10.);
#1329=VECTOR('',#4541,10.);
#1330=VECTOR('',#4544,10.);
#1331=VECTOR('',#4547,10.);
#1332=VECTOR('',#4552,10.);
#1333=VECTOR('',#4553,10.);
#1334=VECTOR('',#4554,10.);
#1335=VECTOR('',#4555,10.);
#1336=VECTOR('',#4556,10.);
#1337=VECTOR('',#4557,10.);
#1338=VECTOR('',#4562,10.);
#1339=VECTOR('',#4563,10.);
#1340=VECTOR('',#4566,10.);
#1341=VECTOR('',#4569,10.);
#1342=VECTOR('',#4572,10.);
#1343=VECTOR('',#4575,10.);
#1344=VECTOR('',#4580,10.);
#1345=VECTOR('',#4581,10.);
#1346=VECTOR('',#4582,10.);
#1347=VECTOR('',#4583,10.);
#1348=VECTOR('',#4584,10.);
#1349=VECTOR('',#4585,10.);
#1350=VECTOR('',#4590,10.);
#1351=VECTOR('',#4591,10.);
#1352=VECTOR('',#4594,10.);
#1353=VECTOR('',#4597,10.);
#1354=VECTOR('',#4600,10.);
#1355=VECTOR('',#4603,10.);
#1356=VECTOR('',#4608,10.);
#1357=VECTOR('',#4609,10.);
#1358=VECTOR('',#4610,10.);
#1359=VECTOR('',#4611,10.);
#1360=VECTOR('',#4612,10.);
#1361=VECTOR('',#4613,10.);
#1362=VECTOR('',#4618,10.);
#1363=VECTOR('',#4619,10.);
#1364=VECTOR('',#4622,10.);
#1365=VECTOR('',#4625,10.);
#1366=VECTOR('',#4628,10.);
#1367=VECTOR('',#4631,10.);
#1368=VECTOR('',#4636,10.);
#1369=VECTOR('',#4637,10.);
#1370=VECTOR('',#4638,10.);
#1371=VECTOR('',#4639,10.);
#1372=VECTOR('',#4642,10.);
#1373=VECTOR('',#4643,10.);
#1374=VECTOR('',#4644,10.);
#1375=VECTOR('',#4645,10.);
#1376=VECTOR('',#4648,10.);
#1377=VECTOR('',#4649,10.);
#1378=VECTOR('',#4660,10.);
#1379=VECTOR('',#4661,10.);
#1380=VECTOR('',#4662,10.);
#1381=VECTOR('',#4673,10.);
#1382=VECTOR('',#4674,10.);
#1383=VECTOR('',#4685,10.);
#1384=VECTOR('',#4688,1.25);
#1385=VECTOR('',#4691,1.85);
#1386=VECTOR('',#4694,1.85);
#1387=VECTOR('',#4697,1.85);
#1388=VECTOR('',#4700,1.85);
#1389=VECTOR('',#4703,1.85);
#1390=VECTOR('',#4706,1.85);
#1391=VECTOR('',#4709,1.85);
#1392=VECTOR('',#4712,1.25);
#1393=VECTOR('',#4715,1.85);
#1394=VECTOR('',#4718,1.25);
#1395=VECTOR('',#4721,1.25);
#1396=VECTOR('',#4724,10.);
#1397=VECTOR('',#4729,10.);
#1398=VECTOR('',#4730,10.);
#1399=VECTOR('',#4731,10.);
#1400=VECTOR('',#4732,10.);
#1401=VECTOR('',#4735,10.);
#1402=VECTOR('',#4736,10.);
#1403=VECTOR('',#4737,10.);
#1404=VECTOR('',#4738,10.);
#1405=VECTOR('',#4741,10.);
#1406=VECTOR('',#4742,10.);
#1407=VECTOR('',#4745,10.);
#1408=VECTOR('',#4746,10.);
#1409=VECTOR('',#4747,10.);
#1410=VECTOR('',#4748,10.);
#1411=VECTOR('',#4749,10.);
#1412=VECTOR('',#4752,10.);
#1413=VECTOR('',#4753,10.);
#1414=VECTOR('',#4764,10.);
#1415=VECTOR('',#4765,10.);
#1416=VECTOR('',#4776,10.);
#1417=VECTOR('',#4777,10.);
#1418=VECTOR('',#4782,2.25);
#1419=VECTOR('',#4787,2.25);
#1420=VECTOR('',#4792,2.25);
#1421=VECTOR('',#4797,2.25);
#1422=VECTOR('',#4802,2.25);
#1423=VECTOR('',#4807,2.25);
#1424=VECTOR('',#4812,2.25);
#1425=VECTOR('',#4817,2.25);
#1426=VECTOR('',#4820,10.);
#1427=VECTOR('',#4821,10.);
#1428=VECTOR('',#4824,10.);
#1429=VECTOR('',#4829,10.);
#1430=VECTOR('',#4832,10.);
#1431=VECTOR('',#4837,10.);
#1432=VECTOR('',#4838,10.);
#1433=VECTOR('',#4839,10.);
#1434=VECTOR('',#4842,10.);
#1435=VECTOR('',#4843,10.);
#1436=VECTOR('',#4844,10.);
#1437=VECTOR('',#4849,10.);
#1438=VECTOR('',#4854,10.);
#1439=VECTOR('',#4861,10.);
#1440=VECTOR('',#4862,10.);
#1441=VECTOR('',#4863,10.);
#1442=VECTOR('',#4866,10.);
#1443=VECTOR('',#4867,10.);
#1444=VECTOR('',#4868,10.);
#1445=VECTOR('',#4877,10.);
#1446=VECTOR('',#4878,10.);
#1447=VECTOR('',#4879,10.);
#1448=VECTOR('',#4882,10.);
#1449=VECTOR('',#4887,10.);
#1450=VECTOR('',#4888,10.);
#1451=VECTOR('',#4891,10.);
#1452=VECTOR('',#4896,10.);
#1453=VECTOR('',#4897,10.);
#1454=VECTOR('',#4898,10.);
#1455=VECTOR('',#4899,10.);
#1456=VECTOR('',#4902,10.);
#1457=VECTOR('',#4903,10.);
#1458=VECTOR('',#4904,10.);
#1459=VECTOR('',#4905,10.);
#1460=VECTOR('',#4908,10.);
#1461=VECTOR('',#4915,10.);
#1462=VECTOR('',#4916,10.);
#1463=VECTOR('',#4917,10.);
#1464=VECTOR('',#4920,10.);
#1465=VECTOR('',#4921,10.);
#1466=VECTOR('',#4922,10.);
#1467=VECTOR('',#4925,10.);
#1468=VECTOR('',#4932,10.);
#1469=VECTOR('',#4933,10.);
#1470=VECTOR('',#4942,10.);
#1471=VECTOR('',#4943,10.);
#1472=VECTOR('',#4944,10.);
#1473=VECTOR('',#4947,10.);
#1474=VECTOR('',#4954,10.);
#1475=VECTOR('',#4955,10.);
#1476=VECTOR('',#4958,10.);
#1477=VECTOR('',#4961,10.);
#1478=VECTOR('',#4964,10.);
#1479=VECTOR('',#4965,10.);
#1480=VECTOR('',#4968,10.);
#1481=VECTOR('',#4973,10.);
#1482=VECTOR('',#4974,10.);
#1483=VECTOR('',#4977,10.);
#1484=VECTOR('',#4978,10.);
#1485=VECTOR('',#4981,10.);
#1486=VECTOR('',#4982,10.);
#1487=VECTOR('',#4983,10.);
#1488=VECTOR('',#4984,10.);
#1489=VECTOR('',#4987,10.);
#1490=VECTOR('',#4988,10.);
#1491=VECTOR('',#4993,10.);
#1492=VECTOR('',#4996,10.);
#1493=VECTOR('',#5001,10.);
#1494=VECTOR('',#5004,10.);
#1495=VECTOR('',#5005,10.);
#1496=VECTOR('',#5008,10.);
#1497=VECTOR('',#5013,10.);
#1498=VECTOR('',#5014,10.);
#1499=VECTOR('',#5015,10.);
#1500=VECTOR('',#5018,10.);
#1501=VECTOR('',#5019,10.);
#1502=VECTOR('',#5022,10.);
#1503=VECTOR('',#5023,10.);
#1504=VECTOR('',#5028,10.);
#1505=VECTOR('',#5031,10.);
#1506=VECTOR('',#5032,10.);
#1507=VECTOR('',#5035,10.);
#1508=VECTOR('',#5038,10.);
#1509=VECTOR('',#5039,10.);
#1510=VECTOR('',#5042,10.);
#1511=VECTOR('',#5047,10.);
#1512=VECTOR('',#5050,10.);
#1513=VECTOR('',#5055,10.);
#1514=VECTOR('',#5056,10.);
#1515=VECTOR('',#5057,10.);
#1516=VECTOR('',#5060,10.);
#1517=VECTOR('',#5061,10.);
#1518=VECTOR('',#5062,10.);
#1519=VECTOR('',#5067,10.);
#1520=VECTOR('',#5072,10.);
#1521=VECTOR('',#5079,10.);
#1522=VECTOR('',#5080,10.);
#1523=VECTOR('',#5081,10.);
#1524=VECTOR('',#5084,10.);
#1525=VECTOR('',#5085,10.);
#1526=VECTOR('',#5086,10.);
#1527=VECTOR('',#5095,10.);
#1528=VECTOR('',#5096,10.);
#1529=VECTOR('',#5097,10.);
#1530=VECTOR('',#5100,10.);
#1531=VECTOR('',#5105,10.);
#1532=VECTOR('',#5106,10.);
#1533=VECTOR('',#5109,10.);
#1534=VECTOR('',#5114,10.);
#1535=VECTOR('',#5115,10.);
#1536=VECTOR('',#5116,10.);
#1537=VECTOR('',#5117,10.);
#1538=VECTOR('',#5120,10.);
#1539=VECTOR('',#5121,10.);
#1540=VECTOR('',#5122,10.);
#1541=VECTOR('',#5123,10.);
#1542=VECTOR('',#5126,10.);
#1543=VECTOR('',#5133,10.);
#1544=VECTOR('',#5134,10.);
#1545=VECTOR('',#5135,10.);
#1546=VECTOR('',#5138,10.);
#1547=VECTOR('',#5139,10.);
#1548=VECTOR('',#5140,10.);
#1549=VECTOR('',#5143,10.);
#1550=VECTOR('',#5150,10.);
#1551=VECTOR('',#5151,10.);
#1552=VECTOR('',#5160,10.);
#1553=VECTOR('',#5161,10.);
#1554=VECTOR('',#5162,10.);
#1555=VECTOR('',#5165,10.);
#1556=VECTOR('',#5172,10.);
#1557=VECTOR('',#5173,10.);
#1558=VECTOR('',#5176,10.);
#1559=VECTOR('',#5179,10.);
#1560=VECTOR('',#5182,10.);
#1561=VECTOR('',#5183,10.);
#1562=VECTOR('',#5186,10.);
#1563=VECTOR('',#5191,10.);
#1564=VECTOR('',#5192,10.);
#1565=VECTOR('',#5195,10.);
#1566=VECTOR('',#5196,10.);
#1567=VECTOR('',#5199,10.);
#1568=VECTOR('',#5200,10.);
#1569=VECTOR('',#5201,10.);
#1570=VECTOR('',#5202,10.);
#1571=VECTOR('',#5205,10.);
#1572=VECTOR('',#5206,10.);
#1573=VECTOR('',#5211,10.);
#1574=VECTOR('',#5214,10.);
#1575=VECTOR('',#5219,10.);
#1576=VECTOR('',#5222,10.);
#1577=VECTOR('',#5223,10.);
#1578=VECTOR('',#5226,10.);
#1579=VECTOR('',#5231,10.);
#1580=VECTOR('',#5232,10.);
#1581=VECTOR('',#5233,10.);
#1582=VECTOR('',#5236,10.);
#1583=VECTOR('',#5237,10.);
#1584=VECTOR('',#5240,10.);
#1585=VECTOR('',#5241,10.);
#1586=VECTOR('',#5246,10.);
#1587=VECTOR('',#5249,10.);
#1588=VECTOR('',#5250,10.);
#1589=VECTOR('',#5253,10.);
#1590=VECTOR('',#5256,10.);
#1591=VECTOR('',#5257,10.);
#1592=VECTOR('',#5260,10.);
#1593=VERTEX_POINT('',#5265);
#1594=VERTEX_POINT('',#5266);
#1595=VERTEX_POINT('',#5268);
#1596=VERTEX_POINT('',#5270);
#1597=VERTEX_POINT('',#5274);
#1598=VERTEX_POINT('',#5276);
#1599=VERTEX_POINT('',#5280);
#1600=VERTEX_POINT('',#5282);
#1601=VERTEX_POINT('',#5289);
#1602=VERTEX_POINT('',#5290);
#1603=VERTEX_POINT('',#5292);
#1604=VERTEX_POINT('',#5294);
#1605=VERTEX_POINT('',#5298);
#1606=VERTEX_POINT('',#5300);
#1607=VERTEX_POINT('',#5304);
#1608=VERTEX_POINT('',#5308);
#1609=VERTEX_POINT('',#5314);
#1610=VERTEX_POINT('',#5315);
#1611=VERTEX_POINT('',#5317);
#1612=VERTEX_POINT('',#5319);
#1613=VERTEX_POINT('',#5323);
#1614=VERTEX_POINT('',#5325);
#1615=VERTEX_POINT('',#5329);
#1616=VERTEX_POINT('',#5330);
#1617=VERTEX_POINT('',#5332);
#1618=VERTEX_POINT('',#5334);
#1619=VERTEX_POINT('',#5338);
#1620=VERTEX_POINT('',#5340);
#1621=VERTEX_POINT('',#5344);
#1622=VERTEX_POINT('',#5345);
#1623=VERTEX_POINT('',#5347);
#1624=VERTEX_POINT('',#5349);
#1625=VERTEX_POINT('',#5353);
#1626=VERTEX_POINT('',#5355);
#1627=VERTEX_POINT('',#5359);
#1628=VERTEX_POINT('',#5361);
#1629=VERTEX_POINT('',#5364);
#1630=VERTEX_POINT('',#5365);
#1631=VERTEX_POINT('',#5367);
#1632=VERTEX_POINT('',#5369);
#1633=VERTEX_POINT('',#5371);
#1634=VERTEX_POINT('',#5373);
#1635=VERTEX_POINT('',#5376);
#1636=VERTEX_POINT('',#5377);
#1637=VERTEX_POINT('',#5379);
#1638=VERTEX_POINT('',#5381);
#1639=VERTEX_POINT('',#5383);
#1640=VERTEX_POINT('',#5385);
#1641=VERTEX_POINT('',#5388);
#1642=VERTEX_POINT('',#5389);
#1643=VERTEX_POINT('',#5391);
#1644=VERTEX_POINT('',#5393);
#1645=VERTEX_POINT('',#5395);
#1646=VERTEX_POINT('',#5397);
#1647=VERTEX_POINT('',#5400);
#1648=VERTEX_POINT('',#5401);
#1649=VERTEX_POINT('',#5403);
#1650=VERTEX_POINT('',#5405);
#1651=VERTEX_POINT('',#5407);
#1652=VERTEX_POINT('',#5409);
#1653=VERTEX_POINT('',#5412);
#1654=VERTEX_POINT('',#5413);
#1655=VERTEX_POINT('',#5415);
#1656=VERTEX_POINT('',#5417);
#1657=VERTEX_POINT('',#5419);
#1658=VERTEX_POINT('',#5421);
#1659=VERTEX_POINT('',#5424);
#1660=VERTEX_POINT('',#5425);
#1661=VERTEX_POINT('',#5427);
#1662=VERTEX_POINT('',#5429);
#1663=VERTEX_POINT('',#5431);
#1664=VERTEX_POINT('',#5433);
#1665=VERTEX_POINT('',#5436);
#1666=VERTEX_POINT('',#5437);
#1667=VERTEX_POINT('',#5439);
#1668=VERTEX_POINT('',#5441);
#1669=VERTEX_POINT('',#5443);
#1670=VERTEX_POINT('',#5445);
#1671=VERTEX_POINT('',#5448);
#1672=VERTEX_POINT('',#5449);
#1673=VERTEX_POINT('',#5451);
#1674=VERTEX_POINT('',#5453);
#1675=VERTEX_POINT('',#5455);
#1676=VERTEX_POINT('',#5457);
#1677=VERTEX_POINT('',#5460);
#1678=VERTEX_POINT('',#5462);
#1679=VERTEX_POINT('',#5464);
#1680=VERTEX_POINT('',#5466);
#1681=VERTEX_POINT('',#5468);
#1682=VERTEX_POINT('',#5471);
#1683=VERTEX_POINT('',#5475);
#1684=VERTEX_POINT('',#5479);
#1685=VERTEX_POINT('',#5483);
#1686=VERTEX_POINT('',#5485);
#1687=VERTEX_POINT('',#5489);
#1688=VERTEX_POINT('',#5491);
#1689=VERTEX_POINT('',#5498);
#1690=VERTEX_POINT('',#5500);
#1691=VERTEX_POINT('',#5504);
#1692=VERTEX_POINT('',#5506);
#1693=VERTEX_POINT('',#5513);
#1694=VERTEX_POINT('',#5514);
#1695=VERTEX_POINT('',#5516);
#1696=VERTEX_POINT('',#5518);
#1697=VERTEX_POINT('',#5520);
#1698=VERTEX_POINT('',#5522);
#1699=VERTEX_POINT('',#5525);
#1700=VERTEX_POINT('',#5540);
#1701=VERTEX_POINT('',#5541);
#1702=VERTEX_POINT('',#5543);
#1703=VERTEX_POINT('',#5545);
#1704=VERTEX_POINT('',#5547);
#1705=VERTEX_POINT('',#5549);
#1706=VERTEX_POINT('',#5552);
#1707=VERTEX_POINT('',#5567);
#1708=VERTEX_POINT('',#5568);
#1709=VERTEX_POINT('',#5570);
#1710=VERTEX_POINT('',#5572);
#1711=VERTEX_POINT('',#5574);
#1712=VERTEX_POINT('',#5576);
#1713=VERTEX_POINT('',#5579);
#1714=VERTEX_POINT('',#5594);
#1715=VERTEX_POINT('',#5595);
#1716=VERTEX_POINT('',#5597);
#1717=VERTEX_POINT('',#5599);
#1718=VERTEX_POINT('',#5601);
#1719=VERTEX_POINT('',#5603);
#1720=VERTEX_POINT('',#5606);
#1721=VERTEX_POINT('',#5621);
#1722=VERTEX_POINT('',#5622);
#1723=VERTEX_POINT('',#5624);
#1724=VERTEX_POINT('',#5626);
#1725=VERTEX_POINT('',#5628);
#1726=VERTEX_POINT('',#5630);
#1727=VERTEX_POINT('',#5633);
#1728=VERTEX_POINT('',#5648);
#1729=VERTEX_POINT('',#5649);
#1730=VERTEX_POINT('',#5651);
#1731=VERTEX_POINT('',#5653);
#1732=VERTEX_POINT('',#5655);
#1733=VERTEX_POINT('',#5657);
#1734=VERTEX_POINT('',#5660);
#1735=VERTEX_POINT('',#5675);
#1736=VERTEX_POINT('',#5676);
#1737=VERTEX_POINT('',#5678);
#1738=VERTEX_POINT('',#5680);
#1739=VERTEX_POINT('',#5682);
#1740=VERTEX_POINT('',#5684);
#1741=VERTEX_POINT('',#5687);
#1742=VERTEX_POINT('',#5702);
#1743=VERTEX_POINT('',#5703);
#1744=VERTEX_POINT('',#5705);
#1745=VERTEX_POINT('',#5707);
#1746=VERTEX_POINT('',#5709);
#1747=VERTEX_POINT('',#5711);
#1748=VERTEX_POINT('',#5714);
#1749=VERTEX_POINT('',#5729);
#1750=VERTEX_POINT('',#5730);
#1751=VERTEX_POINT('',#5732);
#1752=VERTEX_POINT('',#5734);
#1753=VERTEX_POINT('',#5738);
#1754=VERTEX_POINT('',#5739);
#1755=VERTEX_POINT('',#5741);
#1756=VERTEX_POINT('',#5743);
#1757=VERTEX_POINT('',#5749);
#1758=VERTEX_POINT('',#5751);
#1759=VERTEX_POINT('',#5753);
#1760=VERTEX_POINT('',#5755);
#1761=VERTEX_POINT('',#5758);
#1762=VERTEX_POINT('',#5760);
#1763=VERTEX_POINT('',#5763);
#1764=VERTEX_POINT('',#5765);
#1765=VERTEX_POINT('',#5767);
#1766=VERTEX_POINT('',#5769);
#1767=VERTEX_POINT('',#5774);
#1768=VERTEX_POINT('',#5776);
#1769=VERTEX_POINT('',#5778);
#1770=VERTEX_POINT('',#5780);
#1771=VERTEX_POINT('',#5812);
#1772=VERTEX_POINT('',#5813);
#1773=VERTEX_POINT('',#5815);
#1774=VERTEX_POINT('',#5817);
#1775=VERTEX_POINT('',#5821);
#1776=VERTEX_POINT('',#5822);
#1777=VERTEX_POINT('',#5824);
#1778=VERTEX_POINT('',#5826);
#1779=VERTEX_POINT('',#5833);
#1780=VERTEX_POINT('',#5835);
#1781=VERTEX_POINT('',#5837);
#1782=VERTEX_POINT('',#5839);
#1783=VERTEX_POINT('',#5843);
#1784=VERTEX_POINT('',#5846);
#1785=VERTEX_POINT('',#5848);
#1786=VERTEX_POINT('',#5850);
#1787=VERTEX_POINT('',#5852);
#1788=VERTEX_POINT('',#5855);
#1789=VERTEX_POINT('',#5858);
#1790=VERTEX_POINT('',#5860);
#1791=VERTEX_POINT('',#5862);
#1792=VERTEX_POINT('',#5864);
#1793=VERTEX_POINT('',#5867);
#1794=VERTEX_POINT('',#5871);
#1795=VERTEX_POINT('',#5875);
#1796=VERTEX_POINT('',#5879);
#1797=VERTEX_POINT('',#5883);
#1798=VERTEX_POINT('',#5887);
#1799=VERTEX_POINT('',#5891);
#1800=VERTEX_POINT('',#5895);
#1801=VERTEX_POINT('',#5899);
#1802=VERTEX_POINT('',#5903);
#1803=VERTEX_POINT('',#5910);
#1804=VERTEX_POINT('',#5911);
#1805=VERTEX_POINT('',#5913);
#1806=VERTEX_POINT('',#5915);
#1807=VERTEX_POINT('',#5919);
#1808=VERTEX_POINT('',#5921);
#1809=VERTEX_POINT('',#5925);
#1810=VERTEX_POINT('',#5926);
#1811=VERTEX_POINT('',#5931);
#1812=VERTEX_POINT('',#5933);
#1813=VERTEX_POINT('',#5937);
#1814=VERTEX_POINT('',#5938);
#1815=VERTEX_POINT('',#5943);
#1816=VERTEX_POINT('',#5945);
#1817=VERTEX_POINT('',#5949);
#1818=VERTEX_POINT('',#5950);
#1819=VERTEX_POINT('',#5958);
#1820=VERTEX_POINT('',#5960);
#1821=VERTEX_POINT('',#5964);
#1822=VERTEX_POINT('',#5968);
#1823=VERTEX_POINT('',#5972);
#1824=VERTEX_POINT('',#5976);
#1825=VERTEX_POINT('',#5977);
#1826=VERTEX_POINT('',#5979);
#1827=VERTEX_POINT('',#5981);
#1828=VERTEX_POINT('',#5985);
#1829=VERTEX_POINT('',#5986);
#1830=VERTEX_POINT('',#5988);
#1831=VERTEX_POINT('',#5990);
#1832=VERTEX_POINT('',#5994);
#1833=VERTEX_POINT('',#5995);
#1834=VERTEX_POINT('',#6000);
#1835=VERTEX_POINT('',#6002);
#1836=VERTEX_POINT('',#6006);
#1837=VERTEX_POINT('',#6008);
#1838=VERTEX_POINT('',#6012);
#1839=VERTEX_POINT('',#6013);
#1840=VERTEX_POINT('',#6018);
#1841=VERTEX_POINT('',#6020);
#1842=VERTEX_POINT('',#6027);
#1843=VERTEX_POINT('',#6029);
#1844=VERTEX_POINT('',#6036);
#1845=VERTEX_POINT('',#6038);
#1846=VERTEX_POINT('',#6042);
#1847=VERTEX_POINT('',#6043);
#1848=VERTEX_POINT('',#6051);
#1849=VERTEX_POINT('',#6053);
#1850=VERTEX_POINT('',#6057);
#1851=VERTEX_POINT('',#6061);
#1852=VERTEX_POINT('',#6065);
#1853=VERTEX_POINT('',#6069);
#1854=VERTEX_POINT('',#6073);
#1855=VERTEX_POINT('',#6074);
#1856=VERTEX_POINT('',#6076);
#1857=VERTEX_POINT('',#6078);
#1858=VERTEX_POINT('',#6082);
#1859=VERTEX_POINT('',#6086);
#1860=VERTEX_POINT('',#6090);
#1861=VERTEX_POINT('',#6099);
#1862=VERTEX_POINT('',#6103);
#1863=VERTEX_POINT('',#6105);
#1864=VERTEX_POINT('',#6109);
#1865=VERTEX_POINT('',#6113);
#1866=VERTEX_POINT('',#6117);
#1867=VERTEX_POINT('',#6121);
#1868=VERTEX_POINT('',#6127);
#1869=VERTEX_POINT('',#6134);
#1870=VERTEX_POINT('',#6135);
#1871=VERTEX_POINT('',#6137);
#1872=VERTEX_POINT('',#6139);
#1873=VERTEX_POINT('',#6143);
#1874=VERTEX_POINT('',#6145);
#1875=VERTEX_POINT('',#6149);
#1876=VERTEX_POINT('',#6150);
#1877=VERTEX_POINT('',#6155);
#1878=VERTEX_POINT('',#6157);
#1879=VERTEX_POINT('',#6161);
#1880=VERTEX_POINT('',#6162);
#1881=VERTEX_POINT('',#6167);
#1882=VERTEX_POINT('',#6169);
#1883=VERTEX_POINT('',#6173);
#1884=VERTEX_POINT('',#6174);
#1885=VERTEX_POINT('',#6182);
#1886=VERTEX_POINT('',#6184);
#1887=VERTEX_POINT('',#6188);
#1888=VERTEX_POINT('',#6192);
#1889=VERTEX_POINT('',#6196);
#1890=VERTEX_POINT('',#6200);
#1891=VERTEX_POINT('',#6201);
#1892=VERTEX_POINT('',#6203);
#1893=VERTEX_POINT('',#6205);
#1894=VERTEX_POINT('',#6209);
#1895=VERTEX_POINT('',#6210);
#1896=VERTEX_POINT('',#6212);
#1897=VERTEX_POINT('',#6214);
#1898=VERTEX_POINT('',#6218);
#1899=VERTEX_POINT('',#6219);
#1900=VERTEX_POINT('',#6224);
#1901=VERTEX_POINT('',#6226);
#1902=VERTEX_POINT('',#6230);
#1903=VERTEX_POINT('',#6232);
#1904=VERTEX_POINT('',#6236);
#1905=VERTEX_POINT('',#6237);
#1906=VERTEX_POINT('',#6242);
#1907=VERTEX_POINT('',#6244);
#1908=VERTEX_POINT('',#6251);
#1909=VERTEX_POINT('',#6253);
#1910=VERTEX_POINT('',#6260);
#1911=VERTEX_POINT('',#6262);
#1912=VERTEX_POINT('',#6266);
#1913=VERTEX_POINT('',#6267);
#1914=VERTEX_POINT('',#6275);
#1915=VERTEX_POINT('',#6277);
#1916=VERTEX_POINT('',#6281);
#1917=VERTEX_POINT('',#6285);
#1918=VERTEX_POINT('',#6289);
#1919=VERTEX_POINT('',#6293);
#1920=VERTEX_POINT('',#6297);
#1921=VERTEX_POINT('',#6298);
#1922=VERTEX_POINT('',#6300);
#1923=VERTEX_POINT('',#6302);
#1924=VERTEX_POINT('',#6306);
#1925=VERTEX_POINT('',#6310);
#1926=VERTEX_POINT('',#6314);
#1927=VERTEX_POINT('',#6323);
#1928=VERTEX_POINT('',#6327);
#1929=VERTEX_POINT('',#6329);
#1930=VERTEX_POINT('',#6333);
#1931=VERTEX_POINT('',#6337);
#1932=VERTEX_POINT('',#6341);
#1933=VERTEX_POINT('',#6345);
#1934=VERTEX_POINT('',#6351);
#1935=EDGE_CURVE('',#1593,#1594,#749,.T.);
#1936=EDGE_CURVE('',#1593,#1595,#750,.T.);
#1937=EDGE_CURVE('',#1596,#1595,#751,.T.);
#1938=EDGE_CURVE('',#1594,#1596,#752,.T.);
#1939=EDGE_CURVE('',#1594,#1597,#116,.T.);
#1940=EDGE_CURVE('',#1598,#1596,#117,.T.);
#1941=EDGE_CURVE('',#1597,#1598,#753,.T.);
#1942=EDGE_CURVE('',#1597,#1599,#754,.T.);
#1943=EDGE_CURVE('',#1600,#1598,#755,.T.);
#1944=EDGE_CURVE('',#1599,#1600,#756,.T.);
#1945=EDGE_CURVE('',#1599,#1593,#118,.T.);
#1946=EDGE_CURVE('',#1595,#1600,#119,.T.);
#1947=EDGE_CURVE('',#1601,#1602,#120,.T.);
#1948=EDGE_CURVE('',#1603,#1601,#757,.T.);
#1949=EDGE_CURVE('',#1604,#1603,#121,.T.);
#1950=EDGE_CURVE('',#1602,#1604,#758,.T.);
#1951=EDGE_CURVE('',#1603,#1605,#759,.T.);
#1952=EDGE_CURVE('',#1606,#1605,#122,.T.);
#1953=EDGE_CURVE('',#1604,#1606,#760,.T.);
#1954=EDGE_CURVE('',#1601,#1607,#761,.T.);
#1955=EDGE_CURVE('',#1605,#1607,#762,.T.);
#1956=EDGE_CURVE('',#1608,#1606,#763,.T.);
#1957=EDGE_CURVE('',#1602,#1608,#764,.T.);
#1958=EDGE_CURVE('',#1607,#1608,#123,.T.);
#1959=EDGE_CURVE('',#1609,#1610,#765,.T.);
#1960=EDGE_CURVE('',#1610,#1611,#766,.T.);
#1961=EDGE_CURVE('',#1611,#1612,#767,.T.);
#1962=EDGE_CURVE('',#1612,#1609,#768,.T.);
#1963=EDGE_CURVE('',#1613,#1613,#124,.T.);
#1964=EDGE_CURVE('',#1613,#1614,#769,.T.);
#1965=EDGE_CURVE('',#1614,#1614,#125,.T.);
#1966=EDGE_CURVE('',#1615,#1616,#770,.T.);
#1967=EDGE_CURVE('',#1615,#1617,#771,.T.);
#1968=EDGE_CURVE('',#1618,#1617,#772,.T.);
#1969=EDGE_CURVE('',#1616,#1618,#773,.T.);
#1970=EDGE_CURVE('',#1619,#1619,#126,.T.);
#1971=EDGE_CURVE('',#1619,#1620,#774,.T.);
#1972=EDGE_CURVE('',#1620,#1620,#127,.T.);
#1973=EDGE_CURVE('',#1621,#1622,#775,.T.);
#1974=EDGE_CURVE('',#1621,#1623,#776,.T.);
#1975=EDGE_CURVE('',#1624,#1623,#777,.T.);
#1976=EDGE_CURVE('',#1622,#1624,#778,.T.);
#1977=EDGE_CURVE('',#1625,#1625,#128,.T.);
#1978=EDGE_CURVE('',#1625,#1626,#779,.T.);
#1979=EDGE_CURVE('',#1626,#1626,#129,.T.);
#1980=EDGE_CURVE('',#1627,#1611,#780,.T.);
#1981=EDGE_CURVE('',#1627,#1628,#781,.T.);
#1982=EDGE_CURVE('',#1628,#1612,#782,.T.);
#1983=EDGE_CURVE('',#1629,#1630,#783,.T.);
#1984=EDGE_CURVE('',#1630,#1631,#784,.T.);
#1985=EDGE_CURVE('',#1631,#1632,#785,.T.);
#1986=EDGE_CURVE('',#1632,#1633,#786,.T.);
#1987=EDGE_CURVE('',#1633,#1634,#787,.T.);
#1988=EDGE_CURVE('',#1634,#1629,#788,.T.);
#1989=EDGE_CURVE('',#1635,#1636,#789,.T.);
#1990=EDGE_CURVE('',#1636,#1637,#790,.T.);
#1991=EDGE_CURVE('',#1637,#1638,#791,.T.);
#1992=EDGE_CURVE('',#1638,#1639,#792,.T.);
#1993=EDGE_CURVE('',#1639,#1640,#793,.T.);
#1994=EDGE_CURVE('',#1640,#1635,#794,.T.);
#1995=EDGE_CURVE('',#1641,#1642,#795,.T.);
#1996=EDGE_CURVE('',#1642,#1643,#796,.T.);
#1997=EDGE_CURVE('',#1643,#1644,#797,.T.);
#1998=EDGE_CURVE('',#1644,#1645,#798,.T.);
#1999=EDGE_CURVE('',#1645,#1646,#799,.T.);
#2000=EDGE_CURVE('',#1646,#1641,#800,.T.);
#2001=EDGE_CURVE('',#1647,#1648,#801,.T.);
#2002=EDGE_CURVE('',#1648,#1649,#802,.T.);
#2003=EDGE_CURVE('',#1649,#1650,#803,.T.);
#2004=EDGE_CURVE('',#1650,#1651,#804,.T.);
#2005=EDGE_CURVE('',#1651,#1652,#805,.T.);
#2006=EDGE_CURVE('',#1652,#1647,#806,.T.);
#2007=EDGE_CURVE('',#1653,#1654,#807,.T.);
#2008=EDGE_CURVE('',#1654,#1655,#808,.T.);
#2009=EDGE_CURVE('',#1655,#1656,#809,.T.);
#2010=EDGE_CURVE('',#1656,#1657,#810,.T.);
#2011=EDGE_CURVE('',#1657,#1658,#811,.T.);
#2012=EDGE_CURVE('',#1658,#1653,#812,.T.);
#2013=EDGE_CURVE('',#1659,#1660,#813,.T.);
#2014=EDGE_CURVE('',#1660,#1661,#814,.T.);
#2015=EDGE_CURVE('',#1661,#1662,#815,.T.);
#2016=EDGE_CURVE('',#1662,#1663,#816,.T.);
#2017=EDGE_CURVE('',#1663,#1664,#817,.T.);
#2018=EDGE_CURVE('',#1664,#1659,#818,.T.);
#2019=EDGE_CURVE('',#1665,#1666,#819,.T.);
#2020=EDGE_CURVE('',#1666,#1667,#820,.T.);
#2021=EDGE_CURVE('',#1667,#1668,#821,.T.);
#2022=EDGE_CURVE('',#1668,#1669,#822,.T.);
#2023=EDGE_CURVE('',#1669,#1670,#823,.T.);
#2024=EDGE_CURVE('',#1670,#1665,#824,.T.);
#2025=EDGE_CURVE('',#1671,#1672,#825,.T.);
#2026=EDGE_CURVE('',#1672,#1673,#826,.T.);
#2027=EDGE_CURVE('',#1673,#1674,#827,.T.);
#2028=EDGE_CURVE('',#1674,#1675,#828,.T.);
#2029=EDGE_CURVE('',#1675,#1676,#829,.T.);
#2030=EDGE_CURVE('',#1676,#1671,#830,.T.);
#2031=EDGE_CURVE('',#1677,#1677,#130,.T.);
#2032=EDGE_CURVE('',#1678,#1678,#131,.T.);
#2033=EDGE_CURVE('',#1679,#1679,#132,.T.);
#2034=EDGE_CURVE('',#1680,#1680,#133,.T.);
#2035=EDGE_CURVE('',#1681,#1681,#134,.T.);
#2036=EDGE_CURVE('',#1682,#1682,#135,.T.);
#2037=EDGE_CURVE('',#1682,#1626,#831,.T.);
#2038=EDGE_CURVE('',#1681,#1683,#832,.T.);
#2039=EDGE_CURVE('',#1683,#1683,#136,.T.);
#2040=EDGE_CURVE('',#1684,#1684,#137,.T.);
#2041=EDGE_CURVE('',#1684,#1683,#833,.T.);
#2042=EDGE_CURVE('',#1616,#1685,#834,.T.);
#2043=EDGE_CURVE('',#1686,#1618,#835,.T.);
#2044=EDGE_CURVE('',#1685,#1686,#836,.T.);
#2045=EDGE_CURVE('',#1687,#1615,#837,.T.);
#2046=EDGE_CURVE('',#1687,#1688,#838,.T.);
#2047=EDGE_CURVE('',#1617,#1688,#839,.T.);
#2048=EDGE_CURVE('',#1685,#1687,#840,.T.);
#2049=EDGE_CURVE('',#1688,#1686,#841,.T.);
#2050=EDGE_CURVE('',#1622,#1689,#842,.T.);
#2051=EDGE_CURVE('',#1690,#1624,#843,.T.);
#2052=EDGE_CURVE('',#1689,#1690,#844,.T.);
#2053=EDGE_CURVE('',#1691,#1621,#845,.T.);
#2054=EDGE_CURVE('',#1691,#1692,#846,.T.);
#2055=EDGE_CURVE('',#1623,#1692,#847,.T.);
#2056=EDGE_CURVE('',#1689,#1691,#848,.T.);
#2057=EDGE_CURVE('',#1692,#1690,#849,.T.);
#2058=EDGE_CURVE('',#1693,#1694,#850,.T.);
#2059=EDGE_CURVE('',#1694,#1695,#851,.T.);
#2060=EDGE_CURVE('',#1695,#1696,#852,.T.);
#2061=EDGE_CURVE('',#1696,#1697,#853,.T.);
#2062=EDGE_CURVE('',#1697,#1698,#854,.T.);
#2063=EDGE_CURVE('',#1698,#1693,#855,.T.);
#2064=EDGE_CURVE('',#1699,#1699,#138,.T.);
#2065=EDGE_CURVE('',#1697,#1630,#856,.T.);
#2066=EDGE_CURVE('',#1698,#1629,#857,.T.);
#2067=EDGE_CURVE('',#1693,#1634,#858,.T.);
#2068=EDGE_CURVE('',#1694,#1633,#859,.T.);
#2069=EDGE_CURVE('',#1696,#1631,#860,.T.);
#2070=EDGE_CURVE('',#1695,#1632,#861,.T.);
#2071=EDGE_CURVE('',#1700,#1701,#862,.T.);
#2072=EDGE_CURVE('',#1701,#1702,#863,.T.);
#2073=EDGE_CURVE('',#1702,#1703,#864,.T.);
#2074=EDGE_CURVE('',#1703,#1704,#865,.T.);
#2075=EDGE_CURVE('',#1704,#1705,#866,.T.);
#2076=EDGE_CURVE('',#1705,#1700,#867,.T.);
#2077=EDGE_CURVE('',#1706,#1706,#139,.T.);
#2078=EDGE_CURVE('',#1704,#1636,#868,.T.);
#2079=EDGE_CURVE('',#1705,#1635,#869,.T.);
#2080=EDGE_CURVE('',#1700,#1640,#870,.T.);
#2081=EDGE_CURVE('',#1701,#1639,#871,.T.);
#2082=EDGE_CURVE('',#1703,#1637,#872,.T.);
#2083=EDGE_CURVE('',#1702,#1638,#873,.T.);
#2084=EDGE_CURVE('',#1707,#1708,#874,.T.);
#2085=EDGE_CURVE('',#1708,#1709,#875,.T.);
#2086=EDGE_CURVE('',#1709,#1710,#876,.T.);
#2087=EDGE_CURVE('',#1710,#1711,#877,.T.);
#2088=EDGE_CURVE('',#1711,#1712,#878,.T.);
#2089=EDGE_CURVE('',#1712,#1707,#879,.T.);
#2090=EDGE_CURVE('',#1713,#1713,#140,.T.);
#2091=EDGE_CURVE('',#1711,#1642,#880,.T.);
#2092=EDGE_CURVE('',#1712,#1641,#881,.T.);
#2093=EDGE_CURVE('',#1707,#1646,#882,.T.);
#2094=EDGE_CURVE('',#1708,#1645,#883,.T.);
#2095=EDGE_CURVE('',#1710,#1643,#884,.T.);
#2096=EDGE_CURVE('',#1709,#1644,#885,.T.);
#2097=EDGE_CURVE('',#1714,#1715,#886,.T.);
#2098=EDGE_CURVE('',#1715,#1716,#887,.T.);
#2099=EDGE_CURVE('',#1716,#1717,#888,.T.);
#2100=EDGE_CURVE('',#1717,#1718,#889,.T.);
#2101=EDGE_CURVE('',#1718,#1719,#890,.T.);
#2102=EDGE_CURVE('',#1719,#1714,#891,.T.);
#2103=EDGE_CURVE('',#1720,#1720,#141,.T.);
#2104=EDGE_CURVE('',#1718,#1648,#892,.T.);
#2105=EDGE_CURVE('',#1719,#1647,#893,.T.);
#2106=EDGE_CURVE('',#1714,#1652,#894,.T.);
#2107=EDGE_CURVE('',#1715,#1651,#895,.T.);
#2108=EDGE_CURVE('',#1717,#1649,#896,.T.);
#2109=EDGE_CURVE('',#1716,#1650,#897,.T.);
#2110=EDGE_CURVE('',#1721,#1722,#898,.T.);
#2111=EDGE_CURVE('',#1722,#1723,#899,.T.);
#2112=EDGE_CURVE('',#1723,#1724,#900,.T.);
#2113=EDGE_CURVE('',#1724,#1725,#901,.T.);
#2114=EDGE_CURVE('',#1725,#1726,#902,.T.);
#2115=EDGE_CURVE('',#1726,#1721,#903,.T.);
#2116=EDGE_CURVE('',#1727,#1727,#142,.T.);
#2117=EDGE_CURVE('',#1725,#1654,#904,.T.);
#2118=EDGE_CURVE('',#1726,#1653,#905,.T.);
#2119=EDGE_CURVE('',#1721,#1658,#906,.T.);
#2120=EDGE_CURVE('',#1722,#1657,#907,.T.);
#2121=EDGE_CURVE('',#1724,#1655,#908,.T.);
#2122=EDGE_CURVE('',#1723,#1656,#909,.T.);
#2123=EDGE_CURVE('',#1728,#1729,#910,.T.);
#2124=EDGE_CURVE('',#1729,#1730,#911,.T.);
#2125=EDGE_CURVE('',#1730,#1731,#912,.T.);
#2126=EDGE_CURVE('',#1731,#1732,#913,.T.);
#2127=EDGE_CURVE('',#1732,#1733,#914,.T.);
#2128=EDGE_CURVE('',#1733,#1728,#915,.T.);
#2129=EDGE_CURVE('',#1734,#1734,#143,.T.);
#2130=EDGE_CURVE('',#1732,#1660,#916,.T.);
#2131=EDGE_CURVE('',#1733,#1659,#917,.T.);
#2132=EDGE_CURVE('',#1728,#1664,#918,.T.);
#2133=EDGE_CURVE('',#1729,#1663,#919,.T.);
#2134=EDGE_CURVE('',#1731,#1661,#920,.T.);
#2135=EDGE_CURVE('',#1730,#1662,#921,.T.);
#2136=EDGE_CURVE('',#1735,#1736,#922,.T.);
#2137=EDGE_CURVE('',#1736,#1737,#923,.T.);
#2138=EDGE_CURVE('',#1737,#1738,#924,.T.);
#2139=EDGE_CURVE('',#1738,#1739,#925,.T.);
#2140=EDGE_CURVE('',#1739,#1740,#926,.T.);
#2141=EDGE_CURVE('',#1740,#1735,#927,.T.);
#2142=EDGE_CURVE('',#1741,#1741,#144,.T.);
#2143=EDGE_CURVE('',#1739,#1666,#928,.T.);
#2144=EDGE_CURVE('',#1740,#1665,#929,.T.);
#2145=EDGE_CURVE('',#1735,#1670,#930,.T.);
#2146=EDGE_CURVE('',#1736,#1669,#931,.T.);
#2147=EDGE_CURVE('',#1738,#1667,#932,.T.);
#2148=EDGE_CURVE('',#1737,#1668,#933,.T.);
#2149=EDGE_CURVE('',#1742,#1743,#934,.T.);
#2150=EDGE_CURVE('',#1743,#1744,#935,.T.);
#2151=EDGE_CURVE('',#1744,#1745,#936,.T.);
#2152=EDGE_CURVE('',#1745,#1746,#937,.T.);
#2153=EDGE_CURVE('',#1746,#1747,#938,.T.);
#2154=EDGE_CURVE('',#1747,#1742,#939,.T.);
#2155=EDGE_CURVE('',#1748,#1748,#145,.T.);
#2156=EDGE_CURVE('',#1746,#1672,#940,.T.);
#2157=EDGE_CURVE('',#1747,#1671,#941,.T.);
#2158=EDGE_CURVE('',#1742,#1676,#942,.T.);
#2159=EDGE_CURVE('',#1743,#1675,#943,.T.);
#2160=EDGE_CURVE('',#1745,#1673,#944,.T.);
#2161=EDGE_CURVE('',#1744,#1674,#945,.T.);
#2162=EDGE_CURVE('',#1749,#1750,#946,.T.);
#2163=EDGE_CURVE('',#1751,#1749,#947,.T.);
#2164=EDGE_CURVE('',#1751,#1752,#948,.T.);
#2165=EDGE_CURVE('',#1750,#1752,#949,.T.);
#2166=EDGE_CURVE('',#1753,#1754,#950,.T.);
#2167=EDGE_CURVE('',#1755,#1753,#951,.T.);
#2168=EDGE_CURVE('',#1755,#1756,#952,.T.);
#2169=EDGE_CURVE('',#1754,#1756,#953,.T.);
#2170=EDGE_CURVE('',#1752,#1755,#954,.T.);
#2171=EDGE_CURVE('',#1756,#1751,#955,.T.);
#2172=EDGE_CURVE('',#1757,#1757,#146,.T.);
#2173=EDGE_CURVE('',#1758,#1758,#147,.T.);
#2174=EDGE_CURVE('',#1759,#1759,#148,.T.);
#2175=EDGE_CURVE('',#1760,#1760,#149,.T.);
#2176=EDGE_CURVE('',#1750,#1761,#956,.T.);
#2177=EDGE_CURVE('',#1762,#1761,#957,.T.);
#2178=EDGE_CURVE('',#1749,#1762,#958,.T.);
#2179=EDGE_CURVE('',#1763,#1763,#150,.T.);
#2180=EDGE_CURVE('',#1764,#1764,#151,.T.);
#2181=EDGE_CURVE('',#1765,#1765,#152,.T.);
#2182=EDGE_CURVE('',#1766,#1766,#153,.T.);
#2183=EDGE_CURVE('',#1754,#1610,#959,.T.);
#2184=EDGE_CURVE('',#1609,#1753,#960,.T.);
#2185=EDGE_CURVE('',#1767,#1767,#154,.T.);
#2186=EDGE_CURVE('',#1768,#1768,#155,.T.);
#2187=EDGE_CURVE('',#1769,#1769,#156,.T.);
#2188=EDGE_CURVE('',#1770,#1770,#157,.T.);
#2189=EDGE_CURVE('',#1762,#1627,#961,.T.);
#2190=EDGE_CURVE('',#1677,#1757,#962,.T.);
#2191=EDGE_CURVE('',#1720,#1763,#963,.T.);
#2192=EDGE_CURVE('',#1699,#1767,#964,.T.);
#2193=EDGE_CURVE('',#1741,#1764,#965,.T.);
#2194=EDGE_CURVE('',#1727,#1768,#966,.T.);
#2195=EDGE_CURVE('',#1706,#1769,#967,.T.);
#2196=EDGE_CURVE('',#1748,#1765,#968,.T.);
#2197=EDGE_CURVE('',#1734,#1770,#969,.T.);
#2198=EDGE_CURVE('',#1678,#1759,#970,.T.);
#2199=EDGE_CURVE('',#1713,#1766,#971,.T.);
#2200=EDGE_CURVE('',#1679,#1758,#972,.T.);
#2201=EDGE_CURVE('',#1680,#1760,#973,.T.);
#2202=EDGE_CURVE('',#1761,#1628,#974,.T.);
#2203=EDGE_CURVE('',#1771,#1772,#975,.T.);
#2204=EDGE_CURVE('',#1773,#1771,#976,.T.);
#2205=EDGE_CURVE('',#1773,#1774,#977,.T.);
#2206=EDGE_CURVE('',#1772,#1774,#978,.T.);
#2207=EDGE_CURVE('',#1775,#1776,#979,.T.);
#2208=EDGE_CURVE('',#1777,#1775,#980,.T.);
#2209=EDGE_CURVE('',#1777,#1778,#981,.T.);
#2210=EDGE_CURVE('',#1776,#1778,#982,.T.);
#2211=EDGE_CURVE('',#1774,#1777,#983,.T.);
#2212=EDGE_CURVE('',#1778,#1773,#984,.T.);
#2213=EDGE_CURVE('',#1771,#1779,#985,.T.);
#2214=EDGE_CURVE('',#1779,#1780,#986,.T.);
#2215=EDGE_CURVE('',#1781,#1780,#987,.T.);
#2216=EDGE_CURVE('',#1782,#1781,#988,.T.);
#2217=EDGE_CURVE('',#1782,#1776,#989,.T.);
#2218=EDGE_CURVE('',#1783,#1772,#990,.T.);
#2219=EDGE_CURVE('',#1779,#1783,#991,.T.);
#2220=EDGE_CURVE('',#1784,#1784,#158,.T.);
#2221=EDGE_CURVE('',#1785,#1785,#159,.T.);
#2222=EDGE_CURVE('',#1786,#1786,#160,.T.);
#2223=EDGE_CURVE('',#1787,#1787,#161,.T.);
#2224=EDGE_CURVE('',#1788,#1782,#992,.T.);
#2225=EDGE_CURVE('',#1775,#1788,#993,.T.);
#2226=EDGE_CURVE('',#1789,#1789,#162,.T.);
#2227=EDGE_CURVE('',#1790,#1790,#163,.T.);
#2228=EDGE_CURVE('',#1791,#1791,#164,.T.);
#2229=EDGE_CURVE('',#1792,#1792,#165,.T.);
#2230=EDGE_CURVE('',#1793,#1781,#994,.T.);
#2231=EDGE_CURVE('',#1788,#1793,#995,.T.);
#2232=EDGE_CURVE('',#1794,#1794,#166,.T.);
#2233=EDGE_CURVE('',#1794,#1789,#996,.T.);
#2234=EDGE_CURVE('',#1795,#1795,#167,.T.);
#2235=EDGE_CURVE('',#1795,#1790,#997,.T.);
#2236=EDGE_CURVE('',#1796,#1796,#168,.T.);
#2237=EDGE_CURVE('',#1796,#1791,#998,.T.);
#2238=EDGE_CURVE('',#1797,#1797,#169,.T.);
#2239=EDGE_CURVE('',#1797,#1792,#999,.T.);
#2240=EDGE_CURVE('',#1798,#1798,#170,.T.);
#2241=EDGE_CURVE('',#1798,#1784,#1000,.T.);
#2242=EDGE_CURVE('',#1799,#1799,#171,.T.);
#2243=EDGE_CURVE('',#1799,#1785,#1001,.T.);
#2244=EDGE_CURVE('',#1800,#1800,#172,.T.);
#2245=EDGE_CURVE('',#1800,#1786,#1002,.T.);
#2246=EDGE_CURVE('',#1801,#1801,#173,.T.);
#2247=EDGE_CURVE('',#1801,#1787,#1003,.T.);
#2248=EDGE_CURVE('',#1802,#1793,#1004,.T.);
#2249=EDGE_CURVE('',#1783,#1802,#1005,.T.);
#2250=EDGE_CURVE('',#1780,#1802,#1006,.T.);
#2251=EDGE_CURVE('',#1803,#1804,#1007,.T.);
#2252=EDGE_CURVE('',#1804,#1805,#174,.T.);
#2253=EDGE_CURVE('',#1805,#1806,#1008,.T.);
#2254=EDGE_CURVE('',#1806,#1803,#175,.T.);
#2255=EDGE_CURVE('',#1805,#1807,#1009,.T.);
#2256=EDGE_CURVE('',#1807,#1808,#1010,.T.);
#2257=EDGE_CURVE('',#1808,#1806,#1011,.T.);
#2258=EDGE_CURVE('',#1809,#1810,#1012,.T.);
#2259=EDGE_CURVE('',#1810,#1804,#1013,.T.);
#2260=EDGE_CURVE('',#1803,#1809,#1014,.T.);
#2261=EDGE_CURVE('',#1807,#1811,#176,.T.);
#2262=EDGE_CURVE('',#1811,#1812,#1015,.T.);
#2263=EDGE_CURVE('',#1812,#1808,#177,.T.);
#2264=EDGE_CURVE('',#1813,#1814,#1016,.T.);
#2265=EDGE_CURVE('',#1814,#1810,#178,.T.);
#2266=EDGE_CURVE('',#1809,#1813,#179,.T.);
#2267=EDGE_CURVE('',#1811,#1815,#1017,.T.);
#2268=EDGE_CURVE('',#1815,#1816,#1018,.T.);
#2269=EDGE_CURVE('',#1816,#1812,#1019,.T.);
#2270=EDGE_CURVE('',#1817,#1818,#1020,.T.);
#2271=EDGE_CURVE('',#1818,#1814,#1021,.T.);
#2272=EDGE_CURVE('',#1813,#1817,#1022,.T.);
#2273=EDGE_CURVE('',#1815,#1818,#180,.T.);
#2274=EDGE_CURVE('',#1817,#1816,#181,.T.);
#2275=EDGE_CURVE('',#1819,#1811,#1023,.T.);
#2276=EDGE_CURVE('',#1820,#1819,#1024,.T.);
#2277=EDGE_CURVE('',#1815,#1820,#1025,.T.);
#2278=EDGE_CURVE('',#1807,#1821,#1026,.T.);
#2279=EDGE_CURVE('',#1821,#1819,#182,.T.);
#2280=EDGE_CURVE('',#1822,#1805,#1027,.T.);
#2281=EDGE_CURVE('',#1821,#1822,#1028,.T.);
#2282=EDGE_CURVE('',#1804,#1823,#1029,.T.);
#2283=EDGE_CURVE('',#1823,#1822,#183,.T.);
#2284=EDGE_CURVE('',#1824,#1825,#1030,.T.);
#2285=EDGE_CURVE('',#1826,#1824,#1031,.T.);
#2286=EDGE_CURVE('',#1827,#1826,#1032,.T.);
#2287=EDGE_CURVE('',#1825,#1827,#1033,.T.);
#2288=EDGE_CURVE('',#1828,#1829,#1034,.T.);
#2289=EDGE_CURVE('',#1829,#1830,#1035,.T.);
#2290=EDGE_CURVE('',#1830,#1831,#1036,.T.);
#2291=EDGE_CURVE('',#1828,#1831,#1037,.T.);
#2292=EDGE_CURVE('',#1832,#1833,#1038,.T.);
#2293=EDGE_CURVE('',#1833,#1830,#184,.T.);
#2294=EDGE_CURVE('',#1829,#1832,#185,.T.);
#2295=EDGE_CURVE('',#1834,#1833,#1039,.T.);
#2296=EDGE_CURVE('',#1832,#1835,#1040,.T.);
#2297=EDGE_CURVE('',#1835,#1834,#1041,.T.);
#2298=EDGE_CURVE('',#1835,#1836,#1042,.T.);
#2299=EDGE_CURVE('',#1836,#1837,#1043,.T.);
#2300=EDGE_CURVE('',#1837,#1834,#1044,.T.);
#2301=EDGE_CURVE('',#1838,#1839,#1045,.T.);
#2302=EDGE_CURVE('',#1839,#1837,#186,.T.);
#2303=EDGE_CURVE('',#1836,#1838,#187,.T.);
#2304=EDGE_CURVE('',#1840,#1839,#1046,.T.);
#2305=EDGE_CURVE('',#1838,#1841,#1047,.T.);
#2306=EDGE_CURVE('',#1841,#1840,#13,.T.);
#2307=EDGE_CURVE('',#1842,#1840,#188,.T.);
#2308=EDGE_CURVE('',#1841,#1843,#189,.T.);
#2309=EDGE_CURVE('',#1843,#1842,#14,.T.);
#2310=EDGE_CURVE('',#1843,#1844,#1048,.T.);
#2311=EDGE_CURVE('',#1844,#1845,#1049,.T.);
#2312=EDGE_CURVE('',#1845,#1842,#1050,.T.);
#2313=EDGE_CURVE('',#1846,#1847,#1051,.T.);
#2314=EDGE_CURVE('',#1847,#1845,#190,.T.);
#2315=EDGE_CURVE('',#1844,#1846,#191,.T.);
#2316=EDGE_CURVE('',#1831,#1847,#1052,.T.);
#2317=EDGE_CURVE('',#1846,#1828,#1053,.T.);
#2318=EDGE_CURVE('',#1842,#1848,#1054,.T.);
#2319=EDGE_CURVE('',#1849,#1848,#192,.T.);
#2320=EDGE_CURVE('',#1840,#1849,#1055,.T.);
#2321=EDGE_CURVE('',#1845,#1850,#1056,.T.);
#2322=EDGE_CURVE('',#1848,#1850,#1057,.T.);
#2323=EDGE_CURVE('',#1847,#1851,#1058,.T.);
#2324=EDGE_CURVE('',#1850,#1851,#193,.T.);
#2325=EDGE_CURVE('',#1831,#1852,#1059,.T.);
#2326=EDGE_CURVE('',#1851,#1852,#1060,.T.);
#2327=EDGE_CURVE('',#1830,#1853,#1061,.T.);
#2328=EDGE_CURVE('',#1852,#1853,#1062,.T.);
#2329=EDGE_CURVE('',#1854,#1855,#1063,.T.);
#2330=EDGE_CURVE('',#1856,#1855,#1064,.T.);
#2331=EDGE_CURVE('',#1857,#1856,#1065,.T.);
#2332=EDGE_CURVE('',#1854,#1857,#1066,.T.);
#2333=EDGE_CURVE('',#1858,#1810,#1067,.T.);
#2334=EDGE_CURVE('',#1823,#1858,#1068,.T.);
#2335=EDGE_CURVE('',#1820,#1859,#194,.T.);
#2336=EDGE_CURVE('',#1859,#1818,#1069,.T.);
#2337=EDGE_CURVE('',#1814,#1860,#1070,.T.);
#2338=EDGE_CURVE('',#1860,#1858,#195,.T.);
#2339=EDGE_CURVE('',#1860,#1859,#1071,.T.);
#2340=EDGE_CURVE('',#1824,#1855,#1072,.T.);
#2341=EDGE_CURVE('',#1826,#1854,#1073,.T.);
#2342=EDGE_CURVE('',#1833,#1861,#1074,.T.);
#2343=EDGE_CURVE('',#1853,#1861,#196,.T.);
#2344=EDGE_CURVE('',#1856,#1862,#1075,.T.);
#2345=EDGE_CURVE('',#1863,#1862,#1076,.T.);
#2346=EDGE_CURVE('',#1857,#1863,#1077,.T.);
#2347=EDGE_CURVE('',#1825,#1864,#1078,.T.);
#2348=EDGE_CURVE('',#1862,#1864,#1079,.T.);
#2349=EDGE_CURVE('',#1865,#1849,#1080,.T.);
#2350=EDGE_CURVE('',#1839,#1865,#1081,.T.);
#2351=EDGE_CURVE('',#1866,#1865,#197,.T.);
#2352=EDGE_CURVE('',#1837,#1866,#1082,.T.);
#2353=EDGE_CURVE('',#1867,#1866,#1083,.T.);
#2354=EDGE_CURVE('',#1834,#1867,#1084,.T.);
#2355=EDGE_CURVE('',#1861,#1867,#1085,.T.);
#2356=EDGE_CURVE('',#1868,#1863,#1086,.T.);
#2357=EDGE_CURVE('',#1827,#1868,#1087,.T.);
#2358=EDGE_CURVE('',#1864,#1868,#1088,.T.);
#2359=EDGE_CURVE('',#1869,#1870,#1089,.T.);
#2360=EDGE_CURVE('',#1870,#1871,#198,.T.);
#2361=EDGE_CURVE('',#1871,#1872,#1090,.T.);
#2362=EDGE_CURVE('',#1872,#1869,#199,.T.);
#2363=EDGE_CURVE('',#1871,#1873,#1091,.T.);
#2364=EDGE_CURVE('',#1873,#1874,#1092,.T.);
#2365=EDGE_CURVE('',#1874,#1872,#1093,.T.);
#2366=EDGE_CURVE('',#1875,#1876,#1094,.T.);
#2367=EDGE_CURVE('',#1876,#1870,#1095,.T.);
#2368=EDGE_CURVE('',#1869,#1875,#1096,.T.);
#2369=EDGE_CURVE('',#1873,#1877,#200,.T.);
#2370=EDGE_CURVE('',#1877,#1878,#1097,.T.);
#2371=EDGE_CURVE('',#1878,#1874,#201,.T.);
#2372=EDGE_CURVE('',#1879,#1880,#1098,.T.);
#2373=EDGE_CURVE('',#1880,#1876,#202,.T.);
#2374=EDGE_CURVE('',#1875,#1879,#203,.T.);
#2375=EDGE_CURVE('',#1877,#1881,#1099,.T.);
#2376=EDGE_CURVE('',#1881,#1882,#1100,.T.);
#2377=EDGE_CURVE('',#1882,#1878,#1101,.T.);
#2378=EDGE_CURVE('',#1883,#1884,#1102,.T.);
#2379=EDGE_CURVE('',#1884,#1880,#1103,.T.);
#2380=EDGE_CURVE('',#1879,#1883,#1104,.T.);
#2381=EDGE_CURVE('',#1881,#1884,#204,.T.);
#2382=EDGE_CURVE('',#1883,#1882,#205,.T.);
#2383=EDGE_CURVE('',#1885,#1877,#1105,.T.);
#2384=EDGE_CURVE('',#1886,#1885,#1106,.T.);
#2385=EDGE_CURVE('',#1881,#1886,#1107,.T.);
#2386=EDGE_CURVE('',#1873,#1887,#1108,.T.);
#2387=EDGE_CURVE('',#1887,#1885,#206,.T.);
#2388=EDGE_CURVE('',#1888,#1871,#1109,.T.);
#2389=EDGE_CURVE('',#1887,#1888,#1110,.T.);
#2390=EDGE_CURVE('',#1870,#1889,#1111,.T.);
#2391=EDGE_CURVE('',#1889,#1888,#207,.T.);
#2392=EDGE_CURVE('',#1890,#1891,#1112,.T.);
#2393=EDGE_CURVE('',#1892,#1890,#1113,.T.);
#2394=EDGE_CURVE('',#1893,#1892,#1114,.T.);
#2395=EDGE_CURVE('',#1891,#1893,#1115,.T.);
#2396=EDGE_CURVE('',#1894,#1895,#1116,.T.);
#2397=EDGE_CURVE('',#1895,#1896,#1117,.T.);
#2398=EDGE_CURVE('',#1896,#1897,#1118,.T.);
#2399=EDGE_CURVE('',#1894,#1897,#1119,.T.);
#2400=EDGE_CURVE('',#1898,#1899,#1120,.T.);
#2401=EDGE_CURVE('',#1899,#1896,#208,.T.);
#2402=EDGE_CURVE('',#1895,#1898,#209,.T.);
#2403=EDGE_CURVE('',#1900,#1899,#1121,.T.);
#2404=EDGE_CURVE('',#1898,#1901,#1122,.T.);
#2405=EDGE_CURVE('',#1901,#1900,#1123,.T.);
#2406=EDGE_CURVE('',#1901,#1902,#1124,.T.);
#2407=EDGE_CURVE('',#1902,#1903,#1125,.T.);
#2408=EDGE_CURVE('',#1903,#1900,#1126,.T.);
#2409=EDGE_CURVE('',#1904,#1905,#1127,.T.);
#2410=EDGE_CURVE('',#1905,#1903,#210,.T.);
#2411=EDGE_CURVE('',#1902,#1904,#211,.T.);
#2412=EDGE_CURVE('',#1906,#1905,#1128,.T.);
#2413=EDGE_CURVE('',#1904,#1907,#1129,.T.);
#2414=EDGE_CURVE('',#1907,#1906,#15,.T.);
#2415=EDGE_CURVE('',#1908,#1906,#212,.T.);
#2416=EDGE_CURVE('',#1907,#1909,#213,.T.);
#2417=EDGE_CURVE('',#1909,#1908,#16,.T.);
#2418=EDGE_CURVE('',#1909,#1910,#1130,.T.);
#2419=EDGE_CURVE('',#1910,#1911,#1131,.T.);
#2420=EDGE_CURVE('',#1911,#1908,#1132,.T.);
#2421=EDGE_CURVE('',#1912,#1913,#1133,.T.);
#2422=EDGE_CURVE('',#1913,#1911,#214,.T.);
#2423=EDGE_CURVE('',#1910,#1912,#215,.T.);
#2424=EDGE_CURVE('',#1897,#1913,#1134,.T.);
#2425=EDGE_CURVE('',#1912,#1894,#1135,.T.);
#2426=EDGE_CURVE('',#1908,#1914,#1136,.T.);
#2427=EDGE_CURVE('',#1915,#1914,#216,.T.);
#2428=EDGE_CURVE('',#1906,#1915,#1137,.T.);
#2429=EDGE_CURVE('',#1911,#1916,#1138,.T.);
#2430=EDGE_CURVE('',#1914,#1916,#1139,.T.);
#2431=EDGE_CURVE('',#1913,#1917,#1140,.T.);
#2432=EDGE_CURVE('',#1916,#1917,#217,.T.);
#2433=EDGE_CURVE('',#1897,#1918,#1141,.T.);
#2434=EDGE_CURVE('',#1917,#1918,#1142,.T.);
#2435=EDGE_CURVE('',#1896,#1919,#1143,.T.);
#2436=EDGE_CURVE('',#1918,#1919,#1144,.T.);
#2437=EDGE_CURVE('',#1920,#1921,#1145,.T.);
#2438=EDGE_CURVE('',#1922,#1921,#1146,.T.);
#2439=EDGE_CURVE('',#1923,#1922,#1147,.T.);
#2440=EDGE_CURVE('',#1920,#1923,#1148,.T.);
#2441=EDGE_CURVE('',#1924,#1876,#1149,.T.);
#2442=EDGE_CURVE('',#1889,#1924,#1150,.T.);
#2443=EDGE_CURVE('',#1886,#1925,#218,.T.);
#2444=EDGE_CURVE('',#1925,#1884,#1151,.T.);
#2445=EDGE_CURVE('',#1880,#1926,#1152,.T.);
#2446=EDGE_CURVE('',#1926,#1924,#219,.T.);
#2447=EDGE_CURVE('',#1926,#1925,#1153,.T.);
#2448=EDGE_CURVE('',#1890,#1921,#1154,.T.);
#2449=EDGE_CURVE('',#1892,#1920,#1155,.T.);
#2450=EDGE_CURVE('',#1899,#1927,#1156,.T.);
#2451=EDGE_CURVE('',#1919,#1927,#220,.T.);
#2452=EDGE_CURVE('',#1922,#1928,#1157,.T.);
#2453=EDGE_CURVE('',#1929,#1928,#1158,.T.);
#2454=EDGE_CURVE('',#1923,#1929,#1159,.T.);
#2455=EDGE_CURVE('',#1891,#1930,#1160,.T.);
#2456=EDGE_CURVE('',#1928,#1930,#1161,.T.);
#2457=EDGE_CURVE('',#1931,#1915,#1162,.T.);
#2458=EDGE_CURVE('',#1905,#1931,#1163,.T.);
#2459=EDGE_CURVE('',#1932,#1931,#221,.T.);
#2460=EDGE_CURVE('',#1903,#1932,#1164,.T.);
#2461=EDGE_CURVE('',#1933,#1932,#1165,.T.);
#2462=EDGE_CURVE('',#1900,#1933,#1166,.T.);
#2463=EDGE_CURVE('',#1927,#1933,#1167,.T.);
#2464=EDGE_CURVE('',#1934,#1929,#1168,.T.);
#2465=EDGE_CURVE('',#1893,#1934,#1169,.T.);
#2466=EDGE_CURVE('',#1930,#1934,#1170,.T.);
#2467=ORIENTED_EDGE('',*,*,#1935,.F.);
#2468=ORIENTED_EDGE('',*,*,#1936,.T.);
#2469=ORIENTED_EDGE('',*,*,#1937,.F.);
#2470=ORIENTED_EDGE('',*,*,#1938,.F.);
#2471=ORIENTED_EDGE('',*,*,#1939,.F.);
#2472=ORIENTED_EDGE('',*,*,#1938,.T.);
#2473=ORIENTED_EDGE('',*,*,#1940,.F.);
#2474=ORIENTED_EDGE('',*,*,#1941,.F.);
#2475=ORIENTED_EDGE('',*,*,#1942,.F.);
#2476=ORIENTED_EDGE('',*,*,#1941,.T.);
#2477=ORIENTED_EDGE('',*,*,#1943,.F.);
#2478=ORIENTED_EDGE('',*,*,#1944,.F.);
#2479=ORIENTED_EDGE('',*,*,#1945,.F.);
#2480=ORIENTED_EDGE('',*,*,#1944,.T.);
#2481=ORIENTED_EDGE('',*,*,#1946,.F.);
#2482=ORIENTED_EDGE('',*,*,#1936,.F.);
#2483=ORIENTED_EDGE('',*,*,#1947,.F.);
#2484=ORIENTED_EDGE('',*,*,#1948,.F.);
#2485=ORIENTED_EDGE('',*,*,#1949,.F.);
#2486=ORIENTED_EDGE('',*,*,#1950,.F.);
#2487=ORIENTED_EDGE('',*,*,#1946,.T.);
#2488=ORIENTED_EDGE('',*,*,#1943,.T.);
#2489=ORIENTED_EDGE('',*,*,#1940,.T.);
#2490=ORIENTED_EDGE('',*,*,#1937,.T.);
#2491=ORIENTED_EDGE('',*,*,#1949,.T.);
#2492=ORIENTED_EDGE('',*,*,#1951,.T.);
#2493=ORIENTED_EDGE('',*,*,#1952,.F.);
#2494=ORIENTED_EDGE('',*,*,#1953,.F.);
#2495=ORIENTED_EDGE('',*,*,#1948,.T.);
#2496=ORIENTED_EDGE('',*,*,#1954,.T.);
#2497=ORIENTED_EDGE('',*,*,#1955,.F.);
#2498=ORIENTED_EDGE('',*,*,#1951,.F.);
#2499=ORIENTED_EDGE('',*,*,#1950,.T.);
#2500=ORIENTED_EDGE('',*,*,#1953,.T.);
#2501=ORIENTED_EDGE('',*,*,#1956,.F.);
#2502=ORIENTED_EDGE('',*,*,#1957,.F.);
#2503=ORIENTED_EDGE('',*,*,#1947,.T.);
#2504=ORIENTED_EDGE('',*,*,#1957,.T.);
#2505=ORIENTED_EDGE('',*,*,#1958,.F.);
#2506=ORIENTED_EDGE('',*,*,#1954,.F.);
#2507=ORIENTED_EDGE('',*,*,#1959,.T.);
#2508=ORIENTED_EDGE('',*,*,#1960,.T.);
#2509=ORIENTED_EDGE('',*,*,#1961,.T.);
#2510=ORIENTED_EDGE('',*,*,#1962,.T.);
#2511=ORIENTED_EDGE('',*,*,#1963,.F.);
#2512=ORIENTED_EDGE('',*,*,#1964,.T.);
#2513=ORIENTED_EDGE('',*,*,#1965,.T.);
#2514=ORIENTED_EDGE('',*,*,#1964,.F.);
#2515=ORIENTED_EDGE('',*,*,#1966,.F.);
#2516=ORIENTED_EDGE('',*,*,#1967,.T.);
#2517=ORIENTED_EDGE('',*,*,#1968,.F.);
#2518=ORIENTED_EDGE('',*,*,#1969,.F.);
#2519=ORIENTED_EDGE('',*,*,#1965,.F.);
#2520=ORIENTED_EDGE('',*,*,#1970,.F.);
#2521=ORIENTED_EDGE('',*,*,#1971,.T.);
#2522=ORIENTED_EDGE('',*,*,#1972,.T.);
#2523=ORIENTED_EDGE('',*,*,#1971,.F.);
#2524=ORIENTED_EDGE('',*,*,#1973,.F.);
#2525=ORIENTED_EDGE('',*,*,#1974,.T.);
#2526=ORIENTED_EDGE('',*,*,#1975,.F.);
#2527=ORIENTED_EDGE('',*,*,#1976,.F.);
#2528=ORIENTED_EDGE('',*,*,#1972,.F.);
#2529=ORIENTED_EDGE('',*,*,#1977,.T.);
#2530=ORIENTED_EDGE('',*,*,#1978,.T.);
#2531=ORIENTED_EDGE('',*,*,#1979,.T.);
#2532=ORIENTED_EDGE('',*,*,#1978,.F.);
#2533=ORIENTED_EDGE('',*,*,#1980,.F.);
#2534=ORIENTED_EDGE('',*,*,#1981,.T.);
#2535=ORIENTED_EDGE('',*,*,#1982,.T.);
#2536=ORIENTED_EDGE('',*,*,#1961,.F.);
#2537=ORIENTED_EDGE('',*,*,#1945,.T.);
#2538=ORIENTED_EDGE('',*,*,#1935,.T.);
#2539=ORIENTED_EDGE('',*,*,#1939,.T.);
#2540=ORIENTED_EDGE('',*,*,#1942,.T.);
#2541=ORIENTED_EDGE('',*,*,#1977,.F.);
#2542=ORIENTED_EDGE('',*,*,#1983,.T.);
#2543=ORIENTED_EDGE('',*,*,#1984,.T.);
#2544=ORIENTED_EDGE('',*,*,#1985,.T.);
#2545=ORIENTED_EDGE('',*,*,#1986,.T.);
#2546=ORIENTED_EDGE('',*,*,#1987,.T.);
#2547=ORIENTED_EDGE('',*,*,#1988,.T.);
#2548=ORIENTED_EDGE('',*,*,#1989,.T.);
#2549=ORIENTED_EDGE('',*,*,#1990,.T.);
#2550=ORIENTED_EDGE('',*,*,#1991,.T.);
#2551=ORIENTED_EDGE('',*,*,#1992,.T.);
#2552=ORIENTED_EDGE('',*,*,#1993,.T.);
#2553=ORIENTED_EDGE('',*,*,#1994,.T.);
#2554=ORIENTED_EDGE('',*,*,#1995,.T.);
#2555=ORIENTED_EDGE('',*,*,#1996,.T.);
#2556=ORIENTED_EDGE('',*,*,#1997,.T.);
#2557=ORIENTED_EDGE('',*,*,#1998,.T.);
#2558=ORIENTED_EDGE('',*,*,#1999,.T.);
#2559=ORIENTED_EDGE('',*,*,#2000,.T.);
#2560=ORIENTED_EDGE('',*,*,#2001,.T.);
#2561=ORIENTED_EDGE('',*,*,#2002,.T.);
#2562=ORIENTED_EDGE('',*,*,#2003,.T.);
#2563=ORIENTED_EDGE('',*,*,#2004,.T.);
#2564=ORIENTED_EDGE('',*,*,#2005,.T.);
#2565=ORIENTED_EDGE('',*,*,#2006,.T.);
#2566=ORIENTED_EDGE('',*,*,#2007,.T.);
#2567=ORIENTED_EDGE('',*,*,#2008,.T.);
#2568=ORIENTED_EDGE('',*,*,#2009,.T.);
#2569=ORIENTED_EDGE('',*,*,#2010,.T.);
#2570=ORIENTED_EDGE('',*,*,#2011,.T.);
#2571=ORIENTED_EDGE('',*,*,#2012,.T.);
#2572=ORIENTED_EDGE('',*,*,#2013,.T.);
#2573=ORIENTED_EDGE('',*,*,#2014,.T.);
#2574=ORIENTED_EDGE('',*,*,#2015,.T.);
#2575=ORIENTED_EDGE('',*,*,#2016,.T.);
#2576=ORIENTED_EDGE('',*,*,#2017,.T.);
#2577=ORIENTED_EDGE('',*,*,#2018,.T.);
#2578=ORIENTED_EDGE('',*,*,#2019,.T.);
#2579=ORIENTED_EDGE('',*,*,#2020,.T.);
#2580=ORIENTED_EDGE('',*,*,#2021,.T.);
#2581=ORIENTED_EDGE('',*,*,#2022,.T.);
#2582=ORIENTED_EDGE('',*,*,#2023,.T.);
#2583=ORIENTED_EDGE('',*,*,#2024,.T.);
#2584=ORIENTED_EDGE('',*,*,#2025,.T.);
#2585=ORIENTED_EDGE('',*,*,#2026,.T.);
#2586=ORIENTED_EDGE('',*,*,#2027,.T.);
#2587=ORIENTED_EDGE('',*,*,#2028,.T.);
#2588=ORIENTED_EDGE('',*,*,#2029,.T.);
#2589=ORIENTED_EDGE('',*,*,#2030,.T.);
#2590=ORIENTED_EDGE('',*,*,#2031,.T.);
#2591=ORIENTED_EDGE('',*,*,#2032,.T.);
#2592=ORIENTED_EDGE('',*,*,#2033,.T.);
#2593=ORIENTED_EDGE('',*,*,#2034,.T.);
#2594=ORIENTED_EDGE('',*,*,#2035,.F.);
#2595=ORIENTED_EDGE('',*,*,#2036,.T.);
#2596=ORIENTED_EDGE('',*,*,#2037,.T.);
#2597=ORIENTED_EDGE('',*,*,#1979,.F.);
#2598=ORIENTED_EDGE('',*,*,#2037,.F.);
#2599=ORIENTED_EDGE('',*,*,#2035,.T.);
#2600=ORIENTED_EDGE('',*,*,#2038,.T.);
#2601=ORIENTED_EDGE('',*,*,#2039,.T.);
#2602=ORIENTED_EDGE('',*,*,#2038,.F.);
#2603=ORIENTED_EDGE('',*,*,#2040,.T.);
#2604=ORIENTED_EDGE('',*,*,#2041,.T.);
#2605=ORIENTED_EDGE('',*,*,#2039,.F.);
#2606=ORIENTED_EDGE('',*,*,#2041,.F.);
#2607=ORIENTED_EDGE('',*,*,#2042,.F.);
#2608=ORIENTED_EDGE('',*,*,#1969,.T.);
#2609=ORIENTED_EDGE('',*,*,#2043,.F.);
#2610=ORIENTED_EDGE('',*,*,#2044,.F.);
#2611=ORIENTED_EDGE('',*,*,#2045,.F.);
#2612=ORIENTED_EDGE('',*,*,#2046,.T.);
#2613=ORIENTED_EDGE('',*,*,#2047,.F.);
#2614=ORIENTED_EDGE('',*,*,#1967,.F.);
#2615=ORIENTED_EDGE('',*,*,#2048,.F.);
#2616=ORIENTED_EDGE('',*,*,#2044,.T.);
#2617=ORIENTED_EDGE('',*,*,#2049,.F.);
#2618=ORIENTED_EDGE('',*,*,#2046,.F.);
#2619=ORIENTED_EDGE('',*,*,#2040,.F.);
#2620=ORIENTED_EDGE('',*,*,#2050,.F.);
#2621=ORIENTED_EDGE('',*,*,#1976,.T.);
#2622=ORIENTED_EDGE('',*,*,#2051,.F.);
#2623=ORIENTED_EDGE('',*,*,#2052,.F.);
#2624=ORIENTED_EDGE('',*,*,#2053,.F.);
#2625=ORIENTED_EDGE('',*,*,#2054,.T.);
#2626=ORIENTED_EDGE('',*,*,#2055,.F.);
#2627=ORIENTED_EDGE('',*,*,#1974,.F.);
#2628=ORIENTED_EDGE('',*,*,#2056,.F.);
#2629=ORIENTED_EDGE('',*,*,#2052,.T.);
#2630=ORIENTED_EDGE('',*,*,#2057,.F.);
#2631=ORIENTED_EDGE('',*,*,#2054,.F.);
#2632=ORIENTED_EDGE('',*,*,#2036,.F.);
#2633=ORIENTED_EDGE('',*,*,#2058,.T.);
#2634=ORIENTED_EDGE('',*,*,#2059,.T.);
#2635=ORIENTED_EDGE('',*,*,#2060,.T.);
#2636=ORIENTED_EDGE('',*,*,#2061,.T.);
#2637=ORIENTED_EDGE('',*,*,#2062,.T.);
#2638=ORIENTED_EDGE('',*,*,#2063,.T.);
#2639=ORIENTED_EDGE('',*,*,#2064,.F.);
#2640=ORIENTED_EDGE('',*,*,#2062,.F.);
#2641=ORIENTED_EDGE('',*,*,#2065,.T.);
#2642=ORIENTED_EDGE('',*,*,#1983,.F.);
#2643=ORIENTED_EDGE('',*,*,#2066,.F.);
#2644=ORIENTED_EDGE('',*,*,#2063,.F.);
#2645=ORIENTED_EDGE('',*,*,#2066,.T.);
#2646=ORIENTED_EDGE('',*,*,#1988,.F.);
#2647=ORIENTED_EDGE('',*,*,#2067,.F.);
#2648=ORIENTED_EDGE('',*,*,#2058,.F.);
#2649=ORIENTED_EDGE('',*,*,#2067,.T.);
#2650=ORIENTED_EDGE('',*,*,#1987,.F.);
#2651=ORIENTED_EDGE('',*,*,#2068,.F.);
#2652=ORIENTED_EDGE('',*,*,#2061,.F.);
#2653=ORIENTED_EDGE('',*,*,#2069,.T.);
#2654=ORIENTED_EDGE('',*,*,#1984,.F.);
#2655=ORIENTED_EDGE('',*,*,#2065,.F.);
#2656=ORIENTED_EDGE('',*,*,#2060,.F.);
#2657=ORIENTED_EDGE('',*,*,#2070,.T.);
#2658=ORIENTED_EDGE('',*,*,#1985,.F.);
#2659=ORIENTED_EDGE('',*,*,#2069,.F.);
#2660=ORIENTED_EDGE('',*,*,#2059,.F.);
#2661=ORIENTED_EDGE('',*,*,#2068,.T.);
#2662=ORIENTED_EDGE('',*,*,#1986,.F.);
#2663=ORIENTED_EDGE('',*,*,#2070,.F.);
#2664=ORIENTED_EDGE('',*,*,#2071,.T.);
#2665=ORIENTED_EDGE('',*,*,#2072,.T.);
#2666=ORIENTED_EDGE('',*,*,#2073,.T.);
#2667=ORIENTED_EDGE('',*,*,#2074,.T.);
#2668=ORIENTED_EDGE('',*,*,#2075,.T.);
#2669=ORIENTED_EDGE('',*,*,#2076,.T.);
#2670=ORIENTED_EDGE('',*,*,#2077,.F.);
#2671=ORIENTED_EDGE('',*,*,#2075,.F.);
#2672=ORIENTED_EDGE('',*,*,#2078,.T.);
#2673=ORIENTED_EDGE('',*,*,#1989,.F.);
#2674=ORIENTED_EDGE('',*,*,#2079,.F.);
#2675=ORIENTED_EDGE('',*,*,#2076,.F.);
#2676=ORIENTED_EDGE('',*,*,#2079,.T.);
#2677=ORIENTED_EDGE('',*,*,#1994,.F.);
#2678=ORIENTED_EDGE('',*,*,#2080,.F.);
#2679=ORIENTED_EDGE('',*,*,#2071,.F.);
#2680=ORIENTED_EDGE('',*,*,#2080,.T.);
#2681=ORIENTED_EDGE('',*,*,#1993,.F.);
#2682=ORIENTED_EDGE('',*,*,#2081,.F.);
#2683=ORIENTED_EDGE('',*,*,#2074,.F.);
#2684=ORIENTED_EDGE('',*,*,#2082,.T.);
#2685=ORIENTED_EDGE('',*,*,#1990,.F.);
#2686=ORIENTED_EDGE('',*,*,#2078,.F.);
#2687=ORIENTED_EDGE('',*,*,#2073,.F.);
#2688=ORIENTED_EDGE('',*,*,#2083,.T.);
#2689=ORIENTED_EDGE('',*,*,#1991,.F.);
#2690=ORIENTED_EDGE('',*,*,#2082,.F.);
#2691=ORIENTED_EDGE('',*,*,#2072,.F.);
#2692=ORIENTED_EDGE('',*,*,#2081,.T.);
#2693=ORIENTED_EDGE('',*,*,#1992,.F.);
#2694=ORIENTED_EDGE('',*,*,#2083,.F.);
#2695=ORIENTED_EDGE('',*,*,#2084,.T.);
#2696=ORIENTED_EDGE('',*,*,#2085,.T.);
#2697=ORIENTED_EDGE('',*,*,#2086,.T.);
#2698=ORIENTED_EDGE('',*,*,#2087,.T.);
#2699=ORIENTED_EDGE('',*,*,#2088,.T.);
#2700=ORIENTED_EDGE('',*,*,#2089,.T.);
#2701=ORIENTED_EDGE('',*,*,#2090,.F.);
#2702=ORIENTED_EDGE('',*,*,#2088,.F.);
#2703=ORIENTED_EDGE('',*,*,#2091,.T.);
#2704=ORIENTED_EDGE('',*,*,#1995,.F.);
#2705=ORIENTED_EDGE('',*,*,#2092,.F.);
#2706=ORIENTED_EDGE('',*,*,#2089,.F.);
#2707=ORIENTED_EDGE('',*,*,#2092,.T.);
#2708=ORIENTED_EDGE('',*,*,#2000,.F.);
#2709=ORIENTED_EDGE('',*,*,#2093,.F.);
#2710=ORIENTED_EDGE('',*,*,#2084,.F.);
#2711=ORIENTED_EDGE('',*,*,#2093,.T.);
#2712=ORIENTED_EDGE('',*,*,#1999,.F.);
#2713=ORIENTED_EDGE('',*,*,#2094,.F.);
#2714=ORIENTED_EDGE('',*,*,#2087,.F.);
#2715=ORIENTED_EDGE('',*,*,#2095,.T.);
#2716=ORIENTED_EDGE('',*,*,#1996,.F.);
#2717=ORIENTED_EDGE('',*,*,#2091,.F.);
#2718=ORIENTED_EDGE('',*,*,#2086,.F.);
#2719=ORIENTED_EDGE('',*,*,#2096,.T.);
#2720=ORIENTED_EDGE('',*,*,#1997,.F.);
#2721=ORIENTED_EDGE('',*,*,#2095,.F.);
#2722=ORIENTED_EDGE('',*,*,#2085,.F.);
#2723=ORIENTED_EDGE('',*,*,#2094,.T.);
#2724=ORIENTED_EDGE('',*,*,#1998,.F.);
#2725=ORIENTED_EDGE('',*,*,#2096,.F.);
#2726=ORIENTED_EDGE('',*,*,#2097,.T.);
#2727=ORIENTED_EDGE('',*,*,#2098,.T.);
#2728=ORIENTED_EDGE('',*,*,#2099,.T.);
#2729=ORIENTED_EDGE('',*,*,#2100,.T.);
#2730=ORIENTED_EDGE('',*,*,#2101,.T.);
#2731=ORIENTED_EDGE('',*,*,#2102,.T.);
#2732=ORIENTED_EDGE('',*,*,#2103,.F.);
#2733=ORIENTED_EDGE('',*,*,#2101,.F.);
#2734=ORIENTED_EDGE('',*,*,#2104,.T.);
#2735=ORIENTED_EDGE('',*,*,#2001,.F.);
#2736=ORIENTED_EDGE('',*,*,#2105,.F.);
#2737=ORIENTED_EDGE('',*,*,#2102,.F.);
#2738=ORIENTED_EDGE('',*,*,#2105,.T.);
#2739=ORIENTED_EDGE('',*,*,#2006,.F.);
#2740=ORIENTED_EDGE('',*,*,#2106,.F.);
#2741=ORIENTED_EDGE('',*,*,#2097,.F.);
#2742=ORIENTED_EDGE('',*,*,#2106,.T.);
#2743=ORIENTED_EDGE('',*,*,#2005,.F.);
#2744=ORIENTED_EDGE('',*,*,#2107,.F.);
#2745=ORIENTED_EDGE('',*,*,#2100,.F.);
#2746=ORIENTED_EDGE('',*,*,#2108,.T.);
#2747=ORIENTED_EDGE('',*,*,#2002,.F.);
#2748=ORIENTED_EDGE('',*,*,#2104,.F.);
#2749=ORIENTED_EDGE('',*,*,#2099,.F.);
#2750=ORIENTED_EDGE('',*,*,#2109,.T.);
#2751=ORIENTED_EDGE('',*,*,#2003,.F.);
#2752=ORIENTED_EDGE('',*,*,#2108,.F.);
#2753=ORIENTED_EDGE('',*,*,#2098,.F.);
#2754=ORIENTED_EDGE('',*,*,#2107,.T.);
#2755=ORIENTED_EDGE('',*,*,#2004,.F.);
#2756=ORIENTED_EDGE('',*,*,#2109,.F.);
#2757=ORIENTED_EDGE('',*,*,#2110,.T.);
#2758=ORIENTED_EDGE('',*,*,#2111,.T.);
#2759=ORIENTED_EDGE('',*,*,#2112,.T.);
#2760=ORIENTED_EDGE('',*,*,#2113,.T.);
#2761=ORIENTED_EDGE('',*,*,#2114,.T.);
#2762=ORIENTED_EDGE('',*,*,#2115,.T.);
#2763=ORIENTED_EDGE('',*,*,#2116,.F.);
#2764=ORIENTED_EDGE('',*,*,#2114,.F.);
#2765=ORIENTED_EDGE('',*,*,#2117,.T.);
#2766=ORIENTED_EDGE('',*,*,#2007,.F.);
#2767=ORIENTED_EDGE('',*,*,#2118,.F.);
#2768=ORIENTED_EDGE('',*,*,#2115,.F.);
#2769=ORIENTED_EDGE('',*,*,#2118,.T.);
#2770=ORIENTED_EDGE('',*,*,#2012,.F.);
#2771=ORIENTED_EDGE('',*,*,#2119,.F.);
#2772=ORIENTED_EDGE('',*,*,#2110,.F.);
#2773=ORIENTED_EDGE('',*,*,#2119,.T.);
#2774=ORIENTED_EDGE('',*,*,#2011,.F.);
#2775=ORIENTED_EDGE('',*,*,#2120,.F.);
#2776=ORIENTED_EDGE('',*,*,#2113,.F.);
#2777=ORIENTED_EDGE('',*,*,#2121,.T.);
#2778=ORIENTED_EDGE('',*,*,#2008,.F.);
#2779=ORIENTED_EDGE('',*,*,#2117,.F.);
#2780=ORIENTED_EDGE('',*,*,#2112,.F.);
#2781=ORIENTED_EDGE('',*,*,#2122,.T.);
#2782=ORIENTED_EDGE('',*,*,#2009,.F.);
#2783=ORIENTED_EDGE('',*,*,#2121,.F.);
#2784=ORIENTED_EDGE('',*,*,#2111,.F.);
#2785=ORIENTED_EDGE('',*,*,#2120,.T.);
#2786=ORIENTED_EDGE('',*,*,#2010,.F.);
#2787=ORIENTED_EDGE('',*,*,#2122,.F.);
#2788=ORIENTED_EDGE('',*,*,#2123,.T.);
#2789=ORIENTED_EDGE('',*,*,#2124,.T.);
#2790=ORIENTED_EDGE('',*,*,#2125,.T.);
#2791=ORIENTED_EDGE('',*,*,#2126,.T.);
#2792=ORIENTED_EDGE('',*,*,#2127,.T.);
#2793=ORIENTED_EDGE('',*,*,#2128,.T.);
#2794=ORIENTED_EDGE('',*,*,#2129,.F.);
#2795=ORIENTED_EDGE('',*,*,#2127,.F.);
#2796=ORIENTED_EDGE('',*,*,#2130,.T.);
#2797=ORIENTED_EDGE('',*,*,#2013,.F.);
#2798=ORIENTED_EDGE('',*,*,#2131,.F.);
#2799=ORIENTED_EDGE('',*,*,#2128,.F.);
#2800=ORIENTED_EDGE('',*,*,#2131,.T.);
#2801=ORIENTED_EDGE('',*,*,#2018,.F.);
#2802=ORIENTED_EDGE('',*,*,#2132,.F.);
#2803=ORIENTED_EDGE('',*,*,#2123,.F.);
#2804=ORIENTED_EDGE('',*,*,#2132,.T.);
#2805=ORIENTED_EDGE('',*,*,#2017,.F.);
#2806=ORIENTED_EDGE('',*,*,#2133,.F.);
#2807=ORIENTED_EDGE('',*,*,#2126,.F.);
#2808=ORIENTED_EDGE('',*,*,#2134,.T.);
#2809=ORIENTED_EDGE('',*,*,#2014,.F.);
#2810=ORIENTED_EDGE('',*,*,#2130,.F.);
#2811=ORIENTED_EDGE('',*,*,#2125,.F.);
#2812=ORIENTED_EDGE('',*,*,#2135,.T.);
#2813=ORIENTED_EDGE('',*,*,#2015,.F.);
#2814=ORIENTED_EDGE('',*,*,#2134,.F.);
#2815=ORIENTED_EDGE('',*,*,#2124,.F.);
#2816=ORIENTED_EDGE('',*,*,#2133,.T.);
#2817=ORIENTED_EDGE('',*,*,#2016,.F.);
#2818=ORIENTED_EDGE('',*,*,#2135,.F.);
#2819=ORIENTED_EDGE('',*,*,#2136,.T.);
#2820=ORIENTED_EDGE('',*,*,#2137,.T.);
#2821=ORIENTED_EDGE('',*,*,#2138,.T.);
#2822=ORIENTED_EDGE('',*,*,#2139,.T.);
#2823=ORIENTED_EDGE('',*,*,#2140,.T.);
#2824=ORIENTED_EDGE('',*,*,#2141,.T.);
#2825=ORIENTED_EDGE('',*,*,#2142,.F.);
#2826=ORIENTED_EDGE('',*,*,#2140,.F.);
#2827=ORIENTED_EDGE('',*,*,#2143,.T.);
#2828=ORIENTED_EDGE('',*,*,#2019,.F.);
#2829=ORIENTED_EDGE('',*,*,#2144,.F.);
#2830=ORIENTED_EDGE('',*,*,#2141,.F.);
#2831=ORIENTED_EDGE('',*,*,#2144,.T.);
#2832=ORIENTED_EDGE('',*,*,#2024,.F.);
#2833=ORIENTED_EDGE('',*,*,#2145,.F.);
#2834=ORIENTED_EDGE('',*,*,#2136,.F.);
#2835=ORIENTED_EDGE('',*,*,#2145,.T.);
#2836=ORIENTED_EDGE('',*,*,#2023,.F.);
#2837=ORIENTED_EDGE('',*,*,#2146,.F.);
#2838=ORIENTED_EDGE('',*,*,#2139,.F.);
#2839=ORIENTED_EDGE('',*,*,#2147,.T.);
#2840=ORIENTED_EDGE('',*,*,#2020,.F.);
#2841=ORIENTED_EDGE('',*,*,#2143,.F.);
#2842=ORIENTED_EDGE('',*,*,#2138,.F.);
#2843=ORIENTED_EDGE('',*,*,#2148,.T.);
#2844=ORIENTED_EDGE('',*,*,#2021,.F.);
#2845=ORIENTED_EDGE('',*,*,#2147,.F.);
#2846=ORIENTED_EDGE('',*,*,#2137,.F.);
#2847=ORIENTED_EDGE('',*,*,#2146,.T.);
#2848=ORIENTED_EDGE('',*,*,#2022,.F.);
#2849=ORIENTED_EDGE('',*,*,#2148,.F.);
#2850=ORIENTED_EDGE('',*,*,#2149,.T.);
#2851=ORIENTED_EDGE('',*,*,#2150,.T.);
#2852=ORIENTED_EDGE('',*,*,#2151,.T.);
#2853=ORIENTED_EDGE('',*,*,#2152,.T.);
#2854=ORIENTED_EDGE('',*,*,#2153,.T.);
#2855=ORIENTED_EDGE('',*,*,#2154,.T.);
#2856=ORIENTED_EDGE('',*,*,#2155,.F.);
#2857=ORIENTED_EDGE('',*,*,#2153,.F.);
#2858=ORIENTED_EDGE('',*,*,#2156,.T.);
#2859=ORIENTED_EDGE('',*,*,#2025,.F.);
#2860=ORIENTED_EDGE('',*,*,#2157,.F.);
#2861=ORIENTED_EDGE('',*,*,#2154,.F.);
#2862=ORIENTED_EDGE('',*,*,#2157,.T.);
#2863=ORIENTED_EDGE('',*,*,#2030,.F.);
#2864=ORIENTED_EDGE('',*,*,#2158,.F.);
#2865=ORIENTED_EDGE('',*,*,#2149,.F.);
#2866=ORIENTED_EDGE('',*,*,#2158,.T.);
#2867=ORIENTED_EDGE('',*,*,#2029,.F.);
#2868=ORIENTED_EDGE('',*,*,#2159,.F.);
#2869=ORIENTED_EDGE('',*,*,#2152,.F.);
#2870=ORIENTED_EDGE('',*,*,#2160,.T.);
#2871=ORIENTED_EDGE('',*,*,#2026,.F.);
#2872=ORIENTED_EDGE('',*,*,#2156,.F.);
#2873=ORIENTED_EDGE('',*,*,#2151,.F.);
#2874=ORIENTED_EDGE('',*,*,#2161,.T.);
#2875=ORIENTED_EDGE('',*,*,#2027,.F.);
#2876=ORIENTED_EDGE('',*,*,#2160,.F.);
#2877=ORIENTED_EDGE('',*,*,#2150,.F.);
#2878=ORIENTED_EDGE('',*,*,#2159,.T.);
#2879=ORIENTED_EDGE('',*,*,#2028,.F.);
#2880=ORIENTED_EDGE('',*,*,#2161,.F.);
#2881=ORIENTED_EDGE('',*,*,#2162,.F.);
#2882=ORIENTED_EDGE('',*,*,#2163,.F.);
#2883=ORIENTED_EDGE('',*,*,#2164,.T.);
#2884=ORIENTED_EDGE('',*,*,#2165,.F.);
#2885=ORIENTED_EDGE('',*,*,#2166,.F.);
#2886=ORIENTED_EDGE('',*,*,#2167,.F.);
#2887=ORIENTED_EDGE('',*,*,#2168,.T.);
#2888=ORIENTED_EDGE('',*,*,#2169,.F.);
#2889=ORIENTED_EDGE('',*,*,#2168,.F.);
#2890=ORIENTED_EDGE('',*,*,#2170,.F.);
#2891=ORIENTED_EDGE('',*,*,#2164,.F.);
#2892=ORIENTED_EDGE('',*,*,#2171,.F.);
#2893=ORIENTED_EDGE('',*,*,#2172,.F.);
#2894=ORIENTED_EDGE('',*,*,#2173,.F.);
#2895=ORIENTED_EDGE('',*,*,#2174,.F.);
#2896=ORIENTED_EDGE('',*,*,#2175,.F.);
#2897=ORIENTED_EDGE('',*,*,#2162,.T.);
#2898=ORIENTED_EDGE('',*,*,#2176,.T.);
#2899=ORIENTED_EDGE('',*,*,#2177,.F.);
#2900=ORIENTED_EDGE('',*,*,#2178,.F.);
#2901=ORIENTED_EDGE('',*,*,#1963,.T.);
#2902=ORIENTED_EDGE('',*,*,#2179,.F.);
#2903=ORIENTED_EDGE('',*,*,#2180,.F.);
#2904=ORIENTED_EDGE('',*,*,#2181,.F.);
#2905=ORIENTED_EDGE('',*,*,#2182,.F.);
#2906=ORIENTED_EDGE('',*,*,#2166,.T.);
#2907=ORIENTED_EDGE('',*,*,#2183,.T.);
#2908=ORIENTED_EDGE('',*,*,#1959,.F.);
#2909=ORIENTED_EDGE('',*,*,#2184,.T.);
#2910=ORIENTED_EDGE('',*,*,#1956,.T.);
#2911=ORIENTED_EDGE('',*,*,#1952,.T.);
#2912=ORIENTED_EDGE('',*,*,#1955,.T.);
#2913=ORIENTED_EDGE('',*,*,#1958,.T.);
#2914=ORIENTED_EDGE('',*,*,#1970,.T.);
#2915=ORIENTED_EDGE('',*,*,#2185,.F.);
#2916=ORIENTED_EDGE('',*,*,#2186,.F.);
#2917=ORIENTED_EDGE('',*,*,#2187,.F.);
#2918=ORIENTED_EDGE('',*,*,#2188,.F.);
#2919=ORIENTED_EDGE('',*,*,#2169,.T.);
#2920=ORIENTED_EDGE('',*,*,#2171,.T.);
#2921=ORIENTED_EDGE('',*,*,#2163,.T.);
#2922=ORIENTED_EDGE('',*,*,#2178,.T.);
#2923=ORIENTED_EDGE('',*,*,#2189,.T.);
#2924=ORIENTED_EDGE('',*,*,#1980,.T.);
#2925=ORIENTED_EDGE('',*,*,#1960,.F.);
#2926=ORIENTED_EDGE('',*,*,#2183,.F.);
#2927=ORIENTED_EDGE('',*,*,#2043,.T.);
#2928=ORIENTED_EDGE('',*,*,#1968,.T.);
#2929=ORIENTED_EDGE('',*,*,#2047,.T.);
#2930=ORIENTED_EDGE('',*,*,#2049,.T.);
#2931=ORIENTED_EDGE('',*,*,#2051,.T.);
#2932=ORIENTED_EDGE('',*,*,#1975,.T.);
#2933=ORIENTED_EDGE('',*,*,#2055,.T.);
#2934=ORIENTED_EDGE('',*,*,#2057,.T.);
#2935=ORIENTED_EDGE('',*,*,#2031,.F.);
#2936=ORIENTED_EDGE('',*,*,#2190,.T.);
#2937=ORIENTED_EDGE('',*,*,#2172,.T.);
#2938=ORIENTED_EDGE('',*,*,#2190,.F.);
#2939=ORIENTED_EDGE('',*,*,#2103,.T.);
#2940=ORIENTED_EDGE('',*,*,#2191,.T.);
#2941=ORIENTED_EDGE('',*,*,#2179,.T.);
#2942=ORIENTED_EDGE('',*,*,#2191,.F.);
#2943=ORIENTED_EDGE('',*,*,#2064,.T.);
#2944=ORIENTED_EDGE('',*,*,#2192,.T.);
#2945=ORIENTED_EDGE('',*,*,#2185,.T.);
#2946=ORIENTED_EDGE('',*,*,#2192,.F.);
#2947=ORIENTED_EDGE('',*,*,#2142,.T.);
#2948=ORIENTED_EDGE('',*,*,#2193,.T.);
#2949=ORIENTED_EDGE('',*,*,#2180,.T.);
#2950=ORIENTED_EDGE('',*,*,#2193,.F.);
#2951=ORIENTED_EDGE('',*,*,#2116,.T.);
#2952=ORIENTED_EDGE('',*,*,#2194,.T.);
#2953=ORIENTED_EDGE('',*,*,#2186,.T.);
#2954=ORIENTED_EDGE('',*,*,#2194,.F.);
#2955=ORIENTED_EDGE('',*,*,#2077,.T.);
#2956=ORIENTED_EDGE('',*,*,#2195,.T.);
#2957=ORIENTED_EDGE('',*,*,#2187,.T.);
#2958=ORIENTED_EDGE('',*,*,#2195,.F.);
#2959=ORIENTED_EDGE('',*,*,#2155,.T.);
#2960=ORIENTED_EDGE('',*,*,#2196,.T.);
#2961=ORIENTED_EDGE('',*,*,#2181,.T.);
#2962=ORIENTED_EDGE('',*,*,#2196,.F.);
#2963=ORIENTED_EDGE('',*,*,#2129,.T.);
#2964=ORIENTED_EDGE('',*,*,#2197,.T.);
#2965=ORIENTED_EDGE('',*,*,#2188,.T.);
#2966=ORIENTED_EDGE('',*,*,#2197,.F.);
#2967=ORIENTED_EDGE('',*,*,#2032,.F.);
#2968=ORIENTED_EDGE('',*,*,#2198,.T.);
#2969=ORIENTED_EDGE('',*,*,#2174,.T.);
#2970=ORIENTED_EDGE('',*,*,#2198,.F.);
#2971=ORIENTED_EDGE('',*,*,#2090,.T.);
#2972=ORIENTED_EDGE('',*,*,#2199,.T.);
#2973=ORIENTED_EDGE('',*,*,#2182,.T.);
#2974=ORIENTED_EDGE('',*,*,#2199,.F.);
#2975=ORIENTED_EDGE('',*,*,#2033,.F.);
#2976=ORIENTED_EDGE('',*,*,#2200,.T.);
#2977=ORIENTED_EDGE('',*,*,#2173,.T.);
#2978=ORIENTED_EDGE('',*,*,#2200,.F.);
#2979=ORIENTED_EDGE('',*,*,#2034,.F.);
#2980=ORIENTED_EDGE('',*,*,#2201,.T.);
#2981=ORIENTED_EDGE('',*,*,#2175,.T.);
#2982=ORIENTED_EDGE('',*,*,#2201,.F.);
#2983=ORIENTED_EDGE('',*,*,#2167,.T.);
#2984=ORIENTED_EDGE('',*,*,#2184,.F.);
#2985=ORIENTED_EDGE('',*,*,#1962,.F.);
#2986=ORIENTED_EDGE('',*,*,#1982,.F.);
#2987=ORIENTED_EDGE('',*,*,#2202,.F.);
#2988=ORIENTED_EDGE('',*,*,#2176,.F.);
#2989=ORIENTED_EDGE('',*,*,#2165,.T.);
#2990=ORIENTED_EDGE('',*,*,#2170,.T.);
#2991=ORIENTED_EDGE('',*,*,#2042,.T.);
#2992=ORIENTED_EDGE('',*,*,#2048,.T.);
#2993=ORIENTED_EDGE('',*,*,#2045,.T.);
#2994=ORIENTED_EDGE('',*,*,#1966,.T.);
#2995=ORIENTED_EDGE('',*,*,#2050,.T.);
#2996=ORIENTED_EDGE('',*,*,#2056,.T.);
#2997=ORIENTED_EDGE('',*,*,#2053,.T.);
#2998=ORIENTED_EDGE('',*,*,#1973,.T.);
#2999=ORIENTED_EDGE('',*,*,#2177,.T.);
#3000=ORIENTED_EDGE('',*,*,#2202,.T.);
#3001=ORIENTED_EDGE('',*,*,#1981,.F.);
#3002=ORIENTED_EDGE('',*,*,#2189,.F.);
#3003=ORIENTED_EDGE('',*,*,#2203,.F.);
#3004=ORIENTED_EDGE('',*,*,#2204,.F.);
#3005=ORIENTED_EDGE('',*,*,#2205,.T.);
#3006=ORIENTED_EDGE('',*,*,#2206,.F.);
#3007=ORIENTED_EDGE('',*,*,#2207,.F.);
#3008=ORIENTED_EDGE('',*,*,#2208,.F.);
#3009=ORIENTED_EDGE('',*,*,#2209,.T.);
#3010=ORIENTED_EDGE('',*,*,#2210,.F.);
#3011=ORIENTED_EDGE('',*,*,#2211,.F.);
#3012=ORIENTED_EDGE('',*,*,#2205,.F.);
#3013=ORIENTED_EDGE('',*,*,#2212,.F.);
#3014=ORIENTED_EDGE('',*,*,#2209,.F.);
#3015=ORIENTED_EDGE('',*,*,#2210,.T.);
#3016=ORIENTED_EDGE('',*,*,#2212,.T.);
#3017=ORIENTED_EDGE('',*,*,#2204,.T.);
#3018=ORIENTED_EDGE('',*,*,#2213,.T.);
#3019=ORIENTED_EDGE('',*,*,#2214,.T.);
#3020=ORIENTED_EDGE('',*,*,#2215,.F.);
#3021=ORIENTED_EDGE('',*,*,#2216,.F.);
#3022=ORIENTED_EDGE('',*,*,#2217,.T.);
#3023=ORIENTED_EDGE('',*,*,#2203,.T.);
#3024=ORIENTED_EDGE('',*,*,#2218,.F.);
#3025=ORIENTED_EDGE('',*,*,#2219,.F.);
#3026=ORIENTED_EDGE('',*,*,#2213,.F.);
#3027=ORIENTED_EDGE('',*,*,#2220,.F.);
#3028=ORIENTED_EDGE('',*,*,#2221,.F.);
#3029=ORIENTED_EDGE('',*,*,#2222,.F.);
#3030=ORIENTED_EDGE('',*,*,#2223,.F.);
#3031=ORIENTED_EDGE('',*,*,#2207,.T.);
#3032=ORIENTED_EDGE('',*,*,#2217,.F.);
#3033=ORIENTED_EDGE('',*,*,#2224,.F.);
#3034=ORIENTED_EDGE('',*,*,#2225,.F.);
#3035=ORIENTED_EDGE('',*,*,#2226,.F.);
#3036=ORIENTED_EDGE('',*,*,#2227,.F.);
#3037=ORIENTED_EDGE('',*,*,#2228,.F.);
#3038=ORIENTED_EDGE('',*,*,#2229,.F.);
#3039=ORIENTED_EDGE('',*,*,#2224,.T.);
#3040=ORIENTED_EDGE('',*,*,#2216,.T.);
#3041=ORIENTED_EDGE('',*,*,#2230,.F.);
#3042=ORIENTED_EDGE('',*,*,#2231,.F.);
#3043=ORIENTED_EDGE('',*,*,#2232,.F.);
#3044=ORIENTED_EDGE('',*,*,#2233,.T.);
#3045=ORIENTED_EDGE('',*,*,#2226,.T.);
#3046=ORIENTED_EDGE('',*,*,#2233,.F.);
#3047=ORIENTED_EDGE('',*,*,#2234,.F.);
#3048=ORIENTED_EDGE('',*,*,#2235,.T.);
#3049=ORIENTED_EDGE('',*,*,#2227,.T.);
#3050=ORIENTED_EDGE('',*,*,#2235,.F.);
#3051=ORIENTED_EDGE('',*,*,#2236,.F.);
#3052=ORIENTED_EDGE('',*,*,#2237,.T.);
#3053=ORIENTED_EDGE('',*,*,#2228,.T.);
#3054=ORIENTED_EDGE('',*,*,#2237,.F.);
#3055=ORIENTED_EDGE('',*,*,#2238,.F.);
#3056=ORIENTED_EDGE('',*,*,#2239,.T.);
#3057=ORIENTED_EDGE('',*,*,#2229,.T.);
#3058=ORIENTED_EDGE('',*,*,#2239,.F.);
#3059=ORIENTED_EDGE('',*,*,#2240,.F.);
#3060=ORIENTED_EDGE('',*,*,#2241,.T.);
#3061=ORIENTED_EDGE('',*,*,#2220,.T.);
#3062=ORIENTED_EDGE('',*,*,#2241,.F.);
#3063=ORIENTED_EDGE('',*,*,#2242,.F.);
#3064=ORIENTED_EDGE('',*,*,#2243,.T.);
#3065=ORIENTED_EDGE('',*,*,#2221,.T.);
#3066=ORIENTED_EDGE('',*,*,#2243,.F.);
#3067=ORIENTED_EDGE('',*,*,#2244,.F.);
#3068=ORIENTED_EDGE('',*,*,#2245,.T.);
#3069=ORIENTED_EDGE('',*,*,#2222,.T.);
#3070=ORIENTED_EDGE('',*,*,#2245,.F.);
#3071=ORIENTED_EDGE('',*,*,#2246,.F.);
#3072=ORIENTED_EDGE('',*,*,#2247,.T.);
#3073=ORIENTED_EDGE('',*,*,#2223,.T.);
#3074=ORIENTED_EDGE('',*,*,#2247,.F.);
#3075=ORIENTED_EDGE('',*,*,#2208,.T.);
#3076=ORIENTED_EDGE('',*,*,#2225,.T.);
#3077=ORIENTED_EDGE('',*,*,#2231,.T.);
#3078=ORIENTED_EDGE('',*,*,#2248,.F.);
#3079=ORIENTED_EDGE('',*,*,#2249,.F.);
#3080=ORIENTED_EDGE('',*,*,#2218,.T.);
#3081=ORIENTED_EDGE('',*,*,#2206,.T.);
#3082=ORIENTED_EDGE('',*,*,#2211,.T.);
#3083=ORIENTED_EDGE('',*,*,#2219,.T.);
#3084=ORIENTED_EDGE('',*,*,#2249,.T.);
#3085=ORIENTED_EDGE('',*,*,#2250,.F.);
#3086=ORIENTED_EDGE('',*,*,#2214,.F.);
#3087=ORIENTED_EDGE('',*,*,#2215,.T.);
#3088=ORIENTED_EDGE('',*,*,#2250,.T.);
#3089=ORIENTED_EDGE('',*,*,#2248,.T.);
#3090=ORIENTED_EDGE('',*,*,#2230,.T.);
#3091=ORIENTED_EDGE('',*,*,#2246,.T.);
#3092=ORIENTED_EDGE('',*,*,#2244,.T.);
#3093=ORIENTED_EDGE('',*,*,#2242,.T.);
#3094=ORIENTED_EDGE('',*,*,#2240,.T.);
#3095=ORIENTED_EDGE('',*,*,#2238,.T.);
#3096=ORIENTED_EDGE('',*,*,#2236,.T.);
#3097=ORIENTED_EDGE('',*,*,#2234,.T.);
#3098=ORIENTED_EDGE('',*,*,#2232,.T.);
#3099=ORIENTED_EDGE('',*,*,#2251,.T.);
#3100=ORIENTED_EDGE('',*,*,#2252,.T.);
#3101=ORIENTED_EDGE('',*,*,#2253,.T.);
#3102=ORIENTED_EDGE('',*,*,#2254,.T.);
#3103=ORIENTED_EDGE('',*,*,#2253,.F.);
#3104=ORIENTED_EDGE('',*,*,#2255,.T.);
#3105=ORIENTED_EDGE('',*,*,#2256,.T.);
#3106=ORIENTED_EDGE('',*,*,#2257,.T.);
#3107=ORIENTED_EDGE('',*,*,#2258,.T.);
#3108=ORIENTED_EDGE('',*,*,#2259,.T.);
#3109=ORIENTED_EDGE('',*,*,#2251,.F.);
#3110=ORIENTED_EDGE('',*,*,#2260,.T.);
#3111=ORIENTED_EDGE('',*,*,#2256,.F.);
#3112=ORIENTED_EDGE('',*,*,#2261,.T.);
#3113=ORIENTED_EDGE('',*,*,#2262,.T.);
#3114=ORIENTED_EDGE('',*,*,#2263,.T.);
#3115=ORIENTED_EDGE('',*,*,#2264,.T.);
#3116=ORIENTED_EDGE('',*,*,#2265,.T.);
#3117=ORIENTED_EDGE('',*,*,#2258,.F.);
#3118=ORIENTED_EDGE('',*,*,#2266,.T.);
#3119=ORIENTED_EDGE('',*,*,#2262,.F.);
#3120=ORIENTED_EDGE('',*,*,#2267,.T.);
#3121=ORIENTED_EDGE('',*,*,#2268,.T.);
#3122=ORIENTED_EDGE('',*,*,#2269,.T.);
#3123=ORIENTED_EDGE('',*,*,#2270,.T.);
#3124=ORIENTED_EDGE('',*,*,#2271,.T.);
#3125=ORIENTED_EDGE('',*,*,#2264,.F.);
#3126=ORIENTED_EDGE('',*,*,#2272,.T.);
#3127=ORIENTED_EDGE('',*,*,#2268,.F.);
#3128=ORIENTED_EDGE('',*,*,#2273,.T.);
#3129=ORIENTED_EDGE('',*,*,#2270,.F.);
#3130=ORIENTED_EDGE('',*,*,#2274,.T.);
#3131=ORIENTED_EDGE('',*,*,#2267,.F.);
#3132=ORIENTED_EDGE('',*,*,#2275,.F.);
#3133=ORIENTED_EDGE('',*,*,#2276,.F.);
#3134=ORIENTED_EDGE('',*,*,#2277,.F.);
#3135=ORIENTED_EDGE('',*,*,#2261,.F.);
#3136=ORIENTED_EDGE('',*,*,#2278,.T.);
#3137=ORIENTED_EDGE('',*,*,#2279,.T.);
#3138=ORIENTED_EDGE('',*,*,#2275,.T.);
#3139=ORIENTED_EDGE('',*,*,#2255,.F.);
#3140=ORIENTED_EDGE('',*,*,#2280,.F.);
#3141=ORIENTED_EDGE('',*,*,#2281,.F.);
#3142=ORIENTED_EDGE('',*,*,#2278,.F.);
#3143=ORIENTED_EDGE('',*,*,#2252,.F.);
#3144=ORIENTED_EDGE('',*,*,#2282,.T.);
#3145=ORIENTED_EDGE('',*,*,#2283,.T.);
#3146=ORIENTED_EDGE('',*,*,#2280,.T.);
#3147=ORIENTED_EDGE('',*,*,#2284,.F.);
#3148=ORIENTED_EDGE('',*,*,#2285,.F.);
#3149=ORIENTED_EDGE('',*,*,#2286,.F.);
#3150=ORIENTED_EDGE('',*,*,#2287,.F.);
#3151=ORIENTED_EDGE('',*,*,#2254,.F.);
#3152=ORIENTED_EDGE('',*,*,#2257,.F.);
#3153=ORIENTED_EDGE('',*,*,#2263,.F.);
#3154=ORIENTED_EDGE('',*,*,#2269,.F.);
#3155=ORIENTED_EDGE('',*,*,#2274,.F.);
#3156=ORIENTED_EDGE('',*,*,#2272,.F.);
#3157=ORIENTED_EDGE('',*,*,#2266,.F.);
#3158=ORIENTED_EDGE('',*,*,#2260,.F.);
#3159=ORIENTED_EDGE('',*,*,#2288,.T.);
#3160=ORIENTED_EDGE('',*,*,#2289,.T.);
#3161=ORIENTED_EDGE('',*,*,#2290,.T.);
#3162=ORIENTED_EDGE('',*,*,#2291,.F.);
#3163=ORIENTED_EDGE('',*,*,#2292,.T.);
#3164=ORIENTED_EDGE('',*,*,#2293,.T.);
#3165=ORIENTED_EDGE('',*,*,#2289,.F.);
#3166=ORIENTED_EDGE('',*,*,#2294,.T.);
#3167=ORIENTED_EDGE('',*,*,#2295,.T.);
#3168=ORIENTED_EDGE('',*,*,#2292,.F.);
#3169=ORIENTED_EDGE('',*,*,#2296,.T.);
#3170=ORIENTED_EDGE('',*,*,#2297,.T.);
#3171=ORIENTED_EDGE('',*,*,#2298,.T.);
#3172=ORIENTED_EDGE('',*,*,#2299,.T.);
#3173=ORIENTED_EDGE('',*,*,#2300,.T.);
#3174=ORIENTED_EDGE('',*,*,#2297,.F.);
#3175=ORIENTED_EDGE('',*,*,#2301,.T.);
#3176=ORIENTED_EDGE('',*,*,#2302,.T.);
#3177=ORIENTED_EDGE('',*,*,#2299,.F.);
#3178=ORIENTED_EDGE('',*,*,#2303,.T.);
#3179=ORIENTED_EDGE('',*,*,#2304,.T.);
#3180=ORIENTED_EDGE('',*,*,#2301,.F.);
#3181=ORIENTED_EDGE('',*,*,#2305,.T.);
#3182=ORIENTED_EDGE('',*,*,#2306,.T.);
#3183=ORIENTED_EDGE('',*,*,#2307,.T.);
#3184=ORIENTED_EDGE('',*,*,#2306,.F.);
#3185=ORIENTED_EDGE('',*,*,#2308,.T.);
#3186=ORIENTED_EDGE('',*,*,#2309,.T.);
#3187=ORIENTED_EDGE('',*,*,#2310,.T.);
#3188=ORIENTED_EDGE('',*,*,#2311,.T.);
#3189=ORIENTED_EDGE('',*,*,#2312,.T.);
#3190=ORIENTED_EDGE('',*,*,#2309,.F.);
#3191=ORIENTED_EDGE('',*,*,#2313,.T.);
#3192=ORIENTED_EDGE('',*,*,#2314,.T.);
#3193=ORIENTED_EDGE('',*,*,#2311,.F.);
#3194=ORIENTED_EDGE('',*,*,#2315,.T.);
#3195=ORIENTED_EDGE('',*,*,#2316,.T.);
#3196=ORIENTED_EDGE('',*,*,#2313,.F.);
#3197=ORIENTED_EDGE('',*,*,#2317,.T.);
#3198=ORIENTED_EDGE('',*,*,#2291,.T.);
#3199=ORIENTED_EDGE('',*,*,#2307,.F.);
#3200=ORIENTED_EDGE('',*,*,#2318,.T.);
#3201=ORIENTED_EDGE('',*,*,#2319,.F.);
#3202=ORIENTED_EDGE('',*,*,#2320,.F.);
#3203=ORIENTED_EDGE('',*,*,#2312,.F.);
#3204=ORIENTED_EDGE('',*,*,#2321,.T.);
#3205=ORIENTED_EDGE('',*,*,#2322,.F.);
#3206=ORIENTED_EDGE('',*,*,#2318,.F.);
#3207=ORIENTED_EDGE('',*,*,#2314,.F.);
#3208=ORIENTED_EDGE('',*,*,#2323,.T.);
#3209=ORIENTED_EDGE('',*,*,#2324,.F.);
#3210=ORIENTED_EDGE('',*,*,#2321,.F.);
#3211=ORIENTED_EDGE('',*,*,#2316,.F.);
#3212=ORIENTED_EDGE('',*,*,#2325,.T.);
#3213=ORIENTED_EDGE('',*,*,#2326,.F.);
#3214=ORIENTED_EDGE('',*,*,#2323,.F.);
#3215=ORIENTED_EDGE('',*,*,#2290,.F.);
#3216=ORIENTED_EDGE('',*,*,#2327,.T.);
#3217=ORIENTED_EDGE('',*,*,#2328,.F.);
#3218=ORIENTED_EDGE('',*,*,#2325,.F.);
#3219=ORIENTED_EDGE('',*,*,#2329,.T.);
#3220=ORIENTED_EDGE('',*,*,#2330,.F.);
#3221=ORIENTED_EDGE('',*,*,#2331,.F.);
#3222=ORIENTED_EDGE('',*,*,#2332,.F.);
#3223=ORIENTED_EDGE('',*,*,#2308,.F.);
#3224=ORIENTED_EDGE('',*,*,#2305,.F.);
#3225=ORIENTED_EDGE('',*,*,#2303,.F.);
#3226=ORIENTED_EDGE('',*,*,#2298,.F.);
#3227=ORIENTED_EDGE('',*,*,#2296,.F.);
#3228=ORIENTED_EDGE('',*,*,#2294,.F.);
#3229=ORIENTED_EDGE('',*,*,#2288,.F.);
#3230=ORIENTED_EDGE('',*,*,#2317,.F.);
#3231=ORIENTED_EDGE('',*,*,#2315,.F.);
#3232=ORIENTED_EDGE('',*,*,#2310,.F.);
#3233=ORIENTED_EDGE('',*,*,#2259,.F.);
#3234=ORIENTED_EDGE('',*,*,#2333,.F.);
#3235=ORIENTED_EDGE('',*,*,#2334,.F.);
#3236=ORIENTED_EDGE('',*,*,#2282,.F.);
#3237=ORIENTED_EDGE('',*,*,#2273,.F.);
#3238=ORIENTED_EDGE('',*,*,#2277,.T.);
#3239=ORIENTED_EDGE('',*,*,#2335,.T.);
#3240=ORIENTED_EDGE('',*,*,#2336,.T.);
#3241=ORIENTED_EDGE('',*,*,#2265,.F.);
#3242=ORIENTED_EDGE('',*,*,#2337,.T.);
#3243=ORIENTED_EDGE('',*,*,#2338,.T.);
#3244=ORIENTED_EDGE('',*,*,#2333,.T.);
#3245=ORIENTED_EDGE('',*,*,#2271,.F.);
#3246=ORIENTED_EDGE('',*,*,#2336,.F.);
#3247=ORIENTED_EDGE('',*,*,#2339,.F.);
#3248=ORIENTED_EDGE('',*,*,#2337,.F.);
#3249=ORIENTED_EDGE('',*,*,#2285,.T.);
#3250=ORIENTED_EDGE('',*,*,#2340,.T.);
#3251=ORIENTED_EDGE('',*,*,#2329,.F.);
#3252=ORIENTED_EDGE('',*,*,#2341,.F.);
#3253=ORIENTED_EDGE('',*,*,#2293,.F.);
#3254=ORIENTED_EDGE('',*,*,#2342,.T.);
#3255=ORIENTED_EDGE('',*,*,#2343,.F.);
#3256=ORIENTED_EDGE('',*,*,#2327,.F.);
#3257=ORIENTED_EDGE('',*,*,#2331,.T.);
#3258=ORIENTED_EDGE('',*,*,#2344,.T.);
#3259=ORIENTED_EDGE('',*,*,#2345,.F.);
#3260=ORIENTED_EDGE('',*,*,#2346,.F.);
#3261=ORIENTED_EDGE('',*,*,#2330,.T.);
#3262=ORIENTED_EDGE('',*,*,#2340,.F.);
#3263=ORIENTED_EDGE('',*,*,#2284,.T.);
#3264=ORIENTED_EDGE('',*,*,#2347,.T.);
#3265=ORIENTED_EDGE('',*,*,#2348,.F.);
#3266=ORIENTED_EDGE('',*,*,#2344,.F.);
#3267=ORIENTED_EDGE('',*,*,#2304,.F.);
#3268=ORIENTED_EDGE('',*,*,#2320,.T.);
#3269=ORIENTED_EDGE('',*,*,#2349,.F.);
#3270=ORIENTED_EDGE('',*,*,#2350,.F.);
#3271=ORIENTED_EDGE('',*,*,#2302,.F.);
#3272=ORIENTED_EDGE('',*,*,#2350,.T.);
#3273=ORIENTED_EDGE('',*,*,#2351,.F.);
#3274=ORIENTED_EDGE('',*,*,#2352,.F.);
#3275=ORIENTED_EDGE('',*,*,#2300,.F.);
#3276=ORIENTED_EDGE('',*,*,#2352,.T.);
#3277=ORIENTED_EDGE('',*,*,#2353,.F.);
#3278=ORIENTED_EDGE('',*,*,#2354,.F.);
#3279=ORIENTED_EDGE('',*,*,#2295,.F.);
#3280=ORIENTED_EDGE('',*,*,#2354,.T.);
#3281=ORIENTED_EDGE('',*,*,#2355,.F.);
#3282=ORIENTED_EDGE('',*,*,#2342,.F.);
#3283=ORIENTED_EDGE('',*,*,#2332,.T.);
#3284=ORIENTED_EDGE('',*,*,#2346,.T.);
#3285=ORIENTED_EDGE('',*,*,#2356,.F.);
#3286=ORIENTED_EDGE('',*,*,#2357,.F.);
#3287=ORIENTED_EDGE('',*,*,#2286,.T.);
#3288=ORIENTED_EDGE('',*,*,#2341,.T.);
#3289=ORIENTED_EDGE('',*,*,#2357,.T.);
#3290=ORIENTED_EDGE('',*,*,#2358,.F.);
#3291=ORIENTED_EDGE('',*,*,#2347,.F.);
#3292=ORIENTED_EDGE('',*,*,#2287,.T.);
#3293=ORIENTED_EDGE('',*,*,#2348,.T.);
#3294=ORIENTED_EDGE('',*,*,#2358,.T.);
#3295=ORIENTED_EDGE('',*,*,#2356,.T.);
#3296=ORIENTED_EDGE('',*,*,#2345,.T.);
#3297=ORIENTED_EDGE('',*,*,#2281,.T.);
#3298=ORIENTED_EDGE('',*,*,#2283,.F.);
#3299=ORIENTED_EDGE('',*,*,#2334,.T.);
#3300=ORIENTED_EDGE('',*,*,#2338,.F.);
#3301=ORIENTED_EDGE('',*,*,#2339,.T.);
#3302=ORIENTED_EDGE('',*,*,#2335,.F.);
#3303=ORIENTED_EDGE('',*,*,#2276,.T.);
#3304=ORIENTED_EDGE('',*,*,#2279,.F.);
#3305=ORIENTED_EDGE('',*,*,#2343,.T.);
#3306=ORIENTED_EDGE('',*,*,#2355,.T.);
#3307=ORIENTED_EDGE('',*,*,#2353,.T.);
#3308=ORIENTED_EDGE('',*,*,#2351,.T.);
#3309=ORIENTED_EDGE('',*,*,#2349,.T.);
#3310=ORIENTED_EDGE('',*,*,#2319,.T.);
#3311=ORIENTED_EDGE('',*,*,#2322,.T.);
#3312=ORIENTED_EDGE('',*,*,#2324,.T.);
#3313=ORIENTED_EDGE('',*,*,#2326,.T.);
#3314=ORIENTED_EDGE('',*,*,#2328,.T.);
#3315=ORIENTED_EDGE('',*,*,#2359,.T.);
#3316=ORIENTED_EDGE('',*,*,#2360,.T.);
#3317=ORIENTED_EDGE('',*,*,#2361,.T.);
#3318=ORIENTED_EDGE('',*,*,#2362,.T.);
#3319=ORIENTED_EDGE('',*,*,#2361,.F.);
#3320=ORIENTED_EDGE('',*,*,#2363,.T.);
#3321=ORIENTED_EDGE('',*,*,#2364,.T.);
#3322=ORIENTED_EDGE('',*,*,#2365,.T.);
#3323=ORIENTED_EDGE('',*,*,#2366,.T.);
#3324=ORIENTED_EDGE('',*,*,#2367,.T.);
#3325=ORIENTED_EDGE('',*,*,#2359,.F.);
#3326=ORIENTED_EDGE('',*,*,#2368,.T.);
#3327=ORIENTED_EDGE('',*,*,#2364,.F.);
#3328=ORIENTED_EDGE('',*,*,#2369,.T.);
#3329=ORIENTED_EDGE('',*,*,#2370,.T.);
#3330=ORIENTED_EDGE('',*,*,#2371,.T.);
#3331=ORIENTED_EDGE('',*,*,#2372,.T.);
#3332=ORIENTED_EDGE('',*,*,#2373,.T.);
#3333=ORIENTED_EDGE('',*,*,#2366,.F.);
#3334=ORIENTED_EDGE('',*,*,#2374,.T.);
#3335=ORIENTED_EDGE('',*,*,#2370,.F.);
#3336=ORIENTED_EDGE('',*,*,#2375,.T.);
#3337=ORIENTED_EDGE('',*,*,#2376,.T.);
#3338=ORIENTED_EDGE('',*,*,#2377,.T.);
#3339=ORIENTED_EDGE('',*,*,#2378,.T.);
#3340=ORIENTED_EDGE('',*,*,#2379,.T.);
#3341=ORIENTED_EDGE('',*,*,#2372,.F.);
#3342=ORIENTED_EDGE('',*,*,#2380,.T.);
#3343=ORIENTED_EDGE('',*,*,#2376,.F.);
#3344=ORIENTED_EDGE('',*,*,#2381,.T.);
#3345=ORIENTED_EDGE('',*,*,#2378,.F.);
#3346=ORIENTED_EDGE('',*,*,#2382,.T.);
#3347=ORIENTED_EDGE('',*,*,#2375,.F.);
#3348=ORIENTED_EDGE('',*,*,#2383,.F.);
#3349=ORIENTED_EDGE('',*,*,#2384,.F.);
#3350=ORIENTED_EDGE('',*,*,#2385,.F.);
#3351=ORIENTED_EDGE('',*,*,#2369,.F.);
#3352=ORIENTED_EDGE('',*,*,#2386,.T.);
#3353=ORIENTED_EDGE('',*,*,#2387,.T.);
#3354=ORIENTED_EDGE('',*,*,#2383,.T.);
#3355=ORIENTED_EDGE('',*,*,#2363,.F.);
#3356=ORIENTED_EDGE('',*,*,#2388,.F.);
#3357=ORIENTED_EDGE('',*,*,#2389,.F.);
#3358=ORIENTED_EDGE('',*,*,#2386,.F.);
#3359=ORIENTED_EDGE('',*,*,#2360,.F.);
#3360=ORIENTED_EDGE('',*,*,#2390,.T.);
#3361=ORIENTED_EDGE('',*,*,#2391,.T.);
#3362=ORIENTED_EDGE('',*,*,#2388,.T.);
#3363=ORIENTED_EDGE('',*,*,#2392,.F.);
#3364=ORIENTED_EDGE('',*,*,#2393,.F.);
#3365=ORIENTED_EDGE('',*,*,#2394,.F.);
#3366=ORIENTED_EDGE('',*,*,#2395,.F.);
#3367=ORIENTED_EDGE('',*,*,#2362,.F.);
#3368=ORIENTED_EDGE('',*,*,#2365,.F.);
#3369=ORIENTED_EDGE('',*,*,#2371,.F.);
#3370=ORIENTED_EDGE('',*,*,#2377,.F.);
#3371=ORIENTED_EDGE('',*,*,#2382,.F.);
#3372=ORIENTED_EDGE('',*,*,#2380,.F.);
#3373=ORIENTED_EDGE('',*,*,#2374,.F.);
#3374=ORIENTED_EDGE('',*,*,#2368,.F.);
#3375=ORIENTED_EDGE('',*,*,#2396,.T.);
#3376=ORIENTED_EDGE('',*,*,#2397,.T.);
#3377=ORIENTED_EDGE('',*,*,#2398,.T.);
#3378=ORIENTED_EDGE('',*,*,#2399,.F.);
#3379=ORIENTED_EDGE('',*,*,#2400,.T.);
#3380=ORIENTED_EDGE('',*,*,#2401,.T.);
#3381=ORIENTED_EDGE('',*,*,#2397,.F.);
#3382=ORIENTED_EDGE('',*,*,#2402,.T.);
#3383=ORIENTED_EDGE('',*,*,#2403,.T.);
#3384=ORIENTED_EDGE('',*,*,#2400,.F.);
#3385=ORIENTED_EDGE('',*,*,#2404,.T.);
#3386=ORIENTED_EDGE('',*,*,#2405,.T.);
#3387=ORIENTED_EDGE('',*,*,#2406,.T.);
#3388=ORIENTED_EDGE('',*,*,#2407,.T.);
#3389=ORIENTED_EDGE('',*,*,#2408,.T.);
#3390=ORIENTED_EDGE('',*,*,#2405,.F.);
#3391=ORIENTED_EDGE('',*,*,#2409,.T.);
#3392=ORIENTED_EDGE('',*,*,#2410,.T.);
#3393=ORIENTED_EDGE('',*,*,#2407,.F.);
#3394=ORIENTED_EDGE('',*,*,#2411,.T.);
#3395=ORIENTED_EDGE('',*,*,#2412,.T.);
#3396=ORIENTED_EDGE('',*,*,#2409,.F.);
#3397=ORIENTED_EDGE('',*,*,#2413,.T.);
#3398=ORIENTED_EDGE('',*,*,#2414,.T.);
#3399=ORIENTED_EDGE('',*,*,#2415,.T.);
#3400=ORIENTED_EDGE('',*,*,#2414,.F.);
#3401=ORIENTED_EDGE('',*,*,#2416,.T.);
#3402=ORIENTED_EDGE('',*,*,#2417,.T.);
#3403=ORIENTED_EDGE('',*,*,#2418,.T.);
#3404=ORIENTED_EDGE('',*,*,#2419,.T.);
#3405=ORIENTED_EDGE('',*,*,#2420,.T.);
#3406=ORIENTED_EDGE('',*,*,#2417,.F.);
#3407=ORIENTED_EDGE('',*,*,#2421,.T.);
#3408=ORIENTED_EDGE('',*,*,#2422,.T.);
#3409=ORIENTED_EDGE('',*,*,#2419,.F.);
#3410=ORIENTED_EDGE('',*,*,#2423,.T.);
#3411=ORIENTED_EDGE('',*,*,#2424,.T.);
#3412=ORIENTED_EDGE('',*,*,#2421,.F.);
#3413=ORIENTED_EDGE('',*,*,#2425,.T.);
#3414=ORIENTED_EDGE('',*,*,#2399,.T.);
#3415=ORIENTED_EDGE('',*,*,#2415,.F.);
#3416=ORIENTED_EDGE('',*,*,#2426,.T.);
#3417=ORIENTED_EDGE('',*,*,#2427,.F.);
#3418=ORIENTED_EDGE('',*,*,#2428,.F.);
#3419=ORIENTED_EDGE('',*,*,#2420,.F.);
#3420=ORIENTED_EDGE('',*,*,#2429,.T.);
#3421=ORIENTED_EDGE('',*,*,#2430,.F.);
#3422=ORIENTED_EDGE('',*,*,#2426,.F.);
#3423=ORIENTED_EDGE('',*,*,#2422,.F.);
#3424=ORIENTED_EDGE('',*,*,#2431,.T.);
#3425=ORIENTED_EDGE('',*,*,#2432,.F.);
#3426=ORIENTED_EDGE('',*,*,#2429,.F.);
#3427=ORIENTED_EDGE('',*,*,#2424,.F.);
#3428=ORIENTED_EDGE('',*,*,#2433,.T.);
#3429=ORIENTED_EDGE('',*,*,#2434,.F.);
#3430=ORIENTED_EDGE('',*,*,#2431,.F.);
#3431=ORIENTED_EDGE('',*,*,#2398,.F.);
#3432=ORIENTED_EDGE('',*,*,#2435,.T.);
#3433=ORIENTED_EDGE('',*,*,#2436,.F.);
#3434=ORIENTED_EDGE('',*,*,#2433,.F.);
#3435=ORIENTED_EDGE('',*,*,#2437,.T.);
#3436=ORIENTED_EDGE('',*,*,#2438,.F.);
#3437=ORIENTED_EDGE('',*,*,#2439,.F.);
#3438=ORIENTED_EDGE('',*,*,#2440,.F.);
#3439=ORIENTED_EDGE('',*,*,#2416,.F.);
#3440=ORIENTED_EDGE('',*,*,#2413,.F.);
#3441=ORIENTED_EDGE('',*,*,#2411,.F.);
#3442=ORIENTED_EDGE('',*,*,#2406,.F.);
#3443=ORIENTED_EDGE('',*,*,#2404,.F.);
#3444=ORIENTED_EDGE('',*,*,#2402,.F.);
#3445=ORIENTED_EDGE('',*,*,#2396,.F.);
#3446=ORIENTED_EDGE('',*,*,#2425,.F.);
#3447=ORIENTED_EDGE('',*,*,#2423,.F.);
#3448=ORIENTED_EDGE('',*,*,#2418,.F.);
#3449=ORIENTED_EDGE('',*,*,#2367,.F.);
#3450=ORIENTED_EDGE('',*,*,#2441,.F.);
#3451=ORIENTED_EDGE('',*,*,#2442,.F.);
#3452=ORIENTED_EDGE('',*,*,#2390,.F.);
#3453=ORIENTED_EDGE('',*,*,#2381,.F.);
#3454=ORIENTED_EDGE('',*,*,#2385,.T.);
#3455=ORIENTED_EDGE('',*,*,#2443,.T.);
#3456=ORIENTED_EDGE('',*,*,#2444,.T.);
#3457=ORIENTED_EDGE('',*,*,#2373,.F.);
#3458=ORIENTED_EDGE('',*,*,#2445,.T.);
#3459=ORIENTED_EDGE('',*,*,#2446,.T.);
#3460=ORIENTED_EDGE('',*,*,#2441,.T.);
#3461=ORIENTED_EDGE('',*,*,#2379,.F.);
#3462=ORIENTED_EDGE('',*,*,#2444,.F.);
#3463=ORIENTED_EDGE('',*,*,#2447,.F.);
#3464=ORIENTED_EDGE('',*,*,#2445,.F.);
#3465=ORIENTED_EDGE('',*,*,#2393,.T.);
#3466=ORIENTED_EDGE('',*,*,#2448,.T.);
#3467=ORIENTED_EDGE('',*,*,#2437,.F.);
#3468=ORIENTED_EDGE('',*,*,#2449,.F.);
#3469=ORIENTED_EDGE('',*,*,#2401,.F.);
#3470=ORIENTED_EDGE('',*,*,#2450,.T.);
#3471=ORIENTED_EDGE('',*,*,#2451,.F.);
#3472=ORIENTED_EDGE('',*,*,#2435,.F.);
#3473=ORIENTED_EDGE('',*,*,#2439,.T.);
#3474=ORIENTED_EDGE('',*,*,#2452,.T.);
#3475=ORIENTED_EDGE('',*,*,#2453,.F.);
#3476=ORIENTED_EDGE('',*,*,#2454,.F.);
#3477=ORIENTED_EDGE('',*,*,#2438,.T.);
#3478=ORIENTED_EDGE('',*,*,#2448,.F.);
#3479=ORIENTED_EDGE('',*,*,#2392,.T.);
#3480=ORIENTED_EDGE('',*,*,#2455,.T.);
#3481=ORIENTED_EDGE('',*,*,#2456,.F.);
#3482=ORIENTED_EDGE('',*,*,#2452,.F.);
#3483=ORIENTED_EDGE('',*,*,#2412,.F.);
#3484=ORIENTED_EDGE('',*,*,#2428,.T.);
#3485=ORIENTED_EDGE('',*,*,#2457,.F.);
#3486=ORIENTED_EDGE('',*,*,#2458,.F.);
#3487=ORIENTED_EDGE('',*,*,#2410,.F.);
#3488=ORIENTED_EDGE('',*,*,#2458,.T.);
#3489=ORIENTED_EDGE('',*,*,#2459,.F.);
#3490=ORIENTED_EDGE('',*,*,#2460,.F.);
#3491=ORIENTED_EDGE('',*,*,#2408,.F.);
#3492=ORIENTED_EDGE('',*,*,#2460,.T.);
#3493=ORIENTED_EDGE('',*,*,#2461,.F.);
#3494=ORIENTED_EDGE('',*,*,#2462,.F.);
#3495=ORIENTED_EDGE('',*,*,#2403,.F.);
#3496=ORIENTED_EDGE('',*,*,#2462,.T.);
#3497=ORIENTED_EDGE('',*,*,#2463,.F.);
#3498=ORIENTED_EDGE('',*,*,#2450,.F.);
#3499=ORIENTED_EDGE('',*,*,#2440,.T.);
#3500=ORIENTED_EDGE('',*,*,#2454,.T.);
#3501=ORIENTED_EDGE('',*,*,#2464,.F.);
#3502=ORIENTED_EDGE('',*,*,#2465,.F.);
#3503=ORIENTED_EDGE('',*,*,#2394,.T.);
#3504=ORIENTED_EDGE('',*,*,#2449,.T.);
#3505=ORIENTED_EDGE('',*,*,#2465,.T.);
#3506=ORIENTED_EDGE('',*,*,#2466,.F.);
#3507=ORIENTED_EDGE('',*,*,#2455,.F.);
#3508=ORIENTED_EDGE('',*,*,#2395,.T.);
#3509=ORIENTED_EDGE('',*,*,#2456,.T.);
#3510=ORIENTED_EDGE('',*,*,#2466,.T.);
#3511=ORIENTED_EDGE('',*,*,#2464,.T.);
#3512=ORIENTED_EDGE('',*,*,#2453,.T.);
#3513=ORIENTED_EDGE('',*,*,#2389,.T.);
#3514=ORIENTED_EDGE('',*,*,#2391,.F.);
#3515=ORIENTED_EDGE('',*,*,#2442,.T.);
#3516=ORIENTED_EDGE('',*,*,#2446,.F.);
#3517=ORIENTED_EDGE('',*,*,#2447,.T.);
#3518=ORIENTED_EDGE('',*,*,#2443,.F.);
#3519=ORIENTED_EDGE('',*,*,#2384,.T.);
#3520=ORIENTED_EDGE('',*,*,#2387,.F.);
#3521=ORIENTED_EDGE('',*,*,#2451,.T.);
#3522=ORIENTED_EDGE('',*,*,#2463,.T.);
#3523=ORIENTED_EDGE('',*,*,#2461,.T.);
#3524=ORIENTED_EDGE('',*,*,#2459,.T.);
#3525=ORIENTED_EDGE('',*,*,#2457,.T.);
#3526=ORIENTED_EDGE('',*,*,#2427,.T.);
#3527=ORIENTED_EDGE('',*,*,#2430,.T.);
#3528=ORIENTED_EDGE('',*,*,#2432,.T.);
#3529=ORIENTED_EDGE('',*,*,#2434,.T.);
#3530=ORIENTED_EDGE('',*,*,#2436,.T.);
#3531=PLANE('',#3900);
#3532=PLANE('',#3904);
#3533=PLANE('',#3908);
#3534=PLANE('',#3913);
#3535=PLANE('',#3914);
#3536=PLANE('',#3917);
#3537=PLANE('',#3921);
#3538=PLANE('',#3925);
#3539=PLANE('',#3929);
#3540=PLANE('',#3941);
#3541=PLANE('',#3942);
#3542=PLANE('',#3943);
#3543=PLANE('',#3944);
#3544=PLANE('',#3945);
#3545=PLANE('',#3946);
#3546=PLANE('',#3947);
#3547=PLANE('',#3949);
#3548=PLANE('',#3950);
#3549=PLANE('',#3951);
#3550=PLANE('',#3952);
#3551=PLANE('',#3953);
#3552=PLANE('',#3954);
#3553=PLANE('',#3955);
#3554=PLANE('',#3957);
#3555=PLANE('',#3958);
#3556=PLANE('',#3959);
#3557=PLANE('',#3960);
#3558=PLANE('',#3961);
#3559=PLANE('',#3962);
#3560=PLANE('',#3963);
#3561=PLANE('',#3965);
#3562=PLANE('',#3966);
#3563=PLANE('',#3967);
#3564=PLANE('',#3968);
#3565=PLANE('',#3969);
#3566=PLANE('',#3970);
#3567=PLANE('',#3971);
#3568=PLANE('',#3973);
#3569=PLANE('',#3974);
#3570=PLANE('',#3975);
#3571=PLANE('',#3976);
#3572=PLANE('',#3977);
#3573=PLANE('',#3978);
#3574=PLANE('',#3979);
#3575=PLANE('',#3981);
#3576=PLANE('',#3982);
#3577=PLANE('',#3983);
#3578=PLANE('',#3984);
#3579=PLANE('',#3985);
#3580=PLANE('',#3986);
#3581=PLANE('',#3987);
#3582=PLANE('',#3989);
#3583=PLANE('',#3990);
#3584=PLANE('',#3991);
#3585=PLANE('',#3992);
#3586=PLANE('',#3993);
#3587=PLANE('',#3994);
#3588=PLANE('',#3995);
#3589=PLANE('',#3997);
#3590=PLANE('',#3998);
#3591=PLANE('',#3999);
#3592=PLANE('',#4000);
#3593=PLANE('',#4001);
#3594=PLANE('',#4002);
#3595=PLANE('',#4003);
#3596=PLANE('',#4005);
#3597=PLANE('',#4006);
#3598=PLANE('',#4007);
#3599=PLANE('',#4008);
#3600=PLANE('',#4009);
#3601=PLANE('',#4010);
#3602=PLANE('',#4011);
#3603=PLANE('',#4012);
#3604=PLANE('',#4013);
#3605=PLANE('',#4018);
#3606=PLANE('',#4023);
#3607=PLANE('',#4028);
#3608=PLANE('',#4041);
#3609=PLANE('',#4042);
#3610=PLANE('',#4043);
#3611=PLANE('',#4044);
#3612=PLANE('',#4045);
#3613=PLANE('',#4046);
#3614=PLANE('',#4047);
#3615=PLANE('',#4052);
#3616=PLANE('',#4057);
#3617=PLANE('',#4074);
#3618=PLANE('',#4075);
#3619=PLANE('',#4076);
#3620=PLANE('',#4080);
#3621=PLANE('',#4081);
#3622=PLANE('',#4088);
#3623=PLANE('',#4089);
#3624=PLANE('',#4093);
#3625=PLANE('',#4096);
#3626=PLANE('',#4099);
#3627=PLANE('',#4100);
#3628=PLANE('',#4104);
#3629=PLANE('',#4105);
#3630=PLANE('',#4109);
#3631=PLANE('',#4113);
#3632=PLANE('',#4117);
#3633=PLANE('',#4120);
#3634=PLANE('',#4123);
#3635=PLANE('',#4124);
#3636=PLANE('',#4125);
#3637=PLANE('',#4126);
#3638=PLANE('',#4131);
#3639=PLANE('',#4132);
#3640=PLANE('',#4135);
#3641=PLANE('',#4136);
#3642=PLANE('',#4137);
#3643=PLANE('',#4140);
#3644=PLANE('',#4141);
#3645=PLANE('',#4142);
#3646=PLANE('',#4143);
#3647=PLANE('',#4144);
#3648=PLANE('',#4148);
#3649=PLANE('',#4149);
#3650=PLANE('',#4156);
#3651=PLANE('',#4157);
#3652=PLANE('',#4161);
#3653=PLANE('',#4164);
#3654=PLANE('',#4167);
#3655=PLANE('',#4168);
#3656=PLANE('',#4172);
#3657=PLANE('',#4173);
#3658=PLANE('',#4177);
#3659=PLANE('',#4181);
#3660=PLANE('',#4185);
#3661=PLANE('',#4188);
#3662=PLANE('',#4191);
#3663=PLANE('',#4192);
#3664=PLANE('',#4193);
#3665=PLANE('',#4194);
#3666=PLANE('',#4199);
#3667=PLANE('',#4200);
#3668=PLANE('',#4203);
#3669=PLANE('',#4204);
#3670=PLANE('',#4205);
#3671=PLANE('',#4208);
#3672=PLANE('',#4209);
#3673=PLANE('',#4210);
#3674=PLANE('',#4211);
#3675=PLANE('',#4212);
#3676=ADVANCED_FACE('',(#264),#3531,.T.);
#3677=ADVANCED_FACE('',(#265),#222,.F.);
#3678=ADVANCED_FACE('',(#266),#3532,.T.);
#3679=ADVANCED_FACE('',(#267),#223,.F.);
#3680=ADVANCED_FACE('',(#268,#45),#3533,.F.);
#3681=ADVANCED_FACE('',(#269),#224,.F.);
#3682=ADVANCED_FACE('',(#270),#3534,.F.);
#3683=ADVANCED_FACE('',(#271),#3535,.F.);
#3684=ADVANCED_FACE('',(#272),#225,.F.);
#3685=ADVANCED_FACE('',(#273),#3536,.T.);
#3686=ADVANCED_FACE('',(#274),#25,.F.);
#3687=ADVANCED_FACE('',(#275,#46),#3537,.F.);
#3688=ADVANCED_FACE('',(#276),#26,.F.);
#3689=ADVANCED_FACE('',(#277,#47),#3538,.F.);
#3690=ADVANCED_FACE('',(#278),#27,.F.);
#3691=ADVANCED_FACE('',(#279,#48,#49,#50,#51,#52,#53,#54,#55,#56,#57,#58,
#59,#60,#61,#62),#3539,.T.);
#3692=ADVANCED_FACE('',(#280),#226,.F.);
#3693=ADVANCED_FACE('',(#281),#28,.F.);
#3694=ADVANCED_FACE('',(#282),#227,.F.);
#3695=ADVANCED_FACE('',(#283),#3540,.F.);
#3696=ADVANCED_FACE('',(#284),#3541,.F.);
#3697=ADVANCED_FACE('',(#285,#63),#3542,.F.);
#3698=ADVANCED_FACE('',(#286),#3543,.F.);
#3699=ADVANCED_FACE('',(#287),#3544,.F.);
#3700=ADVANCED_FACE('',(#288,#64),#3545,.F.);
#3701=ADVANCED_FACE('',(#289,#65),#3546,.T.);
#3702=ADVANCED_FACE('',(#290),#3547,.F.);
#3703=ADVANCED_FACE('',(#291),#3548,.F.);
#3704=ADVANCED_FACE('',(#292),#3549,.F.);
#3705=ADVANCED_FACE('',(#293),#3550,.F.);
#3706=ADVANCED_FACE('',(#294),#3551,.F.);
#3707=ADVANCED_FACE('',(#295),#3552,.F.);
#3708=ADVANCED_FACE('',(#296,#66),#3553,.T.);
#3709=ADVANCED_FACE('',(#297),#3554,.F.);
#3710=ADVANCED_FACE('',(#298),#3555,.F.);
#3711=ADVANCED_FACE('',(#299),#3556,.F.);
#3712=ADVANCED_FACE('',(#300),#3557,.F.);
#3713=ADVANCED_FACE('',(#301),#3558,.F.);
#3714=ADVANCED_FACE('',(#302),#3559,.F.);
#3715=ADVANCED_FACE('',(#303,#67),#3560,.T.);
#3716=ADVANCED_FACE('',(#304),#3561,.F.);
#3717=ADVANCED_FACE('',(#305),#3562,.F.);
#3718=ADVANCED_FACE('',(#306),#3563,.F.);
#3719=ADVANCED_FACE('',(#307),#3564,.F.);
#3720=ADVANCED_FACE('',(#308),#3565,.F.);
#3721=ADVANCED_FACE('',(#309),#3566,.F.);
#3722=ADVANCED_FACE('',(#310,#68),#3567,.T.);
#3723=ADVANCED_FACE('',(#311),#3568,.F.);
#3724=ADVANCED_FACE('',(#312),#3569,.F.);
#3725=ADVANCED_FACE('',(#313),#3570,.F.);
#3726=ADVANCED_FACE('',(#314),#3571,.F.);
#3727=ADVANCED_FACE('',(#315),#3572,.F.);
#3728=ADVANCED_FACE('',(#316),#3573,.F.);
#3729=ADVANCED_FACE('',(#317,#69),#3574,.T.);
#3730=ADVANCED_FACE('',(#318),#3575,.F.);
#3731=ADVANCED_FACE('',(#319),#3576,.F.);
#3732=ADVANCED_FACE('',(#320),#3577,.F.);
#3733=ADVANCED_FACE('',(#321),#3578,.F.);
#3734=ADVANCED_FACE('',(#322),#3579,.F.);
#3735=ADVANCED_FACE('',(#323),#3580,.F.);
#3736=ADVANCED_FACE('',(#324,#70),#3581,.T.);
#3737=ADVANCED_FACE('',(#325),#3582,.F.);
#3738=ADVANCED_FACE('',(#326),#3583,.F.);
#3739=ADVANCED_FACE('',(#327),#3584,.F.);
#3740=ADVANCED_FACE('',(#328),#3585,.F.);
#3741=ADVANCED_FACE('',(#329),#3586,.F.);
#3742=ADVANCED_FACE('',(#330),#3587,.F.);
#3743=ADVANCED_FACE('',(#331,#71),#3588,.T.);
#3744=ADVANCED_FACE('',(#332),#3589,.F.);
#3745=ADVANCED_FACE('',(#333),#3590,.F.);
#3746=ADVANCED_FACE('',(#334),#3591,.F.);
#3747=ADVANCED_FACE('',(#335),#3592,.F.);
#3748=ADVANCED_FACE('',(#336),#3593,.F.);
#3749=ADVANCED_FACE('',(#337),#3594,.F.);
#3750=ADVANCED_FACE('',(#338,#72),#3595,.T.);
#3751=ADVANCED_FACE('',(#339),#3596,.F.);
#3752=ADVANCED_FACE('',(#340),#3597,.F.);
#3753=ADVANCED_FACE('',(#341),#3598,.F.);
#3754=ADVANCED_FACE('',(#342),#3599,.F.);
#3755=ADVANCED_FACE('',(#343),#3600,.F.);
#3756=ADVANCED_FACE('',(#344),#3601,.F.);
#3757=ADVANCED_FACE('',(#345),#3602,.F.);
#3758=ADVANCED_FACE('',(#346),#3603,.F.);
#3759=ADVANCED_FACE('',(#347,#73,#74,#75,#76),#3604,.F.);
#3760=ADVANCED_FACE('',(#348,#77,#78,#79,#80,#81),#3605,.F.);
#3761=ADVANCED_FACE('',(#349,#82,#83,#84,#85,#86,#87),#3606,.F.);
#3762=ADVANCED_FACE('',(#350,#88,#89),#3607,.T.);
#3763=ADVANCED_FACE('',(#351),#228,.F.);
#3764=ADVANCED_FACE('',(#352),#229,.F.);
#3765=ADVANCED_FACE('',(#353),#230,.F.);
#3766=ADVANCED_FACE('',(#354),#231,.F.);
#3767=ADVANCED_FACE('',(#355),#232,.F.);
#3768=ADVANCED_FACE('',(#356),#233,.F.);
#3769=ADVANCED_FACE('',(#357),#234,.F.);
#3770=ADVANCED_FACE('',(#358),#235,.F.);
#3771=ADVANCED_FACE('',(#359),#236,.F.);
#3772=ADVANCED_FACE('',(#360),#237,.F.);
#3773=ADVANCED_FACE('',(#361),#238,.F.);
#3774=ADVANCED_FACE('',(#362),#239,.F.);
#3775=ADVANCED_FACE('',(#363,#90,#91),#3608,.T.);
#3776=ADVANCED_FACE('',(#364),#3609,.T.);
#3777=ADVANCED_FACE('',(#365),#3610,.F.);
#3778=ADVANCED_FACE('',(#366),#3611,.F.);
#3779=ADVANCED_FACE('',(#367),#3612,.F.);
#3780=ADVANCED_FACE('',(#368),#3613,.T.);
#3781=ADVANCED_FACE('',(#369,#92,#93,#94,#95),#3614,.F.);
#3782=ADVANCED_FACE('',(#370,#96,#97,#98,#99),#3615,.F.);
#3783=ADVANCED_FACE('',(#371),#3616,.T.);
#3784=ADVANCED_FACE('',(#372),#240,.F.);
#3785=ADVANCED_FACE('',(#373),#241,.F.);
#3786=ADVANCED_FACE('',(#374),#242,.F.);
#3787=ADVANCED_FACE('',(#375),#243,.F.);
#3788=ADVANCED_FACE('',(#376),#244,.F.);
#3789=ADVANCED_FACE('',(#377),#245,.F.);
#3790=ADVANCED_FACE('',(#378),#246,.F.);
#3791=ADVANCED_FACE('',(#379),#247,.F.);
#3792=ADVANCED_FACE('',(#380),#3617,.T.);
#3793=ADVANCED_FACE('',(#381),#3618,.T.);
#3794=ADVANCED_FACE('',(#382,#100,#101,#102,#103,#104,#105,#106,#107),#3619,
 .T.);
#3795=ADVANCED_FACE('',(#383),#29,.F.);
#3796=ADVANCED_FACE('',(#384),#3620,.T.);
#3797=ADVANCED_FACE('',(#385),#3621,.T.);
#3798=ADVANCED_FACE('',(#386),#30,.F.);
#3799=ADVANCED_FACE('',(#387),#31,.F.);
#3800=ADVANCED_FACE('',(#388),#3622,.T.);
#3801=ADVANCED_FACE('',(#389),#3623,.T.);
#3802=ADVANCED_FACE('',(#390),#32,.F.);
#3803=ADVANCED_FACE('',(#391),#3624,.T.);
#3804=ADVANCED_FACE('',(#392),#248,.F.);
#3805=ADVANCED_FACE('',(#393),#3625,.T.);
#3806=ADVANCED_FACE('',(#394),#249,.F.);
#3807=ADVANCED_FACE('',(#395,#108),#3626,.F.);
#3808=ADVANCED_FACE('',(#396),#3627,.T.);
#3809=ADVANCED_FACE('',(#397),#33,.F.);
#3810=ADVANCED_FACE('',(#398),#3628,.T.);
#3811=ADVANCED_FACE('',(#399),#3629,.T.);
#3812=ADVANCED_FACE('',(#400),#34,.F.);
#3813=ADVANCED_FACE('',(#401),#3630,.T.);
#3814=ADVANCED_FACE('',(#402),#35,.F.);
#3815=ADVANCED_FACE('',(#403),#3631,.T.);
#3816=ADVANCED_FACE('',(#404),#36,.F.);
#3817=ADVANCED_FACE('',(#405),#3632,.T.);
#3818=ADVANCED_FACE('',(#406),#250,.F.);
#3819=ADVANCED_FACE('',(#407),#3633,.T.);
#3820=ADVANCED_FACE('',(#408),#251,.F.);
#3821=ADVANCED_FACE('',(#409),#3634,.T.);
#3822=ADVANCED_FACE('',(#410),#3635,.T.);
#3823=ADVANCED_FACE('',(#411,#109),#3636,.F.);
#3824=ADVANCED_FACE('',(#412),#3637,.T.);
#3825=ADVANCED_FACE('',(#413),#252,.F.);
#3826=ADVANCED_FACE('',(#414),#253,.F.);
#3827=ADVANCED_FACE('',(#415),#3638,.T.);
#3828=ADVANCED_FACE('',(#416),#3639,.T.);
#3829=ADVANCED_FACE('',(#417),#254,.F.);
#3830=ADVANCED_FACE('',(#418),#3640,.T.);
#3831=ADVANCED_FACE('',(#419),#3641,.T.);
#3832=ADVANCED_FACE('',(#420),#3642,.T.);
#3833=ADVANCED_FACE('',(#421),#255,.F.);
#3834=ADVANCED_FACE('',(#422),#3643,.T.);
#3835=ADVANCED_FACE('',(#423),#3644,.T.);
#3836=ADVANCED_FACE('',(#424),#3645,.T.);
#3837=ADVANCED_FACE('',(#425),#3646,.T.);
#3838=ADVANCED_FACE('',(#426,#110,#111),#3647,.T.);
#3839=ADVANCED_FACE('',(#427),#37,.F.);
#3840=ADVANCED_FACE('',(#428),#3648,.T.);
#3841=ADVANCED_FACE('',(#429),#3649,.T.);
#3842=ADVANCED_FACE('',(#430),#38,.F.);
#3843=ADVANCED_FACE('',(#431),#39,.F.);
#3844=ADVANCED_FACE('',(#432),#3650,.T.);
#3845=ADVANCED_FACE('',(#433),#3651,.T.);
#3846=ADVANCED_FACE('',(#434),#40,.F.);
#3847=ADVANCED_FACE('',(#435),#3652,.T.);
#3848=ADVANCED_FACE('',(#436),#256,.F.);
#3849=ADVANCED_FACE('',(#437),#3653,.T.);
#3850=ADVANCED_FACE('',(#438),#257,.F.);
#3851=ADVANCED_FACE('',(#439,#112),#3654,.F.);
#3852=ADVANCED_FACE('',(#440),#3655,.T.);
#3853=ADVANCED_FACE('',(#441),#41,.F.);
#3854=ADVANCED_FACE('',(#442),#3656,.T.);
#3855=ADVANCED_FACE('',(#443),#3657,.T.);
#3856=ADVANCED_FACE('',(#444),#42,.F.);
#3857=ADVANCED_FACE('',(#445),#3658,.T.);
#3858=ADVANCED_FACE('',(#446),#43,.F.);
#3859=ADVANCED_FACE('',(#447),#3659,.T.);
#3860=ADVANCED_FACE('',(#448),#44,.F.);
#3861=ADVANCED_FACE('',(#449),#3660,.T.);
#3862=ADVANCED_FACE('',(#450),#258,.F.);
#3863=ADVANCED_FACE('',(#451),#3661,.T.);
#3864=ADVANCED_FACE('',(#452),#259,.F.);
#3865=ADVANCED_FACE('',(#453),#3662,.T.);
#3866=ADVANCED_FACE('',(#454),#3663,.T.);
#3867=ADVANCED_FACE('',(#455,#113),#3664,.F.);
#3868=ADVANCED_FACE('',(#456),#3665,.T.);
#3869=ADVANCED_FACE('',(#457),#260,.F.);
#3870=ADVANCED_FACE('',(#458),#261,.F.);
#3871=ADVANCED_FACE('',(#459),#3666,.T.);
#3872=ADVANCED_FACE('',(#460),#3667,.T.);
#3873=ADVANCED_FACE('',(#461),#262,.F.);
#3874=ADVANCED_FACE('',(#462),#3668,.T.);
#3875=ADVANCED_FACE('',(#463),#3669,.T.);
#3876=ADVANCED_FACE('',(#464),#3670,.T.);
#3877=ADVANCED_FACE('',(#465),#263,.F.);
#3878=ADVANCED_FACE('',(#466),#3671,.T.);
#3879=ADVANCED_FACE('',(#467),#3672,.T.);
#3880=ADVANCED_FACE('',(#468),#3673,.T.);
#3881=ADVANCED_FACE('',(#469),#3674,.T.);
#3882=ADVANCED_FACE('',(#470,#114,#115),#3675,.T.);
#3883=CLOSED_SHELL('',(#3676,#3677,#3678,#3679,#3680,#3681,#3682,#3683,
#3684,#3685,#3686,#3687,#3688,#3689,#3690,#3691,#3692,#3693,#3694,#3695,
#3696,#3697,#3698,#3699,#3700,#3701,#3702,#3703,#3704,#3705,#3706,#3707,
#3708,#3709,#3710,#3711,#3712,#3713,#3714,#3715,#3716,#3717,#3718,#3719,
#3720,#3721,#3722,#3723,#3724,#3725,#3726,#3727,#3728,#3729,#3730,#3731,
#3732,#3733,#3734,#3735,#3736,#3737,#3738,#3739,#3740,#3741,#3742,#3743,
#3744,#3745,#3746,#3747,#3748,#3749,#3750,#3751,#3752,#3753,#3754,#3755,
#3756,#3757,#3758,#3759,#3760,#3761,#3762,#3763,#3764,#3765,#3766,#3767,
#3768,#3769,#3770,#3771,#3772,#3773,#3774,#3775,#3776));
#3884=CLOSED_SHELL('',(#3777,#3778,#3779,#3780,#3781,#3782,#3783,#3784,
#3785,#3786,#3787,#3788,#3789,#3790,#3791,#3792,#3793,#3794));
#3885=CLOSED_SHELL('',(#3795,#3796,#3797,#3798,#3799,#3800,#3801,#3802,
#3803,#3804,#3805,#3806,#3807,#3808,#3809,#3810,#3811,#3812,#3813,#3814,
#3815,#3816,#3817,#3818,#3819,#3820,#3821,#3822,#3823,#3824,#3825,#3826,
#3827,#3828,#3829,#3830,#3831,#3832,#3833,#3834,#3835,#3836,#3837,#3838));
#3886=CLOSED_SHELL('',(#3839,#3840,#3841,#3842,#3843,#3844,#3845,#3846,
#3847,#3848,#3849,#3850,#3851,#3852,#3853,#3854,#3855,#3856,#3857,#3858,
#3859,#3860,#3861,#3862,#3863,#3864,#3865,#3866,#3867,#3868,#3869,#3870,
#3871,#3872,#3873,#3874,#3875,#3876,#3877,#3878,#3879,#3880,#3881,#3882));
#3887=DERIVED_UNIT_ELEMENT(#3889,1.);
#3888=DERIVED_UNIT_ELEMENT(#6362,-3.);
#3889=(
MASS_UNIT()
NAMED_UNIT(*)
SI_UNIT(.KILO.,.GRAM.)
);
#3890=DERIVED_UNIT((#3887,#3888));
#3891=MEASURE_REPRESENTATION_ITEM('density measure',
POSITIVE_RATIO_MEASURE(7850.),#3890);
#3892=PROPERTY_DEFINITION_REPRESENTATION(#3897,#3894);
#3893=PROPERTY_DEFINITION_REPRESENTATION(#3898,#3895);
#3894=REPRESENTATION('material name',(#3896),#6359);
#3895=REPRESENTATION('density',(#3891),#6359);
#3896=DESCRIPTIVE_REPRESENTATION_ITEM('Steel','Steel');
#3897=PROPERTY_DEFINITION('material property','material name',#6369);
#3898=PROPERTY_DEFINITION('material property','density of part',#6369);
#3899=AXIS2_PLACEMENT_3D('',#5263,#4213,#4214);
#3900=AXIS2_PLACEMENT_3D('',#5264,#4215,#4216);
#3901=AXIS2_PLACEMENT_3D('',#5273,#4221,#4222);
#3902=AXIS2_PLACEMENT_3D('',#5275,#4223,#4224);
#3903=AXIS2_PLACEMENT_3D('',#5277,#4225,#4226);
#3904=AXIS2_PLACEMENT_3D('',#5279,#4228,#4229);
#3905=AXIS2_PLACEMENT_3D('',#5285,#4233,#4234);
#3906=AXIS2_PLACEMENT_3D('',#5286,#4235,#4236);
#3907=AXIS2_PLACEMENT_3D('',#5287,#4237,#4238);
#3908=AXIS2_PLACEMENT_3D('',#5288,#4239,#4240);
#3909=AXIS2_PLACEMENT_3D('',#5291,#4241,#4242);
#3910=AXIS2_PLACEMENT_3D('',#5295,#4244,#4245);
#3911=AXIS2_PLACEMENT_3D('',#5297,#4247,#4248);
#3912=AXIS2_PLACEMENT_3D('',#5301,#4250,#4251);
#3913=AXIS2_PLACEMENT_3D('',#5303,#4253,#4254);
#3914=AXIS2_PLACEMENT_3D('',#5307,#4257,#4258);
#3915=AXIS2_PLACEMENT_3D('',#5311,#4261,#4262);
#3916=AXIS2_PLACEMENT_3D('',#5312,#4263,#4264);
#3917=AXIS2_PLACEMENT_3D('',#5313,#4265,#4266);
#3918=AXIS2_PLACEMENT_3D('',#5322,#4271,#4272);
#3919=AXIS2_PLACEMENT_3D('',#5324,#4273,#4274);
#3920=AXIS2_PLACEMENT_3D('',#5327,#4276,#4277);
#3921=AXIS2_PLACEMENT_3D('',#5328,#4278,#4279);
#3922=AXIS2_PLACEMENT_3D('',#5337,#4284,#4285);
#3923=AXIS2_PLACEMENT_3D('',#5339,#4286,#4287);
#3924=AXIS2_PLACEMENT_3D('',#5342,#4289,#4290);
#3925=AXIS2_PLACEMENT_3D('',#5343,#4291,#4292);
#3926=AXIS2_PLACEMENT_3D('',#5352,#4297,#4298);
#3927=AXIS2_PLACEMENT_3D('',#5354,#4299,#4300);
#3928=AXIS2_PLACEMENT_3D('',#5357,#4302,#4303);
#3929=AXIS2_PLACEMENT_3D('',#5358,#4304,#4305);
#3930=AXIS2_PLACEMENT_3D('',#5461,#4357,#4358);
#3931=AXIS2_PLACEMENT_3D('',#5463,#4359,#4360);
#3932=AXIS2_PLACEMENT_3D('',#5465,#4361,#4362);
#3933=AXIS2_PLACEMENT_3D('',#5467,#4363,#4364);
#3934=AXIS2_PLACEMENT_3D('',#5469,#4365,#4366);
#3935=AXIS2_PLACEMENT_3D('',#5470,#4367,#4368);
#3936=AXIS2_PLACEMENT_3D('',#5472,#4369,#4370);
#3937=AXIS2_PLACEMENT_3D('',#5474,#4372,#4373);
#3938=AXIS2_PLACEMENT_3D('',#5477,#4375,#4376);
#3939=AXIS2_PLACEMENT_3D('',#5478,#4377,#4378);
#3940=AXIS2_PLACEMENT_3D('',#5480,#4379,#4380);
#3941=AXIS2_PLACEMENT_3D('',#5482,#4382,#4383);
#3942=AXIS2_PLACEMENT_3D('',#5488,#4387,#4388);
#3943=AXIS2_PLACEMENT_3D('',#5494,#4392,#4393);
#3944=AXIS2_PLACEMENT_3D('',#5497,#4396,#4397);
#3945=AXIS2_PLACEMENT_3D('',#5503,#4401,#4402);
#3946=AXIS2_PLACEMENT_3D('',#5509,#4406,#4407);
#3947=AXIS2_PLACEMENT_3D('',#5512,#4410,#4411);
#3948=AXIS2_PLACEMENT_3D('',#5526,#4418,#4419);
#3949=AXIS2_PLACEMENT_3D('',#5527,#4420,#4421);
#3950=AXIS2_PLACEMENT_3D('',#5530,#4424,#4425);
#3951=AXIS2_PLACEMENT_3D('',#5532,#4427,#4428);
#3952=AXIS2_PLACEMENT_3D('',#5534,#4430,#4431);
#3953=AXIS2_PLACEMENT_3D('',#5536,#4433,#4434);
#3954=AXIS2_PLACEMENT_3D('',#5538,#4436,#4437);
#3955=AXIS2_PLACEMENT_3D('',#5539,#4438,#4439);
#3956=AXIS2_PLACEMENT_3D('',#5553,#4446,#4447);
#3957=AXIS2_PLACEMENT_3D('',#5554,#4448,#4449);
#3958=AXIS2_PLACEMENT_3D('',#5557,#4452,#4453);
#3959=AXIS2_PLACEMENT_3D('',#5559,#4455,#4456);
#3960=AXIS2_PLACEMENT_3D('',#5561,#4458,#4459);
#3961=AXIS2_PLACEMENT_3D('',#5563,#4461,#4462);
#3962=AXIS2_PLACEMENT_3D('',#5565,#4464,#4465);
#3963=AXIS2_PLACEMENT_3D('',#5566,#4466,#4467);
#3964=AXIS2_PLACEMENT_3D('',#5580,#4474,#4475);
#3965=AXIS2_PLACEMENT_3D('',#5581,#4476,#4477);
#3966=AXIS2_PLACEMENT_3D('',#5584,#4480,#4481);
#3967=AXIS2_PLACEMENT_3D('',#5586,#4483,#4484);
#3968=AXIS2_PLACEMENT_3D('',#5588,#4486,#4487);
#3969=AXIS2_PLACEMENT_3D('',#5590,#4489,#4490);
#3970=AXIS2_PLACEMENT_3D('',#5592,#4492,#4493);
#3971=AXIS2_PLACEMENT_3D('',#5593,#4494,#4495);
#3972=AXIS2_PLACEMENT_3D('',#5607,#4502,#4503);
#3973=AXIS2_PLACEMENT_3D('',#5608,#4504,#4505);
#3974=AXIS2_PLACEMENT_3D('',#5611,#4508,#4509);
#3975=AXIS2_PLACEMENT_3D('',#5613,#4511,#4512);
#3976=AXIS2_PLACEMENT_3D('',#5615,#4514,#4515);
#3977=AXIS2_PLACEMENT_3D('',#5617,#4517,#4518);
#3978=AXIS2_PLACEMENT_3D('',#5619,#4520,#4521);
#3979=AXIS2_PLACEMENT_3D('',#5620,#4522,#4523);
#3980=AXIS2_PLACEMENT_3D('',#5634,#4530,#4531);
#3981=AXIS2_PLACEMENT_3D('',#5635,#4532,#4533);
#3982=AXIS2_PLACEMENT_3D('',#5638,#4536,#4537);
#3983=AXIS2_PLACEMENT_3D('',#5640,#4539,#4540);
#3984=AXIS2_PLACEMENT_3D('',#5642,#4542,#4543);
#3985=AXIS2_PLACEMENT_3D('',#5644,#4545,#4546);
#3986=AXIS2_PLACEMENT_3D('',#5646,#4548,#4549);
#3987=AXIS2_PLACEMENT_3D('',#5647,#4550,#4551);
#3988=AXIS2_PLACEMENT_3D('',#5661,#4558,#4559);
#3989=AXIS2_PLACEMENT_3D('',#5662,#4560,#4561);
#3990=AXIS2_PLACEMENT_3D('',#5665,#4564,#4565);
#3991=AXIS2_PLACEMENT_3D('',#5667,#4567,#4568);
#3992=AXIS2_PLACEMENT_3D('',#5669,#4570,#4571);
#3993=AXIS2_PLACEMENT_3D('',#5671,#4573,#4574);
#3994=AXIS2_PLACEMENT_3D('',#5673,#4576,#4577);
#3995=AXIS2_PLACEMENT_3D('',#5674,#4578,#4579);
#3996=AXIS2_PLACEMENT_3D('',#5688,#4586,#4587);
#3997=AXIS2_PLACEMENT_3D('',#5689,#4588,#4589);
#3998=AXIS2_PLACEMENT_3D('',#5692,#4592,#4593);
#3999=AXIS2_PLACEMENT_3D('',#5694,#4595,#4596);
#4000=AXIS2_PLACEMENT_3D('',#5696,#4598,#4599);
#4001=AXIS2_PLACEMENT_3D('',#5698,#4601,#4602);
#4002=AXIS2_PLACEMENT_3D('',#5700,#4604,#4605);
#4003=AXIS2_PLACEMENT_3D('',#5701,#4606,#4607);
#4004=AXIS2_PLACEMENT_3D('',#5715,#4614,#4615);
#4005=AXIS2_PLACEMENT_3D('',#5716,#4616,#4617);
#4006=AXIS2_PLACEMENT_3D('',#5719,#4620,#4621);
#4007=AXIS2_PLACEMENT_3D('',#5721,#4623,#4624);
#4008=AXIS2_PLACEMENT_3D('',#5723,#4626,#4627);
#4009=AXIS2_PLACEMENT_3D('',#5725,#4629,#4630);
#4010=AXIS2_PLACEMENT_3D('',#5727,#4632,#4633);
#4011=AXIS2_PLACEMENT_3D('',#5728,#4634,#4635);
#4012=AXIS2_PLACEMENT_3D('',#5737,#4640,#4641);
#4013=AXIS2_PLACEMENT_3D('',#5746,#4646,#4647);
#4014=AXIS2_PLACEMENT_3D('',#5750,#4650,#4651);
#4015=AXIS2_PLACEMENT_3D('',#5752,#4652,#4653);
#4016=AXIS2_PLACEMENT_3D('',#5754,#4654,#4655);
#4017=AXIS2_PLACEMENT_3D('',#5756,#4656,#4657);
#4018=AXIS2_PLACEMENT_3D('',#5757,#4658,#4659);
#4019=AXIS2_PLACEMENT_3D('',#5764,#4663,#4664);
#4020=AXIS2_PLACEMENT_3D('',#5766,#4665,#4666);
#4021=AXIS2_PLACEMENT_3D('',#5768,#4667,#4668);
#4022=AXIS2_PLACEMENT_3D('',#5770,#4669,#4670);
#4023=AXIS2_PLACEMENT_3D('',#5771,#4671,#4672);
#4024=AXIS2_PLACEMENT_3D('',#5775,#4675,#4676);
#4025=AXIS2_PLACEMENT_3D('',#5777,#4677,#4678);
#4026=AXIS2_PLACEMENT_3D('',#5779,#4679,#4680);
#4027=AXIS2_PLACEMENT_3D('',#5781,#4681,#4682);
#4028=AXIS2_PLACEMENT_3D('',#5782,#4683,#4684);
#4029=AXIS2_PLACEMENT_3D('',#5784,#4686,#4687);
#4030=AXIS2_PLACEMENT_3D('',#5786,#4689,#4690);
#4031=AXIS2_PLACEMENT_3D('',#5788,#4692,#4693);
#4032=AXIS2_PLACEMENT_3D('',#5790,#4695,#4696);
#4033=AXIS2_PLACEMENT_3D('',#5792,#4698,#4699);
#4034=AXIS2_PLACEMENT_3D('',#5794,#4701,#4702);
#4035=AXIS2_PLACEMENT_3D('',#5796,#4704,#4705);
#4036=AXIS2_PLACEMENT_3D('',#5798,#4707,#4708);
#4037=AXIS2_PLACEMENT_3D('',#5800,#4710,#4711);
#4038=AXIS2_PLACEMENT_3D('',#5802,#4713,#4714);
#4039=AXIS2_PLACEMENT_3D('',#5804,#4716,#4717);
#4040=AXIS2_PLACEMENT_3D('',#5806,#4719,#4720);
#4041=AXIS2_PLACEMENT_3D('',#5808,#4722,#4723);
#4042=AXIS2_PLACEMENT_3D('',#5810,#4725,#4726);
#4043=AXIS2_PLACEMENT_3D('',#5811,#4727,#4728);
#4044=AXIS2_PLACEMENT_3D('',#5820,#4733,#4734);
#4045=AXIS2_PLACEMENT_3D('',#5829,#4739,#4740);
#4046=AXIS2_PLACEMENT_3D('',#5832,#4743,#4744);
#4047=AXIS2_PLACEMENT_3D('',#5842,#4750,#4751);
#4048=AXIS2_PLACEMENT_3D('',#5847,#4754,#4755);
#4049=AXIS2_PLACEMENT_3D('',#5849,#4756,#4757);
#4050=AXIS2_PLACEMENT_3D('',#5851,#4758,#4759);
#4051=AXIS2_PLACEMENT_3D('',#5853,#4760,#4761);
#4052=AXIS2_PLACEMENT_3D('',#5854,#4762,#4763);
#4053=AXIS2_PLACEMENT_3D('',#5859,#4766,#4767);
#4054=AXIS2_PLACEMENT_3D('',#5861,#4768,#4769);
#4055=AXIS2_PLACEMENT_3D('',#5863,#4770,#4771);
#4056=AXIS2_PLACEMENT_3D('',#5865,#4772,#4773);
#4057=AXIS2_PLACEMENT_3D('',#5866,#4774,#4775);
#4058=AXIS2_PLACEMENT_3D('',#5870,#4778,#4779);
#4059=AXIS2_PLACEMENT_3D('',#5872,#4780,#4781);
#4060=AXIS2_PLACEMENT_3D('',#5874,#4783,#4784);
#4061=AXIS2_PLACEMENT_3D('',#5876,#4785,#4786);
#4062=AXIS2_PLACEMENT_3D('',#5878,#4788,#4789);
#4063=AXIS2_PLACEMENT_3D('',#5880,#4790,#4791);
#4064=AXIS2_PLACEMENT_3D('',#5882,#4793,#4794);
#4065=AXIS2_PLACEMENT_3D('',#5884,#4795,#4796);
#4066=AXIS2_PLACEMENT_3D('',#5886,#4798,#4799);
#4067=AXIS2_PLACEMENT_3D('',#5888,#4800,#4801);
#4068=AXIS2_PLACEMENT_3D('',#5890,#4803,#4804);
#4069=AXIS2_PLACEMENT_3D('',#5892,#4805,#4806);
#4070=AXIS2_PLACEMENT_3D('',#5894,#4808,#4809);
#4071=AXIS2_PLACEMENT_3D('',#5896,#4810,#4811);
#4072=AXIS2_PLACEMENT_3D('',#5898,#4813,#4814);
#4073=AXIS2_PLACEMENT_3D('',#5900,#4815,#4816);
#4074=AXIS2_PLACEMENT_3D('',#5902,#4818,#4819);
#4075=AXIS2_PLACEMENT_3D('',#5906,#4822,#4823);
#4076=AXIS2_PLACEMENT_3D('',#5908,#4825,#4826);
#4077=AXIS2_PLACEMENT_3D('',#5909,#4827,#4828);
#4078=AXIS2_PLACEMENT_3D('',#5914,#4830,#4831);
#4079=AXIS2_PLACEMENT_3D('',#5917,#4833,#4834);
#4080=AXIS2_PLACEMENT_3D('',#5918,#4835,#4836);
#4081=AXIS2_PLACEMENT_3D('',#5924,#4840,#4841);
#4082=AXIS2_PLACEMENT_3D('',#5930,#4845,#4846);
#4083=AXIS2_PLACEMENT_3D('',#5932,#4847,#4848);
#4084=AXIS2_PLACEMENT_3D('',#5935,#4850,#4851);
#4085=AXIS2_PLACEMENT_3D('',#5936,#4852,#4853);
#4086=AXIS2_PLACEMENT_3D('',#5940,#4855,#4856);
#4087=AXIS2_PLACEMENT_3D('',#5941,#4857,#4858);
#4088=AXIS2_PLACEMENT_3D('',#5942,#4859,#4860);
#4089=AXIS2_PLACEMENT_3D('',#5948,#4864,#4865);
#4090=AXIS2_PLACEMENT_3D('',#5954,#4869,#4870);
#4091=AXIS2_PLACEMENT_3D('',#5955,#4871,#4872);
#4092=AXIS2_PLACEMENT_3D('',#5956,#4873,#4874);
#4093=AXIS2_PLACEMENT_3D('',#5957,#4875,#4876);
#4094=AXIS2_PLACEMENT_3D('',#5963,#4880,#4881);
#4095=AXIS2_PLACEMENT_3D('',#5966,#4883,#4884);
#4096=AXIS2_PLACEMENT_3D('',#5967,#4885,#4886);
#4097=AXIS2_PLACEMENT_3D('',#5971,#4889,#4890);
#4098=AXIS2_PLACEMENT_3D('',#5974,#4892,#4893);
#4099=AXIS2_PLACEMENT_3D('',#5975,#4894,#4895);
#4100=AXIS2_PLACEMENT_3D('',#5984,#4900,#4901);
#4101=AXIS2_PLACEMENT_3D('',#5993,#4906,#4907);
#4102=AXIS2_PLACEMENT_3D('',#5997,#4909,#4910);
#4103=AXIS2_PLACEMENT_3D('',#5998,#4911,#4912);
#4104=AXIS2_PLACEMENT_3D('',#5999,#4913,#4914);
#4105=AXIS2_PLACEMENT_3D('',#6005,#4918,#4919);
#4106=AXIS2_PLACEMENT_3D('',#6011,#4923,#4924);
#4107=AXIS2_PLACEMENT_3D('',#6015,#4926,#4927);
#4108=AXIS2_PLACEMENT_3D('',#6016,#4928,#4929);
#4109=AXIS2_PLACEMENT_3D('',#6017,#4930,#4931);
#4110=AXIS2_PLACEMENT_3D('',#6026,#4934,#4935);
#4111=AXIS2_PLACEMENT_3D('',#6028,#4936,#4937);
#4112=AXIS2_PLACEMENT_3D('',#6030,#4938,#4939);
#4113=AXIS2_PLACEMENT_3D('',#6035,#4940,#4941);
#4114=AXIS2_PLACEMENT_3D('',#6041,#4945,#4946);
#4115=AXIS2_PLACEMENT_3D('',#6045,#4948,#4949);
#4116=AXIS2_PLACEMENT_3D('',#6046,#4950,#4951);
#4117=AXIS2_PLACEMENT_3D('',#6047,#4952,#4953);
#4118=AXIS2_PLACEMENT_3D('',#6050,#4956,#4957);
#4119=AXIS2_PLACEMENT_3D('',#6054,#4959,#4960);
#4120=AXIS2_PLACEMENT_3D('',#6056,#4962,#4963);
#4121=AXIS2_PLACEMENT_3D('',#6060,#4966,#4967);
#4122=AXIS2_PLACEMENT_3D('',#6063,#4969,#4970);
#4123=AXIS2_PLACEMENT_3D('',#6064,#4971,#4972);
#4124=AXIS2_PLACEMENT_3D('',#6068,#4975,#4976);
#4125=AXIS2_PLACEMENT_3D('',#6072,#4979,#4980);
#4126=AXIS2_PLACEMENT_3D('',#6081,#4985,#4986);
#4127=AXIS2_PLACEMENT_3D('',#6085,#4989,#4990);
#4128=AXIS2_PLACEMENT_3D('',#6087,#4991,#4992);
#4129=AXIS2_PLACEMENT_3D('',#6089,#4994,#4995);
#4130=AXIS2_PLACEMENT_3D('',#6092,#4997,#4998);
#4131=AXIS2_PLACEMENT_3D('',#6093,#4999,#5000);
#4132=AXIS2_PLACEMENT_3D('',#6095,#5002,#5003);
#4133=AXIS2_PLACEMENT_3D('',#6098,#5006,#5007);
#4134=AXIS2_PLACEMENT_3D('',#6101,#5009,#5010);
#4135=AXIS2_PLACEMENT_3D('',#6102,#5011,#5012);
#4136=AXIS2_PLACEMENT_3D('',#6108,#5016,#5017);
#4137=AXIS2_PLACEMENT_3D('',#6112,#5020,#5021);
#4138=AXIS2_PLACEMENT_3D('',#6116,#5024,#5025);
#4139=AXIS2_PLACEMENT_3D('',#6118,#5026,#5027);
#4140=AXIS2_PLACEMENT_3D('',#6120,#5029,#5030);
#4141=AXIS2_PLACEMENT_3D('',#6124,#5033,#5034);
#4142=AXIS2_PLACEMENT_3D('',#6126,#5036,#5037);
#4143=AXIS2_PLACEMENT_3D('',#6130,#5040,#5041);
#4144=AXIS2_PLACEMENT_3D('',#6132,#5043,#5044);
#4145=AXIS2_PLACEMENT_3D('',#6133,#5045,#5046);
#4146=AXIS2_PLACEMENT_3D('',#6138,#5048,#5049);
#4147=AXIS2_PLACEMENT_3D('',#6141,#5051,#5052);
#4148=AXIS2_PLACEMENT_3D('',#6142,#5053,#5054);
#4149=AXIS2_PLACEMENT_3D('',#6148,#5058,#5059);
#4150=AXIS2_PLACEMENT_3D('',#6154,#5063,#5064);
#4151=AXIS2_PLACEMENT_3D('',#6156,#5065,#5066);
#4152=AXIS2_PLACEMENT_3D('',#6159,#5068,#5069);
#4153=AXIS2_PLACEMENT_3D('',#6160,#5070,#5071);
#4154=AXIS2_PLACEMENT_3D('',#6164,#5073,#5074);
#4155=AXIS2_PLACEMENT_3D('',#6165,#5075,#5076);
#4156=AXIS2_PLACEMENT_3D('',#6166,#5077,#5078);
#4157=AXIS2_PLACEMENT_3D('',#6172,#5082,#5083);
#4158=AXIS2_PLACEMENT_3D('',#6178,#5087,#5088);
#4159=AXIS2_PLACEMENT_3D('',#6179,#5089,#5090);
#4160=AXIS2_PLACEMENT_3D('',#6180,#5091,#5092);
#4161=AXIS2_PLACEMENT_3D('',#6181,#5093,#5094);
#4162=AXIS2_PLACEMENT_3D('',#6187,#5098,#5099);
#4163=AXIS2_PLACEMENT_3D('',#6190,#5101,#5102);
#4164=AXIS2_PLACEMENT_3D('',#6191,#5103,#5104);
#4165=AXIS2_PLACEMENT_3D('',#6195,#5107,#5108);
#4166=AXIS2_PLACEMENT_3D('',#6198,#5110,#5111);
#4167=AXIS2_PLACEMENT_3D('',#6199,#5112,#5113);
#4168=AXIS2_PLACEMENT_3D('',#6208,#5118,#5119);
#4169=AXIS2_PLACEMENT_3D('',#6217,#5124,#5125);
#4170=AXIS2_PLACEMENT_3D('',#6221,#5127,#5128);
#4171=AXIS2_PLACEMENT_3D('',#6222,#5129,#5130);
#4172=AXIS2_PLACEMENT_3D('',#6223,#5131,#5132);
#4173=AXIS2_PLACEMENT_3D('',#6229,#5136,#5137);
#4174=AXIS2_PLACEMENT_3D('',#6235,#5141,#5142);
#4175=AXIS2_PLACEMENT_3D('',#6239,#5144,#5145);
#4176=AXIS2_PLACEMENT_3D('',#6240,#5146,#5147);
#4177=AXIS2_PLACEMENT_3D('',#6241,#5148,#5149);
#4178=AXIS2_PLACEMENT_3D('',#6250,#5152,#5153);
#4179=AXIS2_PLACEMENT_3D('',#6252,#5154,#5155);
#4180=AXIS2_PLACEMENT_3D('',#6254,#5156,#5157);
#4181=AXIS2_PLACEMENT_3D('',#6259,#5158,#5159);
#4182=AXIS2_PLACEMENT_3D('',#6265,#5163,#5164);
#4183=AXIS2_PLACEMENT_3D('',#6269,#5166,#5167);
#4184=AXIS2_PLACEMENT_3D('',#6270,#5168,#5169);
#4185=AXIS2_PLACEMENT_3D('',#6271,#5170,#5171);
#4186=AXIS2_PLACEMENT_3D('',#6274,#5174,#5175);
#4187=AXIS2_PLACEMENT_3D('',#6278,#5177,#5178);
#4188=AXIS2_PLACEMENT_3D('',#6280,#5180,#5181);
#4189=AXIS2_PLACEMENT_3D('',#6284,#5184,#5185);
#4190=AXIS2_PLACEMENT_3D('',#6287,#5187,#5188);
#4191=AXIS2_PLACEMENT_3D('',#6288,#5189,#5190);
#4192=AXIS2_PLACEMENT_3D('',#6292,#5193,#5194);
#4193=AXIS2_PLACEMENT_3D('',#6296,#5197,#5198);
#4194=AXIS2_PLACEMENT_3D('',#6305,#5203,#5204);
#4195=AXIS2_PLACEMENT_3D('',#6309,#5207,#5208);
#4196=AXIS2_PLACEMENT_3D('',#6311,#5209,#5210);
#4197=AXIS2_PLACEMENT_3D('',#6313,#5212,#5213);
#4198=AXIS2_PLACEMENT_3D('',#6316,#5215,#5216);
#4199=AXIS2_PLACEMENT_3D('',#6317,#5217,#5218);
#4200=AXIS2_PLACEMENT_3D('',#6319,#5220,#5221);
#4201=AXIS2_PLACEMENT_3D('',#6322,#5224,#5225);
#4202=AXIS2_PLACEMENT_3D('',#6325,#5227,#5228);
#4203=AXIS2_PLACEMENT_3D('',#6326,#5229,#5230);
#4204=AXIS2_PLACEMENT_3D('',#6332,#5234,#5235);
#4205=AXIS2_PLACEMENT_3D('',#6336,#5238,#5239);
#4206=AXIS2_PLACEMENT_3D('',#6340,#5242,#5243);
#4207=AXIS2_PLACEMENT_3D('',#6342,#5244,#5245);
#4208=AXIS2_PLACEMENT_3D('',#6344,#5247,#5248);
#4209=AXIS2_PLACEMENT_3D('',#6348,#5251,#5252);
#4210=AXIS2_PLACEMENT_3D('',#6350,#5254,#5255);
#4211=AXIS2_PLACEMENT_3D('',#6354,#5258,#5259);
#4212=AXIS2_PLACEMENT_3D('',#6356,#5261,#5262);
#4213=DIRECTION('axis',(0.,0.,1.));
#4214=DIRECTION('refdir',(1.,0.,0.));
#4215=DIRECTION('center_axis',(0.,-1.,0.));
#4216=DIRECTION('ref_axis',(-1.,0.,1.22464679914735E-16));
#4217=DIRECTION('',(1.,0.,-1.22464679914735E-16));
#4218=DIRECTION('',(0.,0.,-1.));
#4219=DIRECTION('',(-1.,0.,1.22464679914735E-16));
#4220=DIRECTION('',(0.,0.,-1.));
#4221=DIRECTION('center_axis',(0.,0.,-1.));
#4222=DIRECTION('ref_axis',(1.,-3.21624529935327E-16,0.));
#4223=DIRECTION('center_axis',(-1.22464679914735E-16,-6.79815536723445E-32,
-1.));
#4224=DIRECTION('ref_axis',(-1.,0.,1.22464679914735E-16));
#4225=DIRECTION('center_axis',(1.22464679914735E-16,6.79815536723445E-32,
1.));
#4226=DIRECTION('ref_axis',(-1.,0.,1.22464679914735E-16));
#4227=DIRECTION('',(0.,0.,-1.));
#4228=DIRECTION('center_axis',(0.,1.,0.));
#4229=DIRECTION('ref_axis',(1.,0.,-1.22464679914735E-16));
#4230=DIRECTION('',(-1.,0.,1.22464679914735E-16));
#4231=DIRECTION('',(1.,0.,-1.22464679914735E-16));
#4232=DIRECTION('',(0.,0.,-1.));
#4233=DIRECTION('center_axis',(0.,0.,-1.));
#4234=DIRECTION('ref_axis',(-1.,0.,0.));
#4235=DIRECTION('center_axis',(-1.22464679914735E-16,-6.79815536723445E-32,
-1.));
#4236=DIRECTION('ref_axis',(-1.,0.,1.22464679914735E-16));
#4237=DIRECTION('center_axis',(1.22464679914735E-16,6.79815536723445E-32,
1.));
#4238=DIRECTION('ref_axis',(-1.,0.,1.22464679914735E-16));
#4239=DIRECTION('center_axis',(1.22464679914735E-16,6.79815536723445E-32,
1.));
#4240=DIRECTION('ref_axis',(-1.,0.,1.22464679914735E-16));
#4241=DIRECTION('center_axis',(1.22464679914735E-16,6.79815536723445E-32,
1.));
#4242=DIRECTION('ref_axis',(-1.,0.,1.85037170770859E-16));
#4243=DIRECTION('',(-1.,0.,1.22464679914735E-16));
#4244=DIRECTION('center_axis',(1.22464679914735E-16,6.79815536723445E-32,
1.));
#4245=DIRECTION('ref_axis',(-1.,0.,1.85037170770859E-16));
#4246=DIRECTION('',(1.,0.,-1.22464679914735E-16));
#4247=DIRECTION('center_axis',(-1.85037170770859E-16,0.,-1.));
#4248=DIRECTION('ref_axis',(1.,1.22464679914735E-16,-1.85037170770859E-16));
#4249=DIRECTION('',(-1.85037170770859E-16,0.,-1.));
#4250=DIRECTION('center_axis',(0.,0.,1.));
#4251=DIRECTION('ref_axis',(-1.,0.,1.85037170770859E-16));
#4252=DIRECTION('',(-1.85037170770859E-16,0.,-1.));
#4253=DIRECTION('center_axis',(0.,1.,0.));
#4254=DIRECTION('ref_axis',(1.,0.,-1.22464679914735E-16));
#4255=DIRECTION('',(-1.85037170770859E-16,0.,-1.));
#4256=DIRECTION('',(-1.,0.,0.));
#4257=DIRECTION('center_axis',(0.,-1.,0.));
#4258=DIRECTION('ref_axis',(-1.,0.,1.22464679914735E-16));
#4259=DIRECTION('',(1.,0.,0.));
#4260=DIRECTION('',(-1.85037170770859E-16,0.,-1.));
#4261=DIRECTION('center_axis',(-1.85037170770859E-16,0.,-1.));
#4262=DIRECTION('ref_axis',(-1.,0.,1.85037170770859E-16));
#4263=DIRECTION('center_axis',(0.,0.,1.));
#4264=DIRECTION('ref_axis',(-1.,0.,1.85037170770859E-16));
#4265=DIRECTION('center_axis',(0.,1.,0.));
#4266=DIRECTION('ref_axis',(0.,0.,1.));
#4267=DIRECTION('',(-1.,0.,0.));
#4268=DIRECTION('',(0.,0.,1.));
#4269=DIRECTION('',(1.,0.,0.));
#4270=DIRECTION('',(0.,0.,-1.));
#4271=DIRECTION('center_axis',(1.68290326447218E-28,-8.88178419700491E-14,
1.));
#4272=DIRECTION('ref_axis',(1.,5.94315969447071E-42,-6.73348724161551E-29));
#4273=DIRECTION('center_axis',(0.,0.,1.));
#4274=DIRECTION('ref_axis',(1.,0.,0.));
#4275=DIRECTION('',(-0.500000000000077,-7.68572751154129E-14,0.866025403784394));
#4276=DIRECTION('center_axis',(1.14323201498826E-28,-8.82627304576999E-14,
1.));
#4277=DIRECTION('ref_axis',(1.,1.00904779189522E-41,-1.14323201498826E-28));
#4278=DIRECTION('center_axis',(-1.14323201498826E-28,8.82627304576999E-14,
-1.));
#4279=DIRECTION('ref_axis',(1.33226762955019E-15,-1.,-8.82627304576999E-14));
#4280=DIRECTION('',(-6.66133814775094E-15,-1.,-8.82627304576999E-14));
#4281=DIRECTION('',(-1.,-1.29526019539602E-15,0.));
#4282=DIRECTION('',(-6.34413156928661E-16,1.,8.82627304576999E-14));
#4283=DIRECTION('',(-1.,-1.29526019539602E-15,0.));
#4284=DIRECTION('center_axis',(0.,0.,1.));
#4285=DIRECTION('ref_axis',(1.,0.,0.));
#4286=DIRECTION('center_axis',(0.,0.,1.));
#4287=DIRECTION('ref_axis',(1.,0.,0.));
#4288=DIRECTION('',(-0.5,6.12323399573676E-17,0.866025403784439));
#4289=DIRECTION('center_axis',(0.,0.,1.));
#4290=DIRECTION('ref_axis',(1.,0.,0.));
#4291=DIRECTION('center_axis',(0.,0.,-1.));
#4292=DIRECTION('ref_axis',(1.33226762955019E-15,-1.,0.));
#4293=DIRECTION('',(-6.66133814775094E-15,-1.,0.));
#4294=DIRECTION('',(-1.,-1.34151948808873E-15,0.));
#4295=DIRECTION('',(-6.34413156928661E-16,1.,0.));
#4296=DIRECTION('',(-1.,-1.34151948808873E-15,0.));
#4297=DIRECTION('center_axis',(0.,0.,1.));
#4298=DIRECTION('ref_axis',(1.,0.,0.));
#4299=DIRECTION('center_axis',(0.,0.,1.));
#4300=DIRECTION('ref_axis',(1.,0.,0.));
#4301=DIRECTION('',(0.573576436351046,7.02428546843654E-17,-0.819152044288992));
#4302=DIRECTION('center_axis',(0.,0.,-1.));
#4303=DIRECTION('ref_axis',(1.,0.,0.));
#4304=DIRECTION('center_axis',(0.,0.,1.));
#4305=DIRECTION('ref_axis',(1.,0.,0.));
#4306=DIRECTION('',(0.,1.,0.));
#4307=DIRECTION('',(1.,-1.11022302462516E-15,0.));
#4308=DIRECTION('',(6.66133814775094E-15,1.,0.));
#4309=DIRECTION('',(0.500000000000001,0.866025403784438,0.));
#4310=DIRECTION('',(1.,-1.1311545214021E-15,0.));
#4311=DIRECTION('',(0.499999999999999,-0.866025403784439,0.));
#4312=DIRECTION('',(-0.5,-0.866025403784438,0.));
#4313=DIRECTION('',(-1.,1.69673178210314E-15,0.));
#4314=DIRECTION('',(-0.499999999999999,0.866025403784439,0.));
#4315=DIRECTION('',(0.49999999999999,0.866025403784444,0.));
#4316=DIRECTION('',(1.,1.01803906926189E-14,0.));
#4317=DIRECTION('',(0.50000000000001,-0.866025403784433,0.));
#4318=DIRECTION('',(-0.499999999999991,-0.866025403784444,0.));
#4319=DIRECTION('',(-1.,-1.1311545214021E-14,0.));
#4320=DIRECTION('',(-0.500000000000008,0.866025403784434,0.));
#4321=DIRECTION('',(0.499999999999993,0.866025403784443,0.));
#4322=DIRECTION('',(1.,7.91808164981467E-15,0.));
#4323=DIRECTION('',(0.500000000000007,-0.866025403784434,0.));
#4324=DIRECTION('',(-0.499999999999993,-0.866025403784443,0.));
#4325=DIRECTION('',(-1.,-7.91808164981467E-15,0.));
#4326=DIRECTION('',(-0.500000000000007,0.866025403784435,0.));
#4327=DIRECTION('',(0.500000000000001,0.866025403784438,0.));
#4328=DIRECTION('',(1.,-1.41394315175262E-15,0.));
#4329=DIRECTION('',(0.499999999999999,-0.866025403784439,0.));
#4330=DIRECTION('',(-0.500000000000001,-0.866025403784438,0.));
#4331=DIRECTION('',(-1.,1.69673178210314E-15,0.));
#4332=DIRECTION('',(-0.499999999999999,0.866025403784439,0.));
#4333=DIRECTION('',(0.499999999999995,0.866025403784442,0.));
#4334=DIRECTION('',(1.,6.22134986771153E-15,0.));
#4335=DIRECTION('',(0.500000000000005,-0.866025403784435,0.));
#4336=DIRECTION('',(-0.499999999999994,-0.866025403784442,0.));
#4337=DIRECTION('',(-1.,-6.22134986771152E-15,0.));
#4338=DIRECTION('',(-0.500000000000005,0.866025403784436,0.));
#4339=DIRECTION('',(0.500000000000003,0.866025403784437,0.));
#4340=DIRECTION('',(1.,-2.2623090428042E-15,0.));
#4341=DIRECTION('',(0.499999999999997,-0.86602540378444,0.));
#4342=DIRECTION('',(-0.500000000000002,-0.866025403784438,0.));
#4343=DIRECTION('',(-1.,2.26230904280419E-15,0.));
#4344=DIRECTION('',(-0.499999999999997,0.86602540378444,0.));
#4345=DIRECTION('',(0.500000000000001,0.866025403784438,0.));
#4346=DIRECTION('',(1.,0.,0.));
#4347=DIRECTION('',(0.499999999999999,-0.866025403784439,0.));
#4348=DIRECTION('',(-0.5,-0.866025403784439,0.));
#4349=DIRECTION('',(-1.,0.,0.));
#4350=DIRECTION('',(-0.499999999999999,0.866025403784439,0.));
#4351=DIRECTION('',(0.499999999999995,0.866025403784441,0.));
#4352=DIRECTION('',(1.,6.22134986771153E-15,0.));
#4353=DIRECTION('',(0.500000000000005,-0.866025403784435,0.));
#4354=DIRECTION('',(-0.499999999999995,-0.866025403784442,0.));
#4355=DIRECTION('',(-1.,-6.78692712841257E-15,0.));
#4356=DIRECTION('',(-0.500000000000005,0.866025403784436,0.));
#4357=DIRECTION('center_axis',(0.,0.,-1.));
#4358=DIRECTION('ref_axis',(1.,0.,0.));
#4359=DIRECTION('center_axis',(0.,0.,-1.));
#4360=DIRECTION('ref_axis',(1.,0.,0.));
#4361=DIRECTION('center_axis',(0.,0.,-1.));
#4362=DIRECTION('ref_axis',(1.,0.,0.));
#4363=DIRECTION('center_axis',(0.,0.,-1.));
#4364=DIRECTION('ref_axis',(1.,0.,0.));
#4365=DIRECTION('center_axis',(0.,0.,1.));
#4366=DIRECTION('ref_axis',(1.,0.,0.));
#4367=DIRECTION('center_axis',(0.,0.,1.));
#4368=DIRECTION('ref_axis',(1.,0.,0.));
#4369=DIRECTION('center_axis',(0.,0.,-1.));
#4370=DIRECTION('ref_axis',(1.,0.,0.));
#4371=DIRECTION('',(0.,0.,1.));
#4372=DIRECTION('center_axis',(0.,0.,1.));
#4373=DIRECTION('ref_axis',(1.,0.,0.));
#4374=DIRECTION('',(0.573576436351046,7.02428546843654E-17,-0.819152044288992));
#4375=DIRECTION('center_axis',(0.,0.,-1.));
#4376=DIRECTION('ref_axis',(1.,0.,0.));
#4377=DIRECTION('center_axis',(0.,0.,1.));
#4378=DIRECTION('ref_axis',(1.,0.,0.));
#4379=DIRECTION('center_axis',(1.15042215344731E-29,-8.88178419700123E-15,
-1.));
#4380=DIRECTION('ref_axis',(1.,0.,0.));
#4381=DIRECTION('',(0.,0.,1.));
#4382=DIRECTION('center_axis',(1.29526019539602E-15,-1.,0.));
#4383=DIRECTION('ref_axis',(0.,0.,1.));
#4384=DIRECTION('',(0.,0.,1.));
#4385=DIRECTION('',(0.,0.,-1.));
#4386=DIRECTION('',(-1.,-1.29526019539602E-15,0.));
#4387=DIRECTION('center_axis',(-1.29526019539602E-15,1.,-2.19824158875745E-13));
#4388=DIRECTION('ref_axis',(2.92864611063253E-28,-2.19824158875745E-13,
-1.));
#4389=DIRECTION('',(-1.46432305531627E-27,-2.19824158875745E-13,-1.));
#4390=DIRECTION('',(-1.,-1.29526019539602E-15,0.));
#4391=DIRECTION('',(-1.39459338601549E-28,2.19824158875745E-13,1.));
#4392=DIRECTION('center_axis',(-1.15042215344731E-29,8.88178419700123E-15,
1.));
#4393=DIRECTION('ref_axis',(-1.33226762955019E-15,1.,-8.88178419700123E-15));
#4394=DIRECTION('',(6.66133814775094E-15,1.,-8.88178419700123E-15));
#4395=DIRECTION('',(6.34413156928661E-16,-1.,8.88178419700123E-15));
#4396=DIRECTION('center_axis',(1.34151948808873E-15,-1.,0.));
#4397=DIRECTION('ref_axis',(0.,0.,1.));
#4398=DIRECTION('',(0.,0.,1.));
#4399=DIRECTION('',(0.,0.,-1.));
#4400=DIRECTION('',(-1.,-1.34151948808873E-15,0.));
#4401=DIRECTION('center_axis',(-1.34151948808873E-15,1.,0.));
#4402=DIRECTION('ref_axis',(0.,0.,-1.));
#4403=DIRECTION('',(0.,0.,-1.));
#4404=DIRECTION('',(-1.,-1.34151948808873E-15,0.));
#4405=DIRECTION('',(0.,0.,1.));
#4406=DIRECTION('center_axis',(0.,0.,1.));
#4407=DIRECTION('ref_axis',(-1.33226762955019E-15,1.,0.));
#4408=DIRECTION('',(6.66133814775094E-15,1.,0.));
#4409=DIRECTION('',(6.34413156928661E-16,-1.,0.));
#4410=DIRECTION('center_axis',(0.,0.,1.));
#4411=DIRECTION('ref_axis',(1.,0.,0.));
#4412=DIRECTION('',(1.,-1.69673178210314E-15,0.));
#4413=DIRECTION('',(0.5,0.866025403784438,0.));
#4414=DIRECTION('',(-0.499999999999999,0.866025403784439,0.));
#4415=DIRECTION('',(-1.,1.1311545214021E-15,0.));
#4416=DIRECTION('',(-0.500000000000001,-0.866025403784438,0.));
#4417=DIRECTION('',(0.499999999999999,-0.866025403784439,0.));
#4418=DIRECTION('center_axis',(0.,0.,1.));
#4419=DIRECTION('ref_axis',(1.,0.,0.));
#4420=DIRECTION('center_axis',(-0.866025403784438,0.500000000000001,0.));
#4421=DIRECTION('ref_axis',(-0.500000000000001,-0.866025403784438,0.));
#4422=DIRECTION('',(0.,0.,1.));
#4423=DIRECTION('',(0.,0.,1.));
#4424=DIRECTION('center_axis',(-0.866025403784439,-0.499999999999999,0.));
#4425=DIRECTION('ref_axis',(0.499999999999999,-0.866025403784439,0.));
#4426=DIRECTION('',(0.,0.,1.));
#4427=DIRECTION('center_axis',(-1.69673178210314E-15,-1.,0.));
#4428=DIRECTION('ref_axis',(1.,-1.69673178210314E-15,0.));
#4429=DIRECTION('',(0.,0.,1.));
#4430=DIRECTION('center_axis',(1.1311545214021E-15,1.,0.));
#4431=DIRECTION('ref_axis',(-1.,1.1311545214021E-15,0.));
#4432=DIRECTION('',(0.,0.,1.));
#4433=DIRECTION('center_axis',(0.866025403784439,0.499999999999999,0.));
#4434=DIRECTION('ref_axis',(-0.499999999999999,0.866025403784439,0.));
#4435=DIRECTION('',(0.,0.,1.));
#4436=DIRECTION('center_axis',(0.866025403784438,-0.5,0.));
#4437=DIRECTION('ref_axis',(0.5,0.866025403784438,0.));
#4438=DIRECTION('center_axis',(0.,0.,1.));
#4439=DIRECTION('ref_axis',(1.,0.,0.));
#4440=DIRECTION('',(1.,1.1311545214021E-14,0.));
#4441=DIRECTION('',(0.499999999999991,0.866025403784444,0.));
#4442=DIRECTION('',(-0.50000000000001,0.866025403784433,0.));
#4443=DIRECTION('',(-1.,-1.01803906926189E-14,0.));
#4444=DIRECTION('',(-0.49999999999999,-0.866025403784444,0.));
#4445=DIRECTION('',(0.500000000000008,-0.866025403784434,0.));
#4446=DIRECTION('center_axis',(0.,0.,1.));
#4447=DIRECTION('ref_axis',(1.,0.,0.));
#4448=DIRECTION('center_axis',(-0.866025403784444,0.49999999999999,0.));
#4449=DIRECTION('ref_axis',(-0.49999999999999,-0.866025403784444,0.));
#4450=DIRECTION('',(0.,0.,1.));
#4451=DIRECTION('',(0.,0.,1.));
#4452=DIRECTION('center_axis',(-0.866025403784434,-0.500000000000008,0.));
#4453=DIRECTION('ref_axis',(0.500000000000008,-0.866025403784434,0.));
#4454=DIRECTION('',(0.,0.,1.));
#4455=DIRECTION('center_axis',(1.1311545214021E-14,-1.,0.));
#4456=DIRECTION('ref_axis',(1.,1.1311545214021E-14,0.));
#4457=DIRECTION('',(0.,0.,1.));
#4458=DIRECTION('center_axis',(-1.01803906926189E-14,1.,0.));
#4459=DIRECTION('ref_axis',(-1.,-1.01803906926189E-14,0.));
#4460=DIRECTION('',(0.,0.,1.));
#4461=DIRECTION('center_axis',(0.866025403784433,0.50000000000001,0.));
#4462=DIRECTION('ref_axis',(-0.50000000000001,0.866025403784433,0.));
#4463=DIRECTION('',(0.,0.,1.));
#4464=DIRECTION('center_axis',(0.866025403784444,-0.499999999999991,0.));
#4465=DIRECTION('ref_axis',(0.499999999999991,0.866025403784444,0.));
#4466=DIRECTION('center_axis',(0.,0.,1.));
#4467=DIRECTION('ref_axis',(1.,0.,0.));
#4468=DIRECTION('',(1.,7.91808164981467E-15,0.));
#4469=DIRECTION('',(0.499999999999993,0.866025403784443,0.));
#4470=DIRECTION('',(-0.500000000000007,0.866025403784434,0.));
#4471=DIRECTION('',(-1.,-7.91808164981467E-15,0.));
#4472=DIRECTION('',(-0.499999999999993,-0.866025403784443,0.));
#4473=DIRECTION('',(0.500000000000007,-0.866025403784435,0.));
#4474=DIRECTION('center_axis',(0.,0.,1.));
#4475=DIRECTION('ref_axis',(1.,0.,0.));
#4476=DIRECTION('center_axis',(-0.866025403784443,0.499999999999993,0.));
#4477=DIRECTION('ref_axis',(-0.499999999999993,-0.866025403784443,0.));
#4478=DIRECTION('',(0.,0.,1.));
#4479=DIRECTION('',(0.,0.,1.));
#4480=DIRECTION('center_axis',(-0.866025403784435,-0.500000000000007,0.));
#4481=DIRECTION('ref_axis',(0.500000000000007,-0.866025403784435,0.));
#4482=DIRECTION('',(0.,0.,1.));
#4483=DIRECTION('center_axis',(7.91808164981467E-15,-1.,0.));
#4484=DIRECTION('ref_axis',(1.,7.91808164981467E-15,0.));
#4485=DIRECTION('',(0.,0.,1.));
#4486=DIRECTION('center_axis',(-7.91808164981467E-15,1.,0.));
#4487=DIRECTION('ref_axis',(-1.,-7.91808164981467E-15,0.));
#4488=DIRECTION('',(0.,0.,1.));
#4489=DIRECTION('center_axis',(0.866025403784434,0.500000000000007,0.));
#4490=DIRECTION('ref_axis',(-0.500000000000007,0.866025403784434,0.));
#4491=DIRECTION('',(0.,0.,1.));
#4492=DIRECTION('center_axis',(0.866025403784443,-0.499999999999993,0.));
#4493=DIRECTION('ref_axis',(0.499999999999993,0.866025403784443,0.));
#4494=DIRECTION('center_axis',(0.,0.,1.));
#4495=DIRECTION('ref_axis',(1.,0.,0.));
#4496=DIRECTION('',(1.,-1.69673178210314E-15,0.));
#4497=DIRECTION('',(0.500000000000001,0.866025403784438,0.));
#4498=DIRECTION('',(-0.499999999999999,0.866025403784439,0.));
#4499=DIRECTION('',(-1.,1.41394315175262E-15,0.));
#4500=DIRECTION('',(-0.500000000000001,-0.866025403784438,0.));
#4501=DIRECTION('',(0.499999999999999,-0.866025403784439,0.));
#4502=DIRECTION('center_axis',(0.,0.,1.));
#4503=DIRECTION('ref_axis',(1.,0.,0.));
#4504=DIRECTION('center_axis',(-0.866025403784438,0.500000000000001,0.));
#4505=DIRECTION('ref_axis',(-0.500000000000001,-0.866025403784438,0.));
#4506=DIRECTION('',(0.,0.,1.));
#4507=DIRECTION('',(0.,0.,1.));
#4508=DIRECTION('center_axis',(-0.866025403784439,-0.499999999999999,0.));
#4509=DIRECTION('ref_axis',(0.499999999999999,-0.866025403784439,0.));
#4510=DIRECTION('',(0.,0.,1.));
#4511=DIRECTION('center_axis',(-1.69673178210314E-15,-1.,0.));
#4512=DIRECTION('ref_axis',(1.,-1.69673178210314E-15,0.));
#4513=DIRECTION('',(0.,0.,1.));
#4514=DIRECTION('center_axis',(1.41394315175262E-15,1.,0.));
#4515=DIRECTION('ref_axis',(-1.,1.41394315175262E-15,0.));
#4516=DIRECTION('',(0.,0.,1.));
#4517=DIRECTION('center_axis',(0.866025403784439,0.499999999999999,0.));
#4518=DIRECTION('ref_axis',(-0.499999999999999,0.866025403784439,0.));
#4519=DIRECTION('',(0.,0.,1.));
#4520=DIRECTION('center_axis',(0.866025403784438,-0.500000000000001,0.));
#4521=DIRECTION('ref_axis',(0.500000000000001,0.866025403784438,0.));
#4522=DIRECTION('center_axis',(0.,0.,1.));
#4523=DIRECTION('ref_axis',(1.,0.,0.));
#4524=DIRECTION('',(1.,6.22134986771152E-15,0.));
#4525=DIRECTION('',(0.499999999999994,0.866025403784442,0.));
#4526=DIRECTION('',(-0.500000000000005,0.866025403784435,0.));
#4527=DIRECTION('',(-1.,-6.22134986771153E-15,0.));
#4528=DIRECTION('',(-0.499999999999995,-0.866025403784442,0.));
#4529=DIRECTION('',(0.500000000000005,-0.866025403784436,0.));
#4530=DIRECTION('center_axis',(0.,0.,1.));
#4531=DIRECTION('ref_axis',(1.,0.,0.));
#4532=DIRECTION('center_axis',(-0.866025403784442,0.499999999999995,0.));
#4533=DIRECTION('ref_axis',(-0.499999999999995,-0.866025403784442,0.));
#4534=DIRECTION('',(0.,0.,1.));
#4535=DIRECTION('',(0.,0.,1.));
#4536=DIRECTION('center_axis',(-0.866025403784436,-0.500000000000005,0.));
#4537=DIRECTION('ref_axis',(0.500000000000005,-0.866025403784436,0.));
#4538=DIRECTION('',(0.,0.,1.));
#4539=DIRECTION('center_axis',(6.22134986771152E-15,-1.,0.));
#4540=DIRECTION('ref_axis',(1.,6.22134986771152E-15,0.));
#4541=DIRECTION('',(0.,0.,1.));
#4542=DIRECTION('center_axis',(-6.22134986771153E-15,1.,0.));
#4543=DIRECTION('ref_axis',(-1.,-6.22134986771153E-15,0.));
#4544=DIRECTION('',(0.,0.,1.));
#4545=DIRECTION('center_axis',(0.866025403784435,0.500000000000005,0.));
#4546=DIRECTION('ref_axis',(-0.500000000000005,0.866025403784435,0.));
#4547=DIRECTION('',(0.,0.,1.));
#4548=DIRECTION('center_axis',(0.866025403784442,-0.499999999999994,0.));
#4549=DIRECTION('ref_axis',(0.499999999999994,0.866025403784442,0.));
#4550=DIRECTION('center_axis',(0.,0.,1.));
#4551=DIRECTION('ref_axis',(1.,0.,0.));
#4552=DIRECTION('',(1.,-2.26230904280419E-15,0.));
#4553=DIRECTION('',(0.500000000000002,0.866025403784438,0.));
#4554=DIRECTION('',(-0.499999999999997,0.86602540378444,0.));
#4555=DIRECTION('',(-1.,2.2623090428042E-15,0.));
#4556=DIRECTION('',(-0.500000000000003,-0.866025403784437,0.));
#4557=DIRECTION('',(0.499999999999997,-0.86602540378444,0.));
#4558=DIRECTION('center_axis',(0.,0.,1.));
#4559=DIRECTION('ref_axis',(1.,0.,0.));
#4560=DIRECTION('center_axis',(-0.866025403784437,0.500000000000004,0.));
#4561=DIRECTION('ref_axis',(-0.500000000000003,-0.866025403784437,0.));
#4562=DIRECTION('',(0.,0.,1.));
#4563=DIRECTION('',(0.,0.,1.));
#4564=DIRECTION('center_axis',(-0.86602540378444,-0.499999999999997,0.));
#4565=DIRECTION('ref_axis',(0.499999999999997,-0.86602540378444,0.));
#4566=DIRECTION('',(0.,0.,1.));
#4567=DIRECTION('center_axis',(-2.26230904280419E-15,-1.,0.));
#4568=DIRECTION('ref_axis',(1.,-2.26230904280419E-15,0.));
#4569=DIRECTION('',(0.,0.,1.));
#4570=DIRECTION('center_axis',(2.2623090428042E-15,1.,0.));
#4571=DIRECTION('ref_axis',(-1.,2.2623090428042E-15,0.));
#4572=DIRECTION('',(0.,0.,1.));
#4573=DIRECTION('center_axis',(0.86602540378444,0.499999999999997,0.));
#4574=DIRECTION('ref_axis',(-0.499999999999997,0.86602540378444,0.));
#4575=DIRECTION('',(0.,0.,1.));
#4576=DIRECTION('center_axis',(0.866025403784438,-0.500000000000002,0.));
#4577=DIRECTION('ref_axis',(0.500000000000002,0.866025403784438,0.));
#4578=DIRECTION('center_axis',(0.,0.,1.));
#4579=DIRECTION('ref_axis',(1.,0.,0.));
#4580=DIRECTION('',(1.,0.,0.));
#4581=DIRECTION('',(0.5,0.866025403784439,0.));
#4582=DIRECTION('',(-0.499999999999999,0.866025403784439,0.));
#4583=DIRECTION('',(-1.,0.,0.));
#4584=DIRECTION('',(-0.500000000000001,-0.866025403784438,0.));
#4585=DIRECTION('',(0.499999999999999,-0.866025403784439,0.));
#4586=DIRECTION('center_axis',(0.,0.,1.));
#4587=DIRECTION('ref_axis',(1.,0.,0.));
#4588=DIRECTION('center_axis',(-0.866025403784438,0.500000000000001,0.));
#4589=DIRECTION('ref_axis',(-0.500000000000001,-0.866025403784438,0.));
#4590=DIRECTION('',(0.,0.,1.));
#4591=DIRECTION('',(0.,0.,1.));
#4592=DIRECTION('center_axis',(-0.866025403784439,-0.5,0.));
#4593=DIRECTION('ref_axis',(0.499999999999999,-0.866025403784439,0.));
#4594=DIRECTION('',(0.,0.,1.));
#4595=DIRECTION('center_axis',(0.,-1.,0.));
#4596=DIRECTION('ref_axis',(1.,0.,0.));
#4597=DIRECTION('',(0.,0.,1.));
#4598=DIRECTION('center_axis',(0.,1.,0.));
#4599=DIRECTION('ref_axis',(-1.,0.,0.));
#4600=DIRECTION('',(0.,0.,1.));
#4601=DIRECTION('center_axis',(0.866025403784439,0.499999999999999,0.));
#4602=DIRECTION('ref_axis',(-0.499999999999999,0.866025403784439,0.));
#4603=DIRECTION('',(0.,0.,1.));
#4604=DIRECTION('center_axis',(0.866025403784439,-0.5,0.));
#4605=DIRECTION('ref_axis',(0.5,0.866025403784439,0.));
#4606=DIRECTION('center_axis',(0.,0.,1.));
#4607=DIRECTION('ref_axis',(1.,0.,0.));
#4608=DIRECTION('',(1.,6.78692712841257E-15,0.));
#4609=DIRECTION('',(0.499999999999995,0.866025403784442,0.));
#4610=DIRECTION('',(-0.500000000000005,0.866025403784435,0.));
#4611=DIRECTION('',(-1.,-6.22134986771153E-15,0.));
#4612=DIRECTION('',(-0.499999999999995,-0.866025403784441,0.));
#4613=DIRECTION('',(0.500000000000005,-0.866025403784436,0.));
#4614=DIRECTION('center_axis',(0.,0.,1.));
#4615=DIRECTION('ref_axis',(1.,0.,0.));
#4616=DIRECTION('center_axis',(-0.866025403784441,0.499999999999995,0.));
#4617=DIRECTION('ref_axis',(-0.499999999999995,-0.866025403784441,0.));
#4618=DIRECTION('',(0.,0.,1.));
#4619=DIRECTION('',(0.,0.,1.));
#4620=DIRECTION('center_axis',(-0.866025403784436,-0.500000000000005,0.));
#4621=DIRECTION('ref_axis',(0.500000000000005,-0.866025403784436,0.));
#4622=DIRECTION('',(0.,0.,1.));
#4623=DIRECTION('center_axis',(6.78692712841257E-15,-1.,0.));
#4624=DIRECTION('ref_axis',(1.,6.78692712841257E-15,0.));
#4625=DIRECTION('',(0.,0.,1.));
#4626=DIRECTION('center_axis',(-6.22134986771153E-15,1.,0.));
#4627=DIRECTION('ref_axis',(-1.,-6.22134986771153E-15,0.));
#4628=DIRECTION('',(0.,0.,1.));
#4629=DIRECTION('center_axis',(0.866025403784435,0.500000000000005,0.));
#4630=DIRECTION('ref_axis',(-0.500000000000005,0.866025403784435,0.));
#4631=DIRECTION('',(0.,0.,1.));
#4632=DIRECTION('center_axis',(0.866025403784442,-0.499999999999995,0.));
#4633=DIRECTION('ref_axis',(0.499999999999995,0.866025403784442,0.));
#4634=DIRECTION('center_axis',(4.10782519111307E-14,-1.,0.));
#4635=DIRECTION('ref_axis',(1.,4.10782519111307E-14,0.));
#4636=DIRECTION('',(1.,4.10782519111307E-14,0.));
#4637=DIRECTION('',(0.,0.,-1.));
#4638=DIRECTION('',(1.,4.10782519111307E-14,0.));
#4639=DIRECTION('',(0.,0.,1.));
#4640=DIRECTION('center_axis',(3.91353616180369E-14,1.,0.));
#4641=DIRECTION('ref_axis',(-1.,3.91353616180369E-14,0.));
#4642=DIRECTION('',(-1.,3.91353616180369E-14,0.));
#4643=DIRECTION('',(0.,0.,-1.));
#4644=DIRECTION('',(-1.,3.91353616180369E-14,0.));
#4645=DIRECTION('',(0.,0.,1.));
#4646=DIRECTION('center_axis',(0.,0.,1.));
#4647=DIRECTION('ref_axis',(1.,0.,0.));
#4648=DIRECTION('',(6.66133814775094E-15,1.,0.));
#4649=DIRECTION('',(6.34413156928661E-16,-1.,0.));
#4650=DIRECTION('center_axis',(0.,0.,-1.));
#4651=DIRECTION('ref_axis',(1.,0.,0.));
#4652=DIRECTION('center_axis',(0.,0.,-1.));
#4653=DIRECTION('ref_axis',(1.,0.,0.));
#4654=DIRECTION('center_axis',(0.,0.,-1.));
#4655=DIRECTION('ref_axis',(1.,0.,0.));
#4656=DIRECTION('center_axis',(0.,0.,-1.));
#4657=DIRECTION('ref_axis',(1.,0.,0.));
#4658=DIRECTION('center_axis',(0.,0.,1.));
#4659=DIRECTION('ref_axis',(1.,0.,0.));
#4660=DIRECTION('',(-6.66133814775094E-15,-1.,0.));
#4661=DIRECTION('',(1.,-1.11022302462516E-15,0.));
#4662=DIRECTION('',(6.34413156928661E-16,-1.,0.));
#4663=DIRECTION('center_axis',(0.,0.,-1.));
#4664=DIRECTION('ref_axis',(1.,0.,0.));
#4665=DIRECTION('center_axis',(0.,0.,-1.));
#4666=DIRECTION('ref_axis',(1.,0.,0.));
#4667=DIRECTION('center_axis',(0.,0.,-1.));
#4668=DIRECTION('ref_axis',(1.,0.,0.));
#4669=DIRECTION('center_axis',(0.,0.,-1.));
#4670=DIRECTION('ref_axis',(1.,0.,0.));
#4671=DIRECTION('center_axis',(0.,0.,1.));
#4672=DIRECTION('ref_axis',(1.,0.,0.));
#4673=DIRECTION('',(0.,1.,0.));
#4674=DIRECTION('',(-6.66133814775094E-15,-1.,0.));
#4675=DIRECTION('center_axis',(0.,0.,-1.));
#4676=DIRECTION('ref_axis',(1.,0.,0.));
#4677=DIRECTION('center_axis',(0.,0.,-1.));
#4678=DIRECTION('ref_axis',(1.,0.,0.));
#4679=DIRECTION('center_axis',(0.,0.,-1.));
#4680=DIRECTION('ref_axis',(1.,0.,0.));
#4681=DIRECTION('center_axis',(0.,0.,-1.));
#4682=DIRECTION('ref_axis',(1.,0.,0.));
#4683=DIRECTION('center_axis',(-1.,-6.34413156928661E-16,0.));
#4684=DIRECTION('ref_axis',(6.34413156928661E-16,-1.,0.));
#4685=DIRECTION('',(0.,0.,1.));
#4686=DIRECTION('center_axis',(0.,0.,1.));
#4687=DIRECTION('ref_axis',(1.,0.,0.));
#4688=DIRECTION('',(0.,0.,-1.));
#4689=DIRECTION('center_axis',(0.,0.,1.));
#4690=DIRECTION('ref_axis',(1.,0.,0.));
#4691=DIRECTION('',(0.,0.,-1.));
#4692=DIRECTION('center_axis',(0.,0.,1.));
#4693=DIRECTION('ref_axis',(1.,0.,0.));
#4694=DIRECTION('',(0.,0.,-1.));
#4695=DIRECTION('center_axis',(0.,0.,1.));
#4696=DIRECTION('ref_axis',(1.,0.,0.));
#4697=DIRECTION('',(0.,0.,-1.));
#4698=DIRECTION('center_axis',(0.,0.,1.));
#4699=DIRECTION('ref_axis',(1.,0.,0.));
#4700=DIRECTION('',(0.,0.,-1.));
#4701=DIRECTION('center_axis',(0.,0.,1.));
#4702=DIRECTION('ref_axis',(1.,0.,0.));
#4703=DIRECTION('',(0.,0.,-1.));
#4704=DIRECTION('center_axis',(0.,0.,1.));
#4705=DIRECTION('ref_axis',(1.,0.,0.));
#4706=DIRECTION('',(0.,0.,-1.));
#4707=DIRECTION('center_axis',(0.,0.,1.));
#4708=DIRECTION('ref_axis',(1.,0.,0.));
#4709=DIRECTION('',(0.,0.,-1.));
#4710=DIRECTION('center_axis',(0.,0.,1.));
#4711=DIRECTION('ref_axis',(1.,0.,0.));
#4712=DIRECTION('',(0.,0.,-1.));
#4713=DIRECTION('center_axis',(0.,0.,1.));
#4714=DIRECTION('ref_axis',(1.,0.,0.));
#4715=DIRECTION('',(0.,0.,-1.));
#4716=DIRECTION('center_axis',(0.,0.,1.));
#4717=DIRECTION('ref_axis',(1.,0.,0.));
#4718=DIRECTION('',(0.,0.,-1.));
#4719=DIRECTION('center_axis',(0.,0.,1.));
#4720=DIRECTION('ref_axis',(1.,0.,0.));
#4721=DIRECTION('',(0.,0.,-1.));
#4722=DIRECTION('center_axis',(1.,-6.66133814775094E-15,0.));
#4723=DIRECTION('ref_axis',(6.66133814775094E-15,1.,0.));
#4724=DIRECTION('',(0.,0.,1.));
#4725=DIRECTION('center_axis',(-1.11022302462516E-15,-1.,0.));
#4726=DIRECTION('ref_axis',(1.,-1.11022302462516E-15,0.));
#4727=DIRECTION('center_axis',(-2.31296463463574E-17,-1.,0.));
#4728=DIRECTION('ref_axis',(1.,-2.31296463463574E-17,0.));
#4729=DIRECTION('',(1.,-2.31296463463574E-17,0.));
#4730=DIRECTION('',(0.,0.,-1.));
#4731=DIRECTION('',(1.,-2.31296463463574E-17,0.));
#4732=DIRECTION('',(0.,0.,1.));
#4733=DIRECTION('center_axis',(2.31296463463574E-17,1.,0.));
#4734=DIRECTION('ref_axis',(-1.,2.31296463463574E-17,0.));
#4735=DIRECTION('',(-1.,2.31296463463574E-17,0.));
#4736=DIRECTION('',(0.,0.,-1.));
#4737=DIRECTION('',(-1.,2.31296463463574E-17,0.));
#4738=DIRECTION('',(0.,0.,1.));
#4739=DIRECTION('center_axis',(0.,0.,1.));
#4740=DIRECTION('ref_axis',(1.,0.,0.));
#4741=DIRECTION('',(-8.88178419700125E-15,1.,0.));
#4742=DIRECTION('',(-2.44249065417534E-14,-1.,0.));
#4743=DIRECTION('center_axis',(-1.,2.44249065417534E-14,0.));
#4744=DIRECTION('ref_axis',(-2.44249065417534E-14,-1.,0.));
#4745=DIRECTION('',(-2.44249065417534E-14,-1.,0.));
#4746=DIRECTION('',(0.,0.,1.));
#4747=DIRECTION('',(-2.44249065417534E-14,-1.,0.));
#4748=DIRECTION('',(0.,0.,1.));
#4749=DIRECTION('',(-2.44249065417534E-14,-1.,0.));
#4750=DIRECTION('center_axis',(0.,0.,1.));
#4751=DIRECTION('ref_axis',(1.,0.,0.));
#4752=DIRECTION('',(-8.88178419700125E-15,1.,0.));
#4753=DIRECTION('',(1.,1.77635683940026E-14,0.));
#4754=DIRECTION('center_axis',(0.,0.,-1.));
#4755=DIRECTION('ref_axis',(1.,0.,0.));
#4756=DIRECTION('center_axis',(0.,0.,-1.));
#4757=DIRECTION('ref_axis',(1.,0.,0.));
#4758=DIRECTION('center_axis',(0.,0.,-1.));
#4759=DIRECTION('ref_axis',(1.,0.,0.));
#4760=DIRECTION('center_axis',(0.,0.,-1.));
#4761=DIRECTION('ref_axis',(1.,0.,0.));
#4762=DIRECTION('center_axis',(0.,0.,1.));
#4763=DIRECTION('ref_axis',(1.,0.,0.));
#4764=DIRECTION('',(-1.,0.,0.));
#4765=DIRECTION('',(-8.88178419700125E-15,1.,0.));
#4766=DIRECTION('center_axis',(0.,0.,-1.));
#4767=DIRECTION('ref_axis',(1.,0.,0.));
#4768=DIRECTION('center_axis',(0.,0.,-1.));
#4769=DIRECTION('ref_axis',(1.,0.,0.));
#4770=DIRECTION('center_axis',(0.,0.,-1.));
#4771=DIRECTION('ref_axis',(1.,0.,0.));
#4772=DIRECTION('center_axis',(0.,0.,-1.));
#4773=DIRECTION('ref_axis',(1.,0.,0.));
#4774=DIRECTION('center_axis',(0.,1.,0.));
#4775=DIRECTION('ref_axis',(-1.,0.,0.));
#4776=DIRECTION('',(-1.,0.,0.));
#4777=DIRECTION('',(0.,0.,1.));
#4778=DIRECTION('center_axis',(0.,0.,1.));
#4779=DIRECTION('ref_axis',(1.,0.,0.));
#4780=DIRECTION('center_axis',(0.,0.,-1.));
#4781=DIRECTION('ref_axis',(1.,0.,0.));
#4782=DIRECTION('',(0.,0.,-1.));
#4783=DIRECTION('center_axis',(0.,0.,1.));
#4784=DIRECTION('ref_axis',(1.,0.,0.));
#4785=DIRECTION('center_axis',(0.,0.,-1.));
#4786=DIRECTION('ref_axis',(1.,0.,0.));
#4787=DIRECTION('',(0.,0.,-1.));
#4788=DIRECTION('center_axis',(0.,0.,1.));
#4789=DIRECTION('ref_axis',(1.,0.,0.));
#4790=DIRECTION('center_axis',(0.,0.,-1.));
#4791=DIRECTION('ref_axis',(1.,0.,0.));
#4792=DIRECTION('',(0.,0.,-1.));
#4793=DIRECTION('center_axis',(0.,0.,1.));
#4794=DIRECTION('ref_axis',(1.,0.,0.));
#4795=DIRECTION('center_axis',(0.,0.,-1.));
#4796=DIRECTION('ref_axis',(1.,0.,0.));
#4797=DIRECTION('',(0.,0.,-1.));
#4798=DIRECTION('center_axis',(0.,0.,1.));
#4799=DIRECTION('ref_axis',(1.,0.,0.));
#4800=DIRECTION('center_axis',(0.,0.,-1.));
#4801=DIRECTION('ref_axis',(1.,0.,0.));
#4802=DIRECTION('',(0.,0.,-1.));
#4803=DIRECTION('center_axis',(0.,0.,1.));
#4804=DIRECTION('ref_axis',(1.,0.,0.));
#4805=DIRECTION('center_axis',(0.,0.,-1.));
#4806=DIRECTION('ref_axis',(1.,0.,0.));
#4807=DIRECTION('',(0.,0.,-1.));
#4808=DIRECTION('center_axis',(0.,0.,1.));
#4809=DIRECTION('ref_axis',(1.,0.,0.));
#4810=DIRECTION('center_axis',(0.,0.,-1.));
#4811=DIRECTION('ref_axis',(1.,0.,0.));
#4812=DIRECTION('',(0.,0.,-1.));
#4813=DIRECTION('center_axis',(0.,0.,1.));
#4814=DIRECTION('ref_axis',(1.,0.,0.));
#4815=DIRECTION('center_axis',(0.,0.,-1.));
#4816=DIRECTION('ref_axis',(1.,0.,0.));
#4817=DIRECTION('',(0.,0.,-1.));
#4818=DIRECTION('center_axis',(1.,8.88178419700125E-15,0.));
#4819=DIRECTION('ref_axis',(-8.88178419700125E-15,1.,0.));
#4820=DIRECTION('',(-8.88178419700125E-15,1.,0.));
#4821=DIRECTION('',(0.,0.,1.));
#4822=DIRECTION('center_axis',(1.77635683940026E-14,-1.,0.));
#4823=DIRECTION('ref_axis',(1.,1.77635683940026E-14,0.));
#4824=DIRECTION('',(1.,1.77635683940026E-14,0.));
#4825=DIRECTION('center_axis',(0.,0.,1.));
#4826=DIRECTION('ref_axis',(1.,0.,0.));
#4827=DIRECTION('center_axis',(0.,0.,-1.));
#4828=DIRECTION('ref_axis',(0.707106781186549,-0.707106781186546,0.));
#4829=DIRECTION('',(-2.56395024851142E-15,0.500000000000001,0.866025403784438));
#4830=DIRECTION('center_axis',(0.,0.,1.));
#4831=DIRECTION('ref_axis',(0.707106781186549,-0.707106781186546,0.));
#4832=DIRECTION('',(0.500000000000002,1.28197512425571E-15,-0.866025403784438));
#4833=DIRECTION('center_axis',(0.,0.,-1.));
#4834=DIRECTION('ref_axis',(0.707106781186549,-0.707106781186546,0.));
#4835=DIRECTION('center_axis',(-0.866025403784439,-3.84592537276713E-15,
-0.5));
#4836=DIRECTION('ref_axis',(-0.5,0.,0.866025403784439));
#4837=DIRECTION('',(-4.44089209850063E-15,1.,0.));
#4838=DIRECTION('',(0.500000000000002,2.56395024851142E-15,-0.866025403784438));
#4839=DIRECTION('',(4.44089209850063E-15,-1.,0.));
#4840=DIRECTION('center_axis',(-2.56395024851142E-15,0.866025403784439,
-0.499999999999999));
#4841=DIRECTION('ref_axis',(0.,0.499999999999999,0.866025403784439));
#4842=DIRECTION('',(-2.56395024851142E-15,0.5,0.866025403784439));
#4843=DIRECTION('',(1.,2.96059473233375E-15,0.));
#4844=DIRECTION('',(-1.,-2.96059473233375E-15,0.));
#4845=DIRECTION('center_axis',(0.,0.,-1.));
#4846=DIRECTION('ref_axis',(0.707106781186543,0.707106781186552,0.));
#4847=DIRECTION('center_axis',(0.,0.,1.));
#4848=DIRECTION('ref_axis',(0.707106781186543,0.707106781186552,0.));
#4849=DIRECTION('',(0.,0.5,-0.866025403784439));
#4850=DIRECTION('center_axis',(0.,0.,-1.));
#4851=DIRECTION('ref_axis',(0.707106781186543,0.707106781186553,0.));
#4852=DIRECTION('center_axis',(0.,0.,-1.));
#4853=DIRECTION('ref_axis',(-0.707106781186546,-0.707106781186549,0.));
#4854=DIRECTION('',(0.5,-1.28197512425571E-15,0.866025403784439));
#4855=DIRECTION('center_axis',(0.,0.,1.));
#4856=DIRECTION('ref_axis',(-0.707106781186546,-0.707106781186549,0.));
#4857=DIRECTION('center_axis',(0.,0.,-1.));
#4858=DIRECTION('ref_axis',(-0.707106781186546,-0.707106781186549,0.));
#4859=DIRECTION('center_axis',(2.56395024851144E-15,-0.866025403784438,
-0.500000000000001));
#4860=DIRECTION('ref_axis',(-1.,0.,-5.12790049702287E-15));
#4861=DIRECTION('',(-1.,-2.96059473233377E-15,0.));
#4862=DIRECTION('',(-2.56395024851142E-15,0.500000000000001,-0.866025403784438));
#4863=DIRECTION('',(1.,2.96059473233377E-15,0.));
#4864=DIRECTION('center_axis',(0.866025403784438,-3.84592537276713E-15,
-0.500000000000002));
#4865=DIRECTION('ref_axis',(-0.500000000000002,0.,-0.866025403784438));
#4866=DIRECTION('',(0.500000000000002,-2.56395024851142E-15,0.866025403784438));
#4867=DIRECTION('',(-4.44089209850063E-15,-1.,0.));
#4868=DIRECTION('',(4.44089209850063E-15,1.,0.));
#4869=DIRECTION('center_axis',(0.,0.,-1.));
#4870=DIRECTION('ref_axis',(-0.707106781186545,0.70710678118655,0.));
#4871=DIRECTION('center_axis',(0.,0.,1.));
#4872=DIRECTION('ref_axis',(-0.707106781186545,0.70710678118655,0.));
#4873=DIRECTION('center_axis',(0.,0.,-1.));
#4874=DIRECTION('ref_axis',(-0.707106781186545,0.70710678118655,0.));
#4875=DIRECTION('center_axis',(2.96059473233377E-15,-1.,0.));
#4876=DIRECTION('ref_axis',(1.,2.96059473233377E-15,0.));
#4877=DIRECTION('',(0.,0.,-1.));
#4878=DIRECTION('',(1.,2.96059473233377E-15,0.));
#4879=DIRECTION('',(0.,0.,1.));
#4880=DIRECTION('center_axis',(0.,0.,1.));
#4881=DIRECTION('ref_axis',(0.707106781186542,0.707106781186552,0.));
#4882=DIRECTION('',(0.,0.,1.));
#4883=DIRECTION('center_axis',(0.,0.,1.));
#4884=DIRECTION('ref_axis',(0.707106781186542,0.707106781186552,0.));
#4885=DIRECTION('center_axis',(-1.,-4.44089209850063E-15,0.));
#4886=DIRECTION('ref_axis',(4.44089209850063E-15,-1.,0.));
#4887=DIRECTION('',(0.,0.,-1.));
#4888=DIRECTION('',(4.44089209850063E-15,-1.,0.));
#4889=DIRECTION('center_axis',(0.,0.,1.));
#4890=DIRECTION('ref_axis',(0.707106781186549,-0.707106781186546,0.));
#4891=DIRECTION('',(0.,0.,1.));
#4892=DIRECTION('center_axis',(0.,0.,1.));
#4893=DIRECTION('ref_axis',(0.707106781186549,-0.707106781186546,0.));
#4894=DIRECTION('center_axis',(0.,0.,1.));
#4895=DIRECTION('ref_axis',(1.,0.,0.));
#4896=DIRECTION('',(4.55635509579412E-12,1.,0.));
#4897=DIRECTION('',(1.,1.58603289232166E-16,0.));
#4898=DIRECTION('',(7.105427357601E-15,-1.,0.));
#4899=DIRECTION('',(-1.,1.29229960066369E-12,0.));
#4900=DIRECTION('center_axis',(-0.707106781186546,7.94986907339756E-11,
-0.707106781186549));
#4901=DIRECTION('ref_axis',(-0.707106781186549,0.,0.707106781186546));
#4902=DIRECTION('',(-1.12428126626893E-10,-1.,0.));
#4903=DIRECTION('',(-0.707106781186549,7.94969213680767E-11,0.707106781186546));
#4904=DIRECTION('',(1.12428126626893E-10,1.,0.));
#4905=DIRECTION('',(-0.705954717873459,0.0570602542525026,0.705954717879869));
#4906=DIRECTION('center_axis',(0.,0.,-1.));
#4907=DIRECTION('ref_axis',(-1.,0.,0.));
#4908=DIRECTION('',(0.707106781153669,-2.39481230878018E-6,0.70710678121537));
#4909=DIRECTION('center_axis',(0.,0.,1.));
#4910=DIRECTION('ref_axis',(-1.,0.,0.));
#4911=DIRECTION('center_axis',(0.,0.,-1.));
#4912=DIRECTION('ref_axis',(-1.,0.,0.));
#4913=DIRECTION('center_axis',(0.707106781186549,-1.35012490580867E-11,
-0.707106781186546));
#4914=DIRECTION('ref_axis',(-0.707106781186546,0.,-0.707106781186549));
#4915=DIRECTION('',(-1.90936495269232E-11,-1.,0.));
#4916=DIRECTION('',(1.90936495269232E-11,1.,0.));
#4917=DIRECTION('',(0.705954715875781,0.057060303776181,0.705954715874691));
#4918=DIRECTION('center_axis',(0.697927652903335,0.11356492113694,-0.707106781186549));
#4919=DIRECTION('ref_axis',(-0.711711141163685,0.,-0.702472242543067));
#4920=DIRECTION('',(-0.160605051681692,0.987018752291121,0.));
#4921=DIRECTION('',(0.697927652903338,0.11356492113694,0.707106781186546));
#4922=DIRECTION('',(0.160605051681692,-0.987018752291121,0.));
#4923=DIRECTION('center_axis',(0.,0.,-1.));
#4924=DIRECTION('ref_axis',(-1.,0.,0.));
#4925=DIRECTION('',(0.706988780663755,-0.0129175855151543,0.707106781186573));
#4926=DIRECTION('center_axis',(0.,0.,1.));
#4927=DIRECTION('ref_axis',(-1.,0.,0.));
#4928=DIRECTION('center_axis',(0.,0.,-1.));
#4929=DIRECTION('ref_axis',(-1.,0.,0.));
#4930=DIRECTION('center_axis',(0.706988780663783,-0.0129175855151848,-0.707106781186544));
#4931=DIRECTION('ref_axis',(-0.707165783909183,0.,-0.70704777354017));
#4932=DIRECTION('',(-0.0182682246286885,-0.999833122060335,0.));
#4933=DIRECTION('',(0.0182682246286885,0.999833122060335,0.));
#4934=DIRECTION('center_axis',(0.,0.,-1.));
#4935=DIRECTION('ref_axis',(-0.0250546044485436,0.999686084126376,0.));
#4936=DIRECTION('center_axis',(0.,0.,1.));
#4937=DIRECTION('ref_axis',(-1.,0.,0.));
#4938=DIRECTION('center_axis',(0.,0.,-1.));
#4939=DIRECTION('ref_axis',(-1.,0.,0.));
#4940=DIRECTION('center_axis',(-0.707097250254225,-0.0036713325798394,-0.707106781186549));
#4941=DIRECTION('ref_axis',(-0.707111546668768,0.,0.70710201567221));
#4942=DIRECTION('',(0.00519204832639109,-0.99998652122625,0.));
#4943=DIRECTION('',(-0.707097250254232,-0.00367133257983945,0.707106781186542));
#4944=DIRECTION('',(-0.00519204832639109,0.99998652122625,0.));
#4945=DIRECTION('center_axis',(0.,0.,-1.));
#4946=DIRECTION('ref_axis',(1.,0.,0.));
#4947=DIRECTION('',(-0.697927668796292,0.113564823467697,0.70710678118607));
#4948=DIRECTION('center_axis',(0.,0.,1.));
#4949=DIRECTION('ref_axis',(1.,0.,0.));
#4950=DIRECTION('center_axis',(0.,0.,-1.));
#4951=DIRECTION('ref_axis',(1.,0.,0.));
#4952=DIRECTION('center_axis',(-0.69792766879992,0.113564823442419,-0.707106781186548));
#4953=DIRECTION('ref_axis',(-0.711711133164319,0.,0.70247225064764));
#4954=DIRECTION('',(0.160604913520775,0.987018774772286,0.));
#4955=DIRECTION('',(-0.160604913520775,-0.987018774772286,0.));
#4956=DIRECTION('center_axis',(0.,0.,1.));
#4957=DIRECTION('ref_axis',(-0.0250546044485437,0.999686084126376,0.));
#4958=DIRECTION('',(0.,0.,1.));
#4959=DIRECTION('center_axis',(0.,0.,-1.));
#4960=DIRECTION('ref_axis',(1.,0.,0.));
#4961=DIRECTION('',(0.,0.,1.));
#4962=DIRECTION('center_axis',(-0.99998652122625,-0.00519204832639109,0.));
#4963=DIRECTION('ref_axis',(0.00519204832639109,-0.99998652122625,0.));
#4964=DIRECTION('',(0.,0.,1.));
#4965=DIRECTION('',(0.00519204832639109,-0.99998652122625,0.));
#4966=DIRECTION('center_axis',(0.,0.,1.));
#4967=DIRECTION('ref_axis',(1.,0.,0.));
#4968=DIRECTION('',(0.,0.,1.));
#4969=DIRECTION('center_axis',(0.,0.,-1.));
#4970=DIRECTION('ref_axis',(1.,0.,0.));
#4971=DIRECTION('center_axis',(-0.987018774772286,0.160604913520775,0.));
#4972=DIRECTION('ref_axis',(-0.160604913520775,-0.987018774772286,0.));
#4973=DIRECTION('',(0.,0.,1.));
#4974=DIRECTION('',(-0.160604913520775,-0.987018774772286,0.));
#4975=DIRECTION('center_axis',(-1.,1.12428126626893E-10,0.));
#4976=DIRECTION('ref_axis',(-1.12428126626893E-10,-1.,0.));
#4977=DIRECTION('',(0.,0.,1.));
#4978=DIRECTION('',(-1.12428126626893E-10,-1.,0.));
#4979=DIRECTION('center_axis',(0.,0.,1.));
#4980=DIRECTION('ref_axis',(1.,0.,0.));
#4981=DIRECTION('',(1.,1.58603289232166E-16,0.));
#4982=DIRECTION('',(-6.125368411725E-16,1.,0.));
#4983=DIRECTION('',(1.,0.,0.));
#4984=DIRECTION('',(7.105427357601E-15,-1.,0.));
#4985=DIRECTION('center_axis',(-2.96059473233375E-15,1.,0.));
#4986=DIRECTION('ref_axis',(-1.,-2.96059473233375E-15,0.));
#4987=DIRECTION('',(0.,0.,-1.));
#4988=DIRECTION('',(-1.,-2.96059473233375E-15,0.));
#4989=DIRECTION('center_axis',(0.,0.,1.));
#4990=DIRECTION('ref_axis',(-0.707106781186545,0.70710678118655,0.));
#4991=DIRECTION('center_axis',(0.,0.,1.));
#4992=DIRECTION('ref_axis',(-0.707106781186545,0.70710678118655,0.));
#4993=DIRECTION('',(0.,0.,-1.));
#4994=DIRECTION('center_axis',(0.,0.,1.));
#4995=DIRECTION('ref_axis',(-0.707106781186546,-0.707106781186549,0.));
#4996=DIRECTION('',(0.,0.,1.));
#4997=DIRECTION('center_axis',(0.,0.,1.));
#4998=DIRECTION('ref_axis',(-0.707106781186546,-0.707106781186549,0.));
#4999=DIRECTION('center_axis',(1.,-4.44089209850063E-15,0.));
#5000=DIRECTION('ref_axis',(4.44089209850063E-15,1.,0.));
#5001=DIRECTION('',(4.44089209850063E-15,1.,0.));
#5002=DIRECTION('center_axis',(1.58603289232166E-16,-1.,0.));
#5003=DIRECTION('ref_axis',(1.,1.58603289232166E-16,0.));
#5004=DIRECTION('',(0.,0.,1.));
#5005=DIRECTION('',(0.,0.,1.));
#5006=DIRECTION('center_axis',(0.,0.,1.));
#5007=DIRECTION('ref_axis',(-1.69338802110089E-6,-0.999999999998566,0.));
#5008=DIRECTION('',(0.,0.,1.));
#5009=DIRECTION('center_axis',(0.,0.,-1.));
#5010=DIRECTION('ref_axis',(1.,0.,0.));
#5011=DIRECTION('center_axis',(0.,-1.,0.));
#5012=DIRECTION('ref_axis',(1.,0.,0.));
#5013=DIRECTION('',(0.,0.,1.));
#5014=DIRECTION('',(1.,0.,0.));
#5015=DIRECTION('',(0.,0.,1.));
#5016=DIRECTION('center_axis',(1.,6.125368411725E-16,0.));
#5017=DIRECTION('ref_axis',(-6.125368411725E-16,1.,0.));
#5018=DIRECTION('',(0.,0.,1.));
#5019=DIRECTION('',(-6.125368411725E-16,1.,0.));
#5020=DIRECTION('center_axis',(0.999833122060335,-0.0182682246286885,0.));
#5021=DIRECTION('ref_axis',(0.0182682246286885,0.999833122060335,0.));
#5022=DIRECTION('',(0.0182682246286885,0.999833122060335,0.));
#5023=DIRECTION('',(0.,0.,1.));
#5024=DIRECTION('center_axis',(0.,0.,1.));
#5025=DIRECTION('ref_axis',(-0.997443735204133,-0.0714562460672813,0.));
#5026=DIRECTION('center_axis',(0.,0.,-1.));
#5027=DIRECTION('ref_axis',(1.,0.,0.));
#5028=DIRECTION('',(0.,0.,1.));
#5029=DIRECTION('center_axis',(0.987018752291121,0.160605051681692,0.));
#5030=DIRECTION('ref_axis',(-0.160605051681692,0.987018752291121,0.));
#5031=DIRECTION('',(-0.160605051681692,0.987018752291121,0.));
#5032=DIRECTION('',(0.,0.,1.));
#5033=DIRECTION('center_axis',(1.,-1.90936495269232E-11,0.));
#5034=DIRECTION('ref_axis',(1.90936495269232E-11,1.,0.));
#5035=DIRECTION('',(1.90936495269232E-11,1.,0.));
#5036=DIRECTION('center_axis',(-1.,-7.105427357601E-15,0.));
#5037=DIRECTION('ref_axis',(7.105427357601E-15,-1.,0.));
#5038=DIRECTION('',(7.105427357601E-15,-1.,0.));
#5039=DIRECTION('',(0.,0.,1.));
#5040=DIRECTION('center_axis',(1.29229960066369E-12,1.,0.));
#5041=DIRECTION('ref_axis',(-1.,1.29229960066369E-12,0.));
#5042=DIRECTION('',(-1.,1.29229960066369E-12,0.));
#5043=DIRECTION('center_axis',(0.,0.,1.));
#5044=DIRECTION('ref_axis',(1.,0.,0.));
#5045=DIRECTION('center_axis',(0.,0.,-1.));
#5046=DIRECTION('ref_axis',(0.707106781186549,-0.707106781186546,0.));
#5047=DIRECTION('',(-2.56395024851142E-15,0.5,0.866025403784439));
#5048=DIRECTION('center_axis',(0.,0.,1.));
#5049=DIRECTION('ref_axis',(0.707106781186549,-0.707106781186546,0.));
#5050=DIRECTION('',(0.5,2.56395024851142E-15,-0.866025403784439));
#5051=DIRECTION('center_axis',(0.,0.,-1.));
#5052=DIRECTION('ref_axis',(0.707106781186549,-0.707106781186546,0.));
#5053=DIRECTION('center_axis',(-0.866025403784439,-3.84592537276713E-15,
-0.5));
#5054=DIRECTION('ref_axis',(-0.5,0.,0.866025403784439));
#5055=DIRECTION('',(-4.44089209850063E-15,1.,0.));
#5056=DIRECTION('',(0.500000000000001,2.56395024851142E-15,-0.866025403784438));
#5057=DIRECTION('',(4.44089209850063E-15,-1.,0.));
#5058=DIRECTION('center_axis',(-2.56395024851142E-15,0.866025403784439,
-0.499999999999999));
#5059=DIRECTION('ref_axis',(0.,0.499999999999999,0.866025403784439));
#5060=DIRECTION('',(-1.28197512425571E-15,0.5,0.866025403784439));
#5061=DIRECTION('',(1.,2.96059473233375E-15,0.));
#5062=DIRECTION('',(-1.,-2.96059473233375E-15,0.));
#5063=DIRECTION('center_axis',(0.,0.,-1.));
#5064=DIRECTION('ref_axis',(0.707106781186543,0.707106781186553,0.));
#5065=DIRECTION('center_axis',(0.,0.,1.));
#5066=DIRECTION('ref_axis',(0.707106781186542,0.707106781186553,0.));
#5067=DIRECTION('',(-2.56395024851142E-15,0.5,-0.866025403784439));
#5068=DIRECTION('center_axis',(0.,0.,-1.));
#5069=DIRECTION('ref_axis',(0.707106781186543,0.707106781186553,0.));
#5070=DIRECTION('center_axis',(0.,0.,-1.));
#5071=DIRECTION('ref_axis',(-0.707106781186546,-0.707106781186549,0.));
#5072=DIRECTION('',(0.499999999999999,-1.28197512425571E-15,0.866025403784439));
#5073=DIRECTION('center_axis',(0.,0.,1.));
#5074=DIRECTION('ref_axis',(-0.707106781186546,-0.707106781186549,0.));
#5075=DIRECTION('center_axis',(0.,0.,-1.));
#5076=DIRECTION('ref_axis',(-0.707106781186546,-0.707106781186549,0.));
#5077=DIRECTION('center_axis',(2.56395024851144E-15,-0.866025403784438,
-0.500000000000001));
#5078=DIRECTION('ref_axis',(-1.,0.,-5.12790049702287E-15));
#5079=DIRECTION('',(-1.,-2.96059473233377E-15,0.));
#5080=DIRECTION('',(-1.28197512425571E-15,0.500000000000001,-0.866025403784438));
#5081=DIRECTION('',(1.,2.96059473233377E-15,0.));
#5082=DIRECTION('center_axis',(0.866025403784439,-3.84592537276713E-15,
-0.5));
#5083=DIRECTION('ref_axis',(-0.5,0.,-0.866025403784439));
#5084=DIRECTION('',(0.5,-2.56395024851142E-15,0.866025403784439));
#5085=DIRECTION('',(-4.44089209850063E-15,-1.,0.));
#5086=DIRECTION('',(4.44089209850063E-15,1.,0.));
#5087=DIRECTION('center_axis',(0.,0.,-1.));
#5088=DIRECTION('ref_axis',(-0.707106781186545,0.70710678118655,0.));
#5089=DIRECTION('center_axis',(0.,0.,1.));
#5090=DIRECTION('ref_axis',(-0.707106781186545,0.70710678118655,0.));
#5091=DIRECTION('center_axis',(0.,0.,-1.));
#5092=DIRECTION('ref_axis',(-0.707106781186545,0.70710678118655,0.));
#5093=DIRECTION('center_axis',(2.96059473233377E-15,-1.,0.));
#5094=DIRECTION('ref_axis',(1.,2.96059473233377E-15,0.));
#5095=DIRECTION('',(0.,0.,-1.));
#5096=DIRECTION('',(1.,2.96059473233377E-15,0.));
#5097=DIRECTION('',(0.,0.,1.));
#5098=DIRECTION('center_axis',(0.,0.,1.));
#5099=DIRECTION('ref_axis',(0.707106781186542,0.707106781186552,0.));
#5100=DIRECTION('',(0.,0.,1.));
#5101=DIRECTION('center_axis',(0.,0.,1.));
#5102=DIRECTION('ref_axis',(0.707106781186542,0.707106781186552,0.));
#5103=DIRECTION('center_axis',(-1.,-4.44089209850063E-15,0.));
#5104=DIRECTION('ref_axis',(4.44089209850063E-15,-1.,0.));
#5105=DIRECTION('',(0.,0.,-1.));
#5106=DIRECTION('',(4.44089209850063E-15,-1.,0.));
#5107=DIRECTION('center_axis',(0.,0.,1.));
#5108=DIRECTION('ref_axis',(0.707106781186549,-0.707106781186546,0.));
#5109=DIRECTION('',(0.,0.,1.));
#5110=DIRECTION('center_axis',(0.,0.,1.));
#5111=DIRECTION('ref_axis',(0.707106781186549,-0.707106781186546,0.));
#5112=DIRECTION('center_axis',(0.,0.,1.));
#5113=DIRECTION('ref_axis',(1.,0.,0.));
#5114=DIRECTION('',(4.55635509579412E-12,1.,0.));
#5115=DIRECTION('',(1.,1.58603289232166E-16,0.));
#5116=DIRECTION('',(7.105427357601E-15,-1.,0.));
#5117=DIRECTION('',(-1.,1.29229960066369E-12,0.));
#5118=DIRECTION('center_axis',(-0.707106781186544,7.94986907339754E-11,
-0.707106781186551));
#5119=DIRECTION('ref_axis',(-0.707106781186551,0.,0.707106781186544));
#5120=DIRECTION('',(-1.12428126626893E-10,-1.,0.));
#5121=DIRECTION('',(-0.707106781186551,7.94969213680765E-11,0.707106781186544));
#5122=DIRECTION('',(1.12428126626893E-10,1.,0.));
#5123=DIRECTION('',(-0.705954717873459,0.0570602542525026,0.705954717879869));
#5124=DIRECTION('center_axis',(0.,0.,-1.));
#5125=DIRECTION('ref_axis',(-1.,0.,0.));
#5126=DIRECTION('',(0.707106781153669,-2.39481230878018E-6,0.70710678121537));
#5127=DIRECTION('center_axis',(0.,0.,1.));
#5128=DIRECTION('ref_axis',(-1.,0.,0.));
#5129=DIRECTION('center_axis',(0.,0.,-1.));
#5130=DIRECTION('ref_axis',(-1.,0.,0.));
#5131=DIRECTION('center_axis',(0.707106781186549,-1.35012490580867E-11,
-0.707106781186546));
#5132=DIRECTION('ref_axis',(-0.707106781186546,0.,-0.707106781186549));
#5133=DIRECTION('',(-1.90936495269232E-11,-1.,0.));
#5134=DIRECTION('',(1.90936495269232E-11,1.,0.));
#5135=DIRECTION('',(0.705954715875781,0.0570603037761622,0.705954715874692));
#5136=DIRECTION('center_axis',(0.697927652903338,0.113564921136941,-0.707106781186546));
#5137=DIRECTION('ref_axis',(-0.711711141163682,0.,-0.70247224254307));
#5138=DIRECTION('',(-0.160605051681692,0.987018752291121,0.));
#5139=DIRECTION('',(0.697927652903335,0.11356492113694,0.707106781186549));
#5140=DIRECTION('',(0.160605051681692,-0.987018752291121,0.));
#5141=DIRECTION('center_axis',(0.,0.,-1.));
#5142=DIRECTION('ref_axis',(-1.,0.,0.));
#5143=DIRECTION('',(0.706988780663755,-0.0129175855151543,0.707106781186573));
#5144=DIRECTION('center_axis',(0.,0.,1.));
#5145=DIRECTION('ref_axis',(-1.,0.,0.));
#5146=DIRECTION('center_axis',(0.,0.,-1.));
#5147=DIRECTION('ref_axis',(-1.,0.,0.));
#5148=DIRECTION('center_axis',(0.706988780663777,-0.0129175855151847,-0.70710678118655));
#5149=DIRECTION('ref_axis',(-0.707165783909189,0.,-0.707047773540163));
#5150=DIRECTION('',(-0.0182682246286885,-0.999833122060335,0.));
#5151=DIRECTION('',(0.0182682246286885,0.999833122060335,0.));
#5152=DIRECTION('center_axis',(0.,0.,-1.));
#5153=DIRECTION('ref_axis',(-0.0250546044485365,0.999686084126376,0.));
#5154=DIRECTION('center_axis',(0.,0.,1.));
#5155=DIRECTION('ref_axis',(-1.,0.,0.));
#5156=DIRECTION('center_axis',(0.,0.,-1.));
#5157=DIRECTION('ref_axis',(-1.,0.,0.));
#5158=DIRECTION('center_axis',(-0.707097250254225,-0.0036713325798394,-0.707106781186549));
#5159=DIRECTION('ref_axis',(-0.707111546668768,0.,0.70710201567221));
#5160=DIRECTION('',(0.00519204832639109,-0.99998652122625,0.));
#5161=DIRECTION('',(-0.70709725025423,-0.00367133257983946,0.707106781186544));
#5162=DIRECTION('',(-0.00519204832639109,0.99998652122625,0.));
#5163=DIRECTION('center_axis',(0.,0.,-1.));
#5164=DIRECTION('ref_axis',(1.,0.,0.));
#5165=DIRECTION('',(-0.69792766879629,0.113564823467696,0.707106781186071));
#5166=DIRECTION('center_axis',(0.,0.,1.));
#5167=DIRECTION('ref_axis',(1.,0.,0.));
#5168=DIRECTION('center_axis',(0.,0.,-1.));
#5169=DIRECTION('ref_axis',(1.,0.,0.));
#5170=DIRECTION('center_axis',(-0.697927668799919,0.113564823442418,-0.70710678118655));
#5171=DIRECTION('ref_axis',(-0.711711133164321,0.,0.702472250647638));
#5172=DIRECTION('',(0.160604913520775,0.987018774772286,0.));
#5173=DIRECTION('',(-0.160604913520775,-0.987018774772286,0.));
#5174=DIRECTION('center_axis',(0.,0.,1.));
#5175=DIRECTION('ref_axis',(-0.0250546044485437,0.999686084126376,0.));
#5176=DIRECTION('',(0.,0.,1.));
#5177=DIRECTION('center_axis',(0.,0.,-1.));
#5178=DIRECTION('ref_axis',(1.,0.,0.));
#5179=DIRECTION('',(0.,0.,1.));
#5180=DIRECTION('center_axis',(-0.99998652122625,-0.00519204832639109,0.));
#5181=DIRECTION('ref_axis',(0.00519204832639109,-0.99998652122625,0.));
#5182=DIRECTION('',(0.,0.,1.));
#5183=DIRECTION('',(0.00519204832639109,-0.99998652122625,0.));
#5184=DIRECTION('center_axis',(0.,0.,1.));
#5185=DIRECTION('ref_axis',(1.,0.,0.));
#5186=DIRECTION('',(0.,0.,1.));
#5187=DIRECTION('center_axis',(0.,0.,-1.));
#5188=DIRECTION('ref_axis',(1.,0.,0.));
#5189=DIRECTION('center_axis',(-0.987018774772286,0.160604913520775,0.));
#5190=DIRECTION('ref_axis',(-0.160604913520775,-0.987018774772286,0.));
#5191=DIRECTION('',(0.,0.,1.));
#5192=DIRECTION('',(-0.160604913520775,-0.987018774772286,0.));
#5193=DIRECTION('center_axis',(-1.,1.12428126626893E-10,0.));
#5194=DIRECTION('ref_axis',(-1.12428126626893E-10,-1.,0.));
#5195=DIRECTION('',(0.,0.,1.));
#5196=DIRECTION('',(-1.12428126626893E-10,-1.,0.));
#5197=DIRECTION('center_axis',(0.,0.,1.));
#5198=DIRECTION('ref_axis',(1.,0.,0.));
#5199=DIRECTION('',(1.,1.58603289232166E-16,0.));
#5200=DIRECTION('',(-6.125368411725E-16,1.,0.));
#5201=DIRECTION('',(1.,0.,0.));
#5202=DIRECTION('',(7.105427357601E-15,-1.,0.));
#5203=DIRECTION('center_axis',(-2.96059473233375E-15,1.,0.));
#5204=DIRECTION('ref_axis',(-1.,-2.96059473233375E-15,0.));
#5205=DIRECTION('',(0.,0.,-1.));
#5206=DIRECTION('',(-1.,-2.96059473233375E-15,0.));
#5207=DIRECTION('center_axis',(0.,0.,1.));
#5208=DIRECTION('ref_axis',(-0.707106781186545,0.70710678118655,0.));
#5209=DIRECTION('center_axis',(0.,0.,1.));
#5210=DIRECTION('ref_axis',(-0.707106781186545,0.70710678118655,0.));
#5211=DIRECTION('',(0.,0.,-1.));
#5212=DIRECTION('center_axis',(0.,0.,1.));
#5213=DIRECTION('ref_axis',(-0.707106781186546,-0.707106781186549,0.));
#5214=DIRECTION('',(0.,0.,1.));
#5215=DIRECTION('center_axis',(0.,0.,1.));
#5216=DIRECTION('ref_axis',(-0.707106781186546,-0.707106781186549,0.));
#5217=DIRECTION('center_axis',(1.,-4.44089209850063E-15,0.));
#5218=DIRECTION('ref_axis',(4.44089209850063E-15,1.,0.));
#5219=DIRECTION('',(4.44089209850063E-15,1.,0.));
#5220=DIRECTION('center_axis',(1.58603289232166E-16,-1.,0.));
#5221=DIRECTION('ref_axis',(1.,1.58603289232166E-16,0.));
#5222=DIRECTION('',(0.,0.,1.));
#5223=DIRECTION('',(0.,0.,1.));
#5224=DIRECTION('center_axis',(0.,0.,1.));
#5225=DIRECTION('ref_axis',(-1.69338802110089E-6,-0.999999999998566,0.));
#5226=DIRECTION('',(0.,0.,1.));
#5227=DIRECTION('center_axis',(0.,0.,-1.));
#5228=DIRECTION('ref_axis',(1.,0.,0.));
#5229=DIRECTION('center_axis',(0.,-1.,0.));
#5230=DIRECTION('ref_axis',(1.,0.,0.));
#5231=DIRECTION('',(0.,0.,1.));
#5232=DIRECTION('',(1.,0.,0.));
#5233=DIRECTION('',(0.,0.,1.));
#5234=DIRECTION('center_axis',(1.,6.125368411725E-16,0.));
#5235=DIRECTION('ref_axis',(-6.125368411725E-16,1.,0.));
#5236=DIRECTION('',(0.,0.,1.));
#5237=DIRECTION('',(-6.125368411725E-16,1.,0.));
#5238=DIRECTION('center_axis',(0.999833122060335,-0.0182682246286885,0.));
#5239=DIRECTION('ref_axis',(0.0182682246286885,0.999833122060335,0.));
#5240=DIRECTION('',(0.0182682246286885,0.999833122060335,0.));
#5241=DIRECTION('',(0.,0.,1.));
#5242=DIRECTION('center_axis',(0.,0.,1.));
#5243=DIRECTION('ref_axis',(-0.997443735204133,-0.0714562460672813,0.));
#5244=DIRECTION('center_axis',(0.,0.,-1.));
#5245=DIRECTION('ref_axis',(1.,0.,0.));
#5246=DIRECTION('',(0.,0.,1.));
#5247=DIRECTION('center_axis',(0.987018752291121,0.160605051681692,0.));
#5248=DIRECTION('ref_axis',(-0.160605051681692,0.987018752291121,0.));
#5249=DIRECTION('',(-0.160605051681692,0.987018752291121,0.));
#5250=DIRECTION('',(0.,0.,1.));
#5251=DIRECTION('center_axis',(1.,-1.90936495269232E-11,0.));
#5252=DIRECTION('ref_axis',(1.90936495269232E-11,1.,0.));
#5253=DIRECTION('',(1.90936495269232E-11,1.,0.));
#5254=DIRECTION('center_axis',(-1.,-7.105427357601E-15,0.));
#5255=DIRECTION('ref_axis',(7.105427357601E-15,-1.,0.));
#5256=DIRECTION('',(7.105427357601E-15,-1.,0.));
#5257=DIRECTION('',(0.,0.,1.));
#5258=DIRECTION('center_axis',(1.29229960066369E-12,1.,0.));
#5259=DIRECTION('ref_axis',(-1.,1.29229960066369E-12,0.));
#5260=DIRECTION('',(-1.,1.29229960066369E-12,0.));
#5261=DIRECTION('center_axis',(0.,0.,1.));
#5262=DIRECTION('ref_axis',(1.,0.,0.));
#5263=CARTESIAN_POINT('',(0.,0.,0.));
#5264=CARTESIAN_POINT('Origin',(11.0000000000029,44.5000000000044,12.));
#5265=CARTESIAN_POINT('',(-10.9999999999971,44.5000000000044,12.));
#5266=CARTESIAN_POINT('',(11.0000000000029,44.5000000000044,12.));
#5267=CARTESIAN_POINT('',(-10.9999999999971,44.5000000000044,12.));
#5268=CARTESIAN_POINT('',(-10.9999999999971,44.5000000000044,11.));
#5269=CARTESIAN_POINT('',(-10.9999999999971,44.5000000000044,12.));
#5270=CARTESIAN_POINT('',(11.0000000000029,44.5000000000044,11.));
#5271=CARTESIAN_POINT('',(-10.9999999999971,44.5000000000044,11.));
#5272=CARTESIAN_POINT('',(11.0000000000029,44.5000000000044,12.));
#5273=CARTESIAN_POINT('Origin',(11.0000000000029,41.0000000000044,12.));
#5274=CARTESIAN_POINT('',(11.0000000000029,37.5000000000044,12.));
#5275=CARTESIAN_POINT('Origin',(11.0000000000029,41.0000000000044,12.));
#5276=CARTESIAN_POINT('',(11.0000000000029,37.5000000000044,11.));
#5277=CARTESIAN_POINT('Origin',(11.0000000000029,41.0000000000044,11.));
#5278=CARTESIAN_POINT('',(11.0000000000029,37.5000000000044,12.));
#5279=CARTESIAN_POINT('Origin',(-10.9999999999971,37.5000000000044,12.));
#5280=CARTESIAN_POINT('',(-10.9999999999971,37.5000000000044,12.));
#5281=CARTESIAN_POINT('',(11.0000000000029,37.5000000000044,12.));
#5282=CARTESIAN_POINT('',(-10.9999999999971,37.5000000000044,11.));
#5283=CARTESIAN_POINT('',(11.0000000000029,37.5000000000044,11.));
#5284=CARTESIAN_POINT('',(-10.9999999999971,37.5000000000044,12.));
#5285=CARTESIAN_POINT('Origin',(-10.9999999999971,41.0000000000044,12.));
#5286=CARTESIAN_POINT('Origin',(-10.9999999999971,41.0000000000044,12.));
#5287=CARTESIAN_POINT('Origin',(-10.9999999999971,41.0000000000044,11.));
#5288=CARTESIAN_POINT('Origin',(2.8688162956314E-12,41.0000000000044,11.));
#5289=CARTESIAN_POINT('',(-10.9999999999971,45.5000000000044,11.));
#5290=CARTESIAN_POINT('',(-10.9999999999971,36.5000000000044,11.));
#5291=CARTESIAN_POINT('Origin',(-10.9999999999971,41.0000000000044,11.));
#5292=CARTESIAN_POINT('',(11.0000000000029,45.5000000000044,11.));
#5293=CARTESIAN_POINT('',(-5.49999999999713,45.5000000000044,11.));
#5294=CARTESIAN_POINT('',(11.0000000000029,36.5000000000044,11.));
#5295=CARTESIAN_POINT('Origin',(11.0000000000029,41.0000000000044,11.));
#5296=CARTESIAN_POINT('',(5.50000000000287,36.5000000000044,11.));
#5297=CARTESIAN_POINT('Origin',(11.0000000000029,41.0000000000044,12.));
#5298=CARTESIAN_POINT('',(11.0000000000029,45.5000000000044,-2.22044604925031E-15));
#5299=CARTESIAN_POINT('',(11.0000000000029,45.5000000000044,12.));
#5300=CARTESIAN_POINT('',(11.0000000000029,36.5000000000044,-2.22044604925031E-15));
#5301=CARTESIAN_POINT('Origin',(11.0000000000029,41.0000000000044,-2.22044604925031E-15));
#5302=CARTESIAN_POINT('',(11.0000000000029,36.5000000000044,12.));
#5303=CARTESIAN_POINT('Origin',(-10.9999999999971,45.5000000000044,12.));
#5304=CARTESIAN_POINT('',(-10.9999999999971,45.5000000000044,2.22044604925031E-15));
#5305=CARTESIAN_POINT('',(-10.9999999999971,45.5000000000044,12.));
#5306=CARTESIAN_POINT('',(-5.49999999999713,45.5000000000044,0.));
#5307=CARTESIAN_POINT('Origin',(11.0000000000029,36.5000000000044,12.));
#5308=CARTESIAN_POINT('',(-10.9999999999971,36.5000000000044,2.22044604925031E-15));
#5309=CARTESIAN_POINT('',(5.50000000000287,36.5000000000044,0.));
#5310=CARTESIAN_POINT('',(-10.9999999999971,36.5000000000044,12.));
#5311=CARTESIAN_POINT('Origin',(-10.9999999999971,41.0000000000044,12.));
#5312=CARTESIAN_POINT('Origin',(-10.9999999999971,41.0000000000044,2.22044604925031E-15));
#5313=CARTESIAN_POINT('Origin',(24.0000000000087,48.7500000000044,0.));
#5314=CARTESIAN_POINT('',(24.0000000000087,48.7500000000044,0.));
#5315=CARTESIAN_POINT('',(-24.0000000000029,48.7500000000044,0.));
#5316=CARTESIAN_POINT('',(-24.0000000000029,48.7500000000044,0.));
#5317=CARTESIAN_POINT('',(-24.0000000000029,48.7500000000045,12.));
#5318=CARTESIAN_POINT('',(-24.0000000000029,48.7500000000044,0.));
#5319=CARTESIAN_POINT('',(24.0000000000087,48.7500000000045,12.));
#5320=CARTESIAN_POINT('',(-24.0000000000029,48.7500000000044,12.));
#5321=CARTESIAN_POINT('',(24.0000000000087,48.7500000000044,0.));
#5322=CARTESIAN_POINT('Origin',(-2.88646336894144E-12,-22.7499999999957,
1.50000000000121));
#5323=CARTESIAN_POINT('',(-4.00000000000289,-22.7499999999955,0.));
#5324=CARTESIAN_POINT('Origin',(-2.88646336894144E-12,-22.7499999999955,
0.));
#5325=CARTESIAN_POINT('',(-5.73205080757141,-22.7499999999958,3.0000000000006));
#5326=CARTESIAN_POINT('',(-4.86602540378715,-22.7499999999957,1.50000000000121));
#5327=CARTESIAN_POINT('Origin',(-2.88646336894144E-12,-22.7499999999958,
3.0000000000006));
#5328=CARTESIAN_POINT('Origin',(23.999999999997,-15.749999999996,3.00000000000122));
#5329=CARTESIAN_POINT('',(23.999999999997,-15.749999999996,2.99999999999941));
#5330=CARTESIAN_POINT('',(23.999999999997,-29.7499999999954,2.99999999999998));
#5331=CARTESIAN_POINT('',(23.9999999999971,-26.2499999999959,3.00000000000029));
#5332=CARTESIAN_POINT('',(-24.000000000003,-15.7499999999961,2.99999999999941));
#5333=CARTESIAN_POINT('',(23.999999999997,-15.749999999996,2.99999999999941));
#5334=CARTESIAN_POINT('',(-24.000000000003,-29.7499999999955,2.99999999999998));
#5335=CARTESIAN_POINT('',(-24.0000000000029,10.5000000000041,3.00000000000353));
#5336=CARTESIAN_POINT('',(23.999999999997,-29.7499999999954,2.99999999999998));
#5337=CARTESIAN_POINT('Origin',(2.90191762534968E-12,22.7500000000044,1.5));
#5338=CARTESIAN_POINT('',(-3.9999999999971,22.7500000000044,0.));
#5339=CARTESIAN_POINT('Origin',(2.90191762534968E-12,22.7500000000044,0.));
#5340=CARTESIAN_POINT('',(-5.73205080756598,22.7500000000044,3.));
#5341=CARTESIAN_POINT('',(-4.86602540378154,22.7500000000044,1.5));
#5342=CARTESIAN_POINT('Origin',(2.90191762534968E-12,22.7500000000044,3.));
#5343=CARTESIAN_POINT('Origin',(23.999999999997,29.7500000000047,3.));
#5344=CARTESIAN_POINT('',(23.999999999997,29.7500000000047,3.));
#5345=CARTESIAN_POINT('',(23.999999999997,15.7500000000046,3.));
#5346=CARTESIAN_POINT('',(23.9999999999973,-3.49999999999542,3.));
#5347=CARTESIAN_POINT('',(-24.000000000003,29.7500000000046,3.));
#5348=CARTESIAN_POINT('',(23.999999999997,29.7500000000047,3.));
#5349=CARTESIAN_POINT('',(-24.000000000003,15.7500000000046,3.));
#5350=CARTESIAN_POINT('',(-24.0000000000029,33.2500000000045,3.));
#5351=CARTESIAN_POINT('',(23.999999999997,15.7500000000046,3.));
#5352=CARTESIAN_POINT('Origin',(2.90191762534968E-12,22.7500000000044,9.85777798988683));
#5353=CARTESIAN_POINT('',(-6.9999999999971,22.7500000000044,12.));
#5354=CARTESIAN_POINT('Origin',(2.90191762534968E-12,22.7500000000044,12.));
#5355=CARTESIAN_POINT('',(-3.9999999999971,22.7500000000044,7.71555597977366));
#5356=CARTESIAN_POINT('',(-5.4999999999971,22.7500000000044,9.85777798988683));
#5357=CARTESIAN_POINT('Origin',(2.90191762534968E-12,22.7500000000044,7.71555597977366));
#5358=CARTESIAN_POINT('Origin',(2.87769807982841E-12,4.45421477479613E-12,
12.));
#5359=CARTESIAN_POINT('',(-24.0000000000029,-36.7499999999955,12.));
#5360=CARTESIAN_POINT('',(-24.0000000000029,36.7500000000045,12.));
#5361=CARTESIAN_POINT('',(23.9999999999971,-36.7499999999955,12.));
#5362=CARTESIAN_POINT('',(-24.0000000000029,-36.7499999999955,12.));
#5363=CARTESIAN_POINT('',(23.9999999999971,-32.7499999999955,12.));
#5364=CARTESIAN_POINT('',(-23.9259818304895,12.75,12.));
#5365=CARTESIAN_POINT('',(-21.9629909152447,16.15,12.));
#5366=CARTESIAN_POINT('',(-22.7141946186175,14.8488770189245,12.));
#5367=CARTESIAN_POINT('',(-18.0370090847553,16.15,12.));
#5368=CARTESIAN_POINT('',(-9.01850454237619,16.15,12.));
#5369=CARTESIAN_POINT('',(-16.0740181695105,12.75,12.));
#5370=CARTESIAN_POINT('',(-11.3043099237594,4.48862298107885,12.));
#5371=CARTESIAN_POINT('',(-18.0370090847553,9.34999999999999,12.));
#5372=CARTESIAN_POINT('',(-17.8067173305057,9.74887701892449,12.));
#5373=CARTESIAN_POINT('',(-21.9629909152447,9.35,12.));
#5374=CARTESIAN_POINT('',(-10.9814954576209,9.34999999999998,12.));
#5375=CARTESIAN_POINT('',(-18.174778127116,2.78862298107885,12.));
#5376=CARTESIAN_POINT('',(16.0740181695192,32.7500000000043,12.));
#5377=CARTESIAN_POINT('',(18.0370090847639,36.1500000000043,12.));
#5378=CARTESIAN_POINT('',(7.95567836246711,18.6886229810808,12.));
#5379=CARTESIAN_POINT('',(21.9629909152534,36.1500000000044,12.));
#5380=CARTESIAN_POINT('',(10.9814954576279,36.1500000000043,12.));
#5381=CARTESIAN_POINT('',(23.9259818304981,32.7500000000044,12.));
#5382=CARTESIAN_POINT('',(28.0258170951713,25.6488770189281,12.));
#5383=CARTESIAN_POINT('',(21.9629909152534,29.3500000000044,12.));
#5384=CARTESIAN_POINT('',(12.863155650579,13.5886229810809,12.));
#5385=CARTESIAN_POINT('',(18.037009084764,29.3500000000043,12.));
#5386=CARTESIAN_POINT('',(9.01850454238326,29.3500000000042,12.));
#5387=CARTESIAN_POINT('',(21.1553488918147,23.948877018928,12.));
#5388=CARTESIAN_POINT('',(16.0740181695076,-32.7499999999955,12.));
#5389=CARTESIAN_POINT('',(18.0370090847523,-29.3499999999955,12.));
#5390=CARTESIAN_POINT('',(22.1368443494269,-22.2488770189163,12.));
#5391=CARTESIAN_POINT('',(21.9629909152417,-29.3499999999955,12.));
#5392=CARTESIAN_POINT('',(10.9814954576224,-29.3499999999956,12.));
#5393=CARTESIAN_POINT('',(23.9259818304865,-32.7499999999955,12.));
#5394=CARTESIAN_POINT('',(13.8446511081908,-15.2886229810746,12.));
#5395=CARTESIAN_POINT('',(21.9629909152418,-36.1499999999955,12.));
#5396=CARTESIAN_POINT('',(27.0443216375388,-27.3488770189163,12.));
#5397=CARTESIAN_POINT('',(18.0370090847523,-36.1499999999955,12.));
#5398=CARTESIAN_POINT('',(9.01850454237775,-36.1499999999956,12.));
#5399=CARTESIAN_POINT('',(6.97418290483428,-16.9886229810747,12.));
#5400=CARTESIAN_POINT('',(16.0740181695105,-12.75,12.));
#5401=CARTESIAN_POINT('',(18.0370090847553,-9.34999999999999,12.));
#5402=CARTESIAN_POINT('',(17.8067173305083,-9.74887701891991,12.));
#5403=CARTESIAN_POINT('',(21.9629909152447,-9.34999999999999,12.));
#5404=CARTESIAN_POINT('',(10.9814954576238,-9.34999999999998,12.));
#5405=CARTESIAN_POINT('',(23.9259818304895,-12.75,12.));
#5406=CARTESIAN_POINT('',(18.1747781271148,-2.78862298107676,12.));
#5407=CARTESIAN_POINT('',(21.9629909152447,-16.15,12.));
#5408=CARTESIAN_POINT('',(22.7141946186201,-14.8488770189199,12.));
#5409=CARTESIAN_POINT('',(18.0370090847553,-16.15,12.));
#5410=CARTESIAN_POINT('',(9.01850454237906,-16.15,12.));
#5411=CARTESIAN_POINT('',(11.3043099237582,-4.48862298107675,12.));
#5412=CARTESIAN_POINT('',(16.0740181695105,12.75,12.));
#5413=CARTESIAN_POINT('',(18.0370090847552,16.15,12.));
#5414=CARTESIAN_POINT('',(12.2858053813826,6.18862298108007,12.));
#5415=CARTESIAN_POINT('',(21.9629909152447,16.15,12.));
#5416=CARTESIAN_POINT('',(10.9814954576237,16.1499999999999,12.));
#5417=CARTESIAN_POINT('',(23.9259818304894,12.75,12.));
#5418=CARTESIAN_POINT('',(23.6956900762405,13.1488770189233,12.));
#5419=CARTESIAN_POINT('',(21.9629909152447,9.34999999999999,12.));
#5420=CARTESIAN_POINT('',(17.1932826694944,1.0886229810801,12.));
#5421=CARTESIAN_POINT('',(18.0370090847553,9.34999999999996,12.));
#5422=CARTESIAN_POINT('',(9.01850454237904,9.34999999999991,12.));
#5423=CARTESIAN_POINT('',(16.825221872884,11.4488770189233,12.));
#5424=CARTESIAN_POINT('',(-23.9259818304924,32.7500000000045,12.));
#5425=CARTESIAN_POINT('',(-21.9629909152477,36.1500000000044,12.));
#5426=CARTESIAN_POINT('',(-27.0443216375432,27.348877018928,12.));
#5427=CARTESIAN_POINT('',(-18.0370090847582,36.1500000000044,12.));
#5428=CARTESIAN_POINT('',(-9.01850454237762,36.1500000000044,12.));
#5429=CARTESIAN_POINT('',(-16.0740181695135,32.7500000000044,12.));
#5430=CARTESIAN_POINT('',(-6.9741829048389,16.988622981081,12.));
#5431=CARTESIAN_POINT('',(-18.0370090847582,29.3500000000044,12.));
#5432=CARTESIAN_POINT('',(-22.1368443494314,22.2488770189279,12.));
#5433=CARTESIAN_POINT('',(-21.9629909152477,29.3500000000044,12.));
#5434=CARTESIAN_POINT('',(-10.9814954576224,29.3500000000044,12.));
#5435=CARTESIAN_POINT('',(-13.8446511081954,15.288622981081,12.));
#5436=CARTESIAN_POINT('',(-23.9259818304924,-32.7499999999955,12.));
#5437=CARTESIAN_POINT('',(-21.9629909152477,-29.3499999999955,12.));
#5438=CARTESIAN_POINT('',(-12.863155650573,-13.5886229810721,12.));
#5439=CARTESIAN_POINT('',(-18.0370090847582,-29.3499999999955,12.));
#5440=CARTESIAN_POINT('',(-9.01850454237766,-29.3499999999955,12.));
#5441=CARTESIAN_POINT('',(-16.0740181695135,-32.7499999999955,12.));
#5442=CARTESIAN_POINT('',(-21.155348891809,-23.948877018919,12.));
#5443=CARTESIAN_POINT('',(-18.0370090847582,-36.1499999999955,12.));
#5444=CARTESIAN_POINT('',(-7.95567836246122,-18.6886229810721,12.));
#5445=CARTESIAN_POINT('',(-21.9629909152477,-36.1499999999955,12.));
#5446=CARTESIAN_POINT('',(-10.9814954576224,-36.1499999999955,12.));
#5447=CARTESIAN_POINT('',(-28.0258170951656,-25.648877018919,12.));
#5448=CARTESIAN_POINT('',(-23.9259818304894,-12.75,12.));
#5449=CARTESIAN_POINT('',(-21.9629909152447,-9.34999999999999,12.));
#5450=CARTESIAN_POINT('',(-17.1932826694918,-1.08862298107552,12.));
#5451=CARTESIAN_POINT('',(-18.0370090847553,-9.34999999999997,12.));
#5452=CARTESIAN_POINT('',(-9.01850454237617,-9.34999999999991,12.));
#5453=CARTESIAN_POINT('',(-16.0740181695105,-12.75,12.));
#5454=CARTESIAN_POINT('',(-16.8252218728852,-11.4488770189212,12.));
#5455=CARTESIAN_POINT('',(-18.0370090847552,-16.15,12.));
#5456=CARTESIAN_POINT('',(-12.2858053813799,-6.18862298107549,12.));
#5457=CARTESIAN_POINT('',(-21.9629909152447,-16.15,12.));
#5458=CARTESIAN_POINT('',(-10.9814954576208,-16.1499999999999,12.));
#5459=CARTESIAN_POINT('',(-23.6956900762417,-13.1488770189212,12.));
#5460=CARTESIAN_POINT('',(5.25,6.,12.));
#5461=CARTESIAN_POINT('Origin',(6.5,6.,12.));
#5462=CARTESIAN_POINT('',(5.25,-6.,12.));
#5463=CARTESIAN_POINT('Origin',(6.5,-6.,12.));
#5464=CARTESIAN_POINT('',(-7.75,6.,12.));
#5465=CARTESIAN_POINT('Origin',(-6.5,6.,12.));
#5466=CARTESIAN_POINT('',(-7.75,-6.,12.));
#5467=CARTESIAN_POINT('Origin',(-6.5,-6.,12.));
#5468=CARTESIAN_POINT('',(-7.00000000000289,-22.7499999999955,12.));
#5469=CARTESIAN_POINT('Origin',(-2.88646336894144E-12,-22.7499999999955,
12.));
#5470=CARTESIAN_POINT('Origin',(2.90191762534968E-12,22.7500000000044,0.));
#5471=CARTESIAN_POINT('',(-3.9999999999971,22.7500000000044,7.));
#5472=CARTESIAN_POINT('Origin',(2.90191762534968E-12,22.7500000000044,7.));
#5473=CARTESIAN_POINT('',(-3.9999999999971,22.7500000000044,0.));
#5474=CARTESIAN_POINT('Origin',(-2.88646336894144E-12,-22.7499999999955,
9.85777798988683));
#5475=CARTESIAN_POINT('',(-4.00000000000289,-22.7499999999955,7.71555597977366));
#5476=CARTESIAN_POINT('',(-5.50000000000289,-22.7499999999955,9.85777798988683));
#5477=CARTESIAN_POINT('Origin',(-2.88646336894144E-12,-22.7499999999955,
7.71555597977366));
#5478=CARTESIAN_POINT('Origin',(-2.88646336894144E-12,-22.7499999999955,
0.));
#5479=CARTESIAN_POINT('',(-4.00000000000289,-22.7499999999955,7.00000000000018));
#5480=CARTESIAN_POINT('Origin',(-2.88646336894144E-12,-22.7499999999955,
7.00000000000018));
#5481=CARTESIAN_POINT('',(-4.00000000000289,-22.7499999999955,0.));
#5482=CARTESIAN_POINT('Origin',(23.999999999997,-29.7499999999954,2.99999999999998));
#5483=CARTESIAN_POINT('',(23.999999999997,-29.7499999999954,7.00000000000007));
#5484=CARTESIAN_POINT('',(23.9999999999971,-29.7499999999954,1.49999999999999));
#5485=CARTESIAN_POINT('',(-24.000000000003,-29.7499999999955,7.00000000000007));
#5486=CARTESIAN_POINT('',(-24.0000000000029,-29.7499999999955,1.49999999999999));
#5487=CARTESIAN_POINT('',(23.999999999997,-29.7499999999954,7.00000000000007));
#5488=CARTESIAN_POINT('Origin',(23.999999999997,-15.7499999999951,7.00000000000006));
#5489=CARTESIAN_POINT('',(23.999999999997,-15.7499999999951,7.00000000000006));
#5490=CARTESIAN_POINT('',(23.9999999999972,-15.7499999999959,3.49999999999772));
#5491=CARTESIAN_POINT('',(-24.000000000003,-15.7499999999952,7.00000000000006));
#5492=CARTESIAN_POINT('',(23.999999999997,-15.7499999999951,7.00000000000006));
#5493=CARTESIAN_POINT('',(-24.0000000000029,-15.749999999996,3.5000000000058));
#5494=CARTESIAN_POINT('Origin',(23.999999999997,-29.7499999999951,7.00000000000018));
#5495=CARTESIAN_POINT('',(23.9999999999971,-33.2499999999953,7.00000000000021));
#5496=CARTESIAN_POINT('',(-24.0000000000029,3.50000000000467,6.99999999999989));
#5497=CARTESIAN_POINT('Origin',(23.999999999997,15.7500000000046,3.));
#5498=CARTESIAN_POINT('',(23.999999999997,15.7500000000046,6.99999999999999));
#5499=CARTESIAN_POINT('',(23.9999999999974,15.7500000000046,1.5));
#5500=CARTESIAN_POINT('',(-24.000000000003,15.7500000000046,6.99999999999999));
#5501=CARTESIAN_POINT('',(-24.0000000000029,15.7500000000046,1.5));
#5502=CARTESIAN_POINT('',(23.999999999997,15.7500000000046,6.99999999999999));
#5503=CARTESIAN_POINT('Origin',(23.999999999997,29.7500000000047,7.));
#5504=CARTESIAN_POINT('',(23.999999999997,29.7500000000047,7.));
#5505=CARTESIAN_POINT('',(23.9999999999975,29.7500000000047,3.5));
#5506=CARTESIAN_POINT('',(-24.000000000003,29.7500000000046,7.));
#5507=CARTESIAN_POINT('',(23.999999999997,29.7500000000047,7.));
#5508=CARTESIAN_POINT('',(-24.0000000000029,29.7500000000046,3.5));
#5509=CARTESIAN_POINT('Origin',(23.999999999997,15.7500000000047,7.));
#5510=CARTESIAN_POINT('',(23.9999999999972,-10.4999999999954,7.));
#5511=CARTESIAN_POINT('',(-24.0000000000029,26.2500000000045,7.));
#5512=CARTESIAN_POINT('Origin',(-20.,12.75,8.5));
#5513=CARTESIAN_POINT('',(-21.9629909152447,9.35,8.5));
#5514=CARTESIAN_POINT('',(-18.0370090847553,9.34999999999999,8.5));
#5515=CARTESIAN_POINT('',(-20.9814954576224,9.35,8.5));
#5516=CARTESIAN_POINT('',(-16.0740181695105,12.75,8.5));
#5517=CARTESIAN_POINT('',(-17.5462613559441,10.2,8.5));
#5518=CARTESIAN_POINT('',(-18.0370090847553,16.15,8.5));
#5519=CARTESIAN_POINT('',(-16.5647658983217,13.6,8.5));
#5520=CARTESIAN_POINT('',(-21.9629909152447,16.15,8.5));
#5521=CARTESIAN_POINT('',(-19.0185045423776,16.15,8.5));
#5522=CARTESIAN_POINT('',(-23.9259818304895,12.75,8.5));
#5523=CARTESIAN_POINT('',(-22.4537386440559,15.3,8.5));
#5524=CARTESIAN_POINT('',(-23.4352341016783,11.9,8.5));
#5525=CARTESIAN_POINT('',(-21.85,12.75,8.5));
#5526=CARTESIAN_POINT('Origin',(-20.,12.75,8.5));
#5527=CARTESIAN_POINT('Origin',(-21.9629909152447,16.15,0.));
#5528=CARTESIAN_POINT('',(-21.9629909152447,16.15,0.));
#5529=CARTESIAN_POINT('',(-23.9259818304895,12.75,0.));
#5530=CARTESIAN_POINT('Origin',(-23.9259818304895,12.75,0.));
#5531=CARTESIAN_POINT('',(-21.9629909152447,9.35,0.));
#5532=CARTESIAN_POINT('Origin',(-21.9629909152447,9.35,0.));
#5533=CARTESIAN_POINT('',(-18.0370090847553,9.34999999999999,0.));
#5534=CARTESIAN_POINT('Origin',(-18.0370090847553,16.15,0.));
#5535=CARTESIAN_POINT('',(-18.0370090847553,16.15,0.));
#5536=CARTESIAN_POINT('Origin',(-16.0740181695105,12.75,0.));
#5537=CARTESIAN_POINT('',(-16.0740181695105,12.75,0.));
#5538=CARTESIAN_POINT('Origin',(-18.0370090847553,9.34999999999999,0.));
#5539=CARTESIAN_POINT('Origin',(20.0000000000087,32.7500000000044,8.5));
#5540=CARTESIAN_POINT('',(18.037009084764,29.3500000000043,8.5));
#5541=CARTESIAN_POINT('',(21.9629909152534,29.3500000000044,8.5));
#5542=CARTESIAN_POINT('',(19.0185045423863,29.3500000000044,8.5));
#5543=CARTESIAN_POINT('',(23.9259818304981,32.7500000000044,8.5));
#5544=CARTESIAN_POINT('',(22.4537386440646,30.2000000000044,8.5));
#5545=CARTESIAN_POINT('',(21.9629909152534,36.1500000000044,8.5));
#5546=CARTESIAN_POINT('',(23.4352341016869,33.6000000000044,8.5));
#5547=CARTESIAN_POINT('',(18.0370090847639,36.1500000000043,8.5));
#5548=CARTESIAN_POINT('',(20.981495457631,36.1500000000044,8.5));
#5549=CARTESIAN_POINT('',(16.0740181695192,32.7500000000043,8.5));
#5550=CARTESIAN_POINT('',(17.5462613559527,35.3000000000043,8.5));
#5551=CARTESIAN_POINT('',(16.5647658983304,31.9000000000043,8.5));
#5552=CARTESIAN_POINT('',(18.1500000000087,32.7500000000044,8.5));
#5553=CARTESIAN_POINT('Origin',(20.0000000000087,32.7500000000044,8.5));
#5554=CARTESIAN_POINT('Origin',(18.0370090847639,36.1500000000043,0.));
#5555=CARTESIAN_POINT('',(18.0370090847639,36.1500000000043,0.));
#5556=CARTESIAN_POINT('',(16.0740181695192,32.7500000000043,0.));
#5557=CARTESIAN_POINT('Origin',(16.0740181695192,32.7500000000043,0.));
#5558=CARTESIAN_POINT('',(18.037009084764,29.3500000000043,0.));
#5559=CARTESIAN_POINT('Origin',(18.037009084764,29.3500000000043,0.));
#5560=CARTESIAN_POINT('',(21.9629909152534,29.3500000000044,0.));
#5561=CARTESIAN_POINT('Origin',(21.9629909152534,36.1500000000044,0.));
#5562=CARTESIAN_POINT('',(21.9629909152534,36.1500000000044,0.));
#5563=CARTESIAN_POINT('Origin',(23.9259818304981,32.7500000000044,0.));
#5564=CARTESIAN_POINT('',(23.9259818304981,32.7500000000044,0.));
#5565=CARTESIAN_POINT('Origin',(21.9629909152534,29.3500000000044,0.));
#5566=CARTESIAN_POINT('Origin',(19.999999999997,-32.7499999999955,8.5));
#5567=CARTESIAN_POINT('',(18.0370090847523,-36.1499999999955,8.5));
#5568=CARTESIAN_POINT('',(21.9629909152418,-36.1499999999955,8.5));
#5569=CARTESIAN_POINT('',(19.0185045423747,-36.1499999999955,8.5));
#5570=CARTESIAN_POINT('',(23.9259818304865,-32.7499999999955,8.5));
#5571=CARTESIAN_POINT('',(22.453738644053,-35.2999999999955,8.5));
#5572=CARTESIAN_POINT('',(21.9629909152417,-29.3499999999955,8.5));
#5573=CARTESIAN_POINT('',(23.4352341016753,-31.8999999999955,8.5));
#5574=CARTESIAN_POINT('',(18.0370090847523,-29.3499999999955,8.5));
#5575=CARTESIAN_POINT('',(20.9814954576194,-29.3499999999955,8.5));
#5576=CARTESIAN_POINT('',(16.0740181695076,-32.7499999999955,8.5));
#5577=CARTESIAN_POINT('',(17.5462613559411,-30.1999999999955,8.5));
#5578=CARTESIAN_POINT('',(16.5647658983188,-33.5999999999955,8.5));
#5579=CARTESIAN_POINT('',(18.149999999997,-32.7499999999955,8.5));
#5580=CARTESIAN_POINT('Origin',(19.999999999997,-32.7499999999955,8.5));
#5581=CARTESIAN_POINT('Origin',(18.0370090847523,-29.3499999999955,0.));
#5582=CARTESIAN_POINT('',(18.0370090847523,-29.3499999999955,0.));
#5583=CARTESIAN_POINT('',(16.0740181695076,-32.7499999999955,0.));
#5584=CARTESIAN_POINT('Origin',(16.0740181695076,-32.7499999999955,0.));
#5585=CARTESIAN_POINT('',(18.0370090847523,-36.1499999999955,0.));
#5586=CARTESIAN_POINT('Origin',(18.0370090847523,-36.1499999999955,0.));
#5587=CARTESIAN_POINT('',(21.9629909152418,-36.1499999999955,0.));
#5588=CARTESIAN_POINT('Origin',(21.9629909152417,-29.3499999999955,0.));
#5589=CARTESIAN_POINT('',(21.9629909152417,-29.3499999999955,0.));
#5590=CARTESIAN_POINT('Origin',(23.9259818304865,-32.7499999999955,0.));
#5591=CARTESIAN_POINT('',(23.9259818304865,-32.7499999999955,0.));
#5592=CARTESIAN_POINT('Origin',(21.9629909152418,-36.1499999999955,0.));
#5593=CARTESIAN_POINT('Origin',(20.,-12.75,8.5));
#5594=CARTESIAN_POINT('',(18.0370090847553,-16.15,8.5));
#5595=CARTESIAN_POINT('',(21.9629909152447,-16.15,8.5));
#5596=CARTESIAN_POINT('',(19.0185045423776,-16.15,8.5));
#5597=CARTESIAN_POINT('',(23.9259818304895,-12.75,8.5));
#5598=CARTESIAN_POINT('',(22.4537386440559,-15.3,8.5));
#5599=CARTESIAN_POINT('',(21.9629909152447,-9.34999999999999,8.5));
#5600=CARTESIAN_POINT('',(23.4352341016783,-11.9,8.5));
#5601=CARTESIAN_POINT('',(18.0370090847553,-9.34999999999999,8.5));
#5602=CARTESIAN_POINT('',(20.9814954576224,-9.34999999999999,8.5));
#5603=CARTESIAN_POINT('',(16.0740181695105,-12.75,8.5));
#5604=CARTESIAN_POINT('',(17.5462613559441,-10.2,8.5));
#5605=CARTESIAN_POINT('',(16.5647658983217,-13.6,8.5));
#5606=CARTESIAN_POINT('',(18.15,-12.75,8.5));
#5607=CARTESIAN_POINT('Origin',(20.,-12.75,8.5));
#5608=CARTESIAN_POINT('Origin',(18.0370090847553,-9.34999999999999,0.));
#5609=CARTESIAN_POINT('',(18.0370090847553,-9.34999999999999,0.));
#5610=CARTESIAN_POINT('',(16.0740181695105,-12.75,0.));
#5611=CARTESIAN_POINT('Origin',(16.0740181695105,-12.75,0.));
#5612=CARTESIAN_POINT('',(18.0370090847553,-16.15,0.));
#5613=CARTESIAN_POINT('Origin',(18.0370090847553,-16.15,0.));
#5614=CARTESIAN_POINT('',(21.9629909152447,-16.15,0.));
#5615=CARTESIAN_POINT('Origin',(21.9629909152447,-9.34999999999999,0.));
#5616=CARTESIAN_POINT('',(21.9629909152447,-9.34999999999999,0.));
#5617=CARTESIAN_POINT('Origin',(23.9259818304895,-12.75,0.));
#5618=CARTESIAN_POINT('',(23.9259818304895,-12.75,0.));
#5619=CARTESIAN_POINT('Origin',(21.9629909152447,-16.15,0.));
#5620=CARTESIAN_POINT('Origin',(20.,12.75,8.5));
#5621=CARTESIAN_POINT('',(18.0370090847553,9.34999999999996,8.5));
#5622=CARTESIAN_POINT('',(21.9629909152447,9.34999999999999,8.5));
#5623=CARTESIAN_POINT('',(19.0185045423776,9.34999999999997,8.5));
#5624=CARTESIAN_POINT('',(23.9259818304894,12.75,8.5));
#5625=CARTESIAN_POINT('',(22.4537386440559,10.2,8.5));
#5626=CARTESIAN_POINT('',(21.9629909152447,16.15,8.5));
#5627=CARTESIAN_POINT('',(23.4352341016782,13.6,8.5));
#5628=CARTESIAN_POINT('',(18.0370090847552,16.15,8.5));
#5629=CARTESIAN_POINT('',(20.9814954576223,16.15,8.5));
#5630=CARTESIAN_POINT('',(16.0740181695105,12.75,8.5));
#5631=CARTESIAN_POINT('',(17.546261355944,15.3,8.5));
#5632=CARTESIAN_POINT('',(16.5647658983217,11.9,8.5));
#5633=CARTESIAN_POINT('',(18.15,12.75,8.5));
#5634=CARTESIAN_POINT('Origin',(20.,12.75,8.5));
#5635=CARTESIAN_POINT('Origin',(18.0370090847552,16.15,0.));
#5636=CARTESIAN_POINT('',(18.0370090847552,16.15,0.));
#5637=CARTESIAN_POINT('',(16.0740181695105,12.75,0.));
#5638=CARTESIAN_POINT('Origin',(16.0740181695105,12.75,0.));
#5639=CARTESIAN_POINT('',(18.0370090847553,9.34999999999996,0.));
#5640=CARTESIAN_POINT('Origin',(18.0370090847553,9.34999999999996,0.));
#5641=CARTESIAN_POINT('',(21.9629909152447,9.34999999999999,0.));
#5642=CARTESIAN_POINT('Origin',(21.9629909152447,16.15,0.));
#5643=CARTESIAN_POINT('',(21.9629909152447,16.15,0.));
#5644=CARTESIAN_POINT('Origin',(23.9259818304894,12.75,0.));
#5645=CARTESIAN_POINT('',(23.9259818304894,12.75,0.));
#5646=CARTESIAN_POINT('Origin',(21.9629909152447,9.34999999999999,0.));
#5647=CARTESIAN_POINT('Origin',(-20.0000000000029,32.7500000000044,8.5));
#5648=CARTESIAN_POINT('',(-21.9629909152477,29.3500000000044,8.5));
#5649=CARTESIAN_POINT('',(-18.0370090847582,29.3500000000044,8.5));
#5650=CARTESIAN_POINT('',(-20.9814954576253,29.3500000000044,8.5));
#5651=CARTESIAN_POINT('',(-16.0740181695135,32.7500000000044,8.5));
#5652=CARTESIAN_POINT('',(-17.546261355947,30.2000000000044,8.5));
#5653=CARTESIAN_POINT('',(-18.0370090847582,36.1500000000044,8.5));
#5654=CARTESIAN_POINT('',(-16.5647658983247,33.6000000000044,8.5));
#5655=CARTESIAN_POINT('',(-21.9629909152477,36.1500000000044,8.5));
#5656=CARTESIAN_POINT('',(-19.0185045423806,36.1500000000044,8.5));
#5657=CARTESIAN_POINT('',(-23.9259818304924,32.7500000000045,8.5));
#5658=CARTESIAN_POINT('',(-22.4537386440588,35.3000000000044,8.5));
#5659=CARTESIAN_POINT('',(-23.4352341016812,31.9000000000045,8.5));
#5660=CARTESIAN_POINT('',(-21.8500000000029,32.7500000000044,8.5));
#5661=CARTESIAN_POINT('Origin',(-20.0000000000029,32.7500000000044,8.5));
#5662=CARTESIAN_POINT('Origin',(-21.9629909152477,36.1500000000044,0.));
#5663=CARTESIAN_POINT('',(-21.9629909152477,36.1500000000044,0.));
#5664=CARTESIAN_POINT('',(-23.9259818304924,32.7500000000045,0.));
#5665=CARTESIAN_POINT('Origin',(-23.9259818304924,32.7500000000045,0.));
#5666=CARTESIAN_POINT('',(-21.9629909152477,29.3500000000044,0.));
#5667=CARTESIAN_POINT('Origin',(-21.9629909152477,29.3500000000044,0.));
#5668=CARTESIAN_POINT('',(-18.0370090847582,29.3500000000044,0.));
#5669=CARTESIAN_POINT('Origin',(-18.0370090847582,36.1500000000044,0.));
#5670=CARTESIAN_POINT('',(-18.0370090847582,36.1500000000044,0.));
#5671=CARTESIAN_POINT('Origin',(-16.0740181695135,32.7500000000044,0.));
#5672=CARTESIAN_POINT('',(-16.0740181695135,32.7500000000044,0.));
#5673=CARTESIAN_POINT('Origin',(-18.0370090847582,29.3500000000044,0.));
#5674=CARTESIAN_POINT('Origin',(-20.0000000000029,-32.7499999999955,8.5));
#5675=CARTESIAN_POINT('',(-21.9629909152477,-36.1499999999955,8.5));
#5676=CARTESIAN_POINT('',(-18.0370090847582,-36.1499999999955,8.5));
#5677=CARTESIAN_POINT('',(-20.9814954576253,-36.1499999999955,8.5));
#5678=CARTESIAN_POINT('',(-16.0740181695135,-32.7499999999955,8.5));
#5679=CARTESIAN_POINT('',(-17.546261355947,-35.2999999999955,8.5));
#5680=CARTESIAN_POINT('',(-18.0370090847582,-29.3499999999955,8.5));
#5681=CARTESIAN_POINT('',(-16.5647658983247,-31.8999999999955,8.5));
#5682=CARTESIAN_POINT('',(-21.9629909152477,-29.3499999999955,8.5));
#5683=CARTESIAN_POINT('',(-19.0185045423806,-29.3499999999955,8.5));
#5684=CARTESIAN_POINT('',(-23.9259818304924,-32.7499999999955,8.5));
#5685=CARTESIAN_POINT('',(-22.4537386440588,-30.1999999999955,8.5));
#5686=CARTESIAN_POINT('',(-23.4352341016812,-33.5999999999955,8.5));
#5687=CARTESIAN_POINT('',(-21.8500000000029,-32.7499999999955,8.5));
#5688=CARTESIAN_POINT('Origin',(-20.0000000000029,-32.7499999999955,8.5));
#5689=CARTESIAN_POINT('Origin',(-21.9629909152477,-29.3499999999955,0.));
#5690=CARTESIAN_POINT('',(-21.9629909152477,-29.3499999999955,0.));
#5691=CARTESIAN_POINT('',(-23.9259818304924,-32.7499999999955,0.));
#5692=CARTESIAN_POINT('Origin',(-23.9259818304924,-32.7499999999955,0.));
#5693=CARTESIAN_POINT('',(-21.9629909152477,-36.1499999999955,0.));
#5694=CARTESIAN_POINT('Origin',(-21.9629909152477,-36.1499999999955,0.));
#5695=CARTESIAN_POINT('',(-18.0370090847582,-36.1499999999955,0.));
#5696=CARTESIAN_POINT('Origin',(-18.0370090847582,-29.3499999999955,0.));
#5697=CARTESIAN_POINT('',(-18.0370090847582,-29.3499999999955,0.));
#5698=CARTESIAN_POINT('Origin',(-16.0740181695135,-32.7499999999955,0.));
#5699=CARTESIAN_POINT('',(-16.0740181695135,-32.7499999999955,0.));
#5700=CARTESIAN_POINT('Origin',(-18.0370090847582,-36.1499999999955,0.));
#5701=CARTESIAN_POINT('Origin',(-20.,-12.75,8.5));
#5702=CARTESIAN_POINT('',(-21.9629909152447,-16.15,8.5));
#5703=CARTESIAN_POINT('',(-18.0370090847552,-16.15,8.5));
#5704=CARTESIAN_POINT('',(-20.9814954576223,-16.15,8.5));
#5705=CARTESIAN_POINT('',(-16.0740181695105,-12.75,8.5));
#5706=CARTESIAN_POINT('',(-17.5462613559441,-15.3,8.5));
#5707=CARTESIAN_POINT('',(-18.0370090847553,-9.34999999999997,8.5));
#5708=CARTESIAN_POINT('',(-16.5647658983217,-11.9,8.5));
#5709=CARTESIAN_POINT('',(-21.9629909152447,-9.34999999999999,8.5));
#5710=CARTESIAN_POINT('',(-19.0185045423776,-9.34999999999997,8.5));
#5711=CARTESIAN_POINT('',(-23.9259818304894,-12.75,8.5));
#5712=CARTESIAN_POINT('',(-22.4537386440559,-10.2,8.5));
#5713=CARTESIAN_POINT('',(-23.4352341016782,-13.6,8.5));
#5714=CARTESIAN_POINT('',(-21.85,-12.75,8.5));
#5715=CARTESIAN_POINT('Origin',(-20.,-12.75,8.5));
#5716=CARTESIAN_POINT('Origin',(-21.9629909152447,-9.34999999999999,0.));
#5717=CARTESIAN_POINT('',(-21.9629909152447,-9.34999999999999,0.));
#5718=CARTESIAN_POINT('',(-23.9259818304894,-12.75,0.));
#5719=CARTESIAN_POINT('Origin',(-23.9259818304894,-12.75,0.));
#5720=CARTESIAN_POINT('',(-21.9629909152447,-16.15,0.));
#5721=CARTESIAN_POINT('Origin',(-21.9629909152447,-16.15,0.));
#5722=CARTESIAN_POINT('',(-18.0370090847552,-16.15,0.));
#5723=CARTESIAN_POINT('Origin',(-18.0370090847553,-9.34999999999997,0.));
#5724=CARTESIAN_POINT('',(-18.0370090847553,-9.34999999999997,0.));
#5725=CARTESIAN_POINT('Origin',(-16.0740181695105,-12.75,0.));
#5726=CARTESIAN_POINT('',(-16.0740181695105,-12.75,0.));
#5727=CARTESIAN_POINT('Origin',(-18.0370090847552,-16.15,0.));
#5728=CARTESIAN_POINT('Origin',(-24.,-8.75,0.));
#5729=CARTESIAN_POINT('',(-24.,-8.75,0.));
#5730=CARTESIAN_POINT('',(24.,-8.75,0.));
#5731=CARTESIAN_POINT('',(-11.9999999999984,-8.74999999999951,0.));
#5732=CARTESIAN_POINT('',(-24.,-8.75,7.));
#5733=CARTESIAN_POINT('',(-24.0000000000029,-8.75,0.));
#5734=CARTESIAN_POINT('',(24.,-8.75,7.));
#5735=CARTESIAN_POINT('',(-24.,-8.75,7.));
#5736=CARTESIAN_POINT('',(23.9999999999973,-8.74999999999803,0.));
#5737=CARTESIAN_POINT('Origin',(24.,8.74999999999999,0.));
#5738=CARTESIAN_POINT('',(24.,8.74999999999999,0.));
#5739=CARTESIAN_POINT('',(-24.,8.75,0.));
#5740=CARTESIAN_POINT('',(12.0000000000016,8.75000000000046,0.));
#5741=CARTESIAN_POINT('',(24.,8.74999999999999,7.));
#5742=CARTESIAN_POINT('',(23.9999999999974,8.74999999999999,0.));
#5743=CARTESIAN_POINT('',(-24.,8.75,7.));
#5744=CARTESIAN_POINT('',(24.,8.74999999999999,7.));
#5745=CARTESIAN_POINT('',(-24.0000000000029,8.75000000000187,0.));
#5746=CARTESIAN_POINT('Origin',(6.61692922676593E-13,7.54951656745106E-14,
7.));
#5747=CARTESIAN_POINT('',(23.9999999999972,-18.3749999999978,7.));
#5748=CARTESIAN_POINT('',(-24.0000000000029,18.3750000000023,7.));
#5749=CARTESIAN_POINT('',(5.25,6.,7.));
#5750=CARTESIAN_POINT('Origin',(6.5,6.,7.));
#5751=CARTESIAN_POINT('',(-7.75,6.,7.));
#5752=CARTESIAN_POINT('Origin',(-6.5,6.,7.));
#5753=CARTESIAN_POINT('',(5.25,-6.,7.));
#5754=CARTESIAN_POINT('Origin',(6.5,-6.,7.));
#5755=CARTESIAN_POINT('',(-7.75,-6.,7.));
#5756=CARTESIAN_POINT('Origin',(-6.5,-6.,7.));
#5757=CARTESIAN_POINT('Origin',(2.87769807982841E-12,4.45421477479613E-12,
0.));
#5758=CARTESIAN_POINT('',(23.9999999999971,-36.7499999999955,0.));
#5759=CARTESIAN_POINT('',(23.9999999999971,-32.7499999999955,0.));
#5760=CARTESIAN_POINT('',(-24.0000000000029,-36.7499999999955,0.));
#5761=CARTESIAN_POINT('',(-24.0000000000029,-36.7499999999955,0.));
#5762=CARTESIAN_POINT('',(-24.0000000000029,36.7500000000044,0.));
#5763=CARTESIAN_POINT('',(18.15,-12.75,0.));
#5764=CARTESIAN_POINT('Origin',(20.,-12.75,0.));
#5765=CARTESIAN_POINT('',(-21.8500000000029,-32.7499999999955,0.));
#5766=CARTESIAN_POINT('Origin',(-20.0000000000029,-32.7499999999955,0.));
#5767=CARTESIAN_POINT('',(-21.85,-12.75,0.));
#5768=CARTESIAN_POINT('Origin',(-20.,-12.75,0.));
#5769=CARTESIAN_POINT('',(18.149999999997,-32.7499999999955,0.));
#5770=CARTESIAN_POINT('Origin',(19.999999999997,-32.7499999999955,0.));
#5771=CARTESIAN_POINT('Origin',(2.87769807982841E-12,4.45421477479613E-12,
0.));
#5772=CARTESIAN_POINT('',(-24.0000000000029,36.7500000000044,0.));
#5773=CARTESIAN_POINT('',(23.9999999999971,-32.7499999999955,0.));
#5774=CARTESIAN_POINT('',(-21.85,12.75,0.));
#5775=CARTESIAN_POINT('Origin',(-20.,12.75,0.));
#5776=CARTESIAN_POINT('',(18.15,12.75,0.));
#5777=CARTESIAN_POINT('Origin',(20.,12.75,0.));
#5778=CARTESIAN_POINT('',(18.1500000000087,32.7500000000044,0.));
#5779=CARTESIAN_POINT('Origin',(20.0000000000087,32.7500000000044,0.));
#5780=CARTESIAN_POINT('',(-21.8500000000029,32.7500000000044,0.));
#5781=CARTESIAN_POINT('Origin',(-20.0000000000029,32.7500000000044,0.));
#5782=CARTESIAN_POINT('Origin',(-24.0000000000029,36.7500000000044,0.));
#5783=CARTESIAN_POINT('',(-24.0000000000029,-36.7499999999955,0.));
#5784=CARTESIAN_POINT('Origin',(6.5,6.,0.));
#5785=CARTESIAN_POINT('',(5.25,6.,0.));
#5786=CARTESIAN_POINT('Origin',(20.,-12.75,0.));
#5787=CARTESIAN_POINT('',(18.15,-12.75,0.));
#5788=CARTESIAN_POINT('Origin',(-20.,12.75,0.));
#5789=CARTESIAN_POINT('',(-21.85,12.75,0.));
#5790=CARTESIAN_POINT('Origin',(-20.0000000000029,-32.7499999999955,0.));
#5791=CARTESIAN_POINT('',(-21.8500000000029,-32.7499999999955,0.));
#5792=CARTESIAN_POINT('Origin',(20.,12.75,0.));
#5793=CARTESIAN_POINT('',(18.15,12.75,0.));
#5794=CARTESIAN_POINT('Origin',(20.0000000000087,32.7500000000044,0.));
#5795=CARTESIAN_POINT('',(18.1500000000087,32.7500000000044,0.));
#5796=CARTESIAN_POINT('Origin',(-20.,-12.75,0.));
#5797=CARTESIAN_POINT('',(-21.85,-12.75,0.));
#5798=CARTESIAN_POINT('Origin',(-20.0000000000029,32.7500000000044,0.));
#5799=CARTESIAN_POINT('',(-21.8500000000029,32.7500000000044,0.));
#5800=CARTESIAN_POINT('Origin',(6.5,-6.,0.));
#5801=CARTESIAN_POINT('',(5.25,-6.,0.));
#5802=CARTESIAN_POINT('Origin',(19.999999999997,-32.7499999999955,0.));
#5803=CARTESIAN_POINT('',(18.149999999997,-32.7499999999955,0.));
#5804=CARTESIAN_POINT('Origin',(-6.5,6.,0.));
#5805=CARTESIAN_POINT('',(-7.75,6.,0.));
#5806=CARTESIAN_POINT('Origin',(-6.5,-6.,0.));
#5807=CARTESIAN_POINT('',(-7.75,-6.,0.));
#5808=CARTESIAN_POINT('Origin',(23.9999999999971,-36.7499999999955,0.));
#5809=CARTESIAN_POINT('',(23.9999999999971,-36.7499999999955,0.));
#5810=CARTESIAN_POINT('Origin',(-24.0000000000029,-36.7499999999955,0.));
#5811=CARTESIAN_POINT('Origin',(31.,-5.,0.));
#5812=CARTESIAN_POINT('',(31.,-5.,6.));
#5813=CARTESIAN_POINT('',(79.,-5.,6.));
#5814=CARTESIAN_POINT('',(43.,-5.,6.));
#5815=CARTESIAN_POINT('',(31.,-5.,9.));
#5816=CARTESIAN_POINT('',(30.999999999999,-5.,0.));
#5817=CARTESIAN_POINT('',(79.,-5.,9.));
#5818=CARTESIAN_POINT('',(31.,-5.,9.));
#5819=CARTESIAN_POINT('',(78.9999999999998,-5.,0.));
#5820=CARTESIAN_POINT('Origin',(79.,5.00000000000001,0.));
#5821=CARTESIAN_POINT('',(79.,5.00000000000001,6.));
#5822=CARTESIAN_POINT('',(31.,5.00000000000001,6.));
#5823=CARTESIAN_POINT('',(67.,5.00000000000001,6.));
#5824=CARTESIAN_POINT('',(79.,5.00000000000001,9.));
#5825=CARTESIAN_POINT('',(78.9999999999997,5.00000000000001,0.));
#5826=CARTESIAN_POINT('',(31.,5.00000000000001,9.));
#5827=CARTESIAN_POINT('',(79.,5.00000000000001,9.));
#5828=CARTESIAN_POINT('',(30.9999999999993,5.00000000000001,0.));
#5829=CARTESIAN_POINT('Origin',(55.,3.33066907387547E-15,9.));
#5830=CARTESIAN_POINT('',(78.9999999999999,-18.3749999999999,9.));
#5831=CARTESIAN_POINT('',(30.9999999999996,18.3750000000003,9.));
#5832=CARTESIAN_POINT('Origin',(31.,36.75,0.));
#5833=CARTESIAN_POINT('',(31.,-36.75,6.));
#5834=CARTESIAN_POINT('',(30.9999999999996,18.3750000000003,6.));
#5835=CARTESIAN_POINT('',(31.,-36.75,12.));
#5836=CARTESIAN_POINT('',(31.,-36.75,0.));
#5837=CARTESIAN_POINT('',(31.,36.75,12.));
#5838=CARTESIAN_POINT('',(30.9999999999999,32.75,12.));
#5839=CARTESIAN_POINT('',(31.,36.75,6.));
#5840=CARTESIAN_POINT('',(31.,36.75,0.));
#5841=CARTESIAN_POINT('',(30.9999999999996,18.3750000000003,6.));
#5842=CARTESIAN_POINT('Origin',(55.,-1.33226762955019E-14,6.));
#5843=CARTESIAN_POINT('',(79.,-36.75,6.));
#5844=CARTESIAN_POINT('',(78.9999999999999,-18.3749999999999,6.));
#5845=CARTESIAN_POINT('',(43.0000000000004,-36.7499999999998,6.));
#5846=CARTESIAN_POINT('',(72.75,-32.75,6.));
#5847=CARTESIAN_POINT('Origin',(75.,-32.75,6.));
#5848=CARTESIAN_POINT('',(72.7500000000001,-12.75,6.));
#5849=CARTESIAN_POINT('Origin',(75.0000000000001,-12.75,6.));
#5850=CARTESIAN_POINT('',(32.75,-32.75,6.));
#5851=CARTESIAN_POINT('Origin',(35.,-32.75,6.));
#5852=CARTESIAN_POINT('',(32.7500000000001,-12.75,6.));
#5853=CARTESIAN_POINT('Origin',(35.0000000000001,-12.75,6.));
#5854=CARTESIAN_POINT('Origin',(55.,-1.33226762955019E-14,6.));
#5855=CARTESIAN_POINT('',(79.0000000000001,36.75,6.));
#5856=CARTESIAN_POINT('',(67.,36.75,6.));
#5857=CARTESIAN_POINT('',(78.9999999999999,-18.3749999999999,6.));
#5858=CARTESIAN_POINT('',(32.75,32.75,6.));
#5859=CARTESIAN_POINT('Origin',(35.,32.75,6.));
#5860=CARTESIAN_POINT('',(32.75,12.75,6.));
#5861=CARTESIAN_POINT('Origin',(35.,12.75,6.));
#5862=CARTESIAN_POINT('',(72.75,32.75,6.));
#5863=CARTESIAN_POINT('Origin',(75.,32.75,6.));
#5864=CARTESIAN_POINT('',(72.75,12.75,6.));
#5865=CARTESIAN_POINT('Origin',(75.,12.75,6.));
#5866=CARTESIAN_POINT('Origin',(79.0000000000001,36.75,0.));
#5867=CARTESIAN_POINT('',(79.0000000000001,36.75,12.));
#5868=CARTESIAN_POINT('',(31.,36.75,12.));
#5869=CARTESIAN_POINT('',(79.0000000000001,36.75,0.));
#5870=CARTESIAN_POINT('Origin',(35.,32.75,0.));
#5871=CARTESIAN_POINT('',(32.75,32.75,12.));
#5872=CARTESIAN_POINT('Origin',(35.,32.75,12.));
#5873=CARTESIAN_POINT('',(32.75,32.75,0.));
#5874=CARTESIAN_POINT('Origin',(35.,12.75,0.));
#5875=CARTESIAN_POINT('',(32.75,12.75,12.));
#5876=CARTESIAN_POINT('Origin',(35.,12.75,12.));
#5877=CARTESIAN_POINT('',(32.75,12.75,0.));
#5878=CARTESIAN_POINT('Origin',(75.,32.75,0.));
#5879=CARTESIAN_POINT('',(72.75,32.75,12.));
#5880=CARTESIAN_POINT('Origin',(75.,32.75,12.));
#5881=CARTESIAN_POINT('',(72.75,32.75,0.));
#5882=CARTESIAN_POINT('Origin',(75.,12.75,0.));
#5883=CARTESIAN_POINT('',(72.75,12.75,12.));
#5884=CARTESIAN_POINT('Origin',(75.,12.75,12.));
#5885=CARTESIAN_POINT('',(72.75,12.75,0.));
#5886=CARTESIAN_POINT('Origin',(75.,-32.75,0.));
#5887=CARTESIAN_POINT('',(72.75,-32.75,12.));
#5888=CARTESIAN_POINT('Origin',(75.,-32.75,12.));
#5889=CARTESIAN_POINT('',(72.75,-32.75,0.));
#5890=CARTESIAN_POINT('Origin',(75.0000000000001,-12.75,0.));
#5891=CARTESIAN_POINT('',(72.7500000000001,-12.75,12.));
#5892=CARTESIAN_POINT('Origin',(75.0000000000001,-12.75,12.));
#5893=CARTESIAN_POINT('',(72.7500000000001,-12.75,0.));
#5894=CARTESIAN_POINT('Origin',(35.,-32.75,0.));
#5895=CARTESIAN_POINT('',(32.75,-32.75,12.));
#5896=CARTESIAN_POINT('Origin',(35.,-32.75,12.));
#5897=CARTESIAN_POINT('',(32.75,-32.75,0.));
#5898=CARTESIAN_POINT('Origin',(35.0000000000001,-12.75,0.));
#5899=CARTESIAN_POINT('',(32.7500000000001,-12.75,12.));
#5900=CARTESIAN_POINT('Origin',(35.0000000000001,-12.75,12.));
#5901=CARTESIAN_POINT('',(32.7500000000001,-12.75,0.));
#5902=CARTESIAN_POINT('Origin',(79.,-36.75,0.));
#5903=CARTESIAN_POINT('',(79.,-36.75,12.));
#5904=CARTESIAN_POINT('',(79.,-32.75,12.));
#5905=CARTESIAN_POINT('',(79.,-36.75,0.));
#5906=CARTESIAN_POINT('Origin',(31.,-36.75,0.));
#5907=CARTESIAN_POINT('',(31.,-36.75,12.));
#5908=CARTESIAN_POINT('Origin',(55.,-1.33226762955019E-14,12.));
#5909=CARTESIAN_POINT('Origin',(-49.4999999999974,23.5,6.));
#5910=CARTESIAN_POINT('',(-49.4999999999974,19.2679491924311,4.5));
#5911=CARTESIAN_POINT('',(-49.4999999999974,21.,7.5));
#5912=CARTESIAN_POINT('',(-49.4999999999974,19.2679491924311,4.5));
#5913=CARTESIAN_POINT('',(-46.9999999999974,23.5,7.5));
#5914=CARTESIAN_POINT('Origin',(-49.4999999999974,23.5,7.5));
#5915=CARTESIAN_POINT('',(-45.2679491924285,23.5,4.5));
#5916=CARTESIAN_POINT('',(-46.9999999999974,23.5,7.5));
#5917=CARTESIAN_POINT('Origin',(-49.4999999999974,23.5,4.5));
#5918=CARTESIAN_POINT('Origin',(-46.133974596213,25.5000000000024,6.));
#5919=CARTESIAN_POINT('',(-46.9999999999974,24.5,7.5));
#5920=CARTESIAN_POINT('',(-46.9999999999974,25.5000000000024,7.5));
#5921=CARTESIAN_POINT('',(-45.2679491924285,24.5,4.5));
#5922=CARTESIAN_POINT('',(-46.9999999999974,24.5,7.5));
#5923=CARTESIAN_POINT('',(-45.2679491924285,25.5000000000024,4.5));
#5924=CARTESIAN_POINT('Origin',(-48.4999999999931,20.1339745962156,6.));
#5925=CARTESIAN_POINT('',(-50.4999999999974,19.2679491924312,4.5));
#5926=CARTESIAN_POINT('',(-50.4999999999974,21.,7.5));
#5927=CARTESIAN_POINT('',(-50.4999999999974,19.2679491924312,4.5));
#5928=CARTESIAN_POINT('',(-48.4999999999931,21.,7.5));
#5929=CARTESIAN_POINT('',(-48.4999999999931,19.2679491924312,4.5));
#5930=CARTESIAN_POINT('Origin',(-49.4999999999974,24.5,6.));
#5931=CARTESIAN_POINT('',(-49.4999999999974,27.,7.5));
#5932=CARTESIAN_POINT('Origin',(-49.4999999999974,24.5,7.5));
#5933=CARTESIAN_POINT('',(-49.4999999999974,28.7320508075689,4.5));
#5934=CARTESIAN_POINT('',(-49.4999999999974,27.,7.5));
#5935=CARTESIAN_POINT('Origin',(-49.4999999999974,24.5,4.5));
#5936=CARTESIAN_POINT('Origin',(-50.4999999999974,23.5,6.));
#5937=CARTESIAN_POINT('',(-54.7320508075663,23.5,4.5));
#5938=CARTESIAN_POINT('',(-52.9999999999974,23.5,7.5));
#5939=CARTESIAN_POINT('',(-54.7320508075663,23.5,4.5));
#5940=CARTESIAN_POINT('Origin',(-50.4999999999974,23.5,7.5));
#5941=CARTESIAN_POINT('Origin',(-50.4999999999974,23.5,4.5));
#5942=CARTESIAN_POINT('Origin',(-51.4999999999931,27.8660254037845,6.));
#5943=CARTESIAN_POINT('',(-50.4999999999974,27.,7.5));
#5944=CARTESIAN_POINT('',(-51.4999999999931,27.,7.5));
#5945=CARTESIAN_POINT('',(-50.4999999999974,28.7320508075689,4.5));
#5946=CARTESIAN_POINT('',(-50.4999999999974,27.,7.5));
#5947=CARTESIAN_POINT('',(-51.4999999999931,28.7320508075689,4.5));
#5948=CARTESIAN_POINT('Origin',(-53.8660254037818,22.5000000000024,6.));
#5949=CARTESIAN_POINT('',(-54.7320508075663,24.5,4.5));
#5950=CARTESIAN_POINT('',(-52.9999999999974,24.5,7.5));
#5951=CARTESIAN_POINT('',(-54.7320508075663,24.5,4.5));
#5952=CARTESIAN_POINT('',(-52.9999999999974,22.5000000000024,7.5));
#5953=CARTESIAN_POINT('',(-54.7320508075663,22.5000000000024,4.5));
#5954=CARTESIAN_POINT('Origin',(-50.4999999999974,24.5,6.));
#5955=CARTESIAN_POINT('Origin',(-50.4999999999974,24.5,7.5));
#5956=CARTESIAN_POINT('Origin',(-50.4999999999974,24.5,4.5));
#5957=CARTESIAN_POINT('Origin',(-52.9999999999974,27.,0.));
#5958=CARTESIAN_POINT('',(-49.4999999999974,27.,12.));
#5959=CARTESIAN_POINT('',(-49.4999999999974,27.,0.));
#5960=CARTESIAN_POINT('',(-50.4999999999974,27.,12.));
#5961=CARTESIAN_POINT('',(-46.9999999999974,27.,12.));
#5962=CARTESIAN_POINT('',(-50.4999999999974,27.,0.));
#5963=CARTESIAN_POINT('Origin',(-49.4999999999974,24.5,0.));
#5964=CARTESIAN_POINT('',(-46.9999999999974,24.5,12.));
#5965=CARTESIAN_POINT('',(-46.9999999999974,24.5,0.));
#5966=CARTESIAN_POINT('Origin',(-49.4999999999974,24.5,12.));
#5967=CARTESIAN_POINT('Origin',(-46.9999999999974,27.,0.));
#5968=CARTESIAN_POINT('',(-46.9999999999974,23.5,12.));
#5969=CARTESIAN_POINT('',(-46.9999999999974,23.5,0.));
#5970=CARTESIAN_POINT('',(-46.9999999999974,21.,12.));
#5971=CARTESIAN_POINT('Origin',(-49.4999999999974,23.5,0.));
#5972=CARTESIAN_POINT('',(-49.4999999999974,21.,12.));
#5973=CARTESIAN_POINT('',(-49.4999999999974,21.,0.));
#5974=CARTESIAN_POINT('Origin',(-49.4999999999974,23.5,12.));
#5975=CARTESIAN_POINT('Origin',(-49.9999999999887,24.0000000000047,4.5));
#5976=CARTESIAN_POINT('',(-43.0000000000001,19.0000000000002,4.5));
#5977=CARTESIAN_POINT('',(-43.0000000000001,29.0000000000001,4.5));
#5978=CARTESIAN_POINT('',(-42.9999999999887,21.4999999999865,4.5));
#5979=CARTESIAN_POINT('',(-57.,19.0000000000002,4.5));
#5980=CARTESIAN_POINT('',(-53.4999999999944,19.0000000000002,4.5));
#5981=CARTESIAN_POINT('',(-57.0000000000001,29.0000000000001,4.5));
#5982=CARTESIAN_POINT('',(-57.0000000000001,26.5000000000024,4.5));
#5983=CARTESIAN_POINT('',(-46.4999999999912,29.0000000000047,4.5));
#5984=CARTESIAN_POINT('Origin',(-47.3999999985206,-9.50000501342205,9.));
#5985=CARTESIAN_POINT('',(-46.8999999995977,-19.0808371005424,8.5));
#5986=CARTESIAN_POINT('',(-46.9000000000383,-23.0000000001109,8.5));
#5987=CARTESIAN_POINT('',(-46.8999999985206,-9.50000501347827,8.5));
#5988=CARTESIAN_POINT('',(-47.9000000000384,-22.9999999999985,9.5));
#5989=CARTESIAN_POINT('',(-46.9000000000383,-23.0000000001109,8.5));
#5990=CARTESIAN_POINT('',(-47.8999999995886,-19.0000100265002,9.5));
#5991=CARTESIAN_POINT('',(-47.8999999985206,-9.50000501336584,9.5));
#5992=CARTESIAN_POINT('',(-46.8999999995977,-19.0808371005424,8.5));
#5993=CARTESIAN_POINT('Origin',(-50.0000000000384,-22.9999999999985,9.));
#5994=CARTESIAN_POINT('',(-53.1000000000206,-22.9999895009928,8.5));
#5995=CARTESIAN_POINT('',(-52.1000000001078,-22.9999928877688,9.5));
#5996=CARTESIAN_POINT('',(-53.1000000000206,-22.9999895009928,8.5));
#5997=CARTESIAN_POINT('Origin',(-50.0000000000384,-22.9999999999985,9.5));
#5998=CARTESIAN_POINT('Origin',(-50.0000000000384,-22.9999999999985,8.5));
#5999=CARTESIAN_POINT('Origin',(-52.5999999998883,-11.4999964438525,9.));
#6000=CARTESIAN_POINT('',(-52.1000000000315,-18.9999999999596,9.5));
#6001=CARTESIAN_POINT('',(-52.0999999998883,-11.499996443862,9.5));
#6002=CARTESIAN_POINT('',(-53.100000000033,-19.0808271443827,8.5));
#6003=CARTESIAN_POINT('',(-53.0999999998883,-11.4999964438429,8.5));
#6004=CARTESIAN_POINT('',(-53.100000000033,-19.0808271443827,8.5));
#6005=CARTESIAN_POINT('Origin',(-54.0723675727806,-9.99179156837385,9.));
#6006=CARTESIAN_POINT('',(-54.9350937614721,-7.80302525840816,8.5));
#6007=CARTESIAN_POINT('',(-54.5658769489261,-10.0720940942147,8.5));
#6008=CARTESIAN_POINT('',(-53.948075009181,-7.64242020672647,9.5));
#6009=CARTESIAN_POINT('',(-54.9350937614721,-7.80302525840816,8.5));
#6010=CARTESIAN_POINT('',(-53.578858196635,-9.911489042533,9.5));
#6011=CARTESIAN_POINT('Origin',(-50.0000000000165,-6.99999999999969,9.));
#6012=CARTESIAN_POINT('',(-54.9991656103182,-6.90865887685646,8.5));
#6013=CARTESIAN_POINT('',(-53.9993324882579,-6.92692710148511,9.5));
#6014=CARTESIAN_POINT('',(-54.9991656103182,-6.90865887685646,8.5));
#6015=CARTESIAN_POINT('Origin',(-50.0000000000165,-6.99999999999969,9.5));
#6016=CARTESIAN_POINT('Origin',(-50.0000000000165,-6.99999999999969,8.5));
#6017=CARTESIAN_POINT('Origin',(-54.4353209330605,-3.41896103727704,9.));
#6018=CARTESIAN_POINT('',(-53.9726560896792,-5.4669085491431,9.5));
#6019=CARTESIAN_POINT('',(-53.9354043720304,-3.42809514959139,9.5));
#6020=CARTESIAN_POINT('',(-54.9736573666589,-5.51257428655831,8.5));
#6021=CARTESIAN_POINT('',(-54.9352374940907,-3.4098269249627,8.5));
#6022=CARTESIAN_POINT('Ctrl Pts',(-54.9736573666588,-5.5125742865583,8.5));
#6023=CARTESIAN_POINT('Ctrl Pts',(-54.6413042416512,-5.49853631972166,8.83204121387138));
#6024=CARTESIAN_POINT('Ctrl Pts',(-54.3050180404152,-5.48332803893953,9.16799346806947));
#6025=CARTESIAN_POINT('Ctrl Pts',(-53.9726560896792,-5.46690854914307,9.50000000000001));
#6026=CARTESIAN_POINT('Origin',(-50.0000000000162,-4.99999999999996,9.));
#6027=CARTESIAN_POINT('',(-46.0089423731069,-5.26731819745332,9.5));
#6028=CARTESIAN_POINT('Origin',(-50.0000000000162,-4.99999999999996,9.5));
#6029=CARTESIAN_POINT('',(-45.0087791149069,-5.2961656226653,8.5));
#6030=CARTESIAN_POINT('Origin',(-50.0000000000162,-4.99999999999996,8.5));
#6031=CARTESIAN_POINT('Ctrl Pts',(-45.0087791149068,-5.29616562266524,8.5));
#6032=CARTESIAN_POINT('Ctrl Pts',(-45.3408495365503,-5.28718495643001,8.83201931768826));
#6033=CARTESIAN_POINT('Ctrl Pts',(-45.6768455401236,-5.27756452926607,9.16796084272466));
#6034=CARTESIAN_POINT('Ctrl Pts',(-46.0089423731069,-5.26731819745318,9.50000000000001));
#6035=CARTESIAN_POINT('Origin',(-45.5226768077,-2.62077332868881,9.));
#6036=CARTESIAN_POINT('',(-45.0000673938854,-6.97403975836792,8.5));
#6037=CARTESIAN_POINT('',(-45.0226835470869,-2.61817730452561,8.5));
#6038=CARTESIAN_POINT('',(-46.0000539151116,-6.97923180669432,9.5));
#6039=CARTESIAN_POINT('',(-45.0000673938854,-6.97403975836792,8.5));
#6040=CARTESIAN_POINT('',(-46.0226700683131,-2.623369352852,9.5));
#6041=CARTESIAN_POINT('Origin',(-50.0000000000165,-6.99999999999969,9.));
#6042=CARTESIAN_POINT('',(-45.0649061261841,-7.80302456778176,8.5));
#6043=CARTESIAN_POINT('',(-46.0519249009519,-7.64241965422513,9.5));
#6044=CARTESIAN_POINT('',(-45.0649061261841,-7.80302456778176,8.5));
#6045=CARTESIAN_POINT('Origin',(-50.0000000000165,-6.99999999999969,9.5));
#6046=CARTESIAN_POINT('Origin',(-50.0000000000165,-6.99999999999969,8.5));
#6047=CARTESIAN_POINT('Origin',(-45.0035952861735,-4.31300089477447,9.));
#6048=CARTESIAN_POINT('',(-45.4971046735597,-4.23269843801409,9.5));
#6049=CARTESIAN_POINT('',(-44.5100858987874,-4.39330335153486,8.5));
#6050=CARTESIAN_POINT('Origin',(-50.0000000000162,-4.99999999999996,0.));
#6051=CARTESIAN_POINT('',(-46.0089423731069,-5.26731819745332,12.));
#6052=CARTESIAN_POINT('',(-46.0089423731069,-5.26731819745332,0.));
#6053=CARTESIAN_POINT('',(-53.9726560896792,-5.4669085491431,12.));
#6054=CARTESIAN_POINT('Origin',(-50.0000000000162,-4.99999999999996,12.));
#6055=CARTESIAN_POINT('',(-53.9726560896792,-5.4669085491431,0.));
#6056=CARTESIAN_POINT('Origin',(-46.0089423731069,-5.26731819745332,0.));
#6057=CARTESIAN_POINT('',(-46.0000539151116,-6.97923180669432,12.));
#6058=CARTESIAN_POINT('',(-46.0000539151116,-6.97923180669432,0.));
#6059=CARTESIAN_POINT('',(-46.0119333704921,-4.69125324540197,12.));
#6060=CARTESIAN_POINT('Origin',(-50.0000000000165,-6.99999999999969,0.));
#6061=CARTESIAN_POINT('',(-46.0519249009519,-7.64241965422513,12.));
#6062=CARTESIAN_POINT('',(-46.0519249009519,-7.64241965422513,0.));
#6063=CARTESIAN_POINT('Origin',(-50.0000000000165,-6.99999999999969,12.));
#6064=CARTESIAN_POINT('Origin',(-46.0519249009519,-7.64241965422513,0.));
#6065=CARTESIAN_POINT('',(-47.8999999995886,-19.0000100265002,12.));
#6066=CARTESIAN_POINT('',(-47.8999999995886,-19.0000100265002,0.));
#6067=CARTESIAN_POINT('',(-47.8999999995886,-19.0000100265002,12.));
#6068=CARTESIAN_POINT('Origin',(-47.8999999995886,-19.0000100265002,0.));
#6069=CARTESIAN_POINT('',(-47.9000000000384,-22.9999999999985,12.));
#6070=CARTESIAN_POINT('',(-47.9000000000384,-22.9999999999985,0.));
#6071=CARTESIAN_POINT('',(-47.8999999995886,-19.0000100265002,12.));
#6072=CARTESIAN_POINT('Origin',(-49.9999999999887,4.65849581132716E-12,
8.5));
#6073=CARTESIAN_POINT('',(-57.,19.0000000000002,8.5));
#6074=CARTESIAN_POINT('',(-43.0000000000001,19.0000000000002,8.5));
#6075=CARTESIAN_POINT('',(-53.4999999999944,19.0000000000002,8.5));
#6076=CARTESIAN_POINT('',(-43.0000000000001,-28.9999999999999,8.5));
#6077=CARTESIAN_POINT('',(-43.0000000000001,-14.4999999999976,8.5));
#6078=CARTESIAN_POINT('',(-56.9999999999999,-28.9999999999999,8.5));
#6079=CARTESIAN_POINT('',(-53.4999999999943,-28.9999999999999,8.5));
#6080=CARTESIAN_POINT('',(-57.,14.5000000000024,8.5));
#6081=CARTESIAN_POINT('Origin',(-46.9999999999974,21.,0.));
#6082=CARTESIAN_POINT('',(-50.4999999999974,21.,12.));
#6083=CARTESIAN_POINT('',(-50.4999999999974,21.,0.));
#6084=CARTESIAN_POINT('',(-52.9999999999974,21.,12.));
#6085=CARTESIAN_POINT('Origin',(-50.4999999999974,24.5,0.));
#6086=CARTESIAN_POINT('',(-52.9999999999974,24.5,12.));
#6087=CARTESIAN_POINT('Origin',(-50.4999999999974,24.5,12.));
#6088=CARTESIAN_POINT('',(-52.9999999999974,24.5,0.));
#6089=CARTESIAN_POINT('Origin',(-50.4999999999974,23.5,0.));
#6090=CARTESIAN_POINT('',(-52.9999999999974,23.5,12.));
#6091=CARTESIAN_POINT('',(-52.9999999999974,23.5,0.));
#6092=CARTESIAN_POINT('Origin',(-50.4999999999974,23.5,12.));
#6093=CARTESIAN_POINT('Origin',(-52.9999999999974,21.,0.));
#6094=CARTESIAN_POINT('',(-52.9999999999974,27.,12.));
#6095=CARTESIAN_POINT('Origin',(-57.,19.0000000000002,0.));
#6096=CARTESIAN_POINT('',(-43.0000000000001,19.0000000000002,0.));
#6097=CARTESIAN_POINT('',(-57.,19.0000000000002,0.));
#6098=CARTESIAN_POINT('Origin',(-50.0000000000384,-22.9999999999985,0.));
#6099=CARTESIAN_POINT('',(-52.1000000001078,-22.9999928877688,12.));
#6100=CARTESIAN_POINT('',(-52.1000000001078,-22.9999928877688,0.));
#6101=CARTESIAN_POINT('Origin',(-50.0000000000384,-22.9999999999985,12.));
#6102=CARTESIAN_POINT('Origin',(-56.9999999999999,-28.9999999999999,0.));
#6103=CARTESIAN_POINT('',(-43.0000000000001,-28.9999999999999,12.));
#6104=CARTESIAN_POINT('',(-43.0000000000001,-28.9999999999999,0.));
#6105=CARTESIAN_POINT('',(-56.9999999999999,-28.9999999999999,12.));
#6106=CARTESIAN_POINT('',(-43.0000000000001,-28.9999999999999,12.));
#6107=CARTESIAN_POINT('',(-56.9999999999999,-28.9999999999999,0.));
#6108=CARTESIAN_POINT('Origin',(-43.0000000000001,-28.9999999999999,0.));
#6109=CARTESIAN_POINT('',(-43.0000000000001,29.0000000000001,12.));
#6110=CARTESIAN_POINT('',(-43.0000000000001,29.0000000000001,0.));
#6111=CARTESIAN_POINT('',(-43.0000000000001,29.0000000000001,12.));
#6112=CARTESIAN_POINT('Origin',(-53.9993324882579,-6.92692710148511,0.));
#6113=CARTESIAN_POINT('',(-53.9993324882579,-6.92692710148511,12.));
#6114=CARTESIAN_POINT('',(-53.9726560896792,-5.4669085491431,12.));
#6115=CARTESIAN_POINT('',(-53.9993324882579,-6.92692710148511,0.));
#6116=CARTESIAN_POINT('Origin',(-50.0000000000165,-6.99999999999969,0.));
#6117=CARTESIAN_POINT('',(-53.948075009181,-7.64242020672647,12.));
#6118=CARTESIAN_POINT('Origin',(-50.0000000000165,-6.99999999999969,12.));
#6119=CARTESIAN_POINT('',(-53.948075009181,-7.64242020672647,0.));
#6120=CARTESIAN_POINT('Origin',(-52.1000000000315,-18.9999999999596,0.));
#6121=CARTESIAN_POINT('',(-52.1000000000315,-18.9999999999596,12.));
#6122=CARTESIAN_POINT('',(-52.1000000000315,-18.9999999999596,12.));
#6123=CARTESIAN_POINT('',(-52.1000000000315,-18.9999999999596,0.));
#6124=CARTESIAN_POINT('Origin',(-52.1000000001078,-22.9999928877688,0.));
#6125=CARTESIAN_POINT('',(-52.1000000001078,-22.9999928877688,12.));
#6126=CARTESIAN_POINT('Origin',(-57.0000000000001,29.0000000000001,0.));
#6127=CARTESIAN_POINT('',(-57.0000000000001,29.0000000000001,12.));
#6128=CARTESIAN_POINT('',(-57.,19.0000000000002,12.));
#6129=CARTESIAN_POINT('',(-57.0000000000001,29.0000000000001,0.));
#6130=CARTESIAN_POINT('Origin',(-43.0000000000001,29.0000000000001,0.));
#6131=CARTESIAN_POINT('',(-43.0000000000001,29.0000000000001,12.));
#6132=CARTESIAN_POINT('Origin',(-49.9999999999887,4.65849581132716E-12,
12.));
#6133=CARTESIAN_POINT('Origin',(-34.4999999999974,23.5,6.));
#6134=CARTESIAN_POINT('',(-34.4999999999974,19.2679491924312,4.5));
#6135=CARTESIAN_POINT('',(-34.4999999999974,21.,7.5));
#6136=CARTESIAN_POINT('',(-34.4999999999974,19.2679491924312,4.5));
#6137=CARTESIAN_POINT('',(-31.9999999999974,23.5,7.5));
#6138=CARTESIAN_POINT('Origin',(-34.4999999999974,23.5,7.5));
#6139=CARTESIAN_POINT('',(-30.2679491924285,23.5,4.5));
#6140=CARTESIAN_POINT('',(-31.9999999999974,23.5,7.5));
#6141=CARTESIAN_POINT('Origin',(-34.4999999999974,23.5,4.5));
#6142=CARTESIAN_POINT('Origin',(-31.133974596213,25.5000000000024,6.));
#6143=CARTESIAN_POINT('',(-31.9999999999974,24.5,7.5));
#6144=CARTESIAN_POINT('',(-31.9999999999974,25.5000000000024,7.5));
#6145=CARTESIAN_POINT('',(-30.2679491924285,24.5,4.5));
#6146=CARTESIAN_POINT('',(-31.9999999999974,24.5,7.5));
#6147=CARTESIAN_POINT('',(-30.2679491924285,25.5000000000024,4.5));
#6148=CARTESIAN_POINT('Origin',(-33.4999999999931,20.1339745962156,6.));
#6149=CARTESIAN_POINT('',(-35.4999999999974,19.2679491924312,4.5));
#6150=CARTESIAN_POINT('',(-35.4999999999974,21.,7.5));
#6151=CARTESIAN_POINT('',(-35.4999999999974,19.2679491924312,4.5));
#6152=CARTESIAN_POINT('',(-33.4999999999931,21.,7.5));
#6153=CARTESIAN_POINT('',(-33.4999999999931,19.2679491924312,4.5));
#6154=CARTESIAN_POINT('Origin',(-34.4999999999974,24.5,6.));
#6155=CARTESIAN_POINT('',(-34.4999999999974,27.,7.5));
#6156=CARTESIAN_POINT('Origin',(-34.4999999999974,24.5,7.5));
#6157=CARTESIAN_POINT('',(-34.4999999999974,28.7320508075689,4.5));
#6158=CARTESIAN_POINT('',(-34.4999999999974,27.,7.5));
#6159=CARTESIAN_POINT('Origin',(-34.4999999999974,24.5,4.5));
#6160=CARTESIAN_POINT('Origin',(-35.4999999999974,23.5,6.));
#6161=CARTESIAN_POINT('',(-39.7320508075663,23.5,4.5));
#6162=CARTESIAN_POINT('',(-37.9999999999974,23.5,7.5));
#6163=CARTESIAN_POINT('',(-39.7320508075663,23.5,4.5));
#6164=CARTESIAN_POINT('Origin',(-35.4999999999974,23.5,7.5));
#6165=CARTESIAN_POINT('Origin',(-35.4999999999974,23.5,4.5));
#6166=CARTESIAN_POINT('Origin',(-36.4999999999931,27.8660254037845,6.));
#6167=CARTESIAN_POINT('',(-35.4999999999974,27.,7.5));
#6168=CARTESIAN_POINT('',(-36.4999999999931,27.,7.5));
#6169=CARTESIAN_POINT('',(-35.4999999999974,28.7320508075689,4.5));
#6170=CARTESIAN_POINT('',(-35.4999999999974,27.,7.5));
#6171=CARTESIAN_POINT('',(-36.4999999999931,28.7320508075689,4.5));
#6172=CARTESIAN_POINT('Origin',(-38.8660254037818,22.5000000000024,6.));
#6173=CARTESIAN_POINT('',(-39.7320508075663,24.5,4.5));
#6174=CARTESIAN_POINT('',(-37.9999999999974,24.5,7.5));
#6175=CARTESIAN_POINT('',(-39.7320508075663,24.5,4.5));
#6176=CARTESIAN_POINT('',(-37.9999999999974,22.5000000000024,7.5));
#6177=CARTESIAN_POINT('',(-39.7320508075663,22.5000000000024,4.5));
#6178=CARTESIAN_POINT('Origin',(-35.4999999999974,24.5,6.));
#6179=CARTESIAN_POINT('Origin',(-35.4999999999974,24.5,7.5));
#6180=CARTESIAN_POINT('Origin',(-35.4999999999974,24.5,4.5));
#6181=CARTESIAN_POINT('Origin',(-37.9999999999974,27.,0.));
#6182=CARTESIAN_POINT('',(-34.4999999999974,27.,12.));
#6183=CARTESIAN_POINT('',(-34.4999999999974,27.,0.));
#6184=CARTESIAN_POINT('',(-35.4999999999974,27.,12.));
#6185=CARTESIAN_POINT('',(-31.9999999999974,27.,12.));
#6186=CARTESIAN_POINT('',(-35.4999999999974,27.,0.));
#6187=CARTESIAN_POINT('Origin',(-34.4999999999974,24.5,0.));
#6188=CARTESIAN_POINT('',(-31.9999999999974,24.5,12.));
#6189=CARTESIAN_POINT('',(-31.9999999999974,24.5,0.));
#6190=CARTESIAN_POINT('Origin',(-34.4999999999974,24.5,12.));
#6191=CARTESIAN_POINT('Origin',(-31.9999999999974,27.,0.));
#6192=CARTESIAN_POINT('',(-31.9999999999974,23.5,12.));
#6193=CARTESIAN_POINT('',(-31.9999999999974,23.5,0.));
#6194=CARTESIAN_POINT('',(-31.9999999999974,21.,12.));
#6195=CARTESIAN_POINT('Origin',(-34.4999999999974,23.5,0.));
#6196=CARTESIAN_POINT('',(-34.4999999999974,21.,12.));
#6197=CARTESIAN_POINT('',(-34.4999999999974,21.,0.));
#6198=CARTESIAN_POINT('Origin',(-34.4999999999974,23.5,12.));
#6199=CARTESIAN_POINT('Origin',(-34.9999999999887,24.0000000000047,4.5));
#6200=CARTESIAN_POINT('',(-28.0000000000001,19.0000000000002,4.5));
#6201=CARTESIAN_POINT('',(-28.0000000000001,29.0000000000001,4.5));
#6202=CARTESIAN_POINT('',(-27.9999999999887,21.4999999999865,4.5));
#6203=CARTESIAN_POINT('',(-42.,19.0000000000002,4.5));
#6204=CARTESIAN_POINT('',(-38.4999999999944,19.0000000000002,4.5));
#6205=CARTESIAN_POINT('',(-42.0000000000001,29.0000000000001,4.5));
#6206=CARTESIAN_POINT('',(-42.0000000000001,26.5000000000024,4.5));
#6207=CARTESIAN_POINT('',(-31.4999999999912,29.0000000000047,4.5));
#6208=CARTESIAN_POINT('Origin',(-32.3999999985206,-9.50000501342205,9.));
#6209=CARTESIAN_POINT('',(-31.8999999995977,-19.0808371005424,8.5));
#6210=CARTESIAN_POINT('',(-31.9000000000383,-23.0000000001109,8.5));
#6211=CARTESIAN_POINT('',(-31.8999999985206,-9.50000501347827,8.5));
#6212=CARTESIAN_POINT('',(-32.9000000000384,-22.9999999999985,9.5));
#6213=CARTESIAN_POINT('',(-31.9000000000383,-23.0000000001109,8.5));
#6214=CARTESIAN_POINT('',(-32.8999999995886,-19.0000100265002,9.5));
#6215=CARTESIAN_POINT('',(-32.8999999985206,-9.50000501336584,9.5));
#6216=CARTESIAN_POINT('',(-31.8999999995977,-19.0808371005424,8.5));
#6217=CARTESIAN_POINT('Origin',(-35.0000000000384,-22.9999999999985,9.));
#6218=CARTESIAN_POINT('',(-38.1000000000206,-22.9999895009928,8.5));
#6219=CARTESIAN_POINT('',(-37.1000000001078,-22.9999928877688,9.5));
#6220=CARTESIAN_POINT('',(-38.1000000000206,-22.9999895009928,8.5));
#6221=CARTESIAN_POINT('Origin',(-35.0000000000384,-22.9999999999985,9.5));
#6222=CARTESIAN_POINT('Origin',(-35.0000000000384,-22.9999999999985,8.5));
#6223=CARTESIAN_POINT('Origin',(-37.5999999998883,-11.4999964438525,9.));
#6224=CARTESIAN_POINT('',(-37.1000000000315,-18.9999999999596,9.5));
#6225=CARTESIAN_POINT('',(-37.0999999998883,-11.499996443862,9.5));
#6226=CARTESIAN_POINT('',(-38.100000000033,-19.0808271443827,8.5));
#6227=CARTESIAN_POINT('',(-38.0999999998883,-11.4999964438429,8.5));
#6228=CARTESIAN_POINT('',(-38.100000000033,-19.0808271443827,8.5));
#6229=CARTESIAN_POINT('Origin',(-39.0723675727806,-9.99179156837385,9.));
#6230=CARTESIAN_POINT('',(-39.9350937614721,-7.80302525840816,8.5));
#6231=CARTESIAN_POINT('',(-39.5658769489261,-10.0720940942147,8.5));
#6232=CARTESIAN_POINT('',(-38.948075009181,-7.64242020672647,9.5));
#6233=CARTESIAN_POINT('',(-39.9350937614721,-7.80302525840816,8.5));
#6234=CARTESIAN_POINT('',(-38.578858196635,-9.911489042533,9.5));
#6235=CARTESIAN_POINT('Origin',(-35.0000000000165,-6.99999999999969,9.));
#6236=CARTESIAN_POINT('',(-39.9991656103182,-6.90865887685646,8.5));
#6237=CARTESIAN_POINT('',(-38.9993324882579,-6.92692710148511,9.5));
#6238=CARTESIAN_POINT('',(-39.9991656103182,-6.90865887685646,8.5));
#6239=CARTESIAN_POINT('Origin',(-35.0000000000165,-6.99999999999969,9.5));
#6240=CARTESIAN_POINT('Origin',(-35.0000000000165,-6.99999999999969,8.5));
#6241=CARTESIAN_POINT('Origin',(-39.4353209330605,-3.41896103727704,9.));
#6242=CARTESIAN_POINT('',(-38.9726560896792,-5.4669085491431,9.5));
#6243=CARTESIAN_POINT('',(-38.9354043720303,-3.42809514959139,9.5));
#6244=CARTESIAN_POINT('',(-39.9736573666589,-5.51257428655821,8.5));
#6245=CARTESIAN_POINT('',(-39.9352374940907,-3.4098269249627,8.5));
#6246=CARTESIAN_POINT('Ctrl Pts',(-39.9736573666589,-5.51257428655822,8.5));
#6247=CARTESIAN_POINT('Ctrl Pts',(-39.6413042416374,-5.49853631972104,8.83204121388522));
#6248=CARTESIAN_POINT('Ctrl Pts',(-39.30501804041,-5.48332803893929,9.16799346807467));
#6249=CARTESIAN_POINT('Ctrl Pts',(-38.9726560896792,-5.46690854914313,9.5));
#6250=CARTESIAN_POINT('Origin',(-35.0000000000162,-4.99999999999996,9.));
#6251=CARTESIAN_POINT('',(-31.0089423731069,-5.26731819745332,9.5));
#6252=CARTESIAN_POINT('Origin',(-35.0000000000162,-4.99999999999996,9.5));
#6253=CARTESIAN_POINT('',(-30.0087791149069,-5.29616562266543,8.5));
#6254=CARTESIAN_POINT('Origin',(-35.0000000000162,-4.99999999999996,8.5));
#6255=CARTESIAN_POINT('Ctrl Pts',(-30.0087791149069,-5.29616562266549,8.5));
#6256=CARTESIAN_POINT('Ctrl Pts',(-30.3408495366173,-5.28718495642844,8.83201931775524));
#6257=CARTESIAN_POINT('Ctrl Pts',(-30.6768455401487,-5.27756452926553,9.16796084274975));
#6258=CARTESIAN_POINT('Ctrl Pts',(-31.0089423731069,-5.2673181974534,9.5));
#6259=CARTESIAN_POINT('Origin',(-30.5226768077,-2.62077332868881,9.));
#6260=CARTESIAN_POINT('',(-30.0000673938854,-6.97403975836792,8.5));
#6261=CARTESIAN_POINT('',(-30.0226835470869,-2.61817730452561,8.5));
#6262=CARTESIAN_POINT('',(-31.0000539151116,-6.97923180669432,9.5));
#6263=CARTESIAN_POINT('',(-30.0000673938854,-6.97403975836792,8.5));
#6264=CARTESIAN_POINT('',(-31.0226700683131,-2.623369352852,9.5));
#6265=CARTESIAN_POINT('Origin',(-35.0000000000165,-6.99999999999969,9.));
#6266=CARTESIAN_POINT('',(-30.0649061261841,-7.80302456778176,8.5));
#6267=CARTESIAN_POINT('',(-31.0519249009519,-7.64241965422513,9.5));
#6268=CARTESIAN_POINT('',(-30.0649061261841,-7.80302456778176,8.5));
#6269=CARTESIAN_POINT('Origin',(-35.0000000000165,-6.99999999999969,9.5));
#6270=CARTESIAN_POINT('Origin',(-35.0000000000165,-6.99999999999969,8.5));
#6271=CARTESIAN_POINT('Origin',(-30.0035952861735,-4.31300089477447,9.));
#6272=CARTESIAN_POINT('',(-30.4971046735597,-4.23269843801409,9.5));
#6273=CARTESIAN_POINT('',(-29.5100858987874,-4.39330335153486,8.5));
#6274=CARTESIAN_POINT('Origin',(-35.0000000000162,-4.99999999999996,0.));
#6275=CARTESIAN_POINT('',(-31.0089423731069,-5.26731819745332,12.));
#6276=CARTESIAN_POINT('',(-31.0089423731069,-5.26731819745332,0.));
#6277=CARTESIAN_POINT('',(-38.9726560896792,-5.4669085491431,12.));
#6278=CARTESIAN_POINT('Origin',(-35.0000000000162,-4.99999999999996,12.));
#6279=CARTESIAN_POINT('',(-38.9726560896792,-5.4669085491431,0.));
#6280=CARTESIAN_POINT('Origin',(-31.0089423731069,-5.26731819745332,0.));
#6281=CARTESIAN_POINT('',(-31.0000539151116,-6.97923180669432,12.));
#6282=CARTESIAN_POINT('',(-31.0000539151116,-6.97923180669432,0.));
#6283=CARTESIAN_POINT('',(-31.0119333704921,-4.69125324540197,12.));
#6284=CARTESIAN_POINT('Origin',(-35.0000000000165,-6.99999999999969,0.));
#6285=CARTESIAN_POINT('',(-31.0519249009519,-7.64241965422513,12.));
#6286=CARTESIAN_POINT('',(-31.0519249009519,-7.64241965422513,0.));
#6287=CARTESIAN_POINT('Origin',(-35.0000000000165,-6.99999999999969,12.));
#6288=CARTESIAN_POINT('Origin',(-31.0519249009519,-7.64241965422513,0.));
#6289=CARTESIAN_POINT('',(-32.8999999995886,-19.0000100265002,12.));
#6290=CARTESIAN_POINT('',(-32.8999999995886,-19.0000100265002,0.));
#6291=CARTESIAN_POINT('',(-32.8999999995886,-19.0000100265002,12.));
#6292=CARTESIAN_POINT('Origin',(-32.8999999995886,-19.0000100265002,0.));
#6293=CARTESIAN_POINT('',(-32.9000000000384,-22.9999999999985,12.));
#6294=CARTESIAN_POINT('',(-32.9000000000384,-22.9999999999985,0.));
#6295=CARTESIAN_POINT('',(-32.8999999995886,-19.0000100265002,12.));
#6296=CARTESIAN_POINT('Origin',(-34.9999999999887,4.65849581132716E-12,
8.5));
#6297=CARTESIAN_POINT('',(-42.,19.0000000000002,8.5));
#6298=CARTESIAN_POINT('',(-28.0000000000001,19.0000000000002,8.5));
#6299=CARTESIAN_POINT('',(-38.4999999999944,19.0000000000002,8.5));
#6300=CARTESIAN_POINT('',(-28.0000000000001,-28.9999999999999,8.5));
#6301=CARTESIAN_POINT('',(-28.0000000000001,-14.4999999999976,8.5));
#6302=CARTESIAN_POINT('',(-41.9999999999999,-28.9999999999999,8.5));
#6303=CARTESIAN_POINT('',(-38.4999999999943,-28.9999999999999,8.5));
#6304=CARTESIAN_POINT('',(-42.,14.5000000000024,8.5));
#6305=CARTESIAN_POINT('Origin',(-31.9999999999974,21.,0.));
#6306=CARTESIAN_POINT('',(-35.4999999999974,21.,12.));
#6307=CARTESIAN_POINT('',(-35.4999999999974,21.,0.));
#6308=CARTESIAN_POINT('',(-37.9999999999974,21.,12.));
#6309=CARTESIAN_POINT('Origin',(-35.4999999999974,24.5,0.));
#6310=CARTESIAN_POINT('',(-37.9999999999974,24.5,12.));
#6311=CARTESIAN_POINT('Origin',(-35.4999999999974,24.5,12.));
#6312=CARTESIAN_POINT('',(-37.9999999999974,24.5,0.));
#6313=CARTESIAN_POINT('Origin',(-35.4999999999974,23.5,0.));
#6314=CARTESIAN_POINT('',(-37.9999999999974,23.5,12.));
#6315=CARTESIAN_POINT('',(-37.9999999999974,23.5,0.));
#6316=CARTESIAN_POINT('Origin',(-35.4999999999974,23.5,12.));
#6317=CARTESIAN_POINT('Origin',(-37.9999999999974,21.,0.));
#6318=CARTESIAN_POINT('',(-37.9999999999974,27.,12.));
#6319=CARTESIAN_POINT('Origin',(-42.,19.0000000000002,0.));
#6320=CARTESIAN_POINT('',(-28.0000000000001,19.0000000000002,0.));
#6321=CARTESIAN_POINT('',(-42.,19.0000000000002,0.));
#6322=CARTESIAN_POINT('Origin',(-35.0000000000384,-22.9999999999985,0.));
#6323=CARTESIAN_POINT('',(-37.1000000001078,-22.9999928877688,12.));
#6324=CARTESIAN_POINT('',(-37.1000000001078,-22.9999928877688,0.));
#6325=CARTESIAN_POINT('Origin',(-35.0000000000384,-22.9999999999985,12.));
#6326=CARTESIAN_POINT('Origin',(-41.9999999999999,-28.9999999999999,0.));
#6327=CARTESIAN_POINT('',(-28.0000000000001,-28.9999999999999,12.));
#6328=CARTESIAN_POINT('',(-28.0000000000001,-28.9999999999999,0.));
#6329=CARTESIAN_POINT('',(-41.9999999999999,-28.9999999999999,12.));
#6330=CARTESIAN_POINT('',(-28.0000000000001,-28.9999999999999,12.));
#6331=CARTESIAN_POINT('',(-41.9999999999999,-28.9999999999999,0.));
#6332=CARTESIAN_POINT('Origin',(-28.0000000000001,-28.9999999999999,0.));
#6333=CARTESIAN_POINT('',(-28.0000000000001,29.0000000000001,12.));
#6334=CARTESIAN_POINT('',(-28.0000000000001,29.0000000000001,0.));
#6335=CARTESIAN_POINT('',(-28.0000000000001,29.0000000000001,12.));
#6336=CARTESIAN_POINT('Origin',(-38.9993324882579,-6.92692710148511,0.));
#6337=CARTESIAN_POINT('',(-38.9993324882579,-6.92692710148511,12.));
#6338=CARTESIAN_POINT('',(-38.9726560896792,-5.4669085491431,12.));
#6339=CARTESIAN_POINT('',(-38.9993324882579,-6.92692710148511,0.));
#6340=CARTESIAN_POINT('Origin',(-35.0000000000165,-6.99999999999969,0.));
#6341=CARTESIAN_POINT('',(-38.948075009181,-7.64242020672647,12.));
#6342=CARTESIAN_POINT('Origin',(-35.0000000000165,-6.99999999999969,12.));
#6343=CARTESIAN_POINT('',(-38.948075009181,-7.64242020672647,0.));
#6344=CARTESIAN_POINT('Origin',(-37.1000000000315,-18.9999999999596,0.));
#6345=CARTESIAN_POINT('',(-37.1000000000315,-18.9999999999596,12.));
#6346=CARTESIAN_POINT('',(-37.1000000000315,-18.9999999999596,12.));
#6347=CARTESIAN_POINT('',(-37.1000000000315,-18.9999999999596,0.));
#6348=CARTESIAN_POINT('Origin',(-37.1000000001078,-22.9999928877688,0.));
#6349=CARTESIAN_POINT('',(-37.1000000001078,-22.9999928877688,12.));
#6350=CARTESIAN_POINT('Origin',(-42.0000000000001,29.0000000000001,0.));
#6351=CARTESIAN_POINT('',(-42.0000000000001,29.0000000000001,12.));
#6352=CARTESIAN_POINT('',(-42.,19.0000000000002,12.));
#6353=CARTESIAN_POINT('',(-42.0000000000001,29.0000000000001,0.));
#6354=CARTESIAN_POINT('Origin',(-28.0000000000001,29.0000000000001,0.));
#6355=CARTESIAN_POINT('',(-28.0000000000001,29.0000000000001,12.));
#6356=CARTESIAN_POINT('Origin',(-34.9999999999887,4.65849581132716E-12,
12.));
#6357=UNCERTAINTY_MEASURE_WITH_UNIT(LENGTH_MEASURE(0.01),#6361,
'DISTANCE_ACCURACY_VALUE',
'Maximum model space distance between geometric entities at asserted c
onnectivities');
#6358=UNCERTAINTY_MEASURE_WITH_UNIT(LENGTH_MEASURE(0.01),#6361,
'DISTANCE_ACCURACY_VALUE',
'Maximum model space distance between geometric entities at asserted c
onnectivities');
#6359=(
GEOMETRIC_REPRESENTATION_CONTEXT(3)
GLOBAL_UNCERTAINTY_ASSIGNED_CONTEXT((#6357))
GLOBAL_UNIT_ASSIGNED_CONTEXT((#6361,#6363,#6364))
REPRESENTATION_CONTEXT('','3D')
);
#6360=(
GEOMETRIC_REPRESENTATION_CONTEXT(3)
GLOBAL_UNCERTAINTY_ASSIGNED_CONTEXT((#6358))
GLOBAL_UNIT_ASSIGNED_CONTEXT((#6361,#6363,#6364))
REPRESENTATION_CONTEXT('','3D')
);
#6361=(
LENGTH_UNIT()
NAMED_UNIT(*)
SI_UNIT(.MILLI.,.METRE.)
);
#6362=(
LENGTH_UNIT()
NAMED_UNIT(*)
SI_UNIT($,.METRE.)
);
#6363=(
NAMED_UNIT(*)
PLANE_ANGLE_UNIT()
SI_UNIT($,.RADIAN.)
);
#6364=(
NAMED_UNIT(*)
SI_UNIT($,.STERADIAN.)
SOLID_ANGLE_UNIT()
);
#6365=SHAPE_DEFINITION_REPRESENTATION(#6366,#6367);
#6366=PRODUCT_DEFINITION_SHAPE('',$,#6369);
#6367=SHAPE_REPRESENTATION('',(#3899),#6359);
#6368=PRODUCT_DEFINITION_CONTEXT('part definition',#6373,'design');
#6369=PRODUCT_DEFINITION('tool change neck','tool change neck v13',#6370,
#6368);
#6370=PRODUCT_DEFINITION_FORMATION('',$,#6375);
#6371=PRODUCT_RELATED_PRODUCT_CATEGORY('tool change neck v13',
'tool change neck v13',(#6375));
#6372=APPLICATION_PROTOCOL_DEFINITION('international standard',
'automotive_design',2009,#6373);
#6373=APPLICATION_CONTEXT(
'Core Data for Automotive Mechanical Design Process');
#6374=PRODUCT_CONTEXT('part definition',#6373,'mechanical');
#6375=PRODUCT('tool change neck','tool change neck v13',$,(#6374));
#6376=PRESENTATION_STYLE_ASSIGNMENT((#6377));
#6377=SURFACE_STYLE_USAGE(.BOTH.,#6378);
#6378=SURFACE_SIDE_STYLE('',(#6379));
#6379=SURFACE_STYLE_FILL_AREA(#6380);
#6380=FILL_AREA_STYLE('Steel - Satin',(#6381));
#6381=FILL_AREA_STYLE_COLOUR('Steel - Satin',#6382);
#6382=COLOUR_RGB('Steel - Satin',0.627450980392157,0.627450980392157,0.627450980392157);
ENDSEC;
END-ISO-10303-21;
