ISO-10303-21;
HEADER;
/* Generated by software containing ST-Developer
 * from STEP Tools, Inc. (www.steptools.com) 
 */

FILE_DESCRIPTION(
/* description */ (''),
/* implementation_level */ '2;1');

FILE_NAME(
/* name */ 'Gripper Hands.step',
/* time_stamp */ '2026-08-04T21:43:28+02:00',
/* author */ (''),
/* organization */ (''),
/* preprocessor_version */ 'ST-DEVELOPER v20.1',
/* originating_system */ 'Autodesk Translation Framework v15.8.0.0',
/* authorisation */ '');

FILE_SCHEMA (('AUTOMOTIVE_DESIGN { 1 0 10303 214 3 1 1 }'));
ENDSEC;

DATA;
#10=MECHANICAL_DESIGN_GEOMETRIC_PRESENTATION_REPRESENTATION('',(#13,#14),
#2470);
#11=SHAPE_REPRESENTATION_RELATIONSHIP('SRR','None',#2477,#12);
#12=ADVANCED_BREP_SHAPE_REPRESENTATION('',(#15,#16),#2469);
#13=STYLED_ITEM('',(#2486),#15);
#14=STYLED_ITEM('',(#2486),#16);
#15=MANIFOLD_SOLID_BREP('Body11',#1441);
#16=MANIFOLD_SOLID_BREP('Body15',#1442);
#17=FACE_BOUND('',#171,.T.);
#18=FACE_BOUND('',#172,.T.);
#19=FACE_BOUND('',#173,.T.);
#20=FACE_BOUND('',#174,.T.);
#21=FACE_BOUND('',#175,.T.);
#22=FACE_BOUND('',#176,.T.);
#23=FACE_BOUND('',#177,.T.);
#24=FACE_BOUND('',#200,.T.);
#25=FACE_BOUND('',#201,.T.);
#26=FACE_BOUND('',#202,.T.);
#27=FACE_BOUND('',#203,.T.);
#28=FACE_BOUND('',#204,.T.);
#29=FACE_BOUND('',#205,.T.);
#30=FACE_BOUND('',#206,.T.);
#31=FACE_BOUND('',#221,.T.);
#32=FACE_BOUND('',#222,.T.);
#33=FACE_BOUND('',#223,.T.);
#34=FACE_BOUND('',#224,.T.);
#35=FACE_BOUND('',#225,.T.);
#36=FACE_BOUND('',#226,.T.);
#37=FACE_BOUND('',#227,.T.);
#38=FACE_BOUND('',#250,.T.);
#39=FACE_BOUND('',#251,.T.);
#40=FACE_BOUND('',#252,.T.);
#41=FACE_BOUND('',#253,.T.);
#42=FACE_BOUND('',#254,.T.);
#43=FACE_BOUND('',#255,.T.);
#44=FACE_BOUND('',#256,.T.);
#45=B_SPLINE_CURVE_WITH_KNOTS('',3,(#2116,#2117,#2118,#2119,#2120,#2121,
#2122,#2123,#2124,#2125,#2126,#2127,#2128,#2129,#2130,#2131),
 .UNSPECIFIED.,.F.,.F.,(4,2,2,2,2,2,2,4),(1.76212436552703,1.77572176237449,
2.05448334531802,2.19848138269827,2.34247942007851,2.50533965477436,2.66819988947021,
2.72556430349985),.UNSPECIFIED.);
#46=B_SPLINE_CURVE_WITH_KNOTS('',3,(#2134,#2135,#2136,#2137),
 .UNSPECIFIED.,.F.,.F.,(4,4),(2.92759293892607,3.02690759980932),
 .UNSPECIFIED.);
#47=B_SPLINE_CURVE_WITH_KNOTS('',3,(#2340,#2341,#2342,#2343),
 .UNSPECIFIED.,.F.,.F.,(4,4),(2.92759293892607,3.02690759980932),
 .UNSPECIFIED.);
#48=B_SPLINE_CURVE_WITH_KNOTS('',3,(#2346,#2347,#2348,#2349,#2350,#2351,
#2352,#2353,#2354,#2355,#2356,#2357,#2358,#2359,#2360,#2361),
 .UNSPECIFIED.,.F.,.F.,(4,2,2,2,2,2,2,4),(1.76212436552703,1.77572176237449,
2.05448334531802,2.19848138269827,2.34247942007851,2.50533965477436,2.66819988947021,
2.72556430349985),.UNSPECIFIED.);
#49=PLANE('',#1459);
#50=PLANE('',#1463);
#51=PLANE('',#1467);
#52=PLANE('',#1468);
#53=PLANE('',#1472);
#54=PLANE('',#1477);
#55=PLANE('',#1478);
#56=PLANE('',#1481);
#57=PLANE('',#1500);
#58=PLANE('',#1511);
#59=PLANE('',#1516);
#60=PLANE('',#1517);
#61=PLANE('',#1518);
#62=PLANE('',#1519);
#63=PLANE('',#1520);
#64=PLANE('',#1523);
#65=PLANE('',#1526);
#66=PLANE('',#1527);
#67=PLANE('',#1531);
#68=PLANE('',#1535);
#69=PLANE('',#1539);
#70=PLANE('',#1540);
#71=PLANE('',#1544);
#72=PLANE('',#1549);
#73=PLANE('',#1550);
#74=PLANE('',#1553);
#75=PLANE('',#1572);
#76=PLANE('',#1583);
#77=PLANE('',#1588);
#78=PLANE('',#1589);
#79=PLANE('',#1590);
#80=PLANE('',#1591);
#81=PLANE('',#1592);
#82=PLANE('',#1595);
#83=PLANE('',#1598);
#84=PLANE('',#1599);
#85=FACE_OUTER_BOUND('',#157,.T.);
#86=FACE_OUTER_BOUND('',#158,.T.);
#87=FACE_OUTER_BOUND('',#159,.T.);
#88=FACE_OUTER_BOUND('',#160,.T.);
#89=FACE_OUTER_BOUND('',#161,.T.);
#90=FACE_OUTER_BOUND('',#162,.T.);
#91=FACE_OUTER_BOUND('',#163,.T.);
#92=FACE_OUTER_BOUND('',#164,.T.);
#93=FACE_OUTER_BOUND('',#165,.T.);
#94=FACE_OUTER_BOUND('',#166,.T.);
#95=FACE_OUTER_BOUND('',#167,.T.);
#96=FACE_OUTER_BOUND('',#168,.T.);
#97=FACE_OUTER_BOUND('',#169,.T.);
#98=FACE_OUTER_BOUND('',#170,.T.);
#99=FACE_OUTER_BOUND('',#178,.T.);
#100=FACE_OUTER_BOUND('',#179,.T.);
#101=FACE_OUTER_BOUND('',#180,.T.);
#102=FACE_OUTER_BOUND('',#181,.T.);
#103=FACE_OUTER_BOUND('',#182,.T.);
#104=FACE_OUTER_BOUND('',#183,.T.);
#105=FACE_OUTER_BOUND('',#184,.T.);
#106=FACE_OUTER_BOUND('',#185,.T.);
#107=FACE_OUTER_BOUND('',#186,.T.);
#108=FACE_OUTER_BOUND('',#187,.T.);
#109=FACE_OUTER_BOUND('',#188,.T.);
#110=FACE_OUTER_BOUND('',#189,.T.);
#111=FACE_OUTER_BOUND('',#190,.T.);
#112=FACE_OUTER_BOUND('',#191,.T.);
#113=FACE_OUTER_BOUND('',#192,.T.);
#114=FACE_OUTER_BOUND('',#193,.T.);
#115=FACE_OUTER_BOUND('',#194,.T.);
#116=FACE_OUTER_BOUND('',#195,.T.);
#117=FACE_OUTER_BOUND('',#196,.T.);
#118=FACE_OUTER_BOUND('',#197,.T.);
#119=FACE_OUTER_BOUND('',#198,.T.);
#120=FACE_OUTER_BOUND('',#199,.T.);
#121=FACE_OUTER_BOUND('',#207,.T.);
#122=FACE_OUTER_BOUND('',#208,.T.);
#123=FACE_OUTER_BOUND('',#209,.T.);
#124=FACE_OUTER_BOUND('',#210,.T.);
#125=FACE_OUTER_BOUND('',#211,.T.);
#126=FACE_OUTER_BOUND('',#212,.T.);
#127=FACE_OUTER_BOUND('',#213,.T.);
#128=FACE_OUTER_BOUND('',#214,.T.);
#129=FACE_OUTER_BOUND('',#215,.T.);
#130=FACE_OUTER_BOUND('',#216,.T.);
#131=FACE_OUTER_BOUND('',#217,.T.);
#132=FACE_OUTER_BOUND('',#218,.T.);
#133=FACE_OUTER_BOUND('',#219,.T.);
#134=FACE_OUTER_BOUND('',#220,.T.);
#135=FACE_OUTER_BOUND('',#228,.T.);
#136=FACE_OUTER_BOUND('',#229,.T.);
#137=FACE_OUTER_BOUND('',#230,.T.);
#138=FACE_OUTER_BOUND('',#231,.T.);
#139=FACE_OUTER_BOUND('',#232,.T.);
#140=FACE_OUTER_BOUND('',#233,.T.);
#141=FACE_OUTER_BOUND('',#234,.T.);
#142=FACE_OUTER_BOUND('',#235,.T.);
#143=FACE_OUTER_BOUND('',#236,.T.);
#144=FACE_OUTER_BOUND('',#237,.T.);
#145=FACE_OUTER_BOUND('',#238,.T.);
#146=FACE_OUTER_BOUND('',#239,.T.);
#147=FACE_OUTER_BOUND('',#240,.T.);
#148=FACE_OUTER_BOUND('',#241,.T.);
#149=FACE_OUTER_BOUND('',#242,.T.);
#150=FACE_OUTER_BOUND('',#243,.T.);
#151=FACE_OUTER_BOUND('',#244,.T.);
#152=FACE_OUTER_BOUND('',#245,.T.);
#153=FACE_OUTER_BOUND('',#246,.T.);
#154=FACE_OUTER_BOUND('',#247,.T.);
#155=FACE_OUTER_BOUND('',#248,.T.);
#156=FACE_OUTER_BOUND('',#249,.T.);
#157=EDGE_LOOP('',(#925,#926,#927,#928));
#158=EDGE_LOOP('',(#929,#930,#931,#932));
#159=EDGE_LOOP('',(#933,#934,#935,#936));
#160=EDGE_LOOP('',(#937,#938,#939,#940));
#161=EDGE_LOOP('',(#941,#942,#943,#944));
#162=EDGE_LOOP('',(#945,#946,#947,#948));
#163=EDGE_LOOP('',(#949,#950,#951,#952,#953,#954,#955,#956,#957,#958,#959));
#164=EDGE_LOOP('',(#960,#961,#962,#963));
#165=EDGE_LOOP('',(#964,#965,#966,#967,#968,#969,#970));
#166=EDGE_LOOP('',(#971,#972,#973,#974));
#167=EDGE_LOOP('',(#975,#976,#977,#978));
#168=EDGE_LOOP('',(#979,#980,#981,#982,#983,#984,#985));
#169=EDGE_LOOP('',(#986,#987,#988,#989,#990,#991));
#170=EDGE_LOOP('',(#992,#993,#994,#995,#996,#997,#998,#999,#1000,#1001));
#171=EDGE_LOOP('',(#1002));
#172=EDGE_LOOP('',(#1003));
#173=EDGE_LOOP('',(#1004,#1005,#1006));
#174=EDGE_LOOP('',(#1007));
#175=EDGE_LOOP('',(#1008,#1009,#1010));
#176=EDGE_LOOP('',(#1011));
#177=EDGE_LOOP('',(#1012));
#178=EDGE_LOOP('',(#1013,#1014,#1015,#1016,#1017));
#179=EDGE_LOOP('',(#1018,#1019,#1020,#1021));
#180=EDGE_LOOP('',(#1022,#1023,#1024,#1025));
#181=EDGE_LOOP('',(#1026,#1027,#1028,#1029));
#182=EDGE_LOOP('',(#1030,#1031,#1032,#1033));
#183=EDGE_LOOP('',(#1034,#1035,#1036,#1037));
#184=EDGE_LOOP('',(#1038,#1039,#1040,#1041));
#185=EDGE_LOOP('',(#1042,#1043,#1044,#1045));
#186=EDGE_LOOP('',(#1046,#1047,#1048,#1049));
#187=EDGE_LOOP('',(#1050,#1051,#1052,#1053));
#188=EDGE_LOOP('',(#1054,#1055,#1056,#1057));
#189=EDGE_LOOP('',(#1058,#1059,#1060,#1061));
#190=EDGE_LOOP('',(#1062,#1063,#1064,#1065));
#191=EDGE_LOOP('',(#1066,#1067,#1068,#1069));
#192=EDGE_LOOP('',(#1070,#1071,#1072,#1073));
#193=EDGE_LOOP('',(#1074,#1075,#1076,#1077));
#194=EDGE_LOOP('',(#1078,#1079,#1080,#1081));
#195=EDGE_LOOP('',(#1082,#1083,#1084,#1085));
#196=EDGE_LOOP('',(#1086,#1087,#1088,#1089));
#197=EDGE_LOOP('',(#1090,#1091,#1092,#1093,#1094));
#198=EDGE_LOOP('',(#1095,#1096,#1097,#1098));
#199=EDGE_LOOP('',(#1099,#1100,#1101,#1102,#1103,#1104,#1105,#1106,#1107,
#1108,#1109,#1110,#1111,#1112,#1113,#1114,#1115,#1116,#1117));
#200=EDGE_LOOP('',(#1118));
#201=EDGE_LOOP('',(#1119));
#202=EDGE_LOOP('',(#1120,#1121,#1122));
#203=EDGE_LOOP('',(#1123));
#204=EDGE_LOOP('',(#1124,#1125,#1126));
#205=EDGE_LOOP('',(#1127));
#206=EDGE_LOOP('',(#1128));
#207=EDGE_LOOP('',(#1129,#1130,#1131,#1132));
#208=EDGE_LOOP('',(#1133,#1134,#1135,#1136));
#209=EDGE_LOOP('',(#1137,#1138,#1139,#1140));
#210=EDGE_LOOP('',(#1141,#1142,#1143,#1144));
#211=EDGE_LOOP('',(#1145,#1146,#1147,#1148));
#212=EDGE_LOOP('',(#1149,#1150,#1151,#1152));
#213=EDGE_LOOP('',(#1153,#1154,#1155,#1156,#1157,#1158,#1159,#1160,#1161,
#1162,#1163));
#214=EDGE_LOOP('',(#1164,#1165,#1166,#1167));
#215=EDGE_LOOP('',(#1168,#1169,#1170,#1171,#1172,#1173,#1174));
#216=EDGE_LOOP('',(#1175,#1176,#1177,#1178));
#217=EDGE_LOOP('',(#1179,#1180,#1181,#1182));
#218=EDGE_LOOP('',(#1183,#1184,#1185,#1186,#1187,#1188,#1189));
#219=EDGE_LOOP('',(#1190,#1191,#1192,#1193,#1194,#1195));
#220=EDGE_LOOP('',(#1196,#1197,#1198,#1199,#1200,#1201,#1202,#1203,#1204,
#1205));
#221=EDGE_LOOP('',(#1206));
#222=EDGE_LOOP('',(#1207));
#223=EDGE_LOOP('',(#1208,#1209,#1210));
#224=EDGE_LOOP('',(#1211));
#225=EDGE_LOOP('',(#1212,#1213,#1214));
#226=EDGE_LOOP('',(#1215));
#227=EDGE_LOOP('',(#1216));
#228=EDGE_LOOP('',(#1217,#1218,#1219,#1220,#1221));
#229=EDGE_LOOP('',(#1222,#1223,#1224,#1225));
#230=EDGE_LOOP('',(#1226,#1227,#1228,#1229));
#231=EDGE_LOOP('',(#1230,#1231,#1232,#1233));
#232=EDGE_LOOP('',(#1234,#1235,#1236,#1237));
#233=EDGE_LOOP('',(#1238,#1239,#1240,#1241));
#234=EDGE_LOOP('',(#1242,#1243,#1244,#1245));
#235=EDGE_LOOP('',(#1246,#1247,#1248,#1249));
#236=EDGE_LOOP('',(#1250,#1251,#1252,#1253));
#237=EDGE_LOOP('',(#1254,#1255,#1256,#1257));
#238=EDGE_LOOP('',(#1258,#1259,#1260,#1261));
#239=EDGE_LOOP('',(#1262,#1263,#1264,#1265));
#240=EDGE_LOOP('',(#1266,#1267,#1268,#1269));
#241=EDGE_LOOP('',(#1270,#1271,#1272,#1273));
#242=EDGE_LOOP('',(#1274,#1275,#1276,#1277));
#243=EDGE_LOOP('',(#1278,#1279,#1280,#1281));
#244=EDGE_LOOP('',(#1282,#1283,#1284,#1285));
#245=EDGE_LOOP('',(#1286,#1287,#1288,#1289));
#246=EDGE_LOOP('',(#1290,#1291,#1292,#1293));
#247=EDGE_LOOP('',(#1294,#1295,#1296,#1297,#1298));
#248=EDGE_LOOP('',(#1299,#1300,#1301,#1302));
#249=EDGE_LOOP('',(#1303,#1304,#1305,#1306,#1307,#1308,#1309,#1310,#1311,
#1312,#1313,#1314,#1315,#1316,#1317,#1318,#1319,#1320,#1321));
#250=EDGE_LOOP('',(#1322));
#251=EDGE_LOOP('',(#1323));
#252=EDGE_LOOP('',(#1324,#1325,#1326));
#253=EDGE_LOOP('',(#1327));
#254=EDGE_LOOP('',(#1328,#1329,#1330));
#255=EDGE_LOOP('',(#1331));
#256=EDGE_LOOP('',(#1332));
#257=LINE('',#2024,#385);
#258=LINE('',#2027,#386);
#259=LINE('',#2030,#387);
#260=LINE('',#2032,#388);
#261=LINE('',#2033,#389);
#262=LINE('',#2039,#390);
#263=LINE('',#2042,#391);
#264=LINE('',#2045,#392);
#265=LINE('',#2047,#393);
#266=LINE('',#2048,#394);
#267=LINE('',#2054,#395);
#268=LINE('',#2057,#396);
#269=LINE('',#2060,#397);
#270=LINE('',#2062,#398);
#271=LINE('',#2063,#399);
#272=LINE('',#2066,#400);
#273=LINE('',#2068,#401);
#274=LINE('',#2070,#402);
#275=LINE('',#2072,#403);
#276=LINE('',#2074,#404);
#277=LINE('',#2076,#405);
#278=LINE('',#2078,#406);
#279=LINE('',#2081,#407);
#280=LINE('',#2086,#408);
#281=LINE('',#2087,#409);
#282=LINE('',#2092,#410);
#283=LINE('',#2096,#411);
#284=LINE('',#2097,#412);
#285=LINE('',#2101,#413);
#286=LINE('',#2104,#414);
#287=LINE('',#2105,#415);
#288=LINE('',#2108,#416);
#289=LINE('',#2110,#417);
#290=LINE('',#2112,#418);
#291=LINE('',#2133,#419);
#292=LINE('',#2141,#420);
#293=LINE('',#2144,#421);
#294=LINE('',#2154,#422);
#295=LINE('',#2160,#423);
#296=LINE('',#2173,#424);
#297=LINE('',#2177,#425);
#298=LINE('',#2180,#426);
#299=LINE('',#2182,#427);
#300=LINE('',#2183,#428);
#301=LINE('',#2187,#429);
#302=LINE('',#2193,#430);
#303=LINE('',#2196,#431);
#304=LINE('',#2199,#432);
#305=LINE('',#2203,#433);
#306=LINE('',#2205,#434);
#307=LINE('',#2209,#435);
#308=LINE('',#2213,#436);
#309=LINE('',#2216,#437);
#310=LINE('',#2217,#438);
#311=LINE('',#2220,#439);
#312=LINE('',#2221,#440);
#313=LINE('',#2224,#441);
#314=LINE('',#2225,#442);
#315=LINE('',#2227,#443);
#316=LINE('',#2230,#444);
#317=LINE('',#2231,#445);
#318=LINE('',#2236,#446);
#319=LINE('',#2237,#447);
#320=LINE('',#2241,#448);
#321=LINE('',#2248,#449);
#322=LINE('',#2251,#450);
#323=LINE('',#2254,#451);
#324=LINE('',#2256,#452);
#325=LINE('',#2257,#453);
#326=LINE('',#2263,#454);
#327=LINE('',#2266,#455);
#328=LINE('',#2269,#456);
#329=LINE('',#2271,#457);
#330=LINE('',#2272,#458);
#331=LINE('',#2278,#459);
#332=LINE('',#2281,#460);
#333=LINE('',#2284,#461);
#334=LINE('',#2286,#462);
#335=LINE('',#2287,#463);
#336=LINE('',#2290,#464);
#337=LINE('',#2294,#465);
#338=LINE('',#2296,#466);
#339=LINE('',#2298,#467);
#340=LINE('',#2300,#468);
#341=LINE('',#2302,#469);
#342=LINE('',#2304,#470);
#343=LINE('',#2305,#471);
#344=LINE('',#2310,#472);
#345=LINE('',#2311,#473);
#346=LINE('',#2314,#474);
#347=LINE('',#2316,#475);
#348=LINE('',#2320,#476);
#349=LINE('',#2324,#477);
#350=LINE('',#2328,#478);
#351=LINE('',#2329,#479);
#352=LINE('',#2334,#480);
#353=LINE('',#2336,#481);
#354=LINE('',#2337,#482);
#355=LINE('',#2345,#483);
#356=LINE('',#2365,#484);
#357=LINE('',#2368,#485);
#358=LINE('',#2379,#486);
#359=LINE('',#2384,#487);
#360=LINE('',#2397,#488);
#361=LINE('',#2401,#489);
#362=LINE('',#2404,#490);
#363=LINE('',#2406,#491);
#364=LINE('',#2407,#492);
#365=LINE('',#2410,#493);
#366=LINE('',#2417,#494);
#367=LINE('',#2420,#495);
#368=LINE('',#2423,#496);
#369=LINE('',#2426,#497);
#370=LINE('',#2429,#498);
#371=LINE('',#2433,#499);
#372=LINE('',#2437,#500);
#373=LINE('',#2440,#501);
#374=LINE('',#2441,#502);
#375=LINE('',#2444,#503);
#376=LINE('',#2445,#504);
#377=LINE('',#2448,#505);
#378=LINE('',#2449,#506);
#379=LINE('',#2451,#507);
#380=LINE('',#2454,#508);
#381=LINE('',#2455,#509);
#382=LINE('',#2460,#510);
#383=LINE('',#2461,#511);
#384=LINE('',#2465,#512);
#385=VECTOR('',#1606,10.);
#386=VECTOR('',#1609,10.);
#387=VECTOR('',#1612,10.);
#388=VECTOR('',#1613,10.);
#389=VECTOR('',#1614,10.);
#390=VECTOR('',#1619,10.);
#391=VECTOR('',#1622,10.);
#392=VECTOR('',#1625,10.);
#393=VECTOR('',#1626,10.);
#394=VECTOR('',#1627,10.);
#395=VECTOR('',#1632,10.);
#396=VECTOR('',#1635,10.);
#397=VECTOR('',#1638,10.);
#398=VECTOR('',#1639,10.);
#399=VECTOR('',#1640,10.);
#400=VECTOR('',#1643,10.);
#401=VECTOR('',#1644,10.);
#402=VECTOR('',#1645,10.);
#403=VECTOR('',#1646,10.);
#404=VECTOR('',#1647,10.);
#405=VECTOR('',#1648,10.);
#406=VECTOR('',#1649,10.);
#407=VECTOR('',#1652,10.);
#408=VECTOR('',#1657,10.);
#409=VECTOR('',#1658,10.);
#410=VECTOR('',#1663,10.);
#411=VECTOR('',#1666,10.);
#412=VECTOR('',#1667,10.);
#413=VECTOR('',#1672,10.);
#414=VECTOR('',#1675,10.);
#415=VECTOR('',#1676,10.);
#416=VECTOR('',#1679,10.);
#417=VECTOR('',#1680,10.);
#418=VECTOR('',#1681,10.);
#419=VECTOR('',#1686,10.);
#420=VECTOR('',#1691,10.);
#421=VECTOR('',#1694,10.);
#422=VECTOR('',#1703,10.);
#423=VECTOR('',#1708,10.);
#424=VECTOR('',#1725,1.);
#425=VECTOR('',#1730,4.);
#426=VECTOR('',#1733,10.);
#427=VECTOR('',#1734,10.);
#428=VECTOR('',#1735,10.);
#429=VECTOR('',#1740,10.);
#430=VECTOR('',#1749,1.);
#431=VECTOR('',#1752,10.);
#432=VECTOR('',#1755,10.);
#433=VECTOR('',#1760,10.);
#434=VECTOR('',#1763,10.);
#435=VECTOR('',#1768,1.);
#436=VECTOR('',#1773,1.);
#437=VECTOR('',#1776,10.);
#438=VECTOR('',#1777,10.);
#439=VECTOR('',#1780,10.);
#440=VECTOR('',#1781,10.);
#441=VECTOR('',#1784,10.);
#442=VECTOR('',#1785,10.);
#443=VECTOR('',#1788,10.);
#444=VECTOR('',#1791,10.);
#445=VECTOR('',#1792,10.);
#446=VECTOR('',#1799,10.);
#447=VECTOR('',#1800,10.);
#448=VECTOR('',#1807,10.);
#449=VECTOR('',#1814,10.);
#450=VECTOR('',#1817,10.);
#451=VECTOR('',#1820,10.);
#452=VECTOR('',#1821,10.);
#453=VECTOR('',#1822,10.);
#454=VECTOR('',#1827,10.);
#455=VECTOR('',#1830,10.);
#456=VECTOR('',#1833,10.);
#457=VECTOR('',#1834,10.);
#458=VECTOR('',#1835,10.);
#459=VECTOR('',#1840,10.);
#460=VECTOR('',#1843,10.);
#461=VECTOR('',#1846,10.);
#462=VECTOR('',#1847,10.);
#463=VECTOR('',#1848,10.);
#464=VECTOR('',#1851,10.);
#465=VECTOR('',#1854,10.);
#466=VECTOR('',#1855,10.);
#467=VECTOR('',#1856,10.);
#468=VECTOR('',#1857,10.);
#469=VECTOR('',#1858,10.);
#470=VECTOR('',#1859,10.);
#471=VECTOR('',#1860,10.);
#472=VECTOR('',#1865,10.);
#473=VECTOR('',#1866,10.);
#474=VECTOR('',#1869,10.);
#475=VECTOR('',#1870,10.);
#476=VECTOR('',#1873,10.);
#477=VECTOR('',#1878,10.);
#478=VECTOR('',#1883,10.);
#479=VECTOR('',#1884,10.);
#480=VECTOR('',#1889,10.);
#481=VECTOR('',#1890,10.);
#482=VECTOR('',#1891,10.);
#483=VECTOR('',#1894,10.);
#484=VECTOR('',#1899,10.);
#485=VECTOR('',#1902,10.);
#486=VECTOR('',#1913,10.);
#487=VECTOR('',#1916,10.);
#488=VECTOR('',#1933,1.);
#489=VECTOR('',#1938,4.);
#490=VECTOR('',#1941,10.);
#491=VECTOR('',#1942,10.);
#492=VECTOR('',#1943,10.);
#493=VECTOR('',#1946,10.);
#494=VECTOR('',#1957,1.);
#495=VECTOR('',#1960,10.);
#496=VECTOR('',#1963,10.);
#497=VECTOR('',#1966,10.);
#498=VECTOR('',#1971,10.);
#499=VECTOR('',#1976,1.);
#500=VECTOR('',#1981,1.);
#501=VECTOR('',#1984,10.);
#502=VECTOR('',#1985,10.);
#503=VECTOR('',#1988,10.);
#504=VECTOR('',#1989,10.);
#505=VECTOR('',#1992,10.);
#506=VECTOR('',#1993,10.);
#507=VECTOR('',#1996,10.);
#508=VECTOR('',#1999,10.);
#509=VECTOR('',#2000,10.);
#510=VECTOR('',#2007,10.);
#511=VECTOR('',#2008,10.);
#512=VECTOR('',#2015,10.);
#513=CIRCLE('',#1457,40.);
#514=CIRCLE('',#1458,40.);
#515=CIRCLE('',#1461,40.);
#516=CIRCLE('',#1462,40.);
#517=CIRCLE('',#1465,7.);
#518=CIRCLE('',#1466,7.);
#519=CIRCLE('',#1469,7.);
#520=CIRCLE('',#1471,7.);
#521=CIRCLE('',#1473,7.);
#522=CIRCLE('',#1474,7.);
#523=CIRCLE('',#1476,7.);
#524=CIRCLE('',#1479,7.);
#525=CIRCLE('',#1482,7.);
#526=CIRCLE('',#1483,12.);
#527=CIRCLE('',#1484,6.);
#528=CIRCLE('',#1485,1.);
#529=CIRCLE('',#1486,4.);
#530=CIRCLE('',#1487,18.25);
#531=CIRCLE('',#1488,4.);
#532=CIRCLE('',#1489,1.);
#533=CIRCLE('',#1490,18.25);
#534=CIRCLE('',#1491,4.);
#535=CIRCLE('',#1492,1.);
#536=CIRCLE('',#1493,1.);
#537=CIRCLE('',#1495,7.);
#538=CIRCLE('',#1497,1.);
#539=CIRCLE('',#1499,4.);
#540=CIRCLE('',#1502,4.);
#541=CIRCLE('',#1504,18.25);
#542=CIRCLE('',#1506,1.);
#543=CIRCLE('',#1508,18.25);
#544=CIRCLE('',#1510,4.);
#545=CIRCLE('',#1513,1.);
#546=CIRCLE('',#1515,1.);
#547=CIRCLE('',#1522,12.);
#548=CIRCLE('',#1525,6.);
#549=CIRCLE('',#1529,40.);
#550=CIRCLE('',#1530,40.);
#551=CIRCLE('',#1533,40.);
#552=CIRCLE('',#1534,40.);
#553=CIRCLE('',#1537,7.);
#554=CIRCLE('',#1538,7.);
#555=CIRCLE('',#1541,7.);
#556=CIRCLE('',#1543,7.);
#557=CIRCLE('',#1545,7.);
#558=CIRCLE('',#1546,7.);
#559=CIRCLE('',#1548,7.);
#560=CIRCLE('',#1551,7.);
#561=CIRCLE('',#1554,6.);
#562=CIRCLE('',#1555,12.);
#563=CIRCLE('',#1556,7.);
#564=CIRCLE('',#1557,1.);
#565=CIRCLE('',#1558,4.);
#566=CIRCLE('',#1559,18.25);
#567=CIRCLE('',#1560,4.);
#568=CIRCLE('',#1561,1.);
#569=CIRCLE('',#1562,4.);
#570=CIRCLE('',#1563,18.25);
#571=CIRCLE('',#1564,1.);
#572=CIRCLE('',#1565,1.);
#573=CIRCLE('',#1567,7.);
#574=CIRCLE('',#1569,1.);
#575=CIRCLE('',#1571,4.);
#576=CIRCLE('',#1574,4.);
#577=CIRCLE('',#1576,18.25);
#578=CIRCLE('',#1578,1.);
#579=CIRCLE('',#1580,18.25);
#580=CIRCLE('',#1582,4.);
#581=CIRCLE('',#1585,1.);
#582=CIRCLE('',#1587,1.);
#583=CIRCLE('',#1594,12.);
#584=CIRCLE('',#1597,6.);
#585=VERTEX_POINT('',#2020);
#586=VERTEX_POINT('',#2021);
#587=VERTEX_POINT('',#2023);
#588=VERTEX_POINT('',#2025);
#589=VERTEX_POINT('',#2029);
#590=VERTEX_POINT('',#2031);
#591=VERTEX_POINT('',#2035);
#592=VERTEX_POINT('',#2036);
#593=VERTEX_POINT('',#2038);
#594=VERTEX_POINT('',#2040);
#595=VERTEX_POINT('',#2044);
#596=VERTEX_POINT('',#2046);
#597=VERTEX_POINT('',#2050);
#598=VERTEX_POINT('',#2051);
#599=VERTEX_POINT('',#2053);
#600=VERTEX_POINT('',#2055);
#601=VERTEX_POINT('',#2059);
#602=VERTEX_POINT('',#2061);
#603=VERTEX_POINT('',#2065);
#604=VERTEX_POINT('',#2067);
#605=VERTEX_POINT('',#2069);
#606=VERTEX_POINT('',#2071);
#607=VERTEX_POINT('',#2073);
#608=VERTEX_POINT('',#2075);
#609=VERTEX_POINT('',#2077);
#610=VERTEX_POINT('',#2079);
#611=VERTEX_POINT('',#2083);
#612=VERTEX_POINT('',#2084);
#613=VERTEX_POINT('',#2089);
#614=VERTEX_POINT('',#2091);
#615=VERTEX_POINT('',#2093);
#616=VERTEX_POINT('',#2095);
#617=VERTEX_POINT('',#2099);
#618=VERTEX_POINT('',#2103);
#619=VERTEX_POINT('',#2107);
#620=VERTEX_POINT('',#2109);
#621=VERTEX_POINT('',#2111);
#622=VERTEX_POINT('',#2115);
#623=VERTEX_POINT('',#2132);
#624=VERTEX_POINT('',#2140);
#625=VERTEX_POINT('',#2143);
#626=VERTEX_POINT('',#2146);
#627=VERTEX_POINT('',#2148);
#628=VERTEX_POINT('',#2150);
#629=VERTEX_POINT('',#2151);
#630=VERTEX_POINT('',#2153);
#631=VERTEX_POINT('',#2156);
#632=VERTEX_POINT('',#2158);
#633=VERTEX_POINT('',#2159);
#634=VERTEX_POINT('',#2161);
#635=VERTEX_POINT('',#2164);
#636=VERTEX_POINT('',#2166);
#637=VERTEX_POINT('',#2171);
#638=VERTEX_POINT('',#2175);
#639=VERTEX_POINT('',#2179);
#640=VERTEX_POINT('',#2181);
#641=VERTEX_POINT('',#2185);
#642=VERTEX_POINT('',#2191);
#643=VERTEX_POINT('',#2195);
#644=VERTEX_POINT('',#2197);
#645=VERTEX_POINT('',#2201);
#646=VERTEX_POINT('',#2207);
#647=VERTEX_POINT('',#2211);
#648=VERTEX_POINT('',#2215);
#649=VERTEX_POINT('',#2219);
#650=VERTEX_POINT('',#2223);
#651=VERTEX_POINT('',#2229);
#652=VERTEX_POINT('',#2235);
#653=VERTEX_POINT('',#2244);
#654=VERTEX_POINT('',#2245);
#655=VERTEX_POINT('',#2247);
#656=VERTEX_POINT('',#2249);
#657=VERTEX_POINT('',#2253);
#658=VERTEX_POINT('',#2255);
#659=VERTEX_POINT('',#2259);
#660=VERTEX_POINT('',#2260);
#661=VERTEX_POINT('',#2262);
#662=VERTEX_POINT('',#2264);
#663=VERTEX_POINT('',#2268);
#664=VERTEX_POINT('',#2270);
#665=VERTEX_POINT('',#2274);
#666=VERTEX_POINT('',#2275);
#667=VERTEX_POINT('',#2277);
#668=VERTEX_POINT('',#2279);
#669=VERTEX_POINT('',#2283);
#670=VERTEX_POINT('',#2285);
#671=VERTEX_POINT('',#2289);
#672=VERTEX_POINT('',#2291);
#673=VERTEX_POINT('',#2293);
#674=VERTEX_POINT('',#2295);
#675=VERTEX_POINT('',#2297);
#676=VERTEX_POINT('',#2299);
#677=VERTEX_POINT('',#2301);
#678=VERTEX_POINT('',#2303);
#679=VERTEX_POINT('',#2307);
#680=VERTEX_POINT('',#2308);
#681=VERTEX_POINT('',#2313);
#682=VERTEX_POINT('',#2315);
#683=VERTEX_POINT('',#2317);
#684=VERTEX_POINT('',#2319);
#685=VERTEX_POINT('',#2323);
#686=VERTEX_POINT('',#2327);
#687=VERTEX_POINT('',#2331);
#688=VERTEX_POINT('',#2333);
#689=VERTEX_POINT('',#2335);
#690=VERTEX_POINT('',#2339);
#691=VERTEX_POINT('',#2344);
#692=VERTEX_POINT('',#2363);
#693=VERTEX_POINT('',#2366);
#694=VERTEX_POINT('',#2370);
#695=VERTEX_POINT('',#2372);
#696=VERTEX_POINT('',#2374);
#697=VERTEX_POINT('',#2375);
#698=VERTEX_POINT('',#2377);
#699=VERTEX_POINT('',#2380);
#700=VERTEX_POINT('',#2382);
#701=VERTEX_POINT('',#2383);
#702=VERTEX_POINT('',#2385);
#703=VERTEX_POINT('',#2388);
#704=VERTEX_POINT('',#2390);
#705=VERTEX_POINT('',#2395);
#706=VERTEX_POINT('',#2399);
#707=VERTEX_POINT('',#2403);
#708=VERTEX_POINT('',#2405);
#709=VERTEX_POINT('',#2409);
#710=VERTEX_POINT('',#2415);
#711=VERTEX_POINT('',#2419);
#712=VERTEX_POINT('',#2421);
#713=VERTEX_POINT('',#2425);
#714=VERTEX_POINT('',#2431);
#715=VERTEX_POINT('',#2435);
#716=VERTEX_POINT('',#2439);
#717=VERTEX_POINT('',#2443);
#718=VERTEX_POINT('',#2447);
#719=VERTEX_POINT('',#2453);
#720=VERTEX_POINT('',#2459);
#721=EDGE_CURVE('',#585,#586,#513,.T.);
#722=EDGE_CURVE('',#586,#587,#257,.T.);
#723=EDGE_CURVE('',#587,#588,#514,.T.);
#724=EDGE_CURVE('',#588,#585,#258,.T.);
#725=EDGE_CURVE('',#589,#586,#259,.T.);
#726=EDGE_CURVE('',#589,#590,#260,.T.);
#727=EDGE_CURVE('',#587,#590,#261,.T.);
#728=EDGE_CURVE('',#591,#592,#515,.T.);
#729=EDGE_CURVE('',#592,#593,#262,.T.);
#730=EDGE_CURVE('',#593,#594,#516,.T.);
#731=EDGE_CURVE('',#594,#591,#263,.T.);
#732=EDGE_CURVE('',#592,#595,#264,.T.);
#733=EDGE_CURVE('',#596,#595,#265,.T.);
#734=EDGE_CURVE('',#593,#596,#266,.T.);
#735=EDGE_CURVE('',#597,#598,#517,.T.);
#736=EDGE_CURVE('',#598,#599,#267,.T.);
#737=EDGE_CURVE('',#599,#600,#518,.T.);
#738=EDGE_CURVE('',#600,#597,#268,.T.);
#739=EDGE_CURVE('',#601,#598,#269,.T.);
#740=EDGE_CURVE('',#601,#602,#270,.T.);
#741=EDGE_CURVE('',#599,#602,#271,.T.);
#742=EDGE_CURVE('',#597,#603,#272,.T.);
#743=EDGE_CURVE('',#603,#604,#273,.T.);
#744=EDGE_CURVE('',#604,#605,#274,.T.);
#745=EDGE_CURVE('',#605,#606,#275,.T.);
#746=EDGE_CURVE('',#606,#607,#276,.T.);
#747=EDGE_CURVE('',#608,#607,#277,.T.);
#748=EDGE_CURVE('',#608,#609,#278,.T.);
#749=EDGE_CURVE('',#610,#609,#519,.T.);
#750=EDGE_CURVE('',#610,#601,#279,.T.);
#751=EDGE_CURVE('',#611,#612,#520,.T.);
#752=EDGE_CURVE('',#612,#610,#280,.T.);
#753=EDGE_CURVE('',#609,#611,#281,.T.);
#754=EDGE_CURVE('',#613,#608,#521,.T.);
#755=EDGE_CURVE('',#614,#613,#282,.T.);
#756=EDGE_CURVE('',#614,#615,#522,.F.);
#757=EDGE_CURVE('',#615,#616,#283,.T.);
#758=EDGE_CURVE('',#611,#616,#284,.T.);
#759=EDGE_CURVE('',#607,#617,#523,.T.);
#760=EDGE_CURVE('',#617,#613,#285,.T.);
#761=EDGE_CURVE('',#618,#617,#286,.T.);
#762=EDGE_CURVE('',#614,#618,#287,.T.);
#763=EDGE_CURVE('',#606,#619,#288,.T.);
#764=EDGE_CURVE('',#620,#619,#289,.T.);
#765=EDGE_CURVE('',#621,#620,#290,.F.);
#766=EDGE_CURVE('',#621,#618,#524,.F.);
#767=EDGE_CURVE('',#622,#621,#45,.F.);
#768=EDGE_CURVE('',#622,#623,#291,.T.);
#769=EDGE_CURVE('',#615,#623,#46,.F.);
#770=EDGE_CURVE('',#595,#622,#525,.T.);
#771=EDGE_CURVE('',#624,#591,#292,.T.);
#772=EDGE_CURVE('',#589,#624,#526,.T.);
#773=EDGE_CURVE('',#585,#625,#293,.T.);
#774=EDGE_CURVE('',#623,#625,#527,.T.);
#775=EDGE_CURVE('',#626,#626,#528,.T.);
#776=EDGE_CURVE('',#627,#627,#529,.T.);
#777=EDGE_CURVE('',#628,#629,#530,.T.);
#778=EDGE_CURVE('',#630,#628,#294,.T.);
#779=EDGE_CURVE('',#629,#630,#531,.T.);
#780=EDGE_CURVE('',#631,#631,#532,.T.);
#781=EDGE_CURVE('',#632,#633,#295,.T.);
#782=EDGE_CURVE('',#634,#632,#533,.T.);
#783=EDGE_CURVE('',#633,#634,#534,.T.);
#784=EDGE_CURVE('',#635,#635,#535,.T.);
#785=EDGE_CURVE('',#636,#636,#536,.T.);
#786=EDGE_CURVE('',#620,#596,#537,.T.);
#787=EDGE_CURVE('',#637,#637,#538,.T.);
#788=EDGE_CURVE('',#637,#626,#296,.T.);
#789=EDGE_CURVE('',#638,#638,#539,.T.);
#790=EDGE_CURVE('',#638,#627,#297,.T.);
#791=EDGE_CURVE('',#628,#639,#298,.T.);
#792=EDGE_CURVE('',#640,#639,#299,.T.);
#793=EDGE_CURVE('',#630,#640,#300,.T.);
#794=EDGE_CURVE('',#641,#640,#540,.T.);
#795=EDGE_CURVE('',#629,#641,#301,.T.);
#796=EDGE_CURVE('',#639,#641,#541,.T.);
#797=EDGE_CURVE('',#642,#642,#542,.T.);
#798=EDGE_CURVE('',#642,#631,#302,.T.);
#799=EDGE_CURVE('',#632,#643,#303,.T.);
#800=EDGE_CURVE('',#644,#643,#543,.T.);
#801=EDGE_CURVE('',#634,#644,#304,.T.);
#802=EDGE_CURVE('',#645,#644,#544,.T.);
#803=EDGE_CURVE('',#633,#645,#305,.T.);
#804=EDGE_CURVE('',#643,#645,#306,.T.);
#805=EDGE_CURVE('',#646,#646,#545,.T.);
#806=EDGE_CURVE('',#646,#635,#307,.T.);
#807=EDGE_CURVE('',#647,#647,#546,.T.);
#808=EDGE_CURVE('',#647,#636,#308,.T.);
#809=EDGE_CURVE('',#648,#600,#309,.T.);
#810=EDGE_CURVE('',#603,#648,#310,.T.);
#811=EDGE_CURVE('',#649,#648,#311,.T.);
#812=EDGE_CURVE('',#604,#649,#312,.T.);
#813=EDGE_CURVE('',#650,#649,#313,.T.);
#814=EDGE_CURVE('',#605,#650,#314,.T.);
#815=EDGE_CURVE('',#619,#650,#315,.T.);
#816=EDGE_CURVE('',#651,#594,#316,.T.);
#817=EDGE_CURVE('',#624,#651,#317,.T.);
#818=EDGE_CURVE('',#590,#651,#547,.T.);
#819=EDGE_CURVE('',#652,#588,#318,.T.);
#820=EDGE_CURVE('',#625,#652,#319,.T.);
#821=EDGE_CURVE('',#616,#652,#548,.T.);
#822=EDGE_CURVE('',#602,#612,#320,.T.);
#823=EDGE_CURVE('',#653,#654,#549,.T.);
#824=EDGE_CURVE('',#655,#653,#321,.T.);
#825=EDGE_CURVE('',#656,#655,#550,.T.);
#826=EDGE_CURVE('',#654,#656,#322,.T.);
#827=EDGE_CURVE('',#656,#657,#323,.T.);
#828=EDGE_CURVE('',#658,#657,#324,.T.);
#829=EDGE_CURVE('',#658,#654,#325,.T.);
#830=EDGE_CURVE('',#659,#660,#551,.T.);
#831=EDGE_CURVE('',#661,#659,#326,.T.);
#832=EDGE_CURVE('',#662,#661,#552,.T.);
#833=EDGE_CURVE('',#660,#662,#327,.T.);
#834=EDGE_CURVE('',#662,#663,#328,.T.);
#835=EDGE_CURVE('',#663,#664,#329,.T.);
#836=EDGE_CURVE('',#660,#664,#330,.T.);
#837=EDGE_CURVE('',#665,#666,#553,.T.);
#838=EDGE_CURVE('',#667,#665,#331,.T.);
#839=EDGE_CURVE('',#668,#667,#554,.T.);
#840=EDGE_CURVE('',#666,#668,#332,.T.);
#841=EDGE_CURVE('',#668,#669,#333,.T.);
#842=EDGE_CURVE('',#670,#669,#334,.T.);
#843=EDGE_CURVE('',#670,#666,#335,.T.);
#844=EDGE_CURVE('',#671,#670,#336,.T.);
#845=EDGE_CURVE('',#671,#672,#555,.T.);
#846=EDGE_CURVE('',#673,#672,#337,.T.);
#847=EDGE_CURVE('',#673,#674,#338,.T.);
#848=EDGE_CURVE('',#675,#674,#339,.T.);
#849=EDGE_CURVE('',#676,#675,#340,.T.);
#850=EDGE_CURVE('',#677,#676,#341,.T.);
#851=EDGE_CURVE('',#678,#677,#342,.T.);
#852=EDGE_CURVE('',#665,#678,#343,.T.);
#853=EDGE_CURVE('',#679,#680,#556,.T.);
#854=EDGE_CURVE('',#672,#679,#344,.T.);
#855=EDGE_CURVE('',#680,#671,#345,.T.);
#856=EDGE_CURVE('',#679,#681,#346,.T.);
#857=EDGE_CURVE('',#682,#681,#347,.T.);
#858=EDGE_CURVE('',#683,#682,#557,.F.);
#859=EDGE_CURVE('',#683,#684,#348,.T.);
#860=EDGE_CURVE('',#684,#673,#558,.T.);
#861=EDGE_CURVE('',#685,#684,#349,.T.);
#862=EDGE_CURVE('',#674,#685,#559,.T.);
#863=EDGE_CURVE('',#683,#686,#350,.T.);
#864=EDGE_CURVE('',#686,#685,#351,.T.);
#865=EDGE_CURVE('',#687,#686,#560,.F.);
#866=EDGE_CURVE('',#687,#688,#352,.F.);
#867=EDGE_CURVE('',#688,#689,#353,.T.);
#868=EDGE_CURVE('',#675,#689,#354,.T.);
#869=EDGE_CURVE('',#682,#690,#47,.F.);
#870=EDGE_CURVE('',#691,#690,#355,.T.);
#871=EDGE_CURVE('',#691,#687,#48,.F.);
#872=EDGE_CURVE('',#690,#692,#561,.T.);
#873=EDGE_CURVE('',#653,#692,#356,.T.);
#874=EDGE_CURVE('',#658,#693,#562,.T.);
#875=EDGE_CURVE('',#693,#659,#357,.T.);
#876=EDGE_CURVE('',#664,#691,#563,.T.);
#877=EDGE_CURVE('',#694,#694,#564,.T.);
#878=EDGE_CURVE('',#695,#695,#565,.T.);
#879=EDGE_CURVE('',#696,#697,#566,.T.);
#880=EDGE_CURVE('',#697,#698,#567,.T.);
#881=EDGE_CURVE('',#698,#696,#358,.T.);
#882=EDGE_CURVE('',#699,#699,#568,.T.);
#883=EDGE_CURVE('',#700,#701,#359,.T.);
#884=EDGE_CURVE('',#701,#702,#569,.T.);
#885=EDGE_CURVE('',#702,#700,#570,.T.);
#886=EDGE_CURVE('',#703,#703,#571,.T.);
#887=EDGE_CURVE('',#704,#704,#572,.T.);
#888=EDGE_CURVE('',#688,#663,#573,.T.);
#889=EDGE_CURVE('',#705,#705,#574,.T.);
#890=EDGE_CURVE('',#705,#694,#360,.T.);
#891=EDGE_CURVE('',#706,#706,#575,.T.);
#892=EDGE_CURVE('',#706,#695,#361,.T.);
#893=EDGE_CURVE('',#698,#707,#362,.T.);
#894=EDGE_CURVE('',#707,#708,#363,.T.);
#895=EDGE_CURVE('',#696,#708,#364,.T.);
#896=EDGE_CURVE('',#697,#709,#365,.T.);
#897=EDGE_CURVE('',#709,#707,#576,.T.);
#898=EDGE_CURVE('',#708,#709,#577,.T.);
#899=EDGE_CURVE('',#710,#710,#578,.T.);
#900=EDGE_CURVE('',#710,#699,#366,.T.);
#901=EDGE_CURVE('',#702,#711,#367,.T.);
#902=EDGE_CURVE('',#711,#712,#579,.T.);
#903=EDGE_CURVE('',#700,#712,#368,.T.);
#904=EDGE_CURVE('',#701,#713,#369,.T.);
#905=EDGE_CURVE('',#713,#711,#580,.T.);
#906=EDGE_CURVE('',#712,#713,#370,.T.);
#907=EDGE_CURVE('',#714,#714,#581,.T.);
#908=EDGE_CURVE('',#714,#703,#371,.T.);
#909=EDGE_CURVE('',#715,#715,#582,.T.);
#910=EDGE_CURVE('',#715,#704,#372,.T.);
#911=EDGE_CURVE('',#678,#716,#373,.T.);
#912=EDGE_CURVE('',#716,#667,#374,.T.);
#913=EDGE_CURVE('',#677,#717,#375,.T.);
#914=EDGE_CURVE('',#717,#716,#376,.T.);
#915=EDGE_CURVE('',#676,#718,#377,.T.);
#916=EDGE_CURVE('',#718,#717,#378,.T.);
#917=EDGE_CURVE('',#689,#718,#379,.T.);
#918=EDGE_CURVE('',#693,#719,#380,.T.);
#919=EDGE_CURVE('',#719,#661,#381,.T.);
#920=EDGE_CURVE('',#657,#719,#583,.T.);
#921=EDGE_CURVE('',#692,#720,#382,.T.);
#922=EDGE_CURVE('',#720,#655,#383,.T.);
#923=EDGE_CURVE('',#681,#720,#584,.T.);
#924=EDGE_CURVE('',#669,#680,#384,.T.);
#925=ORIENTED_EDGE('',*,*,#721,.T.);
#926=ORIENTED_EDGE('',*,*,#722,.T.);
#927=ORIENTED_EDGE('',*,*,#723,.T.);
#928=ORIENTED_EDGE('',*,*,#724,.T.);
#929=ORIENTED_EDGE('',*,*,#722,.F.);
#930=ORIENTED_EDGE('',*,*,#725,.F.);
#931=ORIENTED_EDGE('',*,*,#726,.T.);
#932=ORIENTED_EDGE('',*,*,#727,.F.);
#933=ORIENTED_EDGE('',*,*,#728,.T.);
#934=ORIENTED_EDGE('',*,*,#729,.T.);
#935=ORIENTED_EDGE('',*,*,#730,.T.);
#936=ORIENTED_EDGE('',*,*,#731,.T.);
#937=ORIENTED_EDGE('',*,*,#729,.F.);
#938=ORIENTED_EDGE('',*,*,#732,.T.);
#939=ORIENTED_EDGE('',*,*,#733,.F.);
#940=ORIENTED_EDGE('',*,*,#734,.F.);
#941=ORIENTED_EDGE('',*,*,#735,.T.);
#942=ORIENTED_EDGE('',*,*,#736,.T.);
#943=ORIENTED_EDGE('',*,*,#737,.T.);
#944=ORIENTED_EDGE('',*,*,#738,.T.);
#945=ORIENTED_EDGE('',*,*,#736,.F.);
#946=ORIENTED_EDGE('',*,*,#739,.F.);
#947=ORIENTED_EDGE('',*,*,#740,.T.);
#948=ORIENTED_EDGE('',*,*,#741,.F.);
#949=ORIENTED_EDGE('',*,*,#735,.F.);
#950=ORIENTED_EDGE('',*,*,#742,.T.);
#951=ORIENTED_EDGE('',*,*,#743,.T.);
#952=ORIENTED_EDGE('',*,*,#744,.T.);
#953=ORIENTED_EDGE('',*,*,#745,.T.);
#954=ORIENTED_EDGE('',*,*,#746,.T.);
#955=ORIENTED_EDGE('',*,*,#747,.F.);
#956=ORIENTED_EDGE('',*,*,#748,.T.);
#957=ORIENTED_EDGE('',*,*,#749,.F.);
#958=ORIENTED_EDGE('',*,*,#750,.T.);
#959=ORIENTED_EDGE('',*,*,#739,.T.);
#960=ORIENTED_EDGE('',*,*,#751,.T.);
#961=ORIENTED_EDGE('',*,*,#752,.T.);
#962=ORIENTED_EDGE('',*,*,#749,.T.);
#963=ORIENTED_EDGE('',*,*,#753,.T.);
#964=ORIENTED_EDGE('',*,*,#753,.F.);
#965=ORIENTED_EDGE('',*,*,#748,.F.);
#966=ORIENTED_EDGE('',*,*,#754,.F.);
#967=ORIENTED_EDGE('',*,*,#755,.F.);
#968=ORIENTED_EDGE('',*,*,#756,.T.);
#969=ORIENTED_EDGE('',*,*,#757,.T.);
#970=ORIENTED_EDGE('',*,*,#758,.F.);
#971=ORIENTED_EDGE('',*,*,#754,.T.);
#972=ORIENTED_EDGE('',*,*,#747,.T.);
#973=ORIENTED_EDGE('',*,*,#759,.T.);
#974=ORIENTED_EDGE('',*,*,#760,.T.);
#975=ORIENTED_EDGE('',*,*,#760,.F.);
#976=ORIENTED_EDGE('',*,*,#761,.F.);
#977=ORIENTED_EDGE('',*,*,#762,.F.);
#978=ORIENTED_EDGE('',*,*,#755,.T.);
#979=ORIENTED_EDGE('',*,*,#759,.F.);
#980=ORIENTED_EDGE('',*,*,#746,.F.);
#981=ORIENTED_EDGE('',*,*,#763,.T.);
#982=ORIENTED_EDGE('',*,*,#764,.F.);
#983=ORIENTED_EDGE('',*,*,#765,.F.);
#984=ORIENTED_EDGE('',*,*,#766,.T.);
#985=ORIENTED_EDGE('',*,*,#761,.T.);
#986=ORIENTED_EDGE('',*,*,#756,.F.);
#987=ORIENTED_EDGE('',*,*,#762,.T.);
#988=ORIENTED_EDGE('',*,*,#766,.F.);
#989=ORIENTED_EDGE('',*,*,#767,.F.);
#990=ORIENTED_EDGE('',*,*,#768,.T.);
#991=ORIENTED_EDGE('',*,*,#769,.F.);
#992=ORIENTED_EDGE('',*,*,#768,.F.);
#993=ORIENTED_EDGE('',*,*,#770,.F.);
#994=ORIENTED_EDGE('',*,*,#732,.F.);
#995=ORIENTED_EDGE('',*,*,#728,.F.);
#996=ORIENTED_EDGE('',*,*,#771,.F.);
#997=ORIENTED_EDGE('',*,*,#772,.F.);
#998=ORIENTED_EDGE('',*,*,#725,.T.);
#999=ORIENTED_EDGE('',*,*,#721,.F.);
#1000=ORIENTED_EDGE('',*,*,#773,.T.);
#1001=ORIENTED_EDGE('',*,*,#774,.F.);
#1002=ORIENTED_EDGE('',*,*,#775,.F.);
#1003=ORIENTED_EDGE('',*,*,#776,.F.);
#1004=ORIENTED_EDGE('',*,*,#777,.F.);
#1005=ORIENTED_EDGE('',*,*,#778,.F.);
#1006=ORIENTED_EDGE('',*,*,#779,.F.);
#1007=ORIENTED_EDGE('',*,*,#780,.F.);
#1008=ORIENTED_EDGE('',*,*,#781,.F.);
#1009=ORIENTED_EDGE('',*,*,#782,.F.);
#1010=ORIENTED_EDGE('',*,*,#783,.F.);
#1011=ORIENTED_EDGE('',*,*,#784,.F.);
#1012=ORIENTED_EDGE('',*,*,#785,.F.);
#1013=ORIENTED_EDGE('',*,*,#770,.T.);
#1014=ORIENTED_EDGE('',*,*,#767,.T.);
#1015=ORIENTED_EDGE('',*,*,#765,.T.);
#1016=ORIENTED_EDGE('',*,*,#786,.T.);
#1017=ORIENTED_EDGE('',*,*,#733,.T.);
#1018=ORIENTED_EDGE('',*,*,#787,.F.);
#1019=ORIENTED_EDGE('',*,*,#788,.T.);
#1020=ORIENTED_EDGE('',*,*,#775,.T.);
#1021=ORIENTED_EDGE('',*,*,#788,.F.);
#1022=ORIENTED_EDGE('',*,*,#789,.F.);
#1023=ORIENTED_EDGE('',*,*,#790,.T.);
#1024=ORIENTED_EDGE('',*,*,#776,.T.);
#1025=ORIENTED_EDGE('',*,*,#790,.F.);
#1026=ORIENTED_EDGE('',*,*,#778,.T.);
#1027=ORIENTED_EDGE('',*,*,#791,.T.);
#1028=ORIENTED_EDGE('',*,*,#792,.F.);
#1029=ORIENTED_EDGE('',*,*,#793,.F.);
#1030=ORIENTED_EDGE('',*,*,#779,.T.);
#1031=ORIENTED_EDGE('',*,*,#793,.T.);
#1032=ORIENTED_EDGE('',*,*,#794,.F.);
#1033=ORIENTED_EDGE('',*,*,#795,.F.);
#1034=ORIENTED_EDGE('',*,*,#777,.T.);
#1035=ORIENTED_EDGE('',*,*,#795,.T.);
#1036=ORIENTED_EDGE('',*,*,#796,.F.);
#1037=ORIENTED_EDGE('',*,*,#791,.F.);
#1038=ORIENTED_EDGE('',*,*,#797,.F.);
#1039=ORIENTED_EDGE('',*,*,#798,.T.);
#1040=ORIENTED_EDGE('',*,*,#780,.T.);
#1041=ORIENTED_EDGE('',*,*,#798,.F.);
#1042=ORIENTED_EDGE('',*,*,#782,.T.);
#1043=ORIENTED_EDGE('',*,*,#799,.T.);
#1044=ORIENTED_EDGE('',*,*,#800,.F.);
#1045=ORIENTED_EDGE('',*,*,#801,.F.);
#1046=ORIENTED_EDGE('',*,*,#783,.T.);
#1047=ORIENTED_EDGE('',*,*,#801,.T.);
#1048=ORIENTED_EDGE('',*,*,#802,.F.);
#1049=ORIENTED_EDGE('',*,*,#803,.F.);
#1050=ORIENTED_EDGE('',*,*,#781,.T.);
#1051=ORIENTED_EDGE('',*,*,#803,.T.);
#1052=ORIENTED_EDGE('',*,*,#804,.F.);
#1053=ORIENTED_EDGE('',*,*,#799,.F.);
#1054=ORIENTED_EDGE('',*,*,#805,.F.);
#1055=ORIENTED_EDGE('',*,*,#806,.T.);
#1056=ORIENTED_EDGE('',*,*,#784,.T.);
#1057=ORIENTED_EDGE('',*,*,#806,.F.);
#1058=ORIENTED_EDGE('',*,*,#807,.F.);
#1059=ORIENTED_EDGE('',*,*,#808,.T.);
#1060=ORIENTED_EDGE('',*,*,#785,.T.);
#1061=ORIENTED_EDGE('',*,*,#808,.F.);
#1062=ORIENTED_EDGE('',*,*,#738,.F.);
#1063=ORIENTED_EDGE('',*,*,#809,.F.);
#1064=ORIENTED_EDGE('',*,*,#810,.F.);
#1065=ORIENTED_EDGE('',*,*,#742,.F.);
#1066=ORIENTED_EDGE('',*,*,#810,.T.);
#1067=ORIENTED_EDGE('',*,*,#811,.F.);
#1068=ORIENTED_EDGE('',*,*,#812,.F.);
#1069=ORIENTED_EDGE('',*,*,#743,.F.);
#1070=ORIENTED_EDGE('',*,*,#812,.T.);
#1071=ORIENTED_EDGE('',*,*,#813,.F.);
#1072=ORIENTED_EDGE('',*,*,#814,.F.);
#1073=ORIENTED_EDGE('',*,*,#744,.F.);
#1074=ORIENTED_EDGE('',*,*,#814,.T.);
#1075=ORIENTED_EDGE('',*,*,#815,.F.);
#1076=ORIENTED_EDGE('',*,*,#763,.F.);
#1077=ORIENTED_EDGE('',*,*,#745,.F.);
#1078=ORIENTED_EDGE('',*,*,#731,.F.);
#1079=ORIENTED_EDGE('',*,*,#816,.F.);
#1080=ORIENTED_EDGE('',*,*,#817,.F.);
#1081=ORIENTED_EDGE('',*,*,#771,.T.);
#1082=ORIENTED_EDGE('',*,*,#772,.T.);
#1083=ORIENTED_EDGE('',*,*,#817,.T.);
#1084=ORIENTED_EDGE('',*,*,#818,.F.);
#1085=ORIENTED_EDGE('',*,*,#726,.F.);
#1086=ORIENTED_EDGE('',*,*,#724,.F.);
#1087=ORIENTED_EDGE('',*,*,#819,.F.);
#1088=ORIENTED_EDGE('',*,*,#820,.F.);
#1089=ORIENTED_EDGE('',*,*,#773,.F.);
#1090=ORIENTED_EDGE('',*,*,#774,.T.);
#1091=ORIENTED_EDGE('',*,*,#820,.T.);
#1092=ORIENTED_EDGE('',*,*,#821,.F.);
#1093=ORIENTED_EDGE('',*,*,#757,.F.);
#1094=ORIENTED_EDGE('',*,*,#769,.T.);
#1095=ORIENTED_EDGE('',*,*,#752,.F.);
#1096=ORIENTED_EDGE('',*,*,#822,.F.);
#1097=ORIENTED_EDGE('',*,*,#740,.F.);
#1098=ORIENTED_EDGE('',*,*,#750,.F.);
#1099=ORIENTED_EDGE('',*,*,#737,.F.);
#1100=ORIENTED_EDGE('',*,*,#741,.T.);
#1101=ORIENTED_EDGE('',*,*,#822,.T.);
#1102=ORIENTED_EDGE('',*,*,#751,.F.);
#1103=ORIENTED_EDGE('',*,*,#758,.T.);
#1104=ORIENTED_EDGE('',*,*,#821,.T.);
#1105=ORIENTED_EDGE('',*,*,#819,.T.);
#1106=ORIENTED_EDGE('',*,*,#723,.F.);
#1107=ORIENTED_EDGE('',*,*,#727,.T.);
#1108=ORIENTED_EDGE('',*,*,#818,.T.);
#1109=ORIENTED_EDGE('',*,*,#816,.T.);
#1110=ORIENTED_EDGE('',*,*,#730,.F.);
#1111=ORIENTED_EDGE('',*,*,#734,.T.);
#1112=ORIENTED_EDGE('',*,*,#786,.F.);
#1113=ORIENTED_EDGE('',*,*,#764,.T.);
#1114=ORIENTED_EDGE('',*,*,#815,.T.);
#1115=ORIENTED_EDGE('',*,*,#813,.T.);
#1116=ORIENTED_EDGE('',*,*,#811,.T.);
#1117=ORIENTED_EDGE('',*,*,#809,.T.);
#1118=ORIENTED_EDGE('',*,*,#807,.T.);
#1119=ORIENTED_EDGE('',*,*,#805,.T.);
#1120=ORIENTED_EDGE('',*,*,#804,.T.);
#1121=ORIENTED_EDGE('',*,*,#802,.T.);
#1122=ORIENTED_EDGE('',*,*,#800,.T.);
#1123=ORIENTED_EDGE('',*,*,#797,.T.);
#1124=ORIENTED_EDGE('',*,*,#796,.T.);
#1125=ORIENTED_EDGE('',*,*,#794,.T.);
#1126=ORIENTED_EDGE('',*,*,#792,.T.);
#1127=ORIENTED_EDGE('',*,*,#789,.T.);
#1128=ORIENTED_EDGE('',*,*,#787,.T.);
#1129=ORIENTED_EDGE('',*,*,#823,.F.);
#1130=ORIENTED_EDGE('',*,*,#824,.F.);
#1131=ORIENTED_EDGE('',*,*,#825,.F.);
#1132=ORIENTED_EDGE('',*,*,#826,.F.);
#1133=ORIENTED_EDGE('',*,*,#826,.T.);
#1134=ORIENTED_EDGE('',*,*,#827,.T.);
#1135=ORIENTED_EDGE('',*,*,#828,.F.);
#1136=ORIENTED_EDGE('',*,*,#829,.T.);
#1137=ORIENTED_EDGE('',*,*,#830,.F.);
#1138=ORIENTED_EDGE('',*,*,#831,.F.);
#1139=ORIENTED_EDGE('',*,*,#832,.F.);
#1140=ORIENTED_EDGE('',*,*,#833,.F.);
#1141=ORIENTED_EDGE('',*,*,#833,.T.);
#1142=ORIENTED_EDGE('',*,*,#834,.T.);
#1143=ORIENTED_EDGE('',*,*,#835,.T.);
#1144=ORIENTED_EDGE('',*,*,#836,.F.);
#1145=ORIENTED_EDGE('',*,*,#837,.F.);
#1146=ORIENTED_EDGE('',*,*,#838,.F.);
#1147=ORIENTED_EDGE('',*,*,#839,.F.);
#1148=ORIENTED_EDGE('',*,*,#840,.F.);
#1149=ORIENTED_EDGE('',*,*,#840,.T.);
#1150=ORIENTED_EDGE('',*,*,#841,.T.);
#1151=ORIENTED_EDGE('',*,*,#842,.F.);
#1152=ORIENTED_EDGE('',*,*,#843,.T.);
#1153=ORIENTED_EDGE('',*,*,#837,.T.);
#1154=ORIENTED_EDGE('',*,*,#843,.F.);
#1155=ORIENTED_EDGE('',*,*,#844,.F.);
#1156=ORIENTED_EDGE('',*,*,#845,.T.);
#1157=ORIENTED_EDGE('',*,*,#846,.F.);
#1158=ORIENTED_EDGE('',*,*,#847,.T.);
#1159=ORIENTED_EDGE('',*,*,#848,.F.);
#1160=ORIENTED_EDGE('',*,*,#849,.F.);
#1161=ORIENTED_EDGE('',*,*,#850,.F.);
#1162=ORIENTED_EDGE('',*,*,#851,.F.);
#1163=ORIENTED_EDGE('',*,*,#852,.F.);
#1164=ORIENTED_EDGE('',*,*,#853,.F.);
#1165=ORIENTED_EDGE('',*,*,#854,.F.);
#1166=ORIENTED_EDGE('',*,*,#845,.F.);
#1167=ORIENTED_EDGE('',*,*,#855,.F.);
#1168=ORIENTED_EDGE('',*,*,#854,.T.);
#1169=ORIENTED_EDGE('',*,*,#856,.T.);
#1170=ORIENTED_EDGE('',*,*,#857,.F.);
#1171=ORIENTED_EDGE('',*,*,#858,.F.);
#1172=ORIENTED_EDGE('',*,*,#859,.T.);
#1173=ORIENTED_EDGE('',*,*,#860,.T.);
#1174=ORIENTED_EDGE('',*,*,#846,.T.);
#1175=ORIENTED_EDGE('',*,*,#860,.F.);
#1176=ORIENTED_EDGE('',*,*,#861,.F.);
#1177=ORIENTED_EDGE('',*,*,#862,.F.);
#1178=ORIENTED_EDGE('',*,*,#847,.F.);
#1179=ORIENTED_EDGE('',*,*,#861,.T.);
#1180=ORIENTED_EDGE('',*,*,#859,.F.);
#1181=ORIENTED_EDGE('',*,*,#863,.T.);
#1182=ORIENTED_EDGE('',*,*,#864,.T.);
#1183=ORIENTED_EDGE('',*,*,#862,.T.);
#1184=ORIENTED_EDGE('',*,*,#864,.F.);
#1185=ORIENTED_EDGE('',*,*,#865,.F.);
#1186=ORIENTED_EDGE('',*,*,#866,.T.);
#1187=ORIENTED_EDGE('',*,*,#867,.T.);
#1188=ORIENTED_EDGE('',*,*,#868,.F.);
#1189=ORIENTED_EDGE('',*,*,#848,.T.);
#1190=ORIENTED_EDGE('',*,*,#858,.T.);
#1191=ORIENTED_EDGE('',*,*,#869,.T.);
#1192=ORIENTED_EDGE('',*,*,#870,.F.);
#1193=ORIENTED_EDGE('',*,*,#871,.T.);
#1194=ORIENTED_EDGE('',*,*,#865,.T.);
#1195=ORIENTED_EDGE('',*,*,#863,.F.);
#1196=ORIENTED_EDGE('',*,*,#870,.T.);
#1197=ORIENTED_EDGE('',*,*,#872,.T.);
#1198=ORIENTED_EDGE('',*,*,#873,.F.);
#1199=ORIENTED_EDGE('',*,*,#823,.T.);
#1200=ORIENTED_EDGE('',*,*,#829,.F.);
#1201=ORIENTED_EDGE('',*,*,#874,.T.);
#1202=ORIENTED_EDGE('',*,*,#875,.T.);
#1203=ORIENTED_EDGE('',*,*,#830,.T.);
#1204=ORIENTED_EDGE('',*,*,#836,.T.);
#1205=ORIENTED_EDGE('',*,*,#876,.T.);
#1206=ORIENTED_EDGE('',*,*,#877,.T.);
#1207=ORIENTED_EDGE('',*,*,#878,.T.);
#1208=ORIENTED_EDGE('',*,*,#879,.T.);
#1209=ORIENTED_EDGE('',*,*,#880,.T.);
#1210=ORIENTED_EDGE('',*,*,#881,.T.);
#1211=ORIENTED_EDGE('',*,*,#882,.T.);
#1212=ORIENTED_EDGE('',*,*,#883,.T.);
#1213=ORIENTED_EDGE('',*,*,#884,.T.);
#1214=ORIENTED_EDGE('',*,*,#885,.T.);
#1215=ORIENTED_EDGE('',*,*,#886,.T.);
#1216=ORIENTED_EDGE('',*,*,#887,.T.);
#1217=ORIENTED_EDGE('',*,*,#876,.F.);
#1218=ORIENTED_EDGE('',*,*,#835,.F.);
#1219=ORIENTED_EDGE('',*,*,#888,.F.);
#1220=ORIENTED_EDGE('',*,*,#866,.F.);
#1221=ORIENTED_EDGE('',*,*,#871,.F.);
#1222=ORIENTED_EDGE('',*,*,#889,.T.);
#1223=ORIENTED_EDGE('',*,*,#890,.T.);
#1224=ORIENTED_EDGE('',*,*,#877,.F.);
#1225=ORIENTED_EDGE('',*,*,#890,.F.);
#1226=ORIENTED_EDGE('',*,*,#891,.T.);
#1227=ORIENTED_EDGE('',*,*,#892,.T.);
#1228=ORIENTED_EDGE('',*,*,#878,.F.);
#1229=ORIENTED_EDGE('',*,*,#892,.F.);
#1230=ORIENTED_EDGE('',*,*,#881,.F.);
#1231=ORIENTED_EDGE('',*,*,#893,.T.);
#1232=ORIENTED_EDGE('',*,*,#894,.T.);
#1233=ORIENTED_EDGE('',*,*,#895,.F.);
#1234=ORIENTED_EDGE('',*,*,#880,.F.);
#1235=ORIENTED_EDGE('',*,*,#896,.T.);
#1236=ORIENTED_EDGE('',*,*,#897,.T.);
#1237=ORIENTED_EDGE('',*,*,#893,.F.);
#1238=ORIENTED_EDGE('',*,*,#879,.F.);
#1239=ORIENTED_EDGE('',*,*,#895,.T.);
#1240=ORIENTED_EDGE('',*,*,#898,.T.);
#1241=ORIENTED_EDGE('',*,*,#896,.F.);
#1242=ORIENTED_EDGE('',*,*,#899,.T.);
#1243=ORIENTED_EDGE('',*,*,#900,.T.);
#1244=ORIENTED_EDGE('',*,*,#882,.F.);
#1245=ORIENTED_EDGE('',*,*,#900,.F.);
#1246=ORIENTED_EDGE('',*,*,#885,.F.);
#1247=ORIENTED_EDGE('',*,*,#901,.T.);
#1248=ORIENTED_EDGE('',*,*,#902,.T.);
#1249=ORIENTED_EDGE('',*,*,#903,.F.);
#1250=ORIENTED_EDGE('',*,*,#884,.F.);
#1251=ORIENTED_EDGE('',*,*,#904,.T.);
#1252=ORIENTED_EDGE('',*,*,#905,.T.);
#1253=ORIENTED_EDGE('',*,*,#901,.F.);
#1254=ORIENTED_EDGE('',*,*,#883,.F.);
#1255=ORIENTED_EDGE('',*,*,#903,.T.);
#1256=ORIENTED_EDGE('',*,*,#906,.T.);
#1257=ORIENTED_EDGE('',*,*,#904,.F.);
#1258=ORIENTED_EDGE('',*,*,#907,.T.);
#1259=ORIENTED_EDGE('',*,*,#908,.T.);
#1260=ORIENTED_EDGE('',*,*,#886,.F.);
#1261=ORIENTED_EDGE('',*,*,#908,.F.);
#1262=ORIENTED_EDGE('',*,*,#909,.T.);
#1263=ORIENTED_EDGE('',*,*,#910,.T.);
#1264=ORIENTED_EDGE('',*,*,#887,.F.);
#1265=ORIENTED_EDGE('',*,*,#910,.F.);
#1266=ORIENTED_EDGE('',*,*,#838,.T.);
#1267=ORIENTED_EDGE('',*,*,#852,.T.);
#1268=ORIENTED_EDGE('',*,*,#911,.T.);
#1269=ORIENTED_EDGE('',*,*,#912,.T.);
#1270=ORIENTED_EDGE('',*,*,#911,.F.);
#1271=ORIENTED_EDGE('',*,*,#851,.T.);
#1272=ORIENTED_EDGE('',*,*,#913,.T.);
#1273=ORIENTED_EDGE('',*,*,#914,.T.);
#1274=ORIENTED_EDGE('',*,*,#913,.F.);
#1275=ORIENTED_EDGE('',*,*,#850,.T.);
#1276=ORIENTED_EDGE('',*,*,#915,.T.);
#1277=ORIENTED_EDGE('',*,*,#916,.T.);
#1278=ORIENTED_EDGE('',*,*,#915,.F.);
#1279=ORIENTED_EDGE('',*,*,#849,.T.);
#1280=ORIENTED_EDGE('',*,*,#868,.T.);
#1281=ORIENTED_EDGE('',*,*,#917,.T.);
#1282=ORIENTED_EDGE('',*,*,#831,.T.);
#1283=ORIENTED_EDGE('',*,*,#875,.F.);
#1284=ORIENTED_EDGE('',*,*,#918,.T.);
#1285=ORIENTED_EDGE('',*,*,#919,.T.);
#1286=ORIENTED_EDGE('',*,*,#874,.F.);
#1287=ORIENTED_EDGE('',*,*,#828,.T.);
#1288=ORIENTED_EDGE('',*,*,#920,.T.);
#1289=ORIENTED_EDGE('',*,*,#918,.F.);
#1290=ORIENTED_EDGE('',*,*,#824,.T.);
#1291=ORIENTED_EDGE('',*,*,#873,.T.);
#1292=ORIENTED_EDGE('',*,*,#921,.T.);
#1293=ORIENTED_EDGE('',*,*,#922,.T.);
#1294=ORIENTED_EDGE('',*,*,#872,.F.);
#1295=ORIENTED_EDGE('',*,*,#869,.F.);
#1296=ORIENTED_EDGE('',*,*,#857,.T.);
#1297=ORIENTED_EDGE('',*,*,#923,.T.);
#1298=ORIENTED_EDGE('',*,*,#921,.F.);
#1299=ORIENTED_EDGE('',*,*,#855,.T.);
#1300=ORIENTED_EDGE('',*,*,#844,.T.);
#1301=ORIENTED_EDGE('',*,*,#842,.T.);
#1302=ORIENTED_EDGE('',*,*,#924,.T.);
#1303=ORIENTED_EDGE('',*,*,#839,.T.);
#1304=ORIENTED_EDGE('',*,*,#912,.F.);
#1305=ORIENTED_EDGE('',*,*,#914,.F.);
#1306=ORIENTED_EDGE('',*,*,#916,.F.);
#1307=ORIENTED_EDGE('',*,*,#917,.F.);
#1308=ORIENTED_EDGE('',*,*,#867,.F.);
#1309=ORIENTED_EDGE('',*,*,#888,.T.);
#1310=ORIENTED_EDGE('',*,*,#834,.F.);
#1311=ORIENTED_EDGE('',*,*,#832,.T.);
#1312=ORIENTED_EDGE('',*,*,#919,.F.);
#1313=ORIENTED_EDGE('',*,*,#920,.F.);
#1314=ORIENTED_EDGE('',*,*,#827,.F.);
#1315=ORIENTED_EDGE('',*,*,#825,.T.);
#1316=ORIENTED_EDGE('',*,*,#922,.F.);
#1317=ORIENTED_EDGE('',*,*,#923,.F.);
#1318=ORIENTED_EDGE('',*,*,#856,.F.);
#1319=ORIENTED_EDGE('',*,*,#853,.T.);
#1320=ORIENTED_EDGE('',*,*,#924,.F.);
#1321=ORIENTED_EDGE('',*,*,#841,.F.);
#1322=ORIENTED_EDGE('',*,*,#909,.F.);
#1323=ORIENTED_EDGE('',*,*,#907,.F.);
#1324=ORIENTED_EDGE('',*,*,#906,.F.);
#1325=ORIENTED_EDGE('',*,*,#902,.F.);
#1326=ORIENTED_EDGE('',*,*,#905,.F.);
#1327=ORIENTED_EDGE('',*,*,#899,.F.);
#1328=ORIENTED_EDGE('',*,*,#898,.F.);
#1329=ORIENTED_EDGE('',*,*,#894,.F.);
#1330=ORIENTED_EDGE('',*,*,#897,.F.);
#1331=ORIENTED_EDGE('',*,*,#891,.F.);
#1332=ORIENTED_EDGE('',*,*,#889,.F.);
#1333=CYLINDRICAL_SURFACE('',#1456,40.);
#1334=CYLINDRICAL_SURFACE('',#1460,40.);
#1335=CYLINDRICAL_SURFACE('',#1464,7.);
#1336=CYLINDRICAL_SURFACE('',#1470,7.);
#1337=CYLINDRICAL_SURFACE('',#1475,7.);
#1338=CYLINDRICAL_SURFACE('',#1480,7.);
#1339=CYLINDRICAL_SURFACE('',#1494,7.);
#1340=CYLINDRICAL_SURFACE('',#1496,1.);
#1341=CYLINDRICAL_SURFACE('',#1498,4.);
#1342=CYLINDRICAL_SURFACE('',#1501,4.);
#1343=CYLINDRICAL_SURFACE('',#1503,18.25);
#1344=CYLINDRICAL_SURFACE('',#1505,1.);
#1345=CYLINDRICAL_SURFACE('',#1507,18.25);
#1346=CYLINDRICAL_SURFACE('',#1509,4.);
#1347=CYLINDRICAL_SURFACE('',#1512,1.);
#1348=CYLINDRICAL_SURFACE('',#1514,1.);
#1349=CYLINDRICAL_SURFACE('',#1521,12.);
#1350=CYLINDRICAL_SURFACE('',#1524,6.);
#1351=CYLINDRICAL_SURFACE('',#1528,40.);
#1352=CYLINDRICAL_SURFACE('',#1532,40.);
#1353=CYLINDRICAL_SURFACE('',#1536,7.);
#1354=CYLINDRICAL_SURFACE('',#1542,7.);
#1355=CYLINDRICAL_SURFACE('',#1547,7.);
#1356=CYLINDRICAL_SURFACE('',#1552,7.);
#1357=CYLINDRICAL_SURFACE('',#1566,7.);
#1358=CYLINDRICAL_SURFACE('',#1568,1.);
#1359=CYLINDRICAL_SURFACE('',#1570,4.);
#1360=CYLINDRICAL_SURFACE('',#1573,4.);
#1361=CYLINDRICAL_SURFACE('',#1575,18.25);
#1362=CYLINDRICAL_SURFACE('',#1577,1.);
#1363=CYLINDRICAL_SURFACE('',#1579,18.25);
#1364=CYLINDRICAL_SURFACE('',#1581,4.);
#1365=CYLINDRICAL_SURFACE('',#1584,1.);
#1366=CYLINDRICAL_SURFACE('',#1586,1.);
#1367=CYLINDRICAL_SURFACE('',#1593,12.);
#1368=CYLINDRICAL_SURFACE('',#1596,6.);
#1369=ADVANCED_FACE('',(#85),#1333,.F.);
#1370=ADVANCED_FACE('',(#86),#49,.T.);
#1371=ADVANCED_FACE('',(#87),#1334,.F.);
#1372=ADVANCED_FACE('',(#88),#50,.T.);
#1373=ADVANCED_FACE('',(#89),#1335,.T.);
#1374=ADVANCED_FACE('',(#90),#51,.T.);
#1375=ADVANCED_FACE('',(#91),#52,.T.);
#1376=ADVANCED_FACE('',(#92),#1336,.T.);
#1377=ADVANCED_FACE('',(#93),#53,.T.);
#1378=ADVANCED_FACE('',(#94),#1337,.T.);
#1379=ADVANCED_FACE('',(#95),#54,.T.);
#1380=ADVANCED_FACE('',(#96),#55,.T.);
#1381=ADVANCED_FACE('',(#97),#1338,.F.);
#1382=ADVANCED_FACE('',(#98,#17,#18,#19,#20,#21,#22,#23),#56,.F.);
#1383=ADVANCED_FACE('',(#99),#1339,.F.);
#1384=ADVANCED_FACE('',(#100),#1340,.F.);
#1385=ADVANCED_FACE('',(#101),#1341,.F.);
#1386=ADVANCED_FACE('',(#102),#57,.T.);
#1387=ADVANCED_FACE('',(#103),#1342,.T.);
#1388=ADVANCED_FACE('',(#104),#1343,.F.);
#1389=ADVANCED_FACE('',(#105),#1344,.F.);
#1390=ADVANCED_FACE('',(#106),#1345,.F.);
#1391=ADVANCED_FACE('',(#107),#1346,.T.);
#1392=ADVANCED_FACE('',(#108),#58,.T.);
#1393=ADVANCED_FACE('',(#109),#1347,.F.);
#1394=ADVANCED_FACE('',(#110),#1348,.F.);
#1395=ADVANCED_FACE('',(#111),#59,.T.);
#1396=ADVANCED_FACE('',(#112),#60,.T.);
#1397=ADVANCED_FACE('',(#113),#61,.T.);
#1398=ADVANCED_FACE('',(#114),#62,.T.);
#1399=ADVANCED_FACE('',(#115),#63,.T.);
#1400=ADVANCED_FACE('',(#116),#1349,.T.);
#1401=ADVANCED_FACE('',(#117),#64,.T.);
#1402=ADVANCED_FACE('',(#118),#1350,.T.);
#1403=ADVANCED_FACE('',(#119),#65,.T.);
#1404=ADVANCED_FACE('',(#120,#24,#25,#26,#27,#28,#29,#30),#66,.T.);
#1405=ADVANCED_FACE('',(#121),#1351,.F.);
#1406=ADVANCED_FACE('',(#122),#67,.F.);
#1407=ADVANCED_FACE('',(#123),#1352,.F.);
#1408=ADVANCED_FACE('',(#124),#68,.F.);
#1409=ADVANCED_FACE('',(#125),#1353,.T.);
#1410=ADVANCED_FACE('',(#126),#69,.F.);
#1411=ADVANCED_FACE('',(#127),#70,.F.);
#1412=ADVANCED_FACE('',(#128),#1354,.T.);
#1413=ADVANCED_FACE('',(#129),#71,.F.);
#1414=ADVANCED_FACE('',(#130),#1355,.T.);
#1415=ADVANCED_FACE('',(#131),#72,.F.);
#1416=ADVANCED_FACE('',(#132),#73,.F.);
#1417=ADVANCED_FACE('',(#133),#1356,.F.);
#1418=ADVANCED_FACE('',(#134,#31,#32,#33,#34,#35,#36,#37),#74,.T.);
#1419=ADVANCED_FACE('',(#135),#1357,.F.);
#1420=ADVANCED_FACE('',(#136),#1358,.F.);
#1421=ADVANCED_FACE('',(#137),#1359,.F.);
#1422=ADVANCED_FACE('',(#138),#75,.F.);
#1423=ADVANCED_FACE('',(#139),#1360,.T.);
#1424=ADVANCED_FACE('',(#140),#1361,.F.);
#1425=ADVANCED_FACE('',(#141),#1362,.F.);
#1426=ADVANCED_FACE('',(#142),#1363,.F.);
#1427=ADVANCED_FACE('',(#143),#1364,.T.);
#1428=ADVANCED_FACE('',(#144),#76,.F.);
#1429=ADVANCED_FACE('',(#145),#1365,.F.);
#1430=ADVANCED_FACE('',(#146),#1366,.F.);
#1431=ADVANCED_FACE('',(#147),#77,.F.);
#1432=ADVANCED_FACE('',(#148),#78,.F.);
#1433=ADVANCED_FACE('',(#149),#79,.F.);
#1434=ADVANCED_FACE('',(#150),#80,.F.);
#1435=ADVANCED_FACE('',(#151),#81,.F.);
#1436=ADVANCED_FACE('',(#152),#1367,.T.);
#1437=ADVANCED_FACE('',(#153),#82,.F.);
#1438=ADVANCED_FACE('',(#154),#1368,.T.);
#1439=ADVANCED_FACE('',(#155),#83,.F.);
#1440=ADVANCED_FACE('',(#156,#38,#39,#40,#41,#42,#43,#44),#84,.F.);
#1441=CLOSED_SHELL('',(#1369,#1370,#1371,#1372,#1373,#1374,#1375,#1376,
#1377,#1378,#1379,#1380,#1381,#1382,#1383,#1384,#1385,#1386,#1387,#1388,
#1389,#1390,#1391,#1392,#1393,#1394,#1395,#1396,#1397,#1398,#1399,#1400,
#1401,#1402,#1403,#1404));
#1442=CLOSED_SHELL('',(#1405,#1406,#1407,#1408,#1409,#1410,#1411,#1412,
#1413,#1414,#1415,#1416,#1417,#1418,#1419,#1420,#1421,#1422,#1423,#1424,
#1425,#1426,#1427,#1428,#1429,#1430,#1431,#1432,#1433,#1434,#1435,#1436,
#1437,#1438,#1439,#1440));
#1443=DERIVED_UNIT_ELEMENT(#1445,1.);
#1444=DERIVED_UNIT_ELEMENT(#2472,-3.);
#1445=(
MASS_UNIT()
NAMED_UNIT(*)
SI_UNIT(.KILO.,.GRAM.)
);
#1446=DERIVED_UNIT((#1443,#1444));
#1447=MEASURE_REPRESENTATION_ITEM('density measure',
POSITIVE_RATIO_MEASURE(7850.),#1446);
#1448=PROPERTY_DEFINITION_REPRESENTATION(#1453,#1450);
#1449=PROPERTY_DEFINITION_REPRESENTATION(#1454,#1451);
#1450=REPRESENTATION('material name',(#1452),#2469);
#1451=REPRESENTATION('density',(#1447),#2469);
#1452=DESCRIPTIVE_REPRESENTATION_ITEM('Steel','Steel');
#1453=PROPERTY_DEFINITION('material property','material name',#2479);
#1454=PROPERTY_DEFINITION('material property','density of part',#2479);
#1455=AXIS2_PLACEMENT_3D('',#2018,#1600,#1601);
#1456=AXIS2_PLACEMENT_3D('',#2019,#1602,#1603);
#1457=AXIS2_PLACEMENT_3D('',#2022,#1604,#1605);
#1458=AXIS2_PLACEMENT_3D('',#2026,#1607,#1608);
#1459=AXIS2_PLACEMENT_3D('',#2028,#1610,#1611);
#1460=AXIS2_PLACEMENT_3D('',#2034,#1615,#1616);
#1461=AXIS2_PLACEMENT_3D('',#2037,#1617,#1618);
#1462=AXIS2_PLACEMENT_3D('',#2041,#1620,#1621);
#1463=AXIS2_PLACEMENT_3D('',#2043,#1623,#1624);
#1464=AXIS2_PLACEMENT_3D('',#2049,#1628,#1629);
#1465=AXIS2_PLACEMENT_3D('',#2052,#1630,#1631);
#1466=AXIS2_PLACEMENT_3D('',#2056,#1633,#1634);
#1467=AXIS2_PLACEMENT_3D('',#2058,#1636,#1637);
#1468=AXIS2_PLACEMENT_3D('',#2064,#1641,#1642);
#1469=AXIS2_PLACEMENT_3D('',#2080,#1650,#1651);
#1470=AXIS2_PLACEMENT_3D('',#2082,#1653,#1654);
#1471=AXIS2_PLACEMENT_3D('',#2085,#1655,#1656);
#1472=AXIS2_PLACEMENT_3D('',#2088,#1659,#1660);
#1473=AXIS2_PLACEMENT_3D('',#2090,#1661,#1662);
#1474=AXIS2_PLACEMENT_3D('',#2094,#1664,#1665);
#1475=AXIS2_PLACEMENT_3D('',#2098,#1668,#1669);
#1476=AXIS2_PLACEMENT_3D('',#2100,#1670,#1671);
#1477=AXIS2_PLACEMENT_3D('',#2102,#1673,#1674);
#1478=AXIS2_PLACEMENT_3D('',#2106,#1677,#1678);
#1479=AXIS2_PLACEMENT_3D('',#2113,#1682,#1683);
#1480=AXIS2_PLACEMENT_3D('',#2114,#1684,#1685);
#1481=AXIS2_PLACEMENT_3D('',#2138,#1687,#1688);
#1482=AXIS2_PLACEMENT_3D('',#2139,#1689,#1690);
#1483=AXIS2_PLACEMENT_3D('',#2142,#1692,#1693);
#1484=AXIS2_PLACEMENT_3D('',#2145,#1695,#1696);
#1485=AXIS2_PLACEMENT_3D('',#2147,#1697,#1698);
#1486=AXIS2_PLACEMENT_3D('',#2149,#1699,#1700);
#1487=AXIS2_PLACEMENT_3D('',#2152,#1701,#1702);
#1488=AXIS2_PLACEMENT_3D('',#2155,#1704,#1705);
#1489=AXIS2_PLACEMENT_3D('',#2157,#1706,#1707);
#1490=AXIS2_PLACEMENT_3D('',#2162,#1709,#1710);
#1491=AXIS2_PLACEMENT_3D('',#2163,#1711,#1712);
#1492=AXIS2_PLACEMENT_3D('',#2165,#1713,#1714);
#1493=AXIS2_PLACEMENT_3D('',#2167,#1715,#1716);
#1494=AXIS2_PLACEMENT_3D('',#2168,#1717,#1718);
#1495=AXIS2_PLACEMENT_3D('',#2169,#1719,#1720);
#1496=AXIS2_PLACEMENT_3D('',#2170,#1721,#1722);
#1497=AXIS2_PLACEMENT_3D('',#2172,#1723,#1724);
#1498=AXIS2_PLACEMENT_3D('',#2174,#1726,#1727);
#1499=AXIS2_PLACEMENT_3D('',#2176,#1728,#1729);
#1500=AXIS2_PLACEMENT_3D('',#2178,#1731,#1732);
#1501=AXIS2_PLACEMENT_3D('',#2184,#1736,#1737);
#1502=AXIS2_PLACEMENT_3D('',#2186,#1738,#1739);
#1503=AXIS2_PLACEMENT_3D('',#2188,#1741,#1742);
#1504=AXIS2_PLACEMENT_3D('',#2189,#1743,#1744);
#1505=AXIS2_PLACEMENT_3D('',#2190,#1745,#1746);
#1506=AXIS2_PLACEMENT_3D('',#2192,#1747,#1748);
#1507=AXIS2_PLACEMENT_3D('',#2194,#1750,#1751);
#1508=AXIS2_PLACEMENT_3D('',#2198,#1753,#1754);
#1509=AXIS2_PLACEMENT_3D('',#2200,#1756,#1757);
#1510=AXIS2_PLACEMENT_3D('',#2202,#1758,#1759);
#1511=AXIS2_PLACEMENT_3D('',#2204,#1761,#1762);
#1512=AXIS2_PLACEMENT_3D('',#2206,#1764,#1765);
#1513=AXIS2_PLACEMENT_3D('',#2208,#1766,#1767);
#1514=AXIS2_PLACEMENT_3D('',#2210,#1769,#1770);
#1515=AXIS2_PLACEMENT_3D('',#2212,#1771,#1772);
#1516=AXIS2_PLACEMENT_3D('',#2214,#1774,#1775);
#1517=AXIS2_PLACEMENT_3D('',#2218,#1778,#1779);
#1518=AXIS2_PLACEMENT_3D('',#2222,#1782,#1783);
#1519=AXIS2_PLACEMENT_3D('',#2226,#1786,#1787);
#1520=AXIS2_PLACEMENT_3D('',#2228,#1789,#1790);
#1521=AXIS2_PLACEMENT_3D('',#2232,#1793,#1794);
#1522=AXIS2_PLACEMENT_3D('',#2233,#1795,#1796);
#1523=AXIS2_PLACEMENT_3D('',#2234,#1797,#1798);
#1524=AXIS2_PLACEMENT_3D('',#2238,#1801,#1802);
#1525=AXIS2_PLACEMENT_3D('',#2239,#1803,#1804);
#1526=AXIS2_PLACEMENT_3D('',#2240,#1805,#1806);
#1527=AXIS2_PLACEMENT_3D('',#2242,#1808,#1809);
#1528=AXIS2_PLACEMENT_3D('',#2243,#1810,#1811);
#1529=AXIS2_PLACEMENT_3D('',#2246,#1812,#1813);
#1530=AXIS2_PLACEMENT_3D('',#2250,#1815,#1816);
#1531=AXIS2_PLACEMENT_3D('',#2252,#1818,#1819);
#1532=AXIS2_PLACEMENT_3D('',#2258,#1823,#1824);
#1533=AXIS2_PLACEMENT_3D('',#2261,#1825,#1826);
#1534=AXIS2_PLACEMENT_3D('',#2265,#1828,#1829);
#1535=AXIS2_PLACEMENT_3D('',#2267,#1831,#1832);
#1536=AXIS2_PLACEMENT_3D('',#2273,#1836,#1837);
#1537=AXIS2_PLACEMENT_3D('',#2276,#1838,#1839);
#1538=AXIS2_PLACEMENT_3D('',#2280,#1841,#1842);
#1539=AXIS2_PLACEMENT_3D('',#2282,#1844,#1845);
#1540=AXIS2_PLACEMENT_3D('',#2288,#1849,#1850);
#1541=AXIS2_PLACEMENT_3D('',#2292,#1852,#1853);
#1542=AXIS2_PLACEMENT_3D('',#2306,#1861,#1862);
#1543=AXIS2_PLACEMENT_3D('',#2309,#1863,#1864);
#1544=AXIS2_PLACEMENT_3D('',#2312,#1867,#1868);
#1545=AXIS2_PLACEMENT_3D('',#2318,#1871,#1872);
#1546=AXIS2_PLACEMENT_3D('',#2321,#1874,#1875);
#1547=AXIS2_PLACEMENT_3D('',#2322,#1876,#1877);
#1548=AXIS2_PLACEMENT_3D('',#2325,#1879,#1880);
#1549=AXIS2_PLACEMENT_3D('',#2326,#1881,#1882);
#1550=AXIS2_PLACEMENT_3D('',#2330,#1885,#1886);
#1551=AXIS2_PLACEMENT_3D('',#2332,#1887,#1888);
#1552=AXIS2_PLACEMENT_3D('',#2338,#1892,#1893);
#1553=AXIS2_PLACEMENT_3D('',#2362,#1895,#1896);
#1554=AXIS2_PLACEMENT_3D('',#2364,#1897,#1898);
#1555=AXIS2_PLACEMENT_3D('',#2367,#1900,#1901);
#1556=AXIS2_PLACEMENT_3D('',#2369,#1903,#1904);
#1557=AXIS2_PLACEMENT_3D('',#2371,#1905,#1906);
#1558=AXIS2_PLACEMENT_3D('',#2373,#1907,#1908);
#1559=AXIS2_PLACEMENT_3D('',#2376,#1909,#1910);
#1560=AXIS2_PLACEMENT_3D('',#2378,#1911,#1912);
#1561=AXIS2_PLACEMENT_3D('',#2381,#1914,#1915);
#1562=AXIS2_PLACEMENT_3D('',#2386,#1917,#1918);
#1563=AXIS2_PLACEMENT_3D('',#2387,#1919,#1920);
#1564=AXIS2_PLACEMENT_3D('',#2389,#1921,#1922);
#1565=AXIS2_PLACEMENT_3D('',#2391,#1923,#1924);
#1566=AXIS2_PLACEMENT_3D('',#2392,#1925,#1926);
#1567=AXIS2_PLACEMENT_3D('',#2393,#1927,#1928);
#1568=AXIS2_PLACEMENT_3D('',#2394,#1929,#1930);
#1569=AXIS2_PLACEMENT_3D('',#2396,#1931,#1932);
#1570=AXIS2_PLACEMENT_3D('',#2398,#1934,#1935);
#1571=AXIS2_PLACEMENT_3D('',#2400,#1936,#1937);
#1572=AXIS2_PLACEMENT_3D('',#2402,#1939,#1940);
#1573=AXIS2_PLACEMENT_3D('',#2408,#1944,#1945);
#1574=AXIS2_PLACEMENT_3D('',#2411,#1947,#1948);
#1575=AXIS2_PLACEMENT_3D('',#2412,#1949,#1950);
#1576=AXIS2_PLACEMENT_3D('',#2413,#1951,#1952);
#1577=AXIS2_PLACEMENT_3D('',#2414,#1953,#1954);
#1578=AXIS2_PLACEMENT_3D('',#2416,#1955,#1956);
#1579=AXIS2_PLACEMENT_3D('',#2418,#1958,#1959);
#1580=AXIS2_PLACEMENT_3D('',#2422,#1961,#1962);
#1581=AXIS2_PLACEMENT_3D('',#2424,#1964,#1965);
#1582=AXIS2_PLACEMENT_3D('',#2427,#1967,#1968);
#1583=AXIS2_PLACEMENT_3D('',#2428,#1969,#1970);
#1584=AXIS2_PLACEMENT_3D('',#2430,#1972,#1973);
#1585=AXIS2_PLACEMENT_3D('',#2432,#1974,#1975);
#1586=AXIS2_PLACEMENT_3D('',#2434,#1977,#1978);
#1587=AXIS2_PLACEMENT_3D('',#2436,#1979,#1980);
#1588=AXIS2_PLACEMENT_3D('',#2438,#1982,#1983);
#1589=AXIS2_PLACEMENT_3D('',#2442,#1986,#1987);
#1590=AXIS2_PLACEMENT_3D('',#2446,#1990,#1991);
#1591=AXIS2_PLACEMENT_3D('',#2450,#1994,#1995);
#1592=AXIS2_PLACEMENT_3D('',#2452,#1997,#1998);
#1593=AXIS2_PLACEMENT_3D('',#2456,#2001,#2002);
#1594=AXIS2_PLACEMENT_3D('',#2457,#2003,#2004);
#1595=AXIS2_PLACEMENT_3D('',#2458,#2005,#2006);
#1596=AXIS2_PLACEMENT_3D('',#2462,#2009,#2010);
#1597=AXIS2_PLACEMENT_3D('',#2463,#2011,#2012);
#1598=AXIS2_PLACEMENT_3D('',#2464,#2013,#2014);
#1599=AXIS2_PLACEMENT_3D('',#2466,#2016,#2017);
#1600=DIRECTION('axis',(0.,0.,1.));
#1601=DIRECTION('refdir',(1.,0.,0.));
#1602=DIRECTION('center_axis',(0.,0.,1.));
#1603=DIRECTION('ref_axis',(-0.544867228004093,-0.838522333541055,0.));
#1604=DIRECTION('center_axis',(0.,0.,-1.));
#1605=DIRECTION('ref_axis',(-0.544867228004093,-0.838522333541055,0.));
#1606=DIRECTION('',(0.,0.,1.));
#1607=DIRECTION('center_axis',(0.,0.,1.));
#1608=DIRECTION('ref_axis',(-0.544867228004093,-0.838522333541055,0.));
#1609=DIRECTION('',(0.,0.,-1.));
#1610=DIRECTION('center_axis',(0.705051672695165,0.709155934072155,0.));
#1611=DIRECTION('ref_axis',(-0.709155934072155,0.705051672695164,0.));
#1612=DIRECTION('',(0.709155934072155,-0.705051672695164,0.));
#1613=DIRECTION('',(0.,0.,1.));
#1614=DIRECTION('',(-0.709155934072155,0.705051672695164,0.));
#1615=DIRECTION('center_axis',(0.,0.,1.));
#1616=DIRECTION('ref_axis',(0.0388227023458731,0.999246114719774,0.));
#1617=DIRECTION('center_axis',(0.,0.,-1.));
#1618=DIRECTION('ref_axis',(0.0388227023458731,0.999246114719774,0.));
#1619=DIRECTION('',(0.,0.,1.));
#1620=DIRECTION('center_axis',(0.,0.,1.));
#1621=DIRECTION('ref_axis',(0.0388227023458731,0.999246114719774,0.));
#1622=DIRECTION('',(0.,0.,-1.));
#1623=DIRECTION('center_axis',(-0.24229346818769,-0.970203007248267,0.));
#1624=DIRECTION('ref_axis',(0.970203007248267,-0.24229346818769,0.));
#1625=DIRECTION('',(0.970203007248267,-0.24229346818769,0.));
#1626=DIRECTION('',(0.,0.,-1.));
#1627=DIRECTION('',(0.970203007248267,-0.24229346818769,0.));
#1628=DIRECTION('center_axis',(0.,0.,-1.));
#1629=DIRECTION('ref_axis',(-0.957092026489053,-0.28978414868843,0.));
#1630=DIRECTION('center_axis',(0.,0.,1.));
#1631=DIRECTION('ref_axis',(-0.957092026489053,-0.28978414868843,0.));
#1632=DIRECTION('',(0.,0.,1.));
#1633=DIRECTION('center_axis',(0.,0.,-1.));
#1634=DIRECTION('ref_axis',(-0.957092026489053,-0.28978414868843,0.));
#1635=DIRECTION('',(0.,0.,-1.));
#1636=DIRECTION('center_axis',(-0.832050294337843,-0.554700196225229,0.));
#1637=DIRECTION('ref_axis',(0.554700196225229,-0.832050294337844,0.));
#1638=DIRECTION('',(-0.554700196225229,0.832050294337844,0.));
#1639=DIRECTION('',(0.,0.,1.));
#1640=DIRECTION('',(0.554700196225229,-0.832050294337844,0.));
#1641=DIRECTION('center_axis',(0.,0.,-1.));
#1642=DIRECTION('ref_axis',(-1.,0.,0.));
#1643=DIRECTION('',(0.,1.,0.));
#1644=DIRECTION('',(1.,0.,0.));
#1645=DIRECTION('',(0.,1.,0.));
#1646=DIRECTION('',(1.,0.,0.));
#1647=DIRECTION('',(0.,1.,0.));
#1648=DIRECTION('',(-1.,0.,0.));
#1649=DIRECTION('',(0.,-1.,0.));
#1650=DIRECTION('center_axis',(0.,0.,1.));
#1651=DIRECTION('ref_axis',(0.957092026489053,-0.289784148688431,0.));
#1652=DIRECTION('',(-0.55470019622523,-0.832050294337843,0.));
#1653=DIRECTION('center_axis',(0.,0.,1.));
#1654=DIRECTION('ref_axis',(0.957092026489053,-0.289784148688431,0.));
#1655=DIRECTION('center_axis',(0.,0.,-1.));
#1656=DIRECTION('ref_axis',(0.957092026489053,-0.289784148688431,0.));
#1657=DIRECTION('',(0.,0.,-1.));
#1658=DIRECTION('',(0.,0.,1.));
#1659=DIRECTION('center_axis',(1.,0.,0.));
#1660=DIRECTION('ref_axis',(0.,1.,0.));
#1661=DIRECTION('center_axis',(-1.,0.,0.));
#1662=DIRECTION('ref_axis',(0.,0.707106781186548,-0.707106781186548));
#1663=DIRECTION('',(0.,0.,-1.));
#1664=DIRECTION('center_axis',(1.,0.,0.));
#1665=DIRECTION('ref_axis',(0.,-0.707106781186548,0.707106781186547));
#1666=DIRECTION('',(0.,0.,1.));
#1667=DIRECTION('',(0.,1.,0.));
#1668=DIRECTION('center_axis',(1.,0.,0.));
#1669=DIRECTION('ref_axis',(0.,0.707106781186548,-0.707106781186548));
#1670=DIRECTION('center_axis',(1.,0.,0.));
#1671=DIRECTION('ref_axis',(0.,0.707106781186548,-0.707106781186548));
#1672=DIRECTION('',(1.,0.,0.));
#1673=DIRECTION('center_axis',(0.,1.,0.));
#1674=DIRECTION('ref_axis',(1.,0.,0.));
#1675=DIRECTION('',(0.,0.,-1.));
#1676=DIRECTION('',(-1.,0.,0.));
#1677=DIRECTION('center_axis',(-1.,0.,0.));
#1678=DIRECTION('ref_axis',(0.,-1.,0.));
#1679=DIRECTION('',(0.,0.,1.));
#1680=DIRECTION('',(0.,-1.,0.));
#1681=DIRECTION('',(0.,0.,-1.));
#1682=DIRECTION('center_axis',(-1.,0.,0.));
#1683=DIRECTION('ref_axis',(0.,-0.707106781186548,0.707106781186547));
#1684=DIRECTION('center_axis',(-1.,0.,0.));
#1685=DIRECTION('ref_axis',(0.,-0.707106781186548,0.707106781186547));
#1686=DIRECTION('',(1.,0.,0.));
#1687=DIRECTION('center_axis',(0.,0.,1.));
#1688=DIRECTION('ref_axis',(1.,0.,0.));
#1689=DIRECTION('center_axis',(0.,0.,-1.));
#1690=DIRECTION('ref_axis',(0.788128627886238,0.615510573350414,0.));
#1691=DIRECTION('',(0.98607721456762,0.166288084090724,0.));
#1692=DIRECTION('center_axis',(0.,0.,1.));
#1693=DIRECTION('ref_axis',(1.,0.,0.));
#1694=DIRECTION('',(0.932339812096819,-0.361583288855097,0.));
#1695=DIRECTION('center_axis',(0.,0.,1.));
#1696=DIRECTION('ref_axis',(1.,0.,0.));
#1697=DIRECTION('center_axis',(0.,0.,-1.));
#1698=DIRECTION('ref_axis',(1.,0.,0.));
#1699=DIRECTION('center_axis',(0.,0.,-1.));
#1700=DIRECTION('ref_axis',(1.,0.,0.));
#1701=DIRECTION('center_axis',(0.,0.,-1.));
#1702=DIRECTION('ref_axis',(1.,0.,0.));
#1703=DIRECTION('',(0.932339812096819,-0.361583288855097,0.));
#1704=DIRECTION('center_axis',(0.,0.,1.));
#1705=DIRECTION('ref_axis',(1.,0.,0.));
#1706=DIRECTION('center_axis',(0.,0.,-1.));
#1707=DIRECTION('ref_axis',(1.,0.,0.));
#1708=DIRECTION('',(-0.970203007248267,0.24229346818769,0.));
#1709=DIRECTION('center_axis',(0.,0.,-1.));
#1710=DIRECTION('ref_axis',(1.,0.,0.));
#1711=DIRECTION('center_axis',(0.,0.,1.));
#1712=DIRECTION('ref_axis',(1.,0.,0.));
#1713=DIRECTION('center_axis',(0.,0.,-1.));
#1714=DIRECTION('ref_axis',(1.,0.,0.));
#1715=DIRECTION('center_axis',(0.,0.,-1.));
#1716=DIRECTION('ref_axis',(1.,0.,0.));
#1717=DIRECTION('center_axis',(0.,0.,1.));
#1718=DIRECTION('ref_axis',(0.788128627886238,0.615510573350414,0.));
#1719=DIRECTION('center_axis',(0.,0.,1.));
#1720=DIRECTION('ref_axis',(0.788128627886238,0.615510573350414,0.));
#1721=DIRECTION('center_axis',(0.,0.,1.));
#1722=DIRECTION('ref_axis',(1.,0.,0.));
#1723=DIRECTION('center_axis',(0.,0.,-1.));
#1724=DIRECTION('ref_axis',(1.,0.,0.));
#1725=DIRECTION('',(0.,0.,-1.));
#1726=DIRECTION('center_axis',(0.,0.,1.));
#1727=DIRECTION('ref_axis',(1.,0.,0.));
#1728=DIRECTION('center_axis',(0.,0.,-1.));
#1729=DIRECTION('ref_axis',(1.,0.,0.));
#1730=DIRECTION('',(0.,0.,-1.));
#1731=DIRECTION('center_axis',(-0.361583288855097,-0.932339812096819,0.));
#1732=DIRECTION('ref_axis',(0.932339812096819,-0.361583288855097,0.));
#1733=DIRECTION('',(0.,0.,1.));
#1734=DIRECTION('',(0.932339812096819,-0.361583288855097,0.));
#1735=DIRECTION('',(0.,0.,1.));
#1736=DIRECTION('center_axis',(0.,0.,1.));
#1737=DIRECTION('ref_axis',(1.,0.,0.));
#1738=DIRECTION('center_axis',(0.,0.,1.));
#1739=DIRECTION('ref_axis',(1.,0.,0.));
#1740=DIRECTION('',(0.,0.,1.));
#1741=DIRECTION('center_axis',(0.,0.,1.));
#1742=DIRECTION('ref_axis',(1.,0.,0.));
#1743=DIRECTION('center_axis',(0.,0.,-1.));
#1744=DIRECTION('ref_axis',(1.,0.,0.));
#1745=DIRECTION('center_axis',(0.,0.,1.));
#1746=DIRECTION('ref_axis',(1.,0.,0.));
#1747=DIRECTION('center_axis',(0.,0.,-1.));
#1748=DIRECTION('ref_axis',(1.,0.,0.));
#1749=DIRECTION('',(0.,0.,-1.));
#1750=DIRECTION('center_axis',(0.,0.,1.));
#1751=DIRECTION('ref_axis',(1.,0.,0.));
#1752=DIRECTION('',(0.,0.,1.));
#1753=DIRECTION('center_axis',(0.,0.,-1.));
#1754=DIRECTION('ref_axis',(1.,0.,0.));
#1755=DIRECTION('',(0.,0.,1.));
#1756=DIRECTION('center_axis',(0.,0.,1.));
#1757=DIRECTION('ref_axis',(1.,0.,0.));
#1758=DIRECTION('center_axis',(0.,0.,1.));
#1759=DIRECTION('ref_axis',(1.,0.,0.));
#1760=DIRECTION('',(0.,0.,1.));
#1761=DIRECTION('center_axis',(0.24229346818769,0.970203007248267,0.));
#1762=DIRECTION('ref_axis',(-0.970203007248267,0.24229346818769,0.));
#1763=DIRECTION('',(-0.970203007248267,0.24229346818769,0.));
#1764=DIRECTION('center_axis',(0.,0.,1.));
#1765=DIRECTION('ref_axis',(1.,0.,0.));
#1766=DIRECTION('center_axis',(0.,0.,-1.));
#1767=DIRECTION('ref_axis',(1.,0.,0.));
#1768=DIRECTION('',(0.,0.,-1.));
#1769=DIRECTION('center_axis',(0.,0.,1.));
#1770=DIRECTION('ref_axis',(1.,0.,0.));
#1771=DIRECTION('center_axis',(0.,0.,-1.));
#1772=DIRECTION('ref_axis',(1.,0.,0.));
#1773=DIRECTION('',(0.,0.,-1.));
#1774=DIRECTION('center_axis',(-1.,0.,0.));
#1775=DIRECTION('ref_axis',(0.,-1.,0.));
#1776=DIRECTION('',(0.,-1.,0.));
#1777=DIRECTION('',(0.,0.,1.));
#1778=DIRECTION('center_axis',(0.,1.,0.));
#1779=DIRECTION('ref_axis',(-1.,0.,0.));
#1780=DIRECTION('',(-1.,0.,0.));
#1781=DIRECTION('',(0.,0.,1.));
#1782=DIRECTION('center_axis',(-1.,0.,0.));
#1783=DIRECTION('ref_axis',(0.,-1.,0.));
#1784=DIRECTION('',(0.,-1.,0.));
#1785=DIRECTION('',(0.,0.,1.));
#1786=DIRECTION('center_axis',(0.,1.,0.));
#1787=DIRECTION('ref_axis',(-1.,0.,0.));
#1788=DIRECTION('',(-1.,0.,0.));
#1789=DIRECTION('center_axis',(0.166288084090724,-0.98607721456762,0.));
#1790=DIRECTION('ref_axis',(0.98607721456762,0.166288084090724,0.));
#1791=DIRECTION('',(0.98607721456762,0.166288084090724,0.));
#1792=DIRECTION('',(0.,0.,1.));
#1793=DIRECTION('center_axis',(0.,0.,1.));
#1794=DIRECTION('ref_axis',(-0.953027858984565,0.302882650541915,0.));
#1795=DIRECTION('center_axis',(0.,0.,1.));
#1796=DIRECTION('ref_axis',(1.,0.,0.));
#1797=DIRECTION('center_axis',(0.361583288855097,0.932339812096819,0.));
#1798=DIRECTION('ref_axis',(-0.932339812096819,0.361583288855097,0.));
#1799=DIRECTION('',(-0.932339812096819,0.361583288855097,0.));
#1800=DIRECTION('',(0.,0.,1.));
#1801=DIRECTION('center_axis',(0.,0.,1.));
#1802=DIRECTION('ref_axis',(1.,0.,0.));
#1803=DIRECTION('center_axis',(0.,0.,1.));
#1804=DIRECTION('ref_axis',(1.,0.,0.));
#1805=DIRECTION('center_axis',(0.832050294337843,-0.55470019622523,0.));
#1806=DIRECTION('ref_axis',(0.55470019622523,0.832050294337843,0.));
#1807=DIRECTION('',(0.55470019622523,0.832050294337843,0.));
#1808=DIRECTION('center_axis',(0.,0.,1.));
#1809=DIRECTION('ref_axis',(1.,0.,0.));
#1810=DIRECTION('center_axis',(0.,0.,-1.));
#1811=DIRECTION('ref_axis',(0.544867228004093,-0.838522333541055,0.));
#1812=DIRECTION('center_axis',(0.,0.,1.));
#1813=DIRECTION('ref_axis',(0.544867228004093,-0.838522333541055,0.));
#1814=DIRECTION('',(0.,0.,-1.));
#1815=DIRECTION('center_axis',(0.,0.,-1.));
#1816=DIRECTION('ref_axis',(0.544867228004093,-0.838522333541055,0.));
#1817=DIRECTION('',(0.,0.,1.));
#1818=DIRECTION('center_axis',(0.705051672695165,-0.709155934072155,0.));
#1819=DIRECTION('ref_axis',(0.709155934072155,0.705051672695164,0.));
#1820=DIRECTION('',(0.709155934072155,0.705051672695164,0.));
#1821=DIRECTION('',(0.,0.,1.));
#1822=DIRECTION('',(-0.709155934072155,-0.705051672695164,0.));
#1823=DIRECTION('center_axis',(0.,0.,-1.));
#1824=DIRECTION('ref_axis',(-0.0388227023458731,0.999246114719774,0.));
#1825=DIRECTION('center_axis',(0.,0.,1.));
#1826=DIRECTION('ref_axis',(-0.0388227023458731,0.999246114719774,0.));
#1827=DIRECTION('',(0.,0.,-1.));
#1828=DIRECTION('center_axis',(0.,0.,-1.));
#1829=DIRECTION('ref_axis',(-0.0388227023458731,0.999246114719774,0.));
#1830=DIRECTION('',(0.,0.,1.));
#1831=DIRECTION('center_axis',(-0.24229346818769,0.970203007248267,0.));
#1832=DIRECTION('ref_axis',(-0.970203007248267,-0.24229346818769,0.));
#1833=DIRECTION('',(-0.970203007248267,-0.24229346818769,0.));
#1834=DIRECTION('',(0.,0.,-1.));
#1835=DIRECTION('',(-0.970203007248267,-0.24229346818769,0.));
#1836=DIRECTION('center_axis',(0.,0.,1.));
#1837=DIRECTION('ref_axis',(0.957092026489053,-0.28978414868843,0.));
#1838=DIRECTION('center_axis',(0.,0.,-1.));
#1839=DIRECTION('ref_axis',(0.957092026489053,-0.28978414868843,0.));
#1840=DIRECTION('',(0.,0.,-1.));
#1841=DIRECTION('center_axis',(0.,0.,1.));
#1842=DIRECTION('ref_axis',(0.957092026489053,-0.28978414868843,0.));
#1843=DIRECTION('',(0.,0.,1.));
#1844=DIRECTION('center_axis',(-0.832050294337843,0.554700196225229,0.));
#1845=DIRECTION('ref_axis',(-0.554700196225229,-0.832050294337844,0.));
#1846=DIRECTION('',(-0.554700196225229,-0.832050294337844,0.));
#1847=DIRECTION('',(0.,0.,1.));
#1848=DIRECTION('',(0.554700196225229,0.832050294337844,0.));
#1849=DIRECTION('center_axis',(0.,0.,1.));
#1850=DIRECTION('ref_axis',(1.,0.,0.));
#1851=DIRECTION('',(0.55470019622523,-0.832050294337843,0.));
#1852=DIRECTION('center_axis',(0.,0.,-1.));
#1853=DIRECTION('ref_axis',(-0.957092026489053,-0.289784148688431,0.));
#1854=DIRECTION('',(0.,-1.,0.));
#1855=DIRECTION('',(1.,0.,0.));
#1856=DIRECTION('',(0.,1.,0.));
#1857=DIRECTION('',(-1.,0.,0.));
#1858=DIRECTION('',(0.,1.,0.));
#1859=DIRECTION('',(-1.,0.,0.));
#1860=DIRECTION('',(0.,1.,0.));
#1861=DIRECTION('center_axis',(0.,0.,-1.));
#1862=DIRECTION('ref_axis',(-0.957092026489053,-0.289784148688431,0.));
#1863=DIRECTION('center_axis',(0.,0.,1.));
#1864=DIRECTION('ref_axis',(-0.957092026489053,-0.289784148688431,0.));
#1865=DIRECTION('',(0.,0.,1.));
#1866=DIRECTION('',(0.,0.,-1.));
#1867=DIRECTION('center_axis',(1.,0.,0.));
#1868=DIRECTION('ref_axis',(0.,1.,0.));
#1869=DIRECTION('',(0.,1.,0.));
#1870=DIRECTION('',(0.,0.,1.));
#1871=DIRECTION('center_axis',(1.,0.,0.));
#1872=DIRECTION('ref_axis',(0.,-0.707106781186548,0.707106781186547));
#1873=DIRECTION('',(0.,0.,-1.));
#1874=DIRECTION('center_axis',(-1.,0.,0.));
#1875=DIRECTION('ref_axis',(0.,0.707106781186548,-0.707106781186548));
#1876=DIRECTION('center_axis',(1.,0.,0.));
#1877=DIRECTION('ref_axis',(0.,0.707106781186548,-0.707106781186548));
#1878=DIRECTION('',(-1.,0.,0.));
#1879=DIRECTION('center_axis',(1.,0.,0.));
#1880=DIRECTION('ref_axis',(0.,0.707106781186548,-0.707106781186548));
#1881=DIRECTION('center_axis',(0.,-1.,0.));
#1882=DIRECTION('ref_axis',(-1.,0.,0.));
#1883=DIRECTION('',(1.,0.,0.));
#1884=DIRECTION('',(0.,0.,-1.));
#1885=DIRECTION('center_axis',(-1.,0.,0.));
#1886=DIRECTION('ref_axis',(0.,-1.,0.));
#1887=DIRECTION('center_axis',(-1.,0.,0.));
#1888=DIRECTION('ref_axis',(0.,-0.707106781186548,0.707106781186547));
#1889=DIRECTION('',(0.,0.,-1.));
#1890=DIRECTION('',(0.,-1.,0.));
#1891=DIRECTION('',(0.,0.,1.));
#1892=DIRECTION('center_axis',(-1.,0.,0.));
#1893=DIRECTION('ref_axis',(0.,-0.707106781186548,0.707106781186547));
#1894=DIRECTION('',(-1.,0.,0.));
#1895=DIRECTION('center_axis',(0.,0.,-1.));
#1896=DIRECTION('ref_axis',(-1.,0.,0.));
#1897=DIRECTION('center_axis',(0.,0.,-1.));
#1898=DIRECTION('ref_axis',(-1.,0.,0.));
#1899=DIRECTION('',(-0.932339812096819,-0.361583288855097,0.));
#1900=DIRECTION('center_axis',(0.,0.,-1.));
#1901=DIRECTION('ref_axis',(-1.,0.,0.));
#1902=DIRECTION('',(-0.98607721456762,0.166288084090724,0.));
#1903=DIRECTION('center_axis',(0.,0.,1.));
#1904=DIRECTION('ref_axis',(-0.788128627886238,0.615510573350414,0.));
#1905=DIRECTION('center_axis',(0.,0.,1.));
#1906=DIRECTION('ref_axis',(-1.,0.,0.));
#1907=DIRECTION('center_axis',(0.,0.,1.));
#1908=DIRECTION('ref_axis',(-1.,0.,0.));
#1909=DIRECTION('center_axis',(0.,0.,1.));
#1910=DIRECTION('ref_axis',(-1.,0.,0.));
#1911=DIRECTION('center_axis',(0.,0.,-1.));
#1912=DIRECTION('ref_axis',(-1.,0.,0.));
#1913=DIRECTION('',(-0.932339812096819,-0.361583288855097,0.));
#1914=DIRECTION('center_axis',(0.,0.,1.));
#1915=DIRECTION('ref_axis',(-1.,0.,0.));
#1916=DIRECTION('',(0.970203007248267,0.24229346818769,0.));
#1917=DIRECTION('center_axis',(0.,0.,-1.));
#1918=DIRECTION('ref_axis',(-1.,0.,0.));
#1919=DIRECTION('center_axis',(0.,0.,1.));
#1920=DIRECTION('ref_axis',(-1.,0.,0.));
#1921=DIRECTION('center_axis',(0.,0.,1.));
#1922=DIRECTION('ref_axis',(-1.,0.,0.));
#1923=DIRECTION('center_axis',(0.,0.,1.));
#1924=DIRECTION('ref_axis',(-1.,0.,0.));
#1925=DIRECTION('center_axis',(0.,0.,-1.));
#1926=DIRECTION('ref_axis',(-0.788128627886238,0.615510573350414,0.));
#1927=DIRECTION('center_axis',(0.,0.,-1.));
#1928=DIRECTION('ref_axis',(-0.788128627886238,0.615510573350414,0.));
#1929=DIRECTION('center_axis',(0.,0.,-1.));
#1930=DIRECTION('ref_axis',(-1.,0.,0.));
#1931=DIRECTION('center_axis',(0.,0.,1.));
#1932=DIRECTION('ref_axis',(-1.,0.,0.));
#1933=DIRECTION('',(0.,0.,-1.));
#1934=DIRECTION('center_axis',(0.,0.,-1.));
#1935=DIRECTION('ref_axis',(-1.,0.,0.));
#1936=DIRECTION('center_axis',(0.,0.,1.));
#1937=DIRECTION('ref_axis',(-1.,0.,0.));
#1938=DIRECTION('',(0.,0.,-1.));
#1939=DIRECTION('center_axis',(-0.361583288855097,0.932339812096819,0.));
#1940=DIRECTION('ref_axis',(-0.932339812096819,-0.361583288855097,0.));
#1941=DIRECTION('',(0.,0.,1.));
#1942=DIRECTION('',(-0.932339812096819,-0.361583288855097,0.));
#1943=DIRECTION('',(0.,0.,1.));
#1944=DIRECTION('center_axis',(0.,0.,-1.));
#1945=DIRECTION('ref_axis',(-1.,0.,0.));
#1946=DIRECTION('',(0.,0.,1.));
#1947=DIRECTION('center_axis',(0.,0.,-1.));
#1948=DIRECTION('ref_axis',(-1.,0.,0.));
#1949=DIRECTION('center_axis',(0.,0.,-1.));
#1950=DIRECTION('ref_axis',(-1.,0.,0.));
#1951=DIRECTION('center_axis',(0.,0.,1.));
#1952=DIRECTION('ref_axis',(-1.,0.,0.));
#1953=DIRECTION('center_axis',(0.,0.,-1.));
#1954=DIRECTION('ref_axis',(-1.,0.,0.));
#1955=DIRECTION('center_axis',(0.,0.,1.));
#1956=DIRECTION('ref_axis',(-1.,0.,0.));
#1957=DIRECTION('',(0.,0.,-1.));
#1958=DIRECTION('center_axis',(0.,0.,-1.));
#1959=DIRECTION('ref_axis',(-1.,0.,0.));
#1960=DIRECTION('',(0.,0.,1.));
#1961=DIRECTION('center_axis',(0.,0.,1.));
#1962=DIRECTION('ref_axis',(-1.,0.,0.));
#1963=DIRECTION('',(0.,0.,1.));
#1964=DIRECTION('center_axis',(0.,0.,-1.));
#1965=DIRECTION('ref_axis',(-1.,0.,0.));
#1966=DIRECTION('',(0.,0.,1.));
#1967=DIRECTION('center_axis',(0.,0.,-1.));
#1968=DIRECTION('ref_axis',(-1.,0.,0.));
#1969=DIRECTION('center_axis',(0.24229346818769,-0.970203007248267,0.));
#1970=DIRECTION('ref_axis',(0.970203007248267,0.24229346818769,0.));
#1971=DIRECTION('',(0.970203007248267,0.24229346818769,0.));
#1972=DIRECTION('center_axis',(0.,0.,-1.));
#1973=DIRECTION('ref_axis',(-1.,0.,0.));
#1974=DIRECTION('center_axis',(0.,0.,1.));
#1975=DIRECTION('ref_axis',(-1.,0.,0.));
#1976=DIRECTION('',(0.,0.,-1.));
#1977=DIRECTION('center_axis',(0.,0.,-1.));
#1978=DIRECTION('ref_axis',(-1.,0.,0.));
#1979=DIRECTION('center_axis',(0.,0.,1.));
#1980=DIRECTION('ref_axis',(-1.,0.,0.));
#1981=DIRECTION('',(0.,0.,-1.));
#1982=DIRECTION('center_axis',(-1.,0.,0.));
#1983=DIRECTION('ref_axis',(0.,-1.,0.));
#1984=DIRECTION('',(0.,0.,1.));
#1985=DIRECTION('',(0.,-1.,0.));
#1986=DIRECTION('center_axis',(0.,-1.,0.));
#1987=DIRECTION('ref_axis',(1.,0.,0.));
#1988=DIRECTION('',(0.,0.,1.));
#1989=DIRECTION('',(1.,0.,0.));
#1990=DIRECTION('center_axis',(-1.,0.,0.));
#1991=DIRECTION('ref_axis',(0.,-1.,0.));
#1992=DIRECTION('',(0.,0.,1.));
#1993=DIRECTION('',(0.,-1.,0.));
#1994=DIRECTION('center_axis',(0.,-1.,0.));
#1995=DIRECTION('ref_axis',(1.,0.,0.));
#1996=DIRECTION('',(1.,0.,0.));
#1997=DIRECTION('center_axis',(0.166288084090724,0.98607721456762,0.));
#1998=DIRECTION('ref_axis',(-0.98607721456762,0.166288084090724,0.));
#1999=DIRECTION('',(0.,0.,1.));
#2000=DIRECTION('',(-0.98607721456762,0.166288084090724,0.));
#2001=DIRECTION('center_axis',(0.,0.,-1.));
#2002=DIRECTION('ref_axis',(0.953027858984565,0.302882650541915,0.));
#2003=DIRECTION('center_axis',(0.,0.,-1.));
#2004=DIRECTION('ref_axis',(-1.,0.,0.));
#2005=DIRECTION('center_axis',(0.361583288855097,-0.932339812096819,0.));
#2006=DIRECTION('ref_axis',(0.932339812096819,0.361583288855097,0.));
#2007=DIRECTION('',(0.,0.,1.));
#2008=DIRECTION('',(0.932339812096819,0.361583288855097,0.));
#2009=DIRECTION('center_axis',(0.,0.,-1.));
#2010=DIRECTION('ref_axis',(-1.,0.,0.));
#2011=DIRECTION('center_axis',(0.,0.,-1.));
#2012=DIRECTION('ref_axis',(-1.,0.,0.));
#2013=DIRECTION('center_axis',(0.832050294337843,0.55470019622523,0.));
#2014=DIRECTION('ref_axis',(-0.55470019622523,0.832050294337843,0.));
#2015=DIRECTION('',(-0.55470019622523,0.832050294337843,0.));
#2016=DIRECTION('center_axis',(0.,0.,-1.));
#2017=DIRECTION('ref_axis',(-1.,0.,0.));
#2018=CARTESIAN_POINT('',(0.,0.,0.));
#2019=CARTESIAN_POINT('Origin',(55.1713399941452,82.3935495231846,0.));
#2020=CARTESIAN_POINT('',(40.7080084399413,45.0999570393119,0.));
#2021=CARTESIAN_POINT('',(26.9692730863386,54.0273121602985,0.));
#2022=CARTESIAN_POINT('Origin',(55.1713399941452,82.3935495231846,0.));
#2023=CARTESIAN_POINT('',(26.9692730863386,54.0273121602985,8.));
#2024=CARTESIAN_POINT('',(26.9692730863386,54.0273121602984,0.));
#2025=CARTESIAN_POINT('',(40.7080084399413,45.0999570393119,8.));
#2026=CARTESIAN_POINT('Origin',(55.1713399941452,82.3935495231846,8.));
#2027=CARTESIAN_POINT('',(40.7080084399413,45.0999570393119,0.));
#2028=CARTESIAN_POINT('Origin',(32.9046559378585,48.1262805162136,0.));
#2029=CARTESIAN_POINT('',(22.460620072342,58.5098712088659,0.));
#2030=CARTESIAN_POINT('',(22.460620072342,58.5098712088659,0.));
#2031=CARTESIAN_POINT('',(22.460620072342,58.5098712088659,8.));
#2032=CARTESIAN_POINT('',(22.460620072342,58.5098712088659,0.));
#2033=CARTESIAN_POINT('',(22.460620072342,58.5098712088659,8.));
#2034=CARTESIAN_POINT('Origin',(28.9329296431048,-0.215978027135446,0.));
#2035=CARTESIAN_POINT('',(22.2814062794758,39.2271105555694,0.));
#2036=CARTESIAN_POINT('',(38.6246683706124,38.5921422627952,0.));
#2037=CARTESIAN_POINT('Origin',(28.9329296431048,-0.215978027135446,0.));
#2038=CARTESIAN_POINT('',(38.6246683706124,38.5921422627952,8.));
#2039=CARTESIAN_POINT('',(38.6246683706124,38.5921422627952,0.));
#2040=CARTESIAN_POINT('',(22.2814062794758,39.2271105555694,8.));
#2041=CARTESIAN_POINT('Origin',(28.9329296431048,-0.215978027135446,8.));
#2042=CARTESIAN_POINT('',(22.2814062794758,39.2271105555694,0.));
#2043=CARTESIAN_POINT('Origin',(30.5193459059458,40.6163234661845,0.));
#2044=CARTESIAN_POINT('',(39.6960542773138,38.3245799019669,0.));
#2045=CARTESIAN_POINT('',(29.7088136594791,40.8187415865234,0.));
#2046=CARTESIAN_POINT('',(39.6960542773138,38.3245799019669,8.));
#2047=CARTESIAN_POINT('',(39.6960542773138,38.3245799019669,0.));
#2048=CARTESIAN_POINT('',(29.7088136594791,40.8187415865234,8.));
#2049=CARTESIAN_POINT('Origin',(50.,2.11942946412396,0.));
#2050=CARTESIAN_POINT('',(43.,2.11942946412396,-22.));
#2051=CARTESIAN_POINT('',(44.1756479396351,-1.76347190945265,-22.));
#2052=CARTESIAN_POINT('Origin',(50.,2.11942946412396,-22.));
#2053=CARTESIAN_POINT('',(44.1756479396351,-1.76347190945265,8.));
#2054=CARTESIAN_POINT('',(44.1756479396351,-1.76347190945265,0.));
#2055=CARTESIAN_POINT('',(43.,2.11942946412396,8.));
#2056=CARTESIAN_POINT('Origin',(50.,2.11942946412396,8.));
#2057=CARTESIAN_POINT('',(43.,2.11942946412396,0.));
#2058=CARTESIAN_POINT('Origin',(43.,-3.33066907387547E-15,0.));
#2059=CARTESIAN_POINT('',(47.,-6.,-22.));
#2060=CARTESIAN_POINT('',(43.,-3.33066907387547E-15,-22.));
#2061=CARTESIAN_POINT('',(47.,-6.,8.));
#2062=CARTESIAN_POINT('',(47.,-6.,0.));
#2063=CARTESIAN_POINT('',(43.,-3.33066907387547E-15,8.));
#2064=CARTESIAN_POINT('Origin',(47.,12.5,-22.));
#2065=CARTESIAN_POINT('',(43.,7.,-22.));
#2066=CARTESIAN_POINT('',(43.,-3.,-22.));
#2067=CARTESIAN_POINT('',(44.,7.,-22.));
#2068=CARTESIAN_POINT('',(43.,7.,-22.));
#2069=CARTESIAN_POINT('',(44.,12.,-22.));
#2070=CARTESIAN_POINT('',(44.,7.,-22.));
#2071=CARTESIAN_POINT('',(45.,12.,-22.));
#2072=CARTESIAN_POINT('',(44.,12.,-22.));
#2073=CARTESIAN_POINT('',(45.,24.,-22.));
#2074=CARTESIAN_POINT('',(45.,37.,-22.));
#2075=CARTESIAN_POINT('',(51.,24.,-22.));
#2076=CARTESIAN_POINT('',(46.,24.,-22.));
#2077=CARTESIAN_POINT('',(51.,2.11942946412396,-22.));
#2078=CARTESIAN_POINT('',(51.,-3.,-22.));
#2079=CARTESIAN_POINT('',(49.8243520603649,-1.76347190945265,-22.));
#2080=CARTESIAN_POINT('Origin',(44.,2.11942946412396,-22.));
#2081=CARTESIAN_POINT('',(49.,-3.,-22.));
#2082=CARTESIAN_POINT('Origin',(44.,2.11942946412396,0.));
#2083=CARTESIAN_POINT('',(51.,2.11942946412396,8.));
#2084=CARTESIAN_POINT('',(49.8243520603649,-1.76347190945265,8.));
#2085=CARTESIAN_POINT('Origin',(44.,2.11942946412396,8.));
#2086=CARTESIAN_POINT('',(49.8243520603649,-1.76347190945265,0.));
#2087=CARTESIAN_POINT('',(51.,2.11942946412396,0.));
#2088=CARTESIAN_POINT('Origin',(51.,-3.33066907387547E-15,0.));
#2089=CARTESIAN_POINT('',(51.,31.,-15.));
#2090=CARTESIAN_POINT('Origin',(51.,24.,-15.));
#2091=CARTESIAN_POINT('',(51.,31.,-7.));
#2092=CARTESIAN_POINT('',(51.,31.,0.));
#2093=CARTESIAN_POINT('',(51.,37.,-0.0717967697244933));
#2094=CARTESIAN_POINT('Origin',(51.,38.,-7.));
#2095=CARTESIAN_POINT('',(51.,37.,8.));
#2096=CARTESIAN_POINT('',(51.,37.,0.));
#2097=CARTESIAN_POINT('',(51.,-3.,8.));
#2098=CARTESIAN_POINT('Origin',(46.,24.,-15.));
#2099=CARTESIAN_POINT('',(45.,31.,-15.));
#2100=CARTESIAN_POINT('Origin',(45.,24.,-15.));
#2101=CARTESIAN_POINT('',(46.,31.,-15.));
#2102=CARTESIAN_POINT('Origin',(45.,31.,0.));
#2103=CARTESIAN_POINT('',(45.,31.,-7.));
#2104=CARTESIAN_POINT('',(45.,31.,0.));
#2105=CARTESIAN_POINT('',(35.75,31.,-7.));
#2106=CARTESIAN_POINT('Origin',(45.,37.,0.));
#2107=CARTESIAN_POINT('',(45.,12.,8.));
#2108=CARTESIAN_POINT('',(45.,12.,0.));
#2109=CARTESIAN_POINT('',(45.,31.533158851229,8.));
#2110=CARTESIAN_POINT('',(45.,37.,8.));
#2111=CARTESIAN_POINT('',(45.,31.533158851229,-4.32045422570124));
#2112=CARTESIAN_POINT('',(45.,31.533158851229,0.));
#2113=CARTESIAN_POINT('Origin',(45.,38.,-7.));
#2114=CARTESIAN_POINT('Origin',(35.75,38.,-7.));
#2115=CARTESIAN_POINT('',(40.6795457742988,38.,0.));
#2116=CARTESIAN_POINT('Ctrl Pts',(45.,31.533158851229,-4.32045422570124));
#2117=CARTESIAN_POINT('Ctrl Pts',(45.,31.5514343684581,-4.2763479193393));
#2118=CARTESIAN_POINT('Ctrl Pts',(44.9999284556412,31.5701602585455,-4.23243080120784));
#2119=CARTESIAN_POINT('Ctrl Pts',(44.9966209243694,31.9823314338407,-3.29254198999805));
#2120=CARTESIAN_POINT('Ctrl Pts',(44.9568754678497,32.5722139008329,-2.48623517663426));
#2121=CARTESIAN_POINT('Ctrl Pts',(44.7009056771301,33.5887233227516,-1.54441293520037));
#2122=CARTESIAN_POINT('Ctrl Pts',(44.5687247678026,33.9947294350987,-1.23876899534362));
#2123=CARTESIAN_POINT('Ctrl Pts',(44.1943313898363,34.825230376229,-0.742619483808628));
#2124=CARTESIAN_POINT('Ctrl Pts',(43.9505222112335,35.2484583797395,-0.551200770235736));
#2125=CARTESIAN_POINT('Ctrl Pts',(43.3771279762496,36.0451299272345,-0.263489227879447));
#2126=CARTESIAN_POINT('Ctrl Pts',(43.0125837196492,36.4501920840709,-0.163863523564428));
#2127=CARTESIAN_POINT('Ctrl Pts',(42.1821024214522,37.1734807211881,-0.0392865075646172));
#2128=CARTESIAN_POINT('Ctrl Pts',(41.716268635849,37.4917171445451,-0.0137053958751055));
#2129=CARTESIAN_POINT('Ctrl Pts',(41.0421924184536,37.8406271047625,-0.00122365379161173));
#2130=CARTESIAN_POINT('Ctrl Pts',(40.8624877495429,37.924197705583,-1.49489087079605E-15));
#2131=CARTESIAN_POINT('Ctrl Pts',(40.6795457742988,38.,-1.46367293285543E-15));
#2132=CARTESIAN_POINT('',(50.9160797830996,38.,0.));
#2133=CARTESIAN_POINT('',(35.75,38.,0.));
#2134=CARTESIAN_POINT('Ctrl Pts',(50.9160797830996,38.,-1.29670579829266E-15));
#2135=CARTESIAN_POINT('Ctrl Pts',(50.9728004383472,37.6644360782053,-1.27832889442676E-15));
#2136=CARTESIAN_POINT('Ctrl Pts',(51.,37.327653406831,-0.0245040740658033));
#2137=CARTESIAN_POINT('Ctrl Pts',(51.,37.,-0.0717967697244928));
#2138=CARTESIAN_POINT('Origin',(26.5,28.,0.));
#2139=CARTESIAN_POINT('Origin',(38.,31.533158851229,0.));
#2140=CARTESIAN_POINT('',(15.9954570090887,38.1670734251885,0.));
#2141=CARTESIAN_POINT('',(15.9954570090887,38.1670734251885,0.));
#2142=CARTESIAN_POINT('Origin',(14.,50.,0.));
#2143=CARTESIAN_POINT('',(47.1694997331306,42.5940388725809,0.));
#2144=CARTESIAN_POINT('',(32.1243206876503,48.4289128639038,0.));
#2145=CARTESIAN_POINT('Origin',(45.,37.,0.));
#2146=CARTESIAN_POINT('',(15.4945510571939,57.8638213022762,0.));
#2147=CARTESIAN_POINT('Origin',(16.4945510571939,57.8638213022762,0.));
#2148=CARTESIAN_POINT('',(10.,50.,0.));
#2149=CARTESIAN_POINT('Origin',(14.,50.,0.));
#2150=CARTESIAN_POINT('',(32.180358221375,48.407180191459,0.));
#2151=CARTESIAN_POINT('',(32.1803169939375,48.4067096937637,0.));
#2152=CARTESIAN_POINT('Origin',(14.,50.,0.));
#2153=CARTESIAN_POINT('',(32.1243206876503,48.4289128639038,0.));
#2154=CARTESIAN_POINT('',(32.1243206876503,48.4289128639038,0.));
#2155=CARTESIAN_POINT('Origin',(30.6779875322299,44.6995536155165,0.));
#2156=CARTESIAN_POINT('',(5.23062922934259,52.7747752752348,0.));
#2157=CARTESIAN_POINT('Origin',(6.23062922934259,52.7747752752348,0.));
#2158=CARTESIAN_POINT('',(29.7642778638884,40.8048902437156,0.));
#2159=CARTESIAN_POINT('',(29.7088136594791,40.8187415865234,0.));
#2160=CARTESIAN_POINT('',(29.7088136594791,40.8187415865234,0.));
#2161=CARTESIAN_POINT('',(29.7644931405377,40.8052593281844,0.));
#2162=CARTESIAN_POINT('Origin',(14.,50.,0.));
#2163=CARTESIAN_POINT('Origin',(30.6779875322299,44.6995536155165,0.));
#2164=CARTESIAN_POINT('',(20.8624798366227,47.5012181330292,0.));
#2165=CARTESIAN_POINT('Origin',(21.8624798366227,47.5012181330292,0.));
#2166=CARTESIAN_POINT('',(10.5054489428061,42.1361786977238,0.));
#2167=CARTESIAN_POINT('Origin',(11.5054489428061,42.1361786977238,0.));
#2168=CARTESIAN_POINT('Origin',(38.,31.533158851229,0.));
#2169=CARTESIAN_POINT('Origin',(38.,31.533158851229,8.));
#2170=CARTESIAN_POINT('Origin',(16.4945510571939,57.8638213022762,0.));
#2171=CARTESIAN_POINT('',(15.4945510571939,57.8638213022762,8.));
#2172=CARTESIAN_POINT('Origin',(16.4945510571939,57.8638213022762,8.));
#2173=CARTESIAN_POINT('',(15.4945510571939,57.8638213022762,0.));
#2174=CARTESIAN_POINT('Origin',(14.,50.,0.));
#2175=CARTESIAN_POINT('',(10.,50.,8.));
#2176=CARTESIAN_POINT('Origin',(14.,50.,8.));
#2177=CARTESIAN_POINT('',(10.,50.,0.));
#2178=CARTESIAN_POINT('Origin',(32.1243206876503,48.4289128639038,0.));
#2179=CARTESIAN_POINT('',(32.180358221375,48.407180191459,8.));
#2180=CARTESIAN_POINT('',(32.180358221375,48.407180191459,0.));
#2181=CARTESIAN_POINT('',(32.1243206876503,48.4289128639038,8.));
#2182=CARTESIAN_POINT('',(32.1243206876503,48.4289128639038,8.));
#2183=CARTESIAN_POINT('',(32.1243206876503,48.4289128639038,0.));
#2184=CARTESIAN_POINT('Origin',(30.6779875322299,44.6995536155165,0.));
#2185=CARTESIAN_POINT('',(32.1803169939375,48.4067096937637,8.));
#2186=CARTESIAN_POINT('Origin',(30.6779875322299,44.6995536155165,8.));
#2187=CARTESIAN_POINT('',(32.1803169939375,48.4067096937637,0.));
#2188=CARTESIAN_POINT('Origin',(14.,50.,0.));
#2189=CARTESIAN_POINT('Origin',(14.,50.,8.));
#2190=CARTESIAN_POINT('Origin',(6.23062922934259,52.7747752752348,0.));
#2191=CARTESIAN_POINT('',(5.23062922934259,52.7747752752348,8.));
#2192=CARTESIAN_POINT('Origin',(6.23062922934259,52.7747752752348,8.));
#2193=CARTESIAN_POINT('',(5.23062922934259,52.7747752752348,0.));
#2194=CARTESIAN_POINT('Origin',(14.,50.,0.));
#2195=CARTESIAN_POINT('',(29.7642778638884,40.8048902437156,8.));
#2196=CARTESIAN_POINT('',(29.7642778638884,40.8048902437156,0.));
#2197=CARTESIAN_POINT('',(29.7644931405377,40.8052593281844,8.));
#2198=CARTESIAN_POINT('Origin',(14.,50.,8.));
#2199=CARTESIAN_POINT('',(29.7644931405377,40.8052593281844,0.));
#2200=CARTESIAN_POINT('Origin',(30.6779875322299,44.6995536155165,0.));
#2201=CARTESIAN_POINT('',(29.7088136594791,40.8187415865234,8.));
#2202=CARTESIAN_POINT('Origin',(30.6779875322299,44.6995536155165,8.));
#2203=CARTESIAN_POINT('',(29.7088136594791,40.8187415865234,0.));
#2204=CARTESIAN_POINT('Origin',(29.7642778638884,40.8048902437156,0.));
#2205=CARTESIAN_POINT('',(29.7088136594791,40.8187415865234,8.));
#2206=CARTESIAN_POINT('Origin',(21.8624798366227,47.5012181330292,0.));
#2207=CARTESIAN_POINT('',(20.8624798366227,47.5012181330292,8.));
#2208=CARTESIAN_POINT('Origin',(21.8624798366227,47.5012181330292,8.));
#2209=CARTESIAN_POINT('',(20.8624798366227,47.5012181330292,0.));
#2210=CARTESIAN_POINT('Origin',(11.5054489428061,42.1361786977238,0.));
#2211=CARTESIAN_POINT('',(10.5054489428061,42.1361786977238,8.));
#2212=CARTESIAN_POINT('Origin',(11.5054489428061,42.1361786977238,8.));
#2213=CARTESIAN_POINT('',(10.5054489428061,42.1361786977238,0.));
#2214=CARTESIAN_POINT('Origin',(43.,7.,0.));
#2215=CARTESIAN_POINT('',(43.,7.,8.));
#2216=CARTESIAN_POINT('',(43.,-3.,8.));
#2217=CARTESIAN_POINT('',(43.,7.,0.));
#2218=CARTESIAN_POINT('Origin',(44.,7.,0.));
#2219=CARTESIAN_POINT('',(44.,7.,8.));
#2220=CARTESIAN_POINT('',(43.,7.,8.));
#2221=CARTESIAN_POINT('',(44.,7.,0.));
#2222=CARTESIAN_POINT('Origin',(44.,12.,0.));
#2223=CARTESIAN_POINT('',(44.,12.,8.));
#2224=CARTESIAN_POINT('',(44.,7.,8.));
#2225=CARTESIAN_POINT('',(44.,12.,0.));
#2226=CARTESIAN_POINT('Origin',(45.,12.,0.));
#2227=CARTESIAN_POINT('',(44.,12.,8.));
#2228=CARTESIAN_POINT('Origin',(15.9954570090887,38.1670734251885,0.));
#2229=CARTESIAN_POINT('',(15.9954570090887,38.1670734251885,8.));
#2230=CARTESIAN_POINT('',(15.9954570090887,38.1670734251885,8.));
#2231=CARTESIAN_POINT('',(15.9954570090887,38.1670734251885,0.));
#2232=CARTESIAN_POINT('Origin',(14.,50.,0.));
#2233=CARTESIAN_POINT('Origin',(14.,50.,8.));
#2234=CARTESIAN_POINT('Origin',(47.1694997331306,42.5940388725809,0.));
#2235=CARTESIAN_POINT('',(47.1694997331306,42.5940388725809,8.));
#2236=CARTESIAN_POINT('',(32.1243206876503,48.4289128639038,8.));
#2237=CARTESIAN_POINT('',(47.1694997331306,42.5940388725809,0.));
#2238=CARTESIAN_POINT('Origin',(45.,37.,0.));
#2239=CARTESIAN_POINT('Origin',(45.,37.,8.));
#2240=CARTESIAN_POINT('Origin',(47.,-6.,0.));
#2241=CARTESIAN_POINT('',(49.,-3.,8.));
#2242=CARTESIAN_POINT('Origin',(26.5,28.,8.));
#2243=CARTESIAN_POINT('Origin',(-55.1713399941452,82.3935495231846,0.));
#2244=CARTESIAN_POINT('',(-40.7080084399413,45.0999570393119,0.));
#2245=CARTESIAN_POINT('',(-26.9692730863386,54.0273121602985,0.));
#2246=CARTESIAN_POINT('Origin',(-55.1713399941452,82.3935495231846,0.));
#2247=CARTESIAN_POINT('',(-40.7080084399413,45.0999570393119,8.));
#2248=CARTESIAN_POINT('',(-40.7080084399413,45.0999570393119,0.));
#2249=CARTESIAN_POINT('',(-26.9692730863386,54.0273121602985,8.));
#2250=CARTESIAN_POINT('Origin',(-55.1713399941452,82.3935495231846,8.));
#2251=CARTESIAN_POINT('',(-26.9692730863386,54.0273121602984,0.));
#2252=CARTESIAN_POINT('Origin',(-32.9046559378585,48.1262805162136,0.));
#2253=CARTESIAN_POINT('',(-22.460620072342,58.5098712088659,8.));
#2254=CARTESIAN_POINT('',(-22.460620072342,58.5098712088659,8.));
#2255=CARTESIAN_POINT('',(-22.460620072342,58.5098712088659,0.));
#2256=CARTESIAN_POINT('',(-22.460620072342,58.5098712088659,0.));
#2257=CARTESIAN_POINT('',(-22.460620072342,58.5098712088659,0.));
#2258=CARTESIAN_POINT('Origin',(-28.9329296431048,-0.215978027135446,0.));
#2259=CARTESIAN_POINT('',(-22.2814062794758,39.2271105555694,0.));
#2260=CARTESIAN_POINT('',(-38.6246683706124,38.5921422627952,0.));
#2261=CARTESIAN_POINT('Origin',(-28.9329296431048,-0.215978027135446,0.));
#2262=CARTESIAN_POINT('',(-22.2814062794758,39.2271105555694,8.));
#2263=CARTESIAN_POINT('',(-22.2814062794758,39.2271105555694,0.));
#2264=CARTESIAN_POINT('',(-38.6246683706124,38.5921422627952,8.));
#2265=CARTESIAN_POINT('Origin',(-28.9329296431048,-0.215978027135446,8.));
#2266=CARTESIAN_POINT('',(-38.6246683706124,38.5921422627952,0.));
#2267=CARTESIAN_POINT('Origin',(-30.5193459059458,40.6163234661845,0.));
#2268=CARTESIAN_POINT('',(-39.6960542773138,38.3245799019669,8.));
#2269=CARTESIAN_POINT('',(-29.7088136594791,40.8187415865234,8.));
#2270=CARTESIAN_POINT('',(-39.6960542773138,38.3245799019669,0.));
#2271=CARTESIAN_POINT('',(-39.6960542773138,38.3245799019669,0.));
#2272=CARTESIAN_POINT('',(-29.7088136594791,40.8187415865234,0.));
#2273=CARTESIAN_POINT('Origin',(-50.,2.11942946412396,0.));
#2274=CARTESIAN_POINT('',(-43.,2.11942946412396,-22.));
#2275=CARTESIAN_POINT('',(-44.1756479396351,-1.76347190945265,-22.));
#2276=CARTESIAN_POINT('Origin',(-50.,2.11942946412396,-22.));
#2277=CARTESIAN_POINT('',(-43.,2.11942946412396,8.));
#2278=CARTESIAN_POINT('',(-43.,2.11942946412396,0.));
#2279=CARTESIAN_POINT('',(-44.1756479396351,-1.76347190945265,8.));
#2280=CARTESIAN_POINT('Origin',(-50.,2.11942946412396,8.));
#2281=CARTESIAN_POINT('',(-44.1756479396351,-1.76347190945265,0.));
#2282=CARTESIAN_POINT('Origin',(-43.,-3.33066907387547E-15,0.));
#2283=CARTESIAN_POINT('',(-47.,-6.,8.));
#2284=CARTESIAN_POINT('',(-43.,-3.33066907387547E-15,8.));
#2285=CARTESIAN_POINT('',(-47.,-6.,-22.));
#2286=CARTESIAN_POINT('',(-47.,-6.,0.));
#2287=CARTESIAN_POINT('',(-43.,-3.33066907387547E-15,-22.));
#2288=CARTESIAN_POINT('Origin',(-47.,12.5,-22.));
#2289=CARTESIAN_POINT('',(-49.8243520603649,-1.76347190945265,-22.));
#2290=CARTESIAN_POINT('',(-49.,-3.,-22.));
#2291=CARTESIAN_POINT('',(-51.,2.11942946412396,-22.));
#2292=CARTESIAN_POINT('Origin',(-44.,2.11942946412396,-22.));
#2293=CARTESIAN_POINT('',(-51.,24.,-22.));
#2294=CARTESIAN_POINT('',(-51.,-3.,-22.));
#2295=CARTESIAN_POINT('',(-45.,24.,-22.));
#2296=CARTESIAN_POINT('',(-46.,24.,-22.));
#2297=CARTESIAN_POINT('',(-45.,12.,-22.));
#2298=CARTESIAN_POINT('',(-45.,37.,-22.));
#2299=CARTESIAN_POINT('',(-44.,12.,-22.));
#2300=CARTESIAN_POINT('',(-44.,12.,-22.));
#2301=CARTESIAN_POINT('',(-44.,7.,-22.));
#2302=CARTESIAN_POINT('',(-44.,7.,-22.));
#2303=CARTESIAN_POINT('',(-43.,7.,-22.));
#2304=CARTESIAN_POINT('',(-43.,7.,-22.));
#2305=CARTESIAN_POINT('',(-43.,-3.,-22.));
#2306=CARTESIAN_POINT('Origin',(-44.,2.11942946412396,0.));
#2307=CARTESIAN_POINT('',(-51.,2.11942946412396,8.));
#2308=CARTESIAN_POINT('',(-49.8243520603649,-1.76347190945265,8.));
#2309=CARTESIAN_POINT('Origin',(-44.,2.11942946412396,8.));
#2310=CARTESIAN_POINT('',(-51.,2.11942946412396,0.));
#2311=CARTESIAN_POINT('',(-49.8243520603649,-1.76347190945265,0.));
#2312=CARTESIAN_POINT('Origin',(-51.,-3.33066907387547E-15,0.));
#2313=CARTESIAN_POINT('',(-51.,37.,8.));
#2314=CARTESIAN_POINT('',(-51.,-3.,8.));
#2315=CARTESIAN_POINT('',(-51.,37.,-0.0717967697244933));
#2316=CARTESIAN_POINT('',(-51.,37.,0.));
#2317=CARTESIAN_POINT('',(-51.,31.,-7.));
#2318=CARTESIAN_POINT('Origin',(-51.,38.,-7.));
#2319=CARTESIAN_POINT('',(-51.,31.,-15.));
#2320=CARTESIAN_POINT('',(-51.,31.,0.));
#2321=CARTESIAN_POINT('Origin',(-51.,24.,-15.));
#2322=CARTESIAN_POINT('Origin',(-46.,24.,-15.));
#2323=CARTESIAN_POINT('',(-45.,31.,-15.));
#2324=CARTESIAN_POINT('',(-46.,31.,-15.));
#2325=CARTESIAN_POINT('Origin',(-45.,24.,-15.));
#2326=CARTESIAN_POINT('Origin',(-45.,31.,0.));
#2327=CARTESIAN_POINT('',(-45.,31.,-7.));
#2328=CARTESIAN_POINT('',(-35.75,31.,-7.));
#2329=CARTESIAN_POINT('',(-45.,31.,0.));
#2330=CARTESIAN_POINT('Origin',(-45.,37.,0.));
#2331=CARTESIAN_POINT('',(-45.,31.533158851229,-4.32045422570124));
#2332=CARTESIAN_POINT('Origin',(-45.,38.,-7.));
#2333=CARTESIAN_POINT('',(-45.,31.533158851229,8.));
#2334=CARTESIAN_POINT('',(-45.,31.533158851229,0.));
#2335=CARTESIAN_POINT('',(-45.,12.,8.));
#2336=CARTESIAN_POINT('',(-45.,37.,8.));
#2337=CARTESIAN_POINT('',(-45.,12.,0.));
#2338=CARTESIAN_POINT('Origin',(-35.75,38.,-7.));
#2339=CARTESIAN_POINT('',(-50.9160797830996,38.,0.));
#2340=CARTESIAN_POINT('Ctrl Pts',(-50.9160797830996,38.,-1.29670579829266E-15));
#2341=CARTESIAN_POINT('Ctrl Pts',(-50.9728004383472,37.6644360782053,-1.27832889442676E-15));
#2342=CARTESIAN_POINT('Ctrl Pts',(-51.,37.327653406831,-0.0245040740658033));
#2343=CARTESIAN_POINT('Ctrl Pts',(-51.,37.,-0.0717967697244928));
#2344=CARTESIAN_POINT('',(-40.6795457742988,38.,0.));
#2345=CARTESIAN_POINT('',(-35.75,38.,0.));
#2346=CARTESIAN_POINT('Ctrl Pts',(-45.,31.533158851229,-4.32045422570124));
#2347=CARTESIAN_POINT('Ctrl Pts',(-45.,31.5514343684581,-4.2763479193393));
#2348=CARTESIAN_POINT('Ctrl Pts',(-44.9999284556412,31.5701602585455,-4.23243080120784));
#2349=CARTESIAN_POINT('Ctrl Pts',(-44.9966209243694,31.9823314338407,-3.29254198999805));
#2350=CARTESIAN_POINT('Ctrl Pts',(-44.9568754678497,32.5722139008329,-2.48623517663426));
#2351=CARTESIAN_POINT('Ctrl Pts',(-44.7009056771301,33.5887233227516,-1.54441293520037));
#2352=CARTESIAN_POINT('Ctrl Pts',(-44.5687247678026,33.9947294350987,-1.23876899534362));
#2353=CARTESIAN_POINT('Ctrl Pts',(-44.1943313898363,34.825230376229,-0.742619483808628));
#2354=CARTESIAN_POINT('Ctrl Pts',(-43.9505222112335,35.2484583797395,-0.551200770235736));
#2355=CARTESIAN_POINT('Ctrl Pts',(-43.3771279762496,36.0451299272345,-0.263489227879447));
#2356=CARTESIAN_POINT('Ctrl Pts',(-43.0125837196492,36.4501920840709,-0.163863523564428));
#2357=CARTESIAN_POINT('Ctrl Pts',(-42.1821024214522,37.1734807211881,-0.0392865075646172));
#2358=CARTESIAN_POINT('Ctrl Pts',(-41.716268635849,37.4917171445451,-0.0137053958751055));
#2359=CARTESIAN_POINT('Ctrl Pts',(-41.0421924184536,37.8406271047625,-0.00122365379161173));
#2360=CARTESIAN_POINT('Ctrl Pts',(-40.8624877495429,37.924197705583,-1.49489087079605E-15));
#2361=CARTESIAN_POINT('Ctrl Pts',(-40.6795457742988,38.,-1.46367293285543E-15));
#2362=CARTESIAN_POINT('Origin',(-26.5,28.,0.));
#2363=CARTESIAN_POINT('',(-47.1694997331306,42.5940388725809,0.));
#2364=CARTESIAN_POINT('Origin',(-45.,37.,0.));
#2365=CARTESIAN_POINT('',(-32.1243206876503,48.4289128639038,0.));
#2366=CARTESIAN_POINT('',(-15.9954570090887,38.1670734251885,0.));
#2367=CARTESIAN_POINT('Origin',(-14.,50.,0.));
#2368=CARTESIAN_POINT('',(-15.9954570090887,38.1670734251885,0.));
#2369=CARTESIAN_POINT('Origin',(-38.,31.533158851229,0.));
#2370=CARTESIAN_POINT('',(-15.4945510571939,57.8638213022762,0.));
#2371=CARTESIAN_POINT('Origin',(-16.4945510571939,57.8638213022762,0.));
#2372=CARTESIAN_POINT('',(-10.,50.,0.));
#2373=CARTESIAN_POINT('Origin',(-14.,50.,0.));
#2374=CARTESIAN_POINT('',(-32.180358221375,48.407180191459,0.));
#2375=CARTESIAN_POINT('',(-32.1803169939375,48.4067096937637,0.));
#2376=CARTESIAN_POINT('Origin',(-14.,50.,0.));
#2377=CARTESIAN_POINT('',(-32.1243206876503,48.4289128639038,0.));
#2378=CARTESIAN_POINT('Origin',(-30.6779875322299,44.6995536155165,0.));
#2379=CARTESIAN_POINT('',(-32.1243206876503,48.4289128639038,0.));
#2380=CARTESIAN_POINT('',(-5.23062922934259,52.7747752752348,0.));
#2381=CARTESIAN_POINT('Origin',(-6.23062922934259,52.7747752752348,0.));
#2382=CARTESIAN_POINT('',(-29.7642778638884,40.8048902437156,0.));
#2383=CARTESIAN_POINT('',(-29.7088136594791,40.8187415865234,0.));
#2384=CARTESIAN_POINT('',(-29.7088136594791,40.8187415865234,0.));
#2385=CARTESIAN_POINT('',(-29.7644931405377,40.8052593281844,0.));
#2386=CARTESIAN_POINT('Origin',(-30.6779875322299,44.6995536155165,0.));
#2387=CARTESIAN_POINT('Origin',(-14.,50.,0.));
#2388=CARTESIAN_POINT('',(-20.8624798366227,47.5012181330292,0.));
#2389=CARTESIAN_POINT('Origin',(-21.8624798366227,47.5012181330292,0.));
#2390=CARTESIAN_POINT('',(-10.5054489428061,42.1361786977238,0.));
#2391=CARTESIAN_POINT('Origin',(-11.5054489428061,42.1361786977238,0.));
#2392=CARTESIAN_POINT('Origin',(-38.,31.533158851229,0.));
#2393=CARTESIAN_POINT('Origin',(-38.,31.533158851229,8.));
#2394=CARTESIAN_POINT('Origin',(-16.4945510571939,57.8638213022762,0.));
#2395=CARTESIAN_POINT('',(-15.4945510571939,57.8638213022762,8.));
#2396=CARTESIAN_POINT('Origin',(-16.4945510571939,57.8638213022762,8.));
#2397=CARTESIAN_POINT('',(-15.4945510571939,57.8638213022762,0.));
#2398=CARTESIAN_POINT('Origin',(-14.,50.,0.));
#2399=CARTESIAN_POINT('',(-10.,50.,8.));
#2400=CARTESIAN_POINT('Origin',(-14.,50.,8.));
#2401=CARTESIAN_POINT('',(-10.,50.,0.));
#2402=CARTESIAN_POINT('Origin',(-32.1243206876503,48.4289128639038,0.));
#2403=CARTESIAN_POINT('',(-32.1243206876503,48.4289128639038,8.));
#2404=CARTESIAN_POINT('',(-32.1243206876503,48.4289128639038,0.));
#2405=CARTESIAN_POINT('',(-32.180358221375,48.407180191459,8.));
#2406=CARTESIAN_POINT('',(-32.1243206876503,48.4289128639038,8.));
#2407=CARTESIAN_POINT('',(-32.180358221375,48.407180191459,0.));
#2408=CARTESIAN_POINT('Origin',(-30.6779875322299,44.6995536155165,0.));
#2409=CARTESIAN_POINT('',(-32.1803169939375,48.4067096937637,8.));
#2410=CARTESIAN_POINT('',(-32.1803169939375,48.4067096937637,0.));
#2411=CARTESIAN_POINT('Origin',(-30.6779875322299,44.6995536155165,8.));
#2412=CARTESIAN_POINT('Origin',(-14.,50.,0.));
#2413=CARTESIAN_POINT('Origin',(-14.,50.,8.));
#2414=CARTESIAN_POINT('Origin',(-6.23062922934259,52.7747752752348,0.));
#2415=CARTESIAN_POINT('',(-5.23062922934259,52.7747752752348,8.));
#2416=CARTESIAN_POINT('Origin',(-6.23062922934259,52.7747752752348,8.));
#2417=CARTESIAN_POINT('',(-5.23062922934259,52.7747752752348,0.));
#2418=CARTESIAN_POINT('Origin',(-14.,50.,0.));
#2419=CARTESIAN_POINT('',(-29.7644931405377,40.8052593281844,8.));
#2420=CARTESIAN_POINT('',(-29.7644931405377,40.8052593281844,0.));
#2421=CARTESIAN_POINT('',(-29.7642778638884,40.8048902437156,8.));
#2422=CARTESIAN_POINT('Origin',(-14.,50.,8.));
#2423=CARTESIAN_POINT('',(-29.7642778638884,40.8048902437156,0.));
#2424=CARTESIAN_POINT('Origin',(-30.6779875322299,44.6995536155165,0.));
#2425=CARTESIAN_POINT('',(-29.7088136594791,40.8187415865234,8.));
#2426=CARTESIAN_POINT('',(-29.7088136594791,40.8187415865234,0.));
#2427=CARTESIAN_POINT('Origin',(-30.6779875322299,44.6995536155165,8.));
#2428=CARTESIAN_POINT('Origin',(-29.7642778638884,40.8048902437156,0.));
#2429=CARTESIAN_POINT('',(-29.7088136594791,40.8187415865234,8.));
#2430=CARTESIAN_POINT('Origin',(-21.8624798366227,47.5012181330292,0.));
#2431=CARTESIAN_POINT('',(-20.8624798366227,47.5012181330292,8.));
#2432=CARTESIAN_POINT('Origin',(-21.8624798366227,47.5012181330292,8.));
#2433=CARTESIAN_POINT('',(-20.8624798366227,47.5012181330292,0.));
#2434=CARTESIAN_POINT('Origin',(-11.5054489428061,42.1361786977238,0.));
#2435=CARTESIAN_POINT('',(-10.5054489428061,42.1361786977238,8.));
#2436=CARTESIAN_POINT('Origin',(-11.5054489428061,42.1361786977238,8.));
#2437=CARTESIAN_POINT('',(-10.5054489428061,42.1361786977238,0.));
#2438=CARTESIAN_POINT('Origin',(-43.,7.,0.));
#2439=CARTESIAN_POINT('',(-43.,7.,8.));
#2440=CARTESIAN_POINT('',(-43.,7.,0.));
#2441=CARTESIAN_POINT('',(-43.,-3.,8.));
#2442=CARTESIAN_POINT('Origin',(-44.,7.,0.));
#2443=CARTESIAN_POINT('',(-44.,7.,8.));
#2444=CARTESIAN_POINT('',(-44.,7.,0.));
#2445=CARTESIAN_POINT('',(-43.,7.,8.));
#2446=CARTESIAN_POINT('Origin',(-44.,12.,0.));
#2447=CARTESIAN_POINT('',(-44.,12.,8.));
#2448=CARTESIAN_POINT('',(-44.,12.,0.));
#2449=CARTESIAN_POINT('',(-44.,7.,8.));
#2450=CARTESIAN_POINT('Origin',(-45.,12.,0.));
#2451=CARTESIAN_POINT('',(-44.,12.,8.));
#2452=CARTESIAN_POINT('Origin',(-15.9954570090887,38.1670734251885,0.));
#2453=CARTESIAN_POINT('',(-15.9954570090887,38.1670734251885,8.));
#2454=CARTESIAN_POINT('',(-15.9954570090887,38.1670734251885,0.));
#2455=CARTESIAN_POINT('',(-15.9954570090887,38.1670734251885,8.));
#2456=CARTESIAN_POINT('Origin',(-14.,50.,0.));
#2457=CARTESIAN_POINT('Origin',(-14.,50.,8.));
#2458=CARTESIAN_POINT('Origin',(-47.1694997331306,42.5940388725809,0.));
#2459=CARTESIAN_POINT('',(-47.1694997331306,42.5940388725809,8.));
#2460=CARTESIAN_POINT('',(-47.1694997331306,42.5940388725809,0.));
#2461=CARTESIAN_POINT('',(-32.1243206876503,48.4289128639038,8.));
#2462=CARTESIAN_POINT('Origin',(-45.,37.,0.));
#2463=CARTESIAN_POINT('Origin',(-45.,37.,8.));
#2464=CARTESIAN_POINT('Origin',(-47.,-6.,0.));
#2465=CARTESIAN_POINT('',(-49.,-3.,8.));
#2466=CARTESIAN_POINT('Origin',(-26.5,28.,8.));
#2467=UNCERTAINTY_MEASURE_WITH_UNIT(LENGTH_MEASURE(0.01),#2471,
'DISTANCE_ACCURACY_VALUE',
'Maximum model space distance between geometric entities at asserted c
onnectivities');
#2468=UNCERTAINTY_MEASURE_WITH_UNIT(LENGTH_MEASURE(0.01),#2471,
'DISTANCE_ACCURACY_VALUE',
'Maximum model space distance between geometric entities at asserted c
onnectivities');
#2469=(
GEOMETRIC_REPRESENTATION_CONTEXT(3)
GLOBAL_UNCERTAINTY_ASSIGNED_CONTEXT((#2467))
GLOBAL_UNIT_ASSIGNED_CONTEXT((#2471,#2473,#2474))
REPRESENTATION_CONTEXT('','3D')
);
#2470=(
GEOMETRIC_REPRESENTATION_CONTEXT(3)
GLOBAL_UNCERTAINTY_ASSIGNED_CONTEXT((#2468))
GLOBAL_UNIT_ASSIGNED_CONTEXT((#2471,#2473,#2474))
REPRESENTATION_CONTEXT('','3D')
);
#2471=(
LENGTH_UNIT()
NAMED_UNIT(*)
SI_UNIT(.MILLI.,.METRE.)
);
#2472=(
LENGTH_UNIT()
NAMED_UNIT(*)
SI_UNIT($,.METRE.)
);
#2473=(
NAMED_UNIT(*)
PLANE_ANGLE_UNIT()
SI_UNIT($,.RADIAN.)
);
#2474=(
NAMED_UNIT(*)
SI_UNIT($,.STERADIAN.)
SOLID_ANGLE_UNIT()
);
#2475=SHAPE_DEFINITION_REPRESENTATION(#2476,#2477);
#2476=PRODUCT_DEFINITION_SHAPE('',$,#2479);
#2477=SHAPE_REPRESENTATION('',(#1455),#2469);
#2478=PRODUCT_DEFINITION_CONTEXT('part definition',#2483,'design');
#2479=PRODUCT_DEFINITION('Gripper Hands','Gripper Hands v9',#2480,#2478);
#2480=PRODUCT_DEFINITION_FORMATION('',$,#2485);
#2481=PRODUCT_RELATED_PRODUCT_CATEGORY('Gripper Hands v9',
'Gripper Hands v9',(#2485));
#2482=APPLICATION_PROTOCOL_DEFINITION('international standard',
'automotive_design',2009,#2483);
#2483=APPLICATION_CONTEXT(
'Core Data for Automotive Mechanical Design Process');
#2484=PRODUCT_CONTEXT('part definition',#2483,'mechanical');
#2485=PRODUCT('Gripper Hands','Gripper Hands v9',$,(#2484));
#2486=PRESENTATION_STYLE_ASSIGNMENT((#2487));
#2487=SURFACE_STYLE_USAGE(.BOTH.,#2488);
#2488=SURFACE_SIDE_STYLE('',(#2489));
#2489=SURFACE_STYLE_FILL_AREA(#2490);
#2490=FILL_AREA_STYLE('Steel - Satin',(#2491));
#2491=FILL_AREA_STYLE_COLOUR('Steel - Satin',#2492);
#2492=COLOUR_RGB('Steel - Satin',0.627450980392157,0.627450980392157,0.627450980392157);
ENDSEC;
END-ISO-10303-21;
