ISO-10303-21;
HEADER;
/* Generated by software containing ST-Developer
 * from STEP Tools, Inc. (www.steptools.com) 
 */

FILE_DESCRIPTION(
/* description */ (''),
/* implementation_level */ '2;1');

FILE_NAME(
/* name */ 'suction pump head.step',
/* time_stamp */ '2026-08-04T21:30:46+02:00',
/* author */ (''),
/* organization */ (''),
/* preprocessor_version */ 'ST-DEVELOPER v20.1',
/* originating_system */ 'Autodesk Translation Framework v15.8.0.0',
/* authorisation */ '');

FILE_SCHEMA (('AUTOMOTIVE_DESIGN { 1 0 10303 214 3 1 1 }'));
ENDSEC;

DATA;
#10=MECHANICAL_DESIGN_GEOMETRIC_PRESENTATION_REPRESENTATION('',(#25,#26),
#4325);
#11=SHAPE_REPRESENTATION_RELATIONSHIP('SRR','None',#4331,#12);
#12=ADVANCED_BREP_SHAPE_REPRESENTATION('',(#27,#28),#4324);
#13=CONICAL_SURFACE('',#1898,2.53033008588991,0.475353056574993);
#14=CONICAL_SURFACE('',#1901,3.,0.785398163397449);
#15=CONICAL_SURFACE('',#1906,2.53033008588991,0.475353056574992);
#16=CONICAL_SURFACE('',#1909,3.,0.785398163397448);
#17=CONICAL_SURFACE('',#1913,2.53033008588991,0.475353056574991);
#18=CONICAL_SURFACE('',#1916,3.,0.785398163397448);
#19=CONICAL_SURFACE('',#1920,2.53033008588991,0.475353056574993);
#20=CONICAL_SURFACE('',#1923,3.,0.785398163397449);
#21=CONICAL_SURFACE('',#1928,2.63033008588992,0.475353056575005);
#22=CONICAL_SURFACE('',#1931,3.1,0.78539816339747);
#23=CONICAL_SURFACE('',#1935,2.63033008588994,0.475353056575029);
#24=CONICAL_SURFACE('',#1938,3.1,0.785398163397508);
#25=STYLED_ITEM('',(#4340),#27);
#26=STYLED_ITEM('',(#4340),#28);
#27=MANIFOLD_SOLID_BREP('Body2',#1820);
#28=MANIFOLD_SOLID_BREP('Body3',#1821);
#29=FACE_BOUND('',#350,.T.);
#30=FACE_BOUND('',#351,.T.);
#31=FACE_BOUND('',#357,.T.);
#32=FACE_BOUND('',#358,.T.);
#33=FACE_BOUND('',#364,.T.);
#34=FACE_BOUND('',#365,.T.);
#35=FACE_BOUND('',#371,.T.);
#36=FACE_BOUND('',#372,.T.);
#37=FACE_BOUND('',#378,.T.);
#38=FACE_BOUND('',#379,.T.);
#39=FACE_BOUND('',#380,.T.);
#40=FACE_BOUND('',#381,.T.);
#41=FACE_BOUND('',#382,.T.);
#42=FACE_BOUND('',#383,.T.);
#43=FACE_BOUND('',#384,.T.);
#44=FACE_BOUND('',#385,.T.);
#45=FACE_BOUND('',#386,.T.);
#46=FACE_BOUND('',#420,.T.);
#47=FACE_BOUND('',#431,.T.);
#48=FACE_BOUND('',#434,.T.);
#49=FACE_BOUND('',#437,.T.);
#50=FACE_BOUND('',#440,.T.);
#51=FACE_BOUND('',#449,.T.);
#52=FACE_BOUND('',#450,.T.);
#53=FACE_BOUND('',#452,.T.);
#54=FACE_BOUND('',#453,.T.);
#55=FACE_BOUND('',#454,.T.);
#56=FACE_BOUND('',#455,.T.);
#57=FACE_BOUND('',#456,.T.);
#58=FACE_BOUND('',#457,.T.);
#59=FACE_BOUND('',#458,.T.);
#60=FACE_BOUND('',#462,.T.);
#61=FACE_BOUND('',#463,.T.);
#62=FACE_BOUND('',#464,.T.);
#63=FACE_BOUND('',#468,.T.);
#64=FACE_BOUND('',#469,.T.);
#65=FACE_BOUND('',#470,.T.);
#66=FACE_BOUND('',#471,.T.);
#67=FACE_BOUND('',#472,.T.);
#68=FACE_BOUND('',#473,.T.);
#69=FACE_BOUND('',#474,.T.);
#70=FACE_BOUND('',#475,.T.);
#71=FACE_BOUND('',#476,.T.);
#72=FACE_BOUND('',#477,.T.);
#73=FACE_BOUND('',#478,.T.);
#74=B_SPLINE_CURVE_WITH_KNOTS('',3,(#2722,#2723,#2724,#2725,#2726,#2727,
#2728,#2729,#2730,#2731,#2732,#2733,#2734,#2735,#2736,#2737,#2738,#2739,
#2740,#2741,#2742,#2743,#2744),.UNSPECIFIED.,.T.,.F.,(4,1,1,1,1,1,1,1,1,
1,1,1,1,1,1,1,1,1,1,1,4),(0.,0.14616066874827,0.29232133749654,0.58464267499308,
0.87696401248962,1.02312468123789,1.16928534998616,1.55904713331488,1.65648757914706,
1.75392802497924,1.9488089166436,2.14368980830796,2.33857069997232,2.63089203746886,
2.9232133749654,3.06937404371367,3.21553471246194,3.50785604995848,3.80017738745502,
3.94633805620329,4.09249872495156),.UNSPECIFIED.);
#75=B_SPLINE_CURVE_WITH_KNOTS('',3,(#2745,#2746,#2747,#2748,#2749,#2750,
#2751,#2752,#2753,#2754,#2755,#2756,#2757,#2758,#2759,#2760,#2761,#2762,
#2763,#2764,#2765,#2766,#2767),.UNSPECIFIED.,.T.,.F.,(4,1,1,1,1,1,1,1,1,
1,1,1,1,1,1,1,1,1,1,1,4),(-4.09249872495156,-3.94633805620329,-3.80017738745502,
-3.50785604995848,-3.21553471246194,-3.06937404371367,-2.9232133749654,
-2.63089203746886,-2.33857069997232,-2.14368980830796,-1.9488089166436,
-1.75392802497924,-1.65648757914706,-1.55904713331488,-1.16928534998616,
-1.02312468123789,-0.87696401248962,-0.58464267499308,-0.29232133749654,
-0.14616066874827,0.),.UNSPECIFIED.);
#76=B_SPLINE_CURVE_WITH_KNOTS('',3,(#2778,#2779,#2780,#2781,#2782,#2783,
#2784,#2785,#2786,#2787,#2788,#2789,#2790,#2791,#2792,#2793,#2794,#2795,
#2796,#2797,#2798,#2799,#2800),.UNSPECIFIED.,.T.,.F.,(4,1,1,1,1,1,1,1,1,
1,1,1,1,1,1,1,1,1,1,1,4),(-4.09249872495156,-3.94633805620329,-3.80017738745502,
-3.50785604995848,-3.21553471246194,-3.06937404371367,-2.9232133749654,
-2.63089203746886,-2.33857069997232,-2.14368980830796,-1.9488089166436,
-1.75392802497924,-1.65648757914706,-1.55904713331488,-1.16928534998616,
-1.02312468123789,-0.87696401248962,-0.58464267499308,-0.29232133749654,
-0.14616066874827,0.),.UNSPECIFIED.);
#77=B_SPLINE_CURVE_WITH_KNOTS('',3,(#2922,#2923,#2924,#2925,#2926,#2927,
#2928,#2929,#2930,#2931,#2932,#2933,#2934,#2935,#2936,#2937,#2938,#2939,
#2940,#2941,#2942,#2943,#2944),.UNSPECIFIED.,.T.,.F.,(4,1,1,1,1,1,1,1,1,
1,1,1,1,1,1,1,1,1,1,1,4),(0.,0.14616066874827,0.29232133749654,0.58464267499308,
0.87696401248962,1.02312468123789,1.16928534998616,1.55904713331488,1.65648757914706,
1.75392802497924,1.9488089166436,2.14368980830796,2.33857069997232,2.63089203746886,
2.9232133749654,3.06937404371367,3.21553471246194,3.50785604995848,3.80017738745502,
3.94633805620329,4.09249872495156),.UNSPECIFIED.);
#78=B_SPLINE_CURVE_WITH_KNOTS('',3,(#3062,#3063,#3064,#3065,#3066,#3067,
#3068,#3069,#3070,#3071,#3072,#3073,#3074,#3075,#3076,#3077,#3078,#3079,
#3080,#3081,#3082,#3083),.UNSPECIFIED.,.T.,.F.,(4,1,1,1,1,1,1,1,1,1,1,1,
1,1,1,1,1,1,1,4),(0.,0.14616066874827,0.29232133749654,0.43848200624481,
0.58464267499308,0.87696401248962,1.16928534998616,1.36416624165052,1.75392802497924,
1.9488089166436,2.14368980830796,2.33857069997232,2.63089203746886,2.9232133749654,
3.06937404371367,3.21553471246194,3.50785604995848,3.80017738745502,3.94633805620329,
4.09249872495156),.UNSPECIFIED.);
#79=B_SPLINE_CURVE_WITH_KNOTS('',3,(#3084,#3085,#3086,#3087,#3088,#3089,
#3090,#3091,#3092,#3093,#3094,#3095,#3096,#3097,#3098,#3099,#3100,#3101,
#3102,#3103,#3104,#3105),.UNSPECIFIED.,.T.,.F.,(4,1,1,1,1,1,1,1,1,1,1,1,
1,1,1,1,1,1,1,4),(-4.09249872495156,-3.94633805620329,-3.80017738745502,
-3.50785604995848,-3.21553471246194,-3.06937404371367,-2.9232133749654,
-2.63089203746886,-2.33857069997232,-2.14368980830796,-1.9488089166436,
-1.75392802497924,-1.36416624165052,-1.16928534998616,-0.87696401248962,
-0.58464267499308,-0.43848200624481,-0.29232133749654,-0.14616066874827,
0.),.UNSPECIFIED.);
#80=B_SPLINE_CURVE_WITH_KNOTS('',3,(#3116,#3117,#3118,#3119,#3120,#3121,
#3122,#3123,#3124,#3125,#3126,#3127,#3128,#3129,#3130,#3131,#3132,#3133,
#3134,#3135,#3136,#3137),.UNSPECIFIED.,.T.,.F.,(4,1,1,1,1,1,1,1,1,1,1,1,
1,1,1,1,1,1,1,4),(-4.09249872495156,-3.94633805620329,-3.80017738745502,
-3.50785604995848,-3.21553471246194,-3.06937404371367,-2.9232133749654,
-2.63089203746886,-2.33857069997232,-2.14368980830796,-1.9488089166436,
-1.75392802497924,-1.36416624165052,-1.16928534998616,-0.876964012489619,
-0.58464267499308,-0.43848200624481,-0.29232133749654,-0.14616066874827,
0.),.UNSPECIFIED.);
#81=B_SPLINE_CURVE_WITH_KNOTS('',3,(#3254,#3255,#3256,#3257,#3258,#3259,
#3260,#3261,#3262,#3263,#3264,#3265,#3266,#3267,#3268,#3269,#3270,#3271,
#3272,#3273,#3274,#3275),.UNSPECIFIED.,.T.,.F.,(4,1,1,1,1,1,1,1,1,1,1,1,
1,1,1,1,1,1,1,4),(0.,0.14616066874827,0.29232133749654,0.43848200624481,
0.58464267499308,0.876964012489619,1.16928534998616,1.36416624165052,1.75392802497924,
1.9488089166436,2.14368980830796,2.33857069997232,2.63089203746886,2.9232133749654,
3.06937404371367,3.21553471246194,3.50785604995848,3.80017738745502,3.94633805620329,
4.09249872495156),.UNSPECIFIED.);
#82=B_SPLINE_CURVE_WITH_KNOTS('',3,(#3403,#3404,#3405,#3406,#3407,#3408,
#3409,#3410,#3411,#3412,#3413,#3414,#3415,#3416,#3417,#3418,#3419,#3420,
#3421,#3422,#3423,#3424,#3425,#3426),.UNSPECIFIED.,.T.,.F.,(4,1,1,1,1,1,
1,1,1,1,1,1,1,1,1,1,1,1,1,1,1,4),(0.,0.14616066874827,0.29232133749654,
0.58464267499308,0.87696401248962,1.02312468123789,1.16928534998616,1.4616066874827,
1.75392802497924,1.9488089166436,2.14368980830796,2.33857069997232,2.4360111458045,
2.53345159163668,2.72833248330104,2.9232133749654,3.21553471246194,3.50785604995848,
3.65401671870675,3.80017738745502,3.94633805620329,4.09249872495156),
 .UNSPECIFIED.);
#83=B_SPLINE_CURVE_WITH_KNOTS('',3,(#3427,#3428,#3429,#3430,#3431,#3432,
#3433,#3434,#3435,#3436,#3437,#3438,#3439,#3440,#3441,#3442,#3443,#3444,
#3445,#3446,#3447,#3448,#3449,#3450),.UNSPECIFIED.,.T.,.F.,(4,1,1,1,1,1,
1,1,1,1,1,1,1,1,1,1,1,1,1,1,1,4),(-4.09249872495156,-3.94633805620329,-3.80017738745502,
-3.65401671870675,-3.50785604995848,-3.21553471246194,-2.9232133749654,
-2.72833248330104,-2.53345159163668,-2.4360111458045,-2.33857069997232,
-2.14368980830796,-1.9488089166436,-1.75392802497924,-1.4616066874827,-1.16928534998616,
-1.02312468123789,-0.87696401248962,-0.58464267499308,-0.29232133749654,
-0.14616066874827,0.),.UNSPECIFIED.);
#84=B_SPLINE_CURVE_WITH_KNOTS('',3,(#3461,#3462,#3463,#3464,#3465,#3466,
#3467,#3468,#3469,#3470,#3471,#3472,#3473,#3474,#3475,#3476,#3477,#3478,
#3479,#3480,#3481,#3482,#3483,#3484),.UNSPECIFIED.,.T.,.F.,(4,1,1,1,1,1,
1,1,1,1,1,1,1,1,1,1,1,1,1,1,1,4),(-4.09249872495156,-3.94633805620329,-3.80017738745502,
-3.65401671870675,-3.50785604995848,-3.21553471246194,-2.9232133749654,
-2.72833248330104,-2.53345159163668,-2.4360111458045,-2.33857069997232,
-2.14368980830796,-1.9488089166436,-1.75392802497924,-1.4616066874827,-1.16928534998616,
-1.02312468123789,-0.87696401248962,-0.58464267499308,-0.29232133749654,
-0.14616066874827,0.),.UNSPECIFIED.);
#85=B_SPLINE_CURVE_WITH_KNOTS('',3,(#3611,#3612,#3613,#3614,#3615,#3616,
#3617,#3618,#3619,#3620,#3621,#3622,#3623,#3624,#3625,#3626,#3627,#3628,
#3629,#3630,#3631,#3632,#3633,#3634),.UNSPECIFIED.,.T.,.F.,(4,1,1,1,1,1,
1,1,1,1,1,1,1,1,1,1,1,1,1,1,1,4),(0.,0.14616066874827,0.29232133749654,
0.58464267499308,0.87696401248962,1.02312468123789,1.16928534998616,1.4616066874827,
1.75392802497924,1.9488089166436,2.14368980830796,2.33857069997232,2.4360111458045,
2.53345159163668,2.72833248330104,2.9232133749654,3.21553471246194,3.50785604995848,
3.65401671870675,3.80017738745502,3.94633805620329,4.09249872495156),
 .UNSPECIFIED.);
#86=B_SPLINE_CURVE_WITH_KNOTS('',3,(#3762,#3763,#3764,#3765,#3766,#3767,
#3768,#3769,#3770,#3771,#3772,#3773,#3774,#3775,#3776,#3777,#3778,#3779,
#3780,#3781,#3782,#3783,#3784,#3785),.UNSPECIFIED.,.T.,.F.,(4,1,1,1,1,1,
1,1,1,1,1,1,1,1,1,1,1,1,1,1,1,4),(0.,0.14616066874827,0.29232133749654,
0.58464267499308,0.87696401248962,1.02312468123789,1.16928534998616,1.4616066874827,
1.75392802497924,1.9488089166436,2.14368980830796,2.33857069997232,2.4360111458045,
2.53345159163668,2.72833248330104,2.9232133749654,3.21553471246194,3.50785604995848,
3.65401671870675,3.80017738745502,3.94633805620329,4.09249872495156),
 .UNSPECIFIED.);
#87=B_SPLINE_CURVE_WITH_KNOTS('',3,(#3786,#3787,#3788,#3789,#3790,#3791,
#3792,#3793,#3794,#3795,#3796,#3797,#3798,#3799,#3800,#3801,#3802,#3803,
#3804,#3805,#3806,#3807,#3808,#3809),.UNSPECIFIED.,.T.,.F.,(4,1,1,1,1,1,
1,1,1,1,1,1,1,1,1,1,1,1,1,1,1,4),(-4.09249872495156,-3.94633805620329,-3.80017738745502,
-3.65401671870675,-3.50785604995848,-3.21553471246194,-2.9232133749654,
-2.72833248330104,-2.53345159163668,-2.4360111458045,-2.33857069997232,
-2.14368980830796,-1.9488089166436,-1.75392802497924,-1.4616066874827,-1.16928534998616,
-1.02312468123789,-0.87696401248962,-0.58464267499308,-0.29232133749654,
-0.14616066874827,0.),.UNSPECIFIED.);
#88=B_SPLINE_CURVE_WITH_KNOTS('',3,(#3820,#3821,#3822,#3823,#3824,#3825,
#3826,#3827,#3828,#3829,#3830,#3831,#3832,#3833,#3834,#3835,#3836,#3837,
#3838,#3839,#3840,#3841,#3842,#3843),.UNSPECIFIED.,.T.,.F.,(4,1,1,1,1,1,
1,1,1,1,1,1,1,1,1,1,1,1,1,1,1,4),(-4.09249872495156,-3.94633805620329,-3.80017738745502,
-3.65401671870675,-3.50785604995848,-3.21553471246194,-2.9232133749654,
-2.72833248330104,-2.53345159163668,-2.4360111458045,-2.33857069997232,
-2.14368980830796,-1.9488089166436,-1.75392802497924,-1.4616066874827,-1.16928534998616,
-1.02312468123789,-0.87696401248962,-0.58464267499308,-0.29232133749654,
-0.14616066874827,0.),.UNSPECIFIED.);
#89=B_SPLINE_CURVE_WITH_KNOTS('',3,(#3970,#3971,#3972,#3973,#3974,#3975,
#3976,#3977,#3978,#3979,#3980,#3981,#3982,#3983,#3984,#3985,#3986,#3987,
#3988,#3989,#3990,#3991,#3992,#3993),.UNSPECIFIED.,.T.,.F.,(4,1,1,1,1,1,
1,1,1,1,1,1,1,1,1,1,1,1,1,1,1,4),(0.,0.14616066874827,0.29232133749654,
0.58464267499308,0.87696401248962,1.02312468123789,1.16928534998616,1.4616066874827,
1.75392802497924,1.9488089166436,2.14368980830796,2.33857069997232,2.4360111458045,
2.53345159163668,2.72833248330104,2.9232133749654,3.21553471246194,3.50785604995848,
3.65401671870675,3.80017738745502,3.94633805620329,4.09249872495156),
 .UNSPECIFIED.);
#90=B_SPLINE_SURFACE_WITH_KNOTS('',3,3,((#2604,#2605,#2606,#2607,#2608,
#2609,#2610,#2611,#2612,#2613,#2614,#2615,#2616,#2617,#2618,#2619,#2620,
#2621,#2622,#2623,#2624,#2625,#2626),(#2627,#2628,#2629,#2630,#2631,#2632,
#2633,#2634,#2635,#2636,#2637,#2638,#2639,#2640,#2641,#2642,#2643,#2644,
#2645,#2646,#2647,#2648,#2649),(#2650,#2651,#2652,#2653,#2654,#2655,#2656,
#2657,#2658,#2659,#2660,#2661,#2662,#2663,#2664,#2665,#2666,#2667,#2668,
#2669,#2670,#2671,#2672),(#2673,#2674,#2675,#2676,#2677,#2678,#2679,#2680,
#2681,#2682,#2683,#2684,#2685,#2686,#2687,#2688,#2689,#2690,#2691,#2692,
#2693,#2694,#2695),(#2696,#2697,#2698,#2699,#2700,#2701,#2702,#2703,#2704,
#2705,#2706,#2707,#2708,#2709,#2710,#2711,#2712,#2713,#2714,#2715,#2716,
#2717,#2718)),.UNSPECIFIED.,.F.,.T.,.F.,(4,1,4),(4,1,1,1,1,1,1,1,1,1,1,
1,1,1,1,1,1,1,1,1,4),(0.,0.571428571428571,1.),(0.,0.14616066874827,0.29232133749654,
0.58464267499308,0.87696401248962,1.02312468123789,1.16928534998616,1.55904713331488,
1.65648757914706,1.75392802497924,1.9488089166436,2.14368980830796,2.33857069997232,
2.63089203746886,2.9232133749654,3.06937404371367,3.21553471246194,3.50785604995848,
3.80017738745502,3.94633805620329,4.09249872495156),.UNSPECIFIED.);
#91=B_SPLINE_SURFACE_WITH_KNOTS('',3,3,((#2805,#2806,#2807,#2808,#2809,
#2810,#2811,#2812,#2813,#2814,#2815,#2816,#2817,#2818,#2819,#2820,#2821,
#2822,#2823,#2824,#2825,#2826,#2827),(#2828,#2829,#2830,#2831,#2832,#2833,
#2834,#2835,#2836,#2837,#2838,#2839,#2840,#2841,#2842,#2843,#2844,#2845,
#2846,#2847,#2848,#2849,#2850),(#2851,#2852,#2853,#2854,#2855,#2856,#2857,
#2858,#2859,#2860,#2861,#2862,#2863,#2864,#2865,#2866,#2867,#2868,#2869,
#2870,#2871,#2872,#2873),(#2874,#2875,#2876,#2877,#2878,#2879,#2880,#2881,
#2882,#2883,#2884,#2885,#2886,#2887,#2888,#2889,#2890,#2891,#2892,#2893,
#2894,#2895,#2896),(#2897,#2898,#2899,#2900,#2901,#2902,#2903,#2904,#2905,
#2906,#2907,#2908,#2909,#2910,#2911,#2912,#2913,#2914,#2915,#2916,#2917,
#2918,#2919)),.UNSPECIFIED.,.F.,.T.,.F.,(4,1,4),(4,1,1,1,1,1,1,1,1,1,1,
1,1,1,1,1,1,1,1,1,4),(0.,0.571428571428571,1.),(0.,0.14616066874827,0.29232133749654,
0.58464267499308,0.87696401248962,1.02312468123789,1.16928534998616,1.55904713331488,
1.65648757914706,1.75392802497924,1.9488089166436,2.14368980830796,2.33857069997232,
2.63089203746886,2.9232133749654,3.06937404371367,3.21553471246194,3.50785604995848,
3.80017738745502,3.94633805620329,4.09249872495156),.UNSPECIFIED.);
#92=B_SPLINE_SURFACE_WITH_KNOTS('',3,3,((#2949,#2950,#2951,#2952,#2953,
#2954,#2955,#2956,#2957,#2958,#2959,#2960,#2961,#2962,#2963,#2964,#2965,
#2966,#2967,#2968,#2969,#2970),(#2971,#2972,#2973,#2974,#2975,#2976,#2977,
#2978,#2979,#2980,#2981,#2982,#2983,#2984,#2985,#2986,#2987,#2988,#2989,
#2990,#2991,#2992),(#2993,#2994,#2995,#2996,#2997,#2998,#2999,#3000,#3001,
#3002,#3003,#3004,#3005,#3006,#3007,#3008,#3009,#3010,#3011,#3012,#3013,
#3014),(#3015,#3016,#3017,#3018,#3019,#3020,#3021,#3022,#3023,#3024,#3025,
#3026,#3027,#3028,#3029,#3030,#3031,#3032,#3033,#3034,#3035,#3036),(#3037,
#3038,#3039,#3040,#3041,#3042,#3043,#3044,#3045,#3046,#3047,#3048,#3049,
#3050,#3051,#3052,#3053,#3054,#3055,#3056,#3057,#3058)),.UNSPECIFIED.,.F.,
 .T.,.F.,(4,1,4),(4,1,1,1,1,1,1,1,1,1,1,1,1,1,1,1,1,1,1,4),(0.,0.571428571428571,
1.),(0.,0.14616066874827,0.29232133749654,0.43848200624481,0.58464267499308,
0.87696401248962,1.16928534998616,1.36416624165052,1.75392802497924,1.9488089166436,
2.14368980830796,2.33857069997232,2.63089203746886,2.9232133749654,3.06937404371367,
3.21553471246194,3.50785604995848,3.80017738745502,3.94633805620329,4.09249872495156),
 .UNSPECIFIED.);
#93=B_SPLINE_SURFACE_WITH_KNOTS('',3,3,((#3142,#3143,#3144,#3145,#3146,
#3147,#3148,#3149,#3150,#3151,#3152,#3153,#3154,#3155,#3156,#3157,#3158,
#3159,#3160,#3161,#3162,#3163),(#3164,#3165,#3166,#3167,#3168,#3169,#3170,
#3171,#3172,#3173,#3174,#3175,#3176,#3177,#3178,#3179,#3180,#3181,#3182,
#3183,#3184,#3185),(#3186,#3187,#3188,#3189,#3190,#3191,#3192,#3193,#3194,
#3195,#3196,#3197,#3198,#3199,#3200,#3201,#3202,#3203,#3204,#3205,#3206,
#3207),(#3208,#3209,#3210,#3211,#3212,#3213,#3214,#3215,#3216,#3217,#3218,
#3219,#3220,#3221,#3222,#3223,#3224,#3225,#3226,#3227,#3228,#3229),(#3230,
#3231,#3232,#3233,#3234,#3235,#3236,#3237,#3238,#3239,#3240,#3241,#3242,
#3243,#3244,#3245,#3246,#3247,#3248,#3249,#3250,#3251)),.UNSPECIFIED.,.F.,
 .T.,.F.,(4,1,4),(4,1,1,1,1,1,1,1,1,1,1,1,1,1,1,1,1,1,1,4),(0.,0.571428571428571,
1.),(0.,0.14616066874827,0.29232133749654,0.43848200624481,0.58464267499308,
0.876964012489619,1.16928534998616,1.36416624165052,1.75392802497924,1.9488089166436,
2.14368980830796,2.33857069997232,2.63089203746886,2.9232133749654,3.06937404371367,
3.21553471246194,3.50785604995848,3.80017738745502,3.94633805620329,4.09249872495156),
 .UNSPECIFIED.);
#94=B_SPLINE_SURFACE_WITH_KNOTS('',3,3,((#3280,#3281,#3282,#3283,#3284,
#3285,#3286,#3287,#3288,#3289,#3290,#3291,#3292,#3293,#3294,#3295,#3296,
#3297,#3298,#3299,#3300,#3301,#3302,#3303),(#3304,#3305,#3306,#3307,#3308,
#3309,#3310,#3311,#3312,#3313,#3314,#3315,#3316,#3317,#3318,#3319,#3320,
#3321,#3322,#3323,#3324,#3325,#3326,#3327),(#3328,#3329,#3330,#3331,#3332,
#3333,#3334,#3335,#3336,#3337,#3338,#3339,#3340,#3341,#3342,#3343,#3344,
#3345,#3346,#3347,#3348,#3349,#3350,#3351),(#3352,#3353,#3354,#3355,#3356,
#3357,#3358,#3359,#3360,#3361,#3362,#3363,#3364,#3365,#3366,#3367,#3368,
#3369,#3370,#3371,#3372,#3373,#3374,#3375),(#3376,#3377,#3378,#3379,#3380,
#3381,#3382,#3383,#3384,#3385,#3386,#3387,#3388,#3389,#3390,#3391,#3392,
#3393,#3394,#3395,#3396,#3397,#3398,#3399)),.UNSPECIFIED.,.F.,.T.,.F.,(4,
1,4),(4,1,1,1,1,1,1,1,1,1,1,1,1,1,1,1,1,1,1,1,1,4),(0.,0.571428571428571,
1.),(0.,0.14616066874827,0.29232133749654,0.58464267499308,0.87696401248962,
1.02312468123789,1.16928534998616,1.4616066874827,1.75392802497924,1.9488089166436,
2.14368980830796,2.33857069997232,2.4360111458045,2.53345159163668,2.72833248330104,
2.9232133749654,3.21553471246194,3.50785604995848,3.65401671870675,3.80017738745502,
3.94633805620329,4.09249872495156),.UNSPECIFIED.);
#95=B_SPLINE_SURFACE_WITH_KNOTS('',3,3,((#3489,#3490,#3491,#3492,#3493,
#3494,#3495,#3496,#3497,#3498,#3499,#3500,#3501,#3502,#3503,#3504,#3505,
#3506,#3507,#3508,#3509,#3510,#3511,#3512),(#3513,#3514,#3515,#3516,#3517,
#3518,#3519,#3520,#3521,#3522,#3523,#3524,#3525,#3526,#3527,#3528,#3529,
#3530,#3531,#3532,#3533,#3534,#3535,#3536),(#3537,#3538,#3539,#3540,#3541,
#3542,#3543,#3544,#3545,#3546,#3547,#3548,#3549,#3550,#3551,#3552,#3553,
#3554,#3555,#3556,#3557,#3558,#3559,#3560),(#3561,#3562,#3563,#3564,#3565,
#3566,#3567,#3568,#3569,#3570,#3571,#3572,#3573,#3574,#3575,#3576,#3577,
#3578,#3579,#3580,#3581,#3582,#3583,#3584),(#3585,#3586,#3587,#3588,#3589,
#3590,#3591,#3592,#3593,#3594,#3595,#3596,#3597,#3598,#3599,#3600,#3601,
#3602,#3603,#3604,#3605,#3606,#3607,#3608)),.UNSPECIFIED.,.F.,.T.,.F.,(4,
1,4),(4,1,1,1,1,1,1,1,1,1,1,1,1,1,1,1,1,1,1,1,1,4),(0.,0.571428571428571,
1.),(0.,0.14616066874827,0.29232133749654,0.58464267499308,0.87696401248962,
1.02312468123789,1.16928534998616,1.4616066874827,1.75392802497924,1.9488089166436,
2.14368980830796,2.33857069997232,2.4360111458045,2.53345159163668,2.72833248330104,
2.9232133749654,3.21553471246194,3.50785604995848,3.65401671870675,3.80017738745502,
3.94633805620329,4.09249872495156),.UNSPECIFIED.);
#96=B_SPLINE_SURFACE_WITH_KNOTS('',3,3,((#3639,#3640,#3641,#3642,#3643,
#3644,#3645,#3646,#3647,#3648,#3649,#3650,#3651,#3652,#3653,#3654,#3655,
#3656,#3657,#3658,#3659,#3660,#3661,#3662),(#3663,#3664,#3665,#3666,#3667,
#3668,#3669,#3670,#3671,#3672,#3673,#3674,#3675,#3676,#3677,#3678,#3679,
#3680,#3681,#3682,#3683,#3684,#3685,#3686),(#3687,#3688,#3689,#3690,#3691,
#3692,#3693,#3694,#3695,#3696,#3697,#3698,#3699,#3700,#3701,#3702,#3703,
#3704,#3705,#3706,#3707,#3708,#3709,#3710),(#3711,#3712,#3713,#3714,#3715,
#3716,#3717,#3718,#3719,#3720,#3721,#3722,#3723,#3724,#3725,#3726,#3727,
#3728,#3729,#3730,#3731,#3732,#3733,#3734),(#3735,#3736,#3737,#3738,#3739,
#3740,#3741,#3742,#3743,#3744,#3745,#3746,#3747,#3748,#3749,#3750,#3751,
#3752,#3753,#3754,#3755,#3756,#3757,#3758)),.UNSPECIFIED.,.F.,.T.,.F.,(4,
1,4),(4,1,1,1,1,1,1,1,1,1,1,1,1,1,1,1,1,1,1,1,1,4),(0.,0.571428571428571,
1.),(0.,0.14616066874827,0.29232133749654,0.58464267499308,0.87696401248962,
1.02312468123789,1.16928534998616,1.4616066874827,1.75392802497924,1.9488089166436,
2.14368980830796,2.33857069997232,2.4360111458045,2.53345159163668,2.72833248330104,
2.9232133749654,3.21553471246194,3.50785604995848,3.65401671870675,3.80017738745502,
3.94633805620329,4.09249872495156),.UNSPECIFIED.);
#97=B_SPLINE_SURFACE_WITH_KNOTS('',3,3,((#3848,#3849,#3850,#3851,#3852,
#3853,#3854,#3855,#3856,#3857,#3858,#3859,#3860,#3861,#3862,#3863,#3864,
#3865,#3866,#3867,#3868,#3869,#3870,#3871),(#3872,#3873,#3874,#3875,#3876,
#3877,#3878,#3879,#3880,#3881,#3882,#3883,#3884,#3885,#3886,#3887,#3888,
#3889,#3890,#3891,#3892,#3893,#3894,#3895),(#3896,#3897,#3898,#3899,#3900,
#3901,#3902,#3903,#3904,#3905,#3906,#3907,#3908,#3909,#3910,#3911,#3912,
#3913,#3914,#3915,#3916,#3917,#3918,#3919),(#3920,#3921,#3922,#3923,#3924,
#3925,#3926,#3927,#3928,#3929,#3930,#3931,#3932,#3933,#3934,#3935,#3936,
#3937,#3938,#3939,#3940,#3941,#3942,#3943),(#3944,#3945,#3946,#3947,#3948,
#3949,#3950,#3951,#3952,#3953,#3954,#3955,#3956,#3957,#3958,#3959,#3960,
#3961,#3962,#3963,#3964,#3965,#3966,#3967)),.UNSPECIFIED.,.F.,.T.,.F.,(4,
1,4),(4,1,1,1,1,1,1,1,1,1,1,1,1,1,1,1,1,1,1,1,1,4),(0.,0.571428571428571,
1.),(0.,0.14616066874827,0.29232133749654,0.58464267499308,0.87696401248962,
1.02312468123789,1.16928534998616,1.4616066874827,1.75392802497924,1.9488089166436,
2.14368980830796,2.33857069997232,2.4360111458045,2.53345159163668,2.72833248330104,
2.9232133749654,3.21553471246194,3.50785604995848,3.65401671870675,3.80017738745502,
3.94633805620329,4.09249872495156),.UNSPECIFIED.);
#98=CIRCLE('',#1826,7.5);
#99=CIRCLE('',#1827,7.5);
#100=CIRCLE('',#1830,7.5);
#101=CIRCLE('',#1831,7.5);
#102=CIRCLE('',#1836,7.5);
#103=CIRCLE('',#1837,7.5);
#104=CIRCLE('',#1840,7.5);
#105=CIRCLE('',#1841,7.5);
#106=CIRCLE('',#1844,2.);
#107=CIRCLE('',#1846,9.5);
#108=CIRCLE('',#1847,9.5);
#109=CIRCLE('',#1849,6.5);
#110=CIRCLE('',#1850,2.);
#111=CIRCLE('',#1852,6.5);
#112=CIRCLE('',#1853,2.);
#113=CIRCLE('',#1855,9.5);
#114=CIRCLE('',#1856,9.5);
#115=CIRCLE('',#1858,6.5);
#116=CIRCLE('',#1859,2.);
#117=CIRCLE('',#1861,6.5);
#118=CIRCLE('',#1862,2.);
#119=CIRCLE('',#1864,9.5);
#120=CIRCLE('',#1865,9.5);
#121=CIRCLE('',#1867,6.5);
#122=CIRCLE('',#1868,2.);
#123=CIRCLE('',#1870,6.5);
#124=CIRCLE('',#1871,2.);
#125=CIRCLE('',#1873,9.5);
#126=CIRCLE('',#1874,9.5);
#127=CIRCLE('',#1876,6.5);
#128=CIRCLE('',#1877,2.);
#129=CIRCLE('',#1879,6.5);
#130=CIRCLE('',#1891,7.5);
#131=CIRCLE('',#1893,7.5);
#132=CIRCLE('',#1895,7.5);
#133=CIRCLE('',#1897,7.5);
#134=CIRCLE('',#1899,3.06066017177982);
#135=CIRCLE('',#1900,2.);
#136=CIRCLE('',#1902,4.);
#137=CIRCLE('',#1903,4.);
#138=CIRCLE('',#1905,2.);
#139=CIRCLE('',#1907,3.06066017177982);
#140=CIRCLE('',#1908,2.);
#141=CIRCLE('',#1910,4.);
#142=CIRCLE('',#1912,2.);
#143=CIRCLE('',#1914,3.06066017177982);
#144=CIRCLE('',#1915,2.);
#145=CIRCLE('',#1917,4.);
#146=CIRCLE('',#1919,2.);
#147=CIRCLE('',#1921,3.06066017177982);
#148=CIRCLE('',#1922,2.);
#149=CIRCLE('',#1924,4.);
#150=CIRCLE('',#1925,4.);
#151=CIRCLE('',#1927,2.);
#152=CIRCLE('',#1929,3.16066017177984);
#153=CIRCLE('',#1930,2.1);
#154=CIRCLE('',#1932,4.1);
#155=CIRCLE('',#1934,2.1);
#156=CIRCLE('',#1936,3.16066017177988);
#157=CIRCLE('',#1937,2.1);
#158=CIRCLE('',#1939,4.1);
#159=CIRCLE('',#1941,2.1);
#160=CIRCLE('',#1943,4.);
#161=CIRCLE('',#1944,4.);
#162=CIRCLE('',#1947,4.49999999999999);
#163=CIRCLE('',#1948,4.5);
#164=CIRCLE('',#1949,3.50000000000001);
#165=CIRCLE('',#1950,3.50000000000001);
#166=CIRCLE('',#1953,4.49999999999999);
#167=CIRCLE('',#1955,4.5);
#168=CIRCLE('',#1958,3.50000000000001);
#169=CIRCLE('',#1961,3.50000000000001);
#170=CIRCLE('',#1965,1.25);
#171=CIRCLE('',#1966,0.5);
#172=CIRCLE('',#1968,1.25);
#173=CIRCLE('',#1970,1.25);
#174=CIRCLE('',#1971,0.499999999999998);
#175=CIRCLE('',#1973,1.25);
#176=CIRCLE('',#1975,1.25);
#177=CIRCLE('',#1976,0.5);
#178=CIRCLE('',#1978,1.25);
#179=CIRCLE('',#1980,1.25);
#180=CIRCLE('',#1981,0.500000000000003);
#181=CIRCLE('',#1983,1.25);
#182=CIRCLE('',#1985,0.499999999999998);
#183=CIRCLE('',#1987,0.5);
#184=CIRCLE('',#1989,0.500000000000003);
#185=CIRCLE('',#1991,0.5);
#186=CIRCLE('',#1993,1.95);
#187=CIRCLE('',#1994,1.95);
#188=CIRCLE('',#1996,1.95);
#189=CIRCLE('',#1997,1.95);
#190=CIRCLE('',#2001,7.5);
#191=CIRCLE('',#2003,7.5);
#192=CIRCLE('',#2006,7.5);
#193=CIRCLE('',#2008,7.5);
#194=CYLINDRICAL_SURFACE('',#1825,7.5);
#195=CYLINDRICAL_SURFACE('',#1829,7.5);
#196=CYLINDRICAL_SURFACE('',#1835,7.5);
#197=CYLINDRICAL_SURFACE('',#1839,7.5);
#198=CYLINDRICAL_SURFACE('',#1845,9.5);
#199=CYLINDRICAL_SURFACE('',#1848,6.5);
#200=CYLINDRICAL_SURFACE('',#1851,6.5);
#201=CYLINDRICAL_SURFACE('',#1854,9.5);
#202=CYLINDRICAL_SURFACE('',#1857,6.5);
#203=CYLINDRICAL_SURFACE('',#1860,6.5);
#204=CYLINDRICAL_SURFACE('',#1863,9.5);
#205=CYLINDRICAL_SURFACE('',#1866,6.5);
#206=CYLINDRICAL_SURFACE('',#1869,6.5);
#207=CYLINDRICAL_SURFACE('',#1872,9.5);
#208=CYLINDRICAL_SURFACE('',#1875,6.5);
#209=CYLINDRICAL_SURFACE('',#1878,6.5);
#210=CYLINDRICAL_SURFACE('',#1904,2.);
#211=CYLINDRICAL_SURFACE('',#1911,2.);
#212=CYLINDRICAL_SURFACE('',#1918,2.);
#213=CYLINDRICAL_SURFACE('',#1926,2.);
#214=CYLINDRICAL_SURFACE('',#1933,2.1);
#215=CYLINDRICAL_SURFACE('',#1940,2.1);
#216=CYLINDRICAL_SURFACE('',#1942,4.);
#217=CYLINDRICAL_SURFACE('',#1952,4.49999999999999);
#218=CYLINDRICAL_SURFACE('',#1954,4.5);
#219=CYLINDRICAL_SURFACE('',#1957,3.50000000000001);
#220=CYLINDRICAL_SURFACE('',#1960,3.50000000000001);
#221=CYLINDRICAL_SURFACE('',#1967,1.25);
#222=CYLINDRICAL_SURFACE('',#1972,1.25);
#223=CYLINDRICAL_SURFACE('',#1977,1.25);
#224=CYLINDRICAL_SURFACE('',#1982,1.25);
#225=CYLINDRICAL_SURFACE('',#1984,0.499999999999998);
#226=CYLINDRICAL_SURFACE('',#1986,0.5);
#227=CYLINDRICAL_SURFACE('',#1988,0.500000000000003);
#228=CYLINDRICAL_SURFACE('',#1990,0.5);
#229=CYLINDRICAL_SURFACE('',#1992,1.95);
#230=CYLINDRICAL_SURFACE('',#1995,1.95);
#231=CYLINDRICAL_SURFACE('',#2000,7.5);
#232=CYLINDRICAL_SURFACE('',#2002,7.5);
#233=CYLINDRICAL_SURFACE('',#2005,7.5);
#234=CYLINDRICAL_SURFACE('',#2007,7.5);
#235=FACE_OUTER_BOUND('',#335,.T.);
#236=FACE_OUTER_BOUND('',#336,.T.);
#237=FACE_OUTER_BOUND('',#337,.T.);
#238=FACE_OUTER_BOUND('',#338,.T.);
#239=FACE_OUTER_BOUND('',#339,.T.);
#240=FACE_OUTER_BOUND('',#340,.T.);
#241=FACE_OUTER_BOUND('',#341,.T.);
#242=FACE_OUTER_BOUND('',#342,.T.);
#243=FACE_OUTER_BOUND('',#343,.T.);
#244=FACE_OUTER_BOUND('',#344,.T.);
#245=FACE_OUTER_BOUND('',#345,.T.);
#246=FACE_OUTER_BOUND('',#346,.T.);
#247=FACE_OUTER_BOUND('',#347,.T.);
#248=FACE_OUTER_BOUND('',#348,.T.);
#249=FACE_OUTER_BOUND('',#349,.T.);
#250=FACE_OUTER_BOUND('',#352,.T.);
#251=FACE_OUTER_BOUND('',#353,.T.);
#252=FACE_OUTER_BOUND('',#354,.T.);
#253=FACE_OUTER_BOUND('',#355,.T.);
#254=FACE_OUTER_BOUND('',#356,.T.);
#255=FACE_OUTER_BOUND('',#359,.T.);
#256=FACE_OUTER_BOUND('',#360,.T.);
#257=FACE_OUTER_BOUND('',#361,.T.);
#258=FACE_OUTER_BOUND('',#362,.T.);
#259=FACE_OUTER_BOUND('',#363,.T.);
#260=FACE_OUTER_BOUND('',#366,.T.);
#261=FACE_OUTER_BOUND('',#367,.T.);
#262=FACE_OUTER_BOUND('',#368,.T.);
#263=FACE_OUTER_BOUND('',#369,.T.);
#264=FACE_OUTER_BOUND('',#370,.T.);
#265=FACE_OUTER_BOUND('',#373,.T.);
#266=FACE_OUTER_BOUND('',#374,.T.);
#267=FACE_OUTER_BOUND('',#375,.T.);
#268=FACE_OUTER_BOUND('',#376,.T.);
#269=FACE_OUTER_BOUND('',#377,.T.);
#270=FACE_OUTER_BOUND('',#387,.T.);
#271=FACE_OUTER_BOUND('',#388,.T.);
#272=FACE_OUTER_BOUND('',#389,.T.);
#273=FACE_OUTER_BOUND('',#390,.T.);
#274=FACE_OUTER_BOUND('',#391,.T.);
#275=FACE_OUTER_BOUND('',#392,.T.);
#276=FACE_OUTER_BOUND('',#393,.T.);
#277=FACE_OUTER_BOUND('',#394,.T.);
#278=FACE_OUTER_BOUND('',#395,.T.);
#279=FACE_OUTER_BOUND('',#396,.T.);
#280=FACE_OUTER_BOUND('',#397,.T.);
#281=FACE_OUTER_BOUND('',#398,.T.);
#282=FACE_OUTER_BOUND('',#399,.T.);
#283=FACE_OUTER_BOUND('',#400,.T.);
#284=FACE_OUTER_BOUND('',#401,.T.);
#285=FACE_OUTER_BOUND('',#402,.T.);
#286=FACE_OUTER_BOUND('',#403,.T.);
#287=FACE_OUTER_BOUND('',#404,.T.);
#288=FACE_OUTER_BOUND('',#405,.T.);
#289=FACE_OUTER_BOUND('',#406,.T.);
#290=FACE_OUTER_BOUND('',#407,.T.);
#291=FACE_OUTER_BOUND('',#408,.T.);
#292=FACE_OUTER_BOUND('',#409,.T.);
#293=FACE_OUTER_BOUND('',#410,.T.);
#294=FACE_OUTER_BOUND('',#411,.T.);
#295=FACE_OUTER_BOUND('',#412,.T.);
#296=FACE_OUTER_BOUND('',#413,.T.);
#297=FACE_OUTER_BOUND('',#414,.T.);
#298=FACE_OUTER_BOUND('',#415,.T.);
#299=FACE_OUTER_BOUND('',#416,.T.);
#300=FACE_OUTER_BOUND('',#417,.T.);
#301=FACE_OUTER_BOUND('',#418,.T.);
#302=FACE_OUTER_BOUND('',#419,.T.);
#303=FACE_OUTER_BOUND('',#421,.T.);
#304=FACE_OUTER_BOUND('',#422,.T.);
#305=FACE_OUTER_BOUND('',#423,.T.);
#306=FACE_OUTER_BOUND('',#424,.T.);
#307=FACE_OUTER_BOUND('',#425,.T.);
#308=FACE_OUTER_BOUND('',#426,.T.);
#309=FACE_OUTER_BOUND('',#427,.T.);
#310=FACE_OUTER_BOUND('',#428,.T.);
#311=FACE_OUTER_BOUND('',#429,.T.);
#312=FACE_OUTER_BOUND('',#430,.T.);
#313=FACE_OUTER_BOUND('',#432,.T.);
#314=FACE_OUTER_BOUND('',#433,.T.);
#315=FACE_OUTER_BOUND('',#435,.T.);
#316=FACE_OUTER_BOUND('',#436,.T.);
#317=FACE_OUTER_BOUND('',#438,.T.);
#318=FACE_OUTER_BOUND('',#439,.T.);
#319=FACE_OUTER_BOUND('',#441,.T.);
#320=FACE_OUTER_BOUND('',#442,.T.);
#321=FACE_OUTER_BOUND('',#443,.T.);
#322=FACE_OUTER_BOUND('',#444,.T.);
#323=FACE_OUTER_BOUND('',#445,.T.);
#324=FACE_OUTER_BOUND('',#446,.T.);
#325=FACE_OUTER_BOUND('',#447,.T.);
#326=FACE_OUTER_BOUND('',#448,.T.);
#327=FACE_OUTER_BOUND('',#451,.T.);
#328=FACE_OUTER_BOUND('',#459,.T.);
#329=FACE_OUTER_BOUND('',#460,.T.);
#330=FACE_OUTER_BOUND('',#461,.T.);
#331=FACE_OUTER_BOUND('',#465,.T.);
#332=FACE_OUTER_BOUND('',#466,.T.);
#333=FACE_OUTER_BOUND('',#467,.T.);
#334=FACE_OUTER_BOUND('',#479,.T.);
#335=EDGE_LOOP('',(#1175,#1176,#1177,#1178));
#336=EDGE_LOOP('',(#1179,#1180,#1181,#1182));
#337=EDGE_LOOP('',(#1183,#1184,#1185,#1186));
#338=EDGE_LOOP('',(#1187,#1188,#1189,#1190));
#339=EDGE_LOOP('',(#1191,#1192,#1193,#1194));
#340=EDGE_LOOP('',(#1195,#1196,#1197,#1198));
#341=EDGE_LOOP('',(#1199,#1200,#1201,#1202));
#342=EDGE_LOOP('',(#1203,#1204,#1205,#1206));
#343=EDGE_LOOP('',(#1207,#1208,#1209,#1210));
#344=EDGE_LOOP('',(#1211,#1212,#1213,#1214));
#345=EDGE_LOOP('',(#1215,#1216,#1217,#1218));
#346=EDGE_LOOP('',(#1219,#1220,#1221,#1222));
#347=EDGE_LOOP('',(#1223,#1224,#1225,#1226,#1227,#1228,#1229,#1230,#1231,
#1232,#1233,#1234));
#348=EDGE_LOOP('',(#1235,#1236,#1237,#1238));
#349=EDGE_LOOP('',(#1239,#1240,#1241,#1242));
#350=EDGE_LOOP('',(#1243));
#351=EDGE_LOOP('',(#1244));
#352=EDGE_LOOP('',(#1245,#1246,#1247,#1248));
#353=EDGE_LOOP('',(#1249,#1250,#1251,#1252));
#354=EDGE_LOOP('',(#1253,#1254,#1255,#1256));
#355=EDGE_LOOP('',(#1257,#1258,#1259,#1260));
#356=EDGE_LOOP('',(#1261,#1262,#1263,#1264));
#357=EDGE_LOOP('',(#1265));
#358=EDGE_LOOP('',(#1266));
#359=EDGE_LOOP('',(#1267,#1268,#1269,#1270));
#360=EDGE_LOOP('',(#1271,#1272,#1273,#1274));
#361=EDGE_LOOP('',(#1275,#1276,#1277,#1278));
#362=EDGE_LOOP('',(#1279,#1280,#1281,#1282));
#363=EDGE_LOOP('',(#1283,#1284,#1285,#1286));
#364=EDGE_LOOP('',(#1287));
#365=EDGE_LOOP('',(#1288));
#366=EDGE_LOOP('',(#1289,#1290,#1291,#1292));
#367=EDGE_LOOP('',(#1293,#1294,#1295,#1296));
#368=EDGE_LOOP('',(#1297,#1298,#1299,#1300));
#369=EDGE_LOOP('',(#1301,#1302,#1303,#1304));
#370=EDGE_LOOP('',(#1305,#1306,#1307,#1308));
#371=EDGE_LOOP('',(#1309));
#372=EDGE_LOOP('',(#1310));
#373=EDGE_LOOP('',(#1311,#1312,#1313,#1314));
#374=EDGE_LOOP('',(#1315,#1316,#1317,#1318));
#375=EDGE_LOOP('',(#1319,#1320,#1321,#1322));
#376=EDGE_LOOP('',(#1323,#1324,#1325,#1326));
#377=EDGE_LOOP('',(#1327,#1328,#1329,#1330));
#378=EDGE_LOOP('',(#1331));
#379=EDGE_LOOP('',(#1332));
#380=EDGE_LOOP('',(#1333));
#381=EDGE_LOOP('',(#1334));
#382=EDGE_LOOP('',(#1335));
#383=EDGE_LOOP('',(#1336));
#384=EDGE_LOOP('',(#1337));
#385=EDGE_LOOP('',(#1338));
#386=EDGE_LOOP('',(#1339,#1340,#1341,#1342,#1343,#1344,#1345,#1346,#1347,
#1348,#1349,#1350));
#387=EDGE_LOOP('',(#1351,#1352,#1353,#1354));
#388=EDGE_LOOP('',(#1355,#1356,#1357,#1358));
#389=EDGE_LOOP('',(#1359,#1360,#1361,#1362));
#390=EDGE_LOOP('',(#1363,#1364,#1365,#1366));
#391=EDGE_LOOP('',(#1367,#1368,#1369,#1370));
#392=EDGE_LOOP('',(#1371,#1372,#1373,#1374));
#393=EDGE_LOOP('',(#1375,#1376,#1377,#1378,#1379,#1380,#1381,#1382,#1383,
#1384,#1385,#1386));
#394=EDGE_LOOP('',(#1387,#1388,#1389,#1390,#1391,#1392,#1393,#1394,#1395,
#1396,#1397,#1398));
#395=EDGE_LOOP('',(#1399,#1400));
#396=EDGE_LOOP('',(#1401,#1402));
#397=EDGE_LOOP('',(#1403,#1404));
#398=EDGE_LOOP('',(#1405,#1406));
#399=EDGE_LOOP('',(#1407,#1408,#1409,#1410));
#400=EDGE_LOOP('',(#1411,#1412,#1413,#1414,#1415));
#401=EDGE_LOOP('',(#1416,#1417,#1418,#1419));
#402=EDGE_LOOP('',(#1420,#1421,#1422,#1423));
#403=EDGE_LOOP('',(#1424,#1425,#1426,#1427));
#404=EDGE_LOOP('',(#1428,#1429,#1430,#1431));
#405=EDGE_LOOP('',(#1432,#1433,#1434,#1435));
#406=EDGE_LOOP('',(#1436,#1437,#1438,#1439));
#407=EDGE_LOOP('',(#1440,#1441,#1442,#1443));
#408=EDGE_LOOP('',(#1444,#1445,#1446,#1447));
#409=EDGE_LOOP('',(#1448,#1449,#1450,#1451,#1452));
#410=EDGE_LOOP('',(#1453,#1454,#1455,#1456));
#411=EDGE_LOOP('',(#1457,#1458,#1459,#1460));
#412=EDGE_LOOP('',(#1461,#1462,#1463,#1464));
#413=EDGE_LOOP('',(#1465,#1466,#1467,#1468));
#414=EDGE_LOOP('',(#1469,#1470,#1471,#1472));
#415=EDGE_LOOP('',(#1473,#1474,#1475,#1476));
#416=EDGE_LOOP('',(#1477,#1478,#1479,#1480));
#417=EDGE_LOOP('',(#1481,#1482,#1483,#1484));
#418=EDGE_LOOP('',(#1485));
#419=EDGE_LOOP('',(#1486,#1487,#1488,#1489));
#420=EDGE_LOOP('',(#1490,#1491,#1492,#1493));
#421=EDGE_LOOP('',(#1494,#1495,#1496,#1497));
#422=EDGE_LOOP('',(#1498,#1499,#1500,#1501));
#423=EDGE_LOOP('',(#1502,#1503,#1504,#1505));
#424=EDGE_LOOP('',(#1506,#1507,#1508,#1509));
#425=EDGE_LOOP('',(#1510,#1511,#1512,#1513));
#426=EDGE_LOOP('',(#1514,#1515,#1516,#1517));
#427=EDGE_LOOP('',(#1518,#1519,#1520,#1521));
#428=EDGE_LOOP('',(#1522,#1523,#1524,#1525));
#429=EDGE_LOOP('',(#1526,#1527,#1528,#1529));
#430=EDGE_LOOP('',(#1530));
#431=EDGE_LOOP('',(#1531));
#432=EDGE_LOOP('',(#1532,#1533,#1534,#1535));
#433=EDGE_LOOP('',(#1536));
#434=EDGE_LOOP('',(#1537));
#435=EDGE_LOOP('',(#1538,#1539,#1540,#1541));
#436=EDGE_LOOP('',(#1542));
#437=EDGE_LOOP('',(#1543));
#438=EDGE_LOOP('',(#1544,#1545,#1546,#1547));
#439=EDGE_LOOP('',(#1548));
#440=EDGE_LOOP('',(#1549));
#441=EDGE_LOOP('',(#1550,#1551,#1552,#1553));
#442=EDGE_LOOP('',(#1554,#1555,#1556,#1557));
#443=EDGE_LOOP('',(#1558,#1559,#1560,#1561));
#444=EDGE_LOOP('',(#1562,#1563,#1564,#1565));
#445=EDGE_LOOP('',(#1566,#1567,#1568,#1569));
#446=EDGE_LOOP('',(#1570,#1571,#1572,#1573));
#447=EDGE_LOOP('',(#1574,#1575,#1576,#1577));
#448=EDGE_LOOP('',(#1578,#1579,#1580,#1581,#1582,#1583));
#449=EDGE_LOOP('',(#1584));
#450=EDGE_LOOP('',(#1585));
#451=EDGE_LOOP('',(#1586,#1587,#1588,#1589,#1590,#1591,#1592,#1593,#1594,
#1595,#1596,#1597,#1598,#1599,#1600,#1601,#1602,#1603,#1604,#1605,#1606,
#1607));
#452=EDGE_LOOP('',(#1608));
#453=EDGE_LOOP('',(#1609));
#454=EDGE_LOOP('',(#1610));
#455=EDGE_LOOP('',(#1611));
#456=EDGE_LOOP('',(#1612));
#457=EDGE_LOOP('',(#1613));
#458=EDGE_LOOP('',(#1614,#1615,#1616,#1617));
#459=EDGE_LOOP('',(#1618,#1619,#1620,#1621));
#460=EDGE_LOOP('',(#1622,#1623,#1624,#1625));
#461=EDGE_LOOP('',(#1626,#1627,#1628,#1629,#1630,#1631));
#462=EDGE_LOOP('',(#1632));
#463=EDGE_LOOP('',(#1633));
#464=EDGE_LOOP('',(#1634));
#465=EDGE_LOOP('',(#1635,#1636,#1637,#1638));
#466=EDGE_LOOP('',(#1639,#1640,#1641,#1642));
#467=EDGE_LOOP('',(#1643,#1644,#1645,#1646,#1647,#1648,#1649,#1650,#1651,
#1652,#1653,#1654));
#468=EDGE_LOOP('',(#1655,#1656,#1657,#1658));
#469=EDGE_LOOP('',(#1659));
#470=EDGE_LOOP('',(#1660));
#471=EDGE_LOOP('',(#1661));
#472=EDGE_LOOP('',(#1662));
#473=EDGE_LOOP('',(#1663));
#474=EDGE_LOOP('',(#1664));
#475=EDGE_LOOP('',(#1665));
#476=EDGE_LOOP('',(#1666));
#477=EDGE_LOOP('',(#1667));
#478=EDGE_LOOP('',(#1668));
#479=EDGE_LOOP('',(#1669,#1670,#1671,#1672,#1673,#1674,#1675,#1676,#1677,
#1678,#1679,#1680));
#480=LINE('',#2534,#621);
#481=LINE('',#2536,#622);
#482=LINE('',#2538,#623);
#483=LINE('',#2539,#624);
#484=LINE('',#2542,#625);
#485=LINE('',#2544,#626);
#486=LINE('',#2545,#627);
#487=LINE('',#2550,#628);
#488=LINE('',#2554,#629);
#489=LINE('',#2556,#630);
#490=LINE('',#2557,#631);
#491=LINE('',#2562,#632);
#492=LINE('',#2566,#633);
#493=LINE('',#2568,#634);
#494=LINE('',#2569,#635);
#495=LINE('',#2572,#636);
#496=LINE('',#2574,#637);
#497=LINE('',#2575,#638);
#498=LINE('',#2578,#639);
#499=LINE('',#2580,#640);
#500=LINE('',#2581,#641);
#501=LINE('',#2586,#642);
#502=LINE('',#2590,#643);
#503=LINE('',#2592,#644);
#504=LINE('',#2593,#645);
#505=LINE('',#2598,#646);
#506=LINE('',#2601,#647);
#507=LINE('',#2602,#648);
#508=LINE('',#2773,#649);
#509=LINE('',#2776,#650);
#510=LINE('',#2804,#651);
#511=LINE('',#2948,#652);
#512=LINE('',#3111,#653);
#513=LINE('',#3114,#654);
#514=LINE('',#3141,#655);
#515=LINE('',#3279,#656);
#516=LINE('',#3456,#657);
#517=LINE('',#3459,#658);
#518=LINE('',#3488,#659);
#519=LINE('',#3638,#660);
#520=LINE('',#3815,#661);
#521=LINE('',#3818,#662);
#522=LINE('',#3847,#663);
#523=LINE('',#3997,#664);
#524=LINE('',#4001,#665);
#525=LINE('',#4003,#666);
#526=LINE('',#4005,#667);
#527=LINE('',#4006,#668);
#528=LINE('',#4009,#669);
#529=LINE('',#4011,#670);
#530=LINE('',#4012,#671);
#531=LINE('',#4015,#672);
#532=LINE('',#4017,#673);
#533=LINE('',#4018,#674);
#534=LINE('',#4020,#675);
#535=LINE('',#4021,#676);
#536=LINE('',#4023,#677);
#537=LINE('',#4024,#678);
#538=LINE('',#4026,#679);
#539=LINE('',#4027,#680);
#540=LINE('',#4029,#681);
#541=LINE('',#4030,#682);
#542=LINE('',#4032,#683);
#543=LINE('',#4033,#684);
#544=LINE('',#4040,#685);
#545=LINE('',#4045,#686);
#546=LINE('',#4050,#687);
#547=LINE('',#4055,#688);
#548=LINE('',#4060,#689);
#549=LINE('',#4067,#690);
#550=LINE('',#4070,#691);
#551=LINE('',#4076,#692);
#552=LINE('',#4081,#693);
#553=LINE('',#4084,#694);
#554=LINE('',#4090,#695);
#555=LINE('',#4095,#696);
#556=LINE('',#4098,#697);
#557=LINE('',#4104,#698);
#558=LINE('',#4111,#699);
#559=LINE('',#4114,#700);
#560=LINE('',#4120,#701);
#561=LINE('',#4125,#702);
#562=LINE('',#4128,#703);
#563=LINE('',#4134,#704);
#564=LINE('',#4139,#705);
#565=LINE('',#4142,#706);
#566=LINE('',#4148,#707);
#567=LINE('',#4156,#708);
#568=LINE('',#4159,#709);
#569=LINE('',#4162,#710);
#570=LINE('',#4166,#711);
#571=LINE('',#4170,#712);
#572=LINE('',#4172,#713);
#573=LINE('',#4173,#714);
#574=LINE('',#4176,#715);
#575=LINE('',#4181,#716);
#576=LINE('',#4183,#717);
#577=LINE('',#4186,#718);
#578=LINE('',#4189,#719);
#579=LINE('',#4192,#720);
#580=LINE('',#4193,#721);
#581=LINE('',#4197,#722);
#582=LINE('',#4199,#723);
#583=LINE('',#4203,#724);
#584=LINE('',#4205,#725);
#585=LINE('',#4207,#726);
#586=LINE('',#4208,#727);
#587=LINE('',#4216,#728);
#588=LINE('',#4225,#729);
#589=LINE('',#4234,#730);
#590=LINE('',#4243,#731);
#591=LINE('',#4248,#732);
#592=LINE('',#4252,#733);
#593=LINE('',#4256,#734);
#594=LINE('',#4260,#735);
#595=LINE('',#4265,#736);
#596=LINE('',#4271,#737);
#597=LINE('',#4276,#738);
#598=LINE('',#4277,#739);
#599=LINE('',#4278,#740);
#600=LINE('',#4279,#741);
#601=LINE('',#4280,#742);
#602=LINE('',#4283,#743);
#603=LINE('',#4284,#744);
#604=LINE('',#4285,#745);
#605=LINE('',#4287,#746);
#606=LINE('',#4289,#747);
#607=LINE('',#4290,#748);
#608=LINE('',#4292,#749);
#609=LINE('',#4294,#750);
#610=LINE('',#4295,#751);
#611=LINE('',#4296,#752);
#612=LINE('',#4303,#753);
#613=LINE('',#4304,#754);
#614=LINE('',#4309,#755);
#615=LINE('',#4310,#756);
#616=LINE('',#4315,#757);
#617=LINE('',#4316,#758);
#618=LINE('',#4318,#759);
#619=LINE('',#4319,#760);
#620=LINE('',#4320,#761);
#621=VECTOR('',#2015,10.);
#622=VECTOR('',#2016,10.);
#623=VECTOR('',#2017,10.);
#624=VECTOR('',#2018,10.);
#625=VECTOR('',#2021,10.);
#626=VECTOR('',#2022,10.);
#627=VECTOR('',#2023,10.);
#628=VECTOR('',#2028,10.);
#629=VECTOR('',#2033,10.);
#630=VECTOR('',#2034,10.);
#631=VECTOR('',#2035,10.);
#632=VECTOR('',#2040,10.);
#633=VECTOR('',#2045,10.);
#634=VECTOR('',#2046,10.);
#635=VECTOR('',#2047,10.);
#636=VECTOR('',#2050,10.);
#637=VECTOR('',#2051,10.);
#638=VECTOR('',#2052,10.);
#639=VECTOR('',#2055,10.);
#640=VECTOR('',#2056,10.);
#641=VECTOR('',#2057,10.);
#642=VECTOR('',#2062,10.);
#643=VECTOR('',#2067,10.);
#644=VECTOR('',#2068,10.);
#645=VECTOR('',#2069,10.);
#646=VECTOR('',#2074,10.);
#647=VECTOR('',#2079,10.);
#648=VECTOR('',#2080,10.);
#649=VECTOR('',#2089,10.);
#650=VECTOR('',#2092,10.);
#651=VECTOR('',#2097,6.5);
#652=VECTOR('',#2104,6.5);
#653=VECTOR('',#2111,10.);
#654=VECTOR('',#2114,10.);
#655=VECTOR('',#2119,6.5);
#656=VECTOR('',#2126,6.5);
#657=VECTOR('',#2133,10.);
#658=VECTOR('',#2136,10.);
#659=VECTOR('',#2141,6.5);
#660=VECTOR('',#2148,6.5);
#661=VECTOR('',#2155,10.);
#662=VECTOR('',#2158,10.);
#663=VECTOR('',#2163,6.5);
#664=VECTOR('',#2170,6.5);
#665=VECTOR('',#2173,10.);
#666=VECTOR('',#2174,10.);
#667=VECTOR('',#2175,10.);
#668=VECTOR('',#2176,10.);
#669=VECTOR('',#2179,10.);
#670=VECTOR('',#2180,10.);
#671=VECTOR('',#2181,10.);
#672=VECTOR('',#2184,10.);
#673=VECTOR('',#2185,10.);
#674=VECTOR('',#2186,10.);
#675=VECTOR('',#2189,10.);
#676=VECTOR('',#2190,10.);
#677=VECTOR('',#2193,10.);
#678=VECTOR('',#2194,10.);
#679=VECTOR('',#2197,10.);
#680=VECTOR('',#2198,10.);
#681=VECTOR('',#2201,10.);
#682=VECTOR('',#2202,10.);
#683=VECTOR('',#2205,10.);
#684=VECTOR('',#2206,10.);
#685=VECTOR('',#2215,10.);
#686=VECTOR('',#2220,10.);
#687=VECTOR('',#2225,10.);
#688=VECTOR('',#2230,10.);
#689=VECTOR('',#2235,2.53033008588991);
#690=VECTOR('',#2244,3.);
#691=VECTOR('',#2247,2.);
#692=VECTOR('',#2254,2.53033008588991);
#693=VECTOR('',#2261,3.);
#694=VECTOR('',#2264,2.);
#695=VECTOR('',#2271,2.53033008588991);
#696=VECTOR('',#2278,3.);
#697=VECTOR('',#2281,2.);
#698=VECTOR('',#2288,2.53033008588991);
#699=VECTOR('',#2297,3.);
#700=VECTOR('',#2300,2.);
#701=VECTOR('',#2307,2.63033008588992);
#702=VECTOR('',#2314,3.1);
#703=VECTOR('',#2317,2.1);
#704=VECTOR('',#2324,2.63033008588994);
#705=VECTOR('',#2331,3.1);
#706=VECTOR('',#2334,2.1);
#707=VECTOR('',#2341,4.);
#708=VECTOR('',#2350,10.);
#709=VECTOR('',#2353,10.);
#710=VECTOR('',#2354,10.);
#711=VECTOR('',#2357,10.);
#712=VECTOR('',#2362,10.);
#713=VECTOR('',#2363,10.);
#714=VECTOR('',#2364,10.);
#715=VECTOR('',#2367,10.);
#716=VECTOR('',#2374,10.);
#717=VECTOR('',#2377,10.);
#718=VECTOR('',#2380,10.);
#719=VECTOR('',#2383,10.);
#720=VECTOR('',#2386,10.);
#721=VECTOR('',#2387,10.);
#722=VECTOR('',#2392,10.);
#723=VECTOR('',#2395,10.);
#724=VECTOR('',#2398,10.);
#725=VECTOR('',#2399,10.);
#726=VECTOR('',#2400,10.);
#727=VECTOR('',#2401,10.);
#728=VECTOR('',#2410,1.25);
#729=VECTOR('',#2421,1.25);
#730=VECTOR('',#2432,1.25);
#731=VECTOR('',#2443,1.25);
#732=VECTOR('',#2450,0.499999999999998);
#733=VECTOR('',#2455,0.5);
#734=VECTOR('',#2460,0.500000000000003);
#735=VECTOR('',#2465,0.5);
#736=VECTOR('',#2470,1.95);
#737=VECTOR('',#2477,1.95);
#738=VECTOR('',#2482,10.);
#739=VECTOR('',#2483,10.);
#740=VECTOR('',#2484,10.);
#741=VECTOR('',#2485,10.);
#742=VECTOR('',#2486,10.);
#743=VECTOR('',#2489,10.);
#744=VECTOR('',#2490,10.);
#745=VECTOR('',#2491,10.);
#746=VECTOR('',#2492,10.);
#747=VECTOR('',#2493,10.);
#748=VECTOR('',#2494,10.);
#749=VECTOR('',#2495,10.);
#750=VECTOR('',#2496,10.);
#751=VECTOR('',#2497,10.);
#752=VECTOR('',#2498,10.);
#753=VECTOR('',#2509,10.);
#754=VECTOR('',#2510,10.);
#755=VECTOR('',#2515,10.);
#756=VECTOR('',#2516,10.);
#757=VECTOR('',#2521,10.);
#758=VECTOR('',#2522,10.);
#759=VECTOR('',#2525,10.);
#760=VECTOR('',#2526,10.);
#761=VECTOR('',#2527,10.);
#762=VERTEX_POINT('',#2532);
#763=VERTEX_POINT('',#2533);
#764=VERTEX_POINT('',#2535);
#765=VERTEX_POINT('',#2537);
#766=VERTEX_POINT('',#2541);
#767=VERTEX_POINT('',#2543);
#768=VERTEX_POINT('',#2547);
#769=VERTEX_POINT('',#2549);
#770=VERTEX_POINT('',#2553);
#771=VERTEX_POINT('',#2555);
#772=VERTEX_POINT('',#2559);
#773=VERTEX_POINT('',#2561);
#774=VERTEX_POINT('',#2565);
#775=VERTEX_POINT('',#2567);
#776=VERTEX_POINT('',#2571);
#777=VERTEX_POINT('',#2573);
#778=VERTEX_POINT('',#2577);
#779=VERTEX_POINT('',#2579);
#780=VERTEX_POINT('',#2583);
#781=VERTEX_POINT('',#2585);
#782=VERTEX_POINT('',#2589);
#783=VERTEX_POINT('',#2591);
#784=VERTEX_POINT('',#2595);
#785=VERTEX_POINT('',#2597);
#786=VERTEX_POINT('',#2719);
#787=VERTEX_POINT('',#2720);
#788=VERTEX_POINT('',#2769);
#789=VERTEX_POINT('',#2770);
#790=VERTEX_POINT('',#2772);
#791=VERTEX_POINT('',#2774);
#792=VERTEX_POINT('',#2777);
#793=VERTEX_POINT('',#2802);
#794=VERTEX_POINT('',#2920);
#795=VERTEX_POINT('',#2946);
#796=VERTEX_POINT('',#3059);
#797=VERTEX_POINT('',#3060);
#798=VERTEX_POINT('',#3107);
#799=VERTEX_POINT('',#3108);
#800=VERTEX_POINT('',#3110);
#801=VERTEX_POINT('',#3112);
#802=VERTEX_POINT('',#3115);
#803=VERTEX_POINT('',#3139);
#804=VERTEX_POINT('',#3252);
#805=VERTEX_POINT('',#3277);
#806=VERTEX_POINT('',#3400);
#807=VERTEX_POINT('',#3401);
#808=VERTEX_POINT('',#3452);
#809=VERTEX_POINT('',#3453);
#810=VERTEX_POINT('',#3455);
#811=VERTEX_POINT('',#3457);
#812=VERTEX_POINT('',#3460);
#813=VERTEX_POINT('',#3486);
#814=VERTEX_POINT('',#3609);
#815=VERTEX_POINT('',#3636);
#816=VERTEX_POINT('',#3759);
#817=VERTEX_POINT('',#3760);
#818=VERTEX_POINT('',#3811);
#819=VERTEX_POINT('',#3812);
#820=VERTEX_POINT('',#3814);
#821=VERTEX_POINT('',#3816);
#822=VERTEX_POINT('',#3819);
#823=VERTEX_POINT('',#3845);
#824=VERTEX_POINT('',#3968);
#825=VERTEX_POINT('',#3995);
#826=VERTEX_POINT('',#3999);
#827=VERTEX_POINT('',#4000);
#828=VERTEX_POINT('',#4002);
#829=VERTEX_POINT('',#4004);
#830=VERTEX_POINT('',#4008);
#831=VERTEX_POINT('',#4010);
#832=VERTEX_POINT('',#4014);
#833=VERTEX_POINT('',#4016);
#834=VERTEX_POINT('',#4037);
#835=VERTEX_POINT('',#4038);
#836=VERTEX_POINT('',#4042);
#837=VERTEX_POINT('',#4043);
#838=VERTEX_POINT('',#4047);
#839=VERTEX_POINT('',#4048);
#840=VERTEX_POINT('',#4052);
#841=VERTEX_POINT('',#4053);
#842=VERTEX_POINT('',#4057);
#843=VERTEX_POINT('',#4059);
#844=VERTEX_POINT('',#4063);
#845=VERTEX_POINT('',#4064);
#846=VERTEX_POINT('',#4069);
#847=VERTEX_POINT('',#4073);
#848=VERTEX_POINT('',#4075);
#849=VERTEX_POINT('',#4079);
#850=VERTEX_POINT('',#4083);
#851=VERTEX_POINT('',#4087);
#852=VERTEX_POINT('',#4089);
#853=VERTEX_POINT('',#4093);
#854=VERTEX_POINT('',#4097);
#855=VERTEX_POINT('',#4101);
#856=VERTEX_POINT('',#4103);
#857=VERTEX_POINT('',#4107);
#858=VERTEX_POINT('',#4108);
#859=VERTEX_POINT('',#4113);
#860=VERTEX_POINT('',#4117);
#861=VERTEX_POINT('',#4119);
#862=VERTEX_POINT('',#4123);
#863=VERTEX_POINT('',#4127);
#864=VERTEX_POINT('',#4131);
#865=VERTEX_POINT('',#4133);
#866=VERTEX_POINT('',#4137);
#867=VERTEX_POINT('',#4141);
#868=VERTEX_POINT('',#4145);
#869=VERTEX_POINT('',#4147);
#870=VERTEX_POINT('',#4152);
#871=VERTEX_POINT('',#4153);
#872=VERTEX_POINT('',#4155);
#873=VERTEX_POINT('',#4157);
#874=VERTEX_POINT('',#4160);
#875=VERTEX_POINT('',#4161);
#876=VERTEX_POINT('',#4163);
#877=VERTEX_POINT('',#4165);
#878=VERTEX_POINT('',#4169);
#879=VERTEX_POINT('',#4171);
#880=VERTEX_POINT('',#4175);
#881=VERTEX_POINT('',#4179);
#882=VERTEX_POINT('',#4185);
#883=VERTEX_POINT('',#4187);
#884=VERTEX_POINT('',#4191);
#885=VERTEX_POINT('',#4195);
#886=VERTEX_POINT('',#4201);
#887=VERTEX_POINT('',#4202);
#888=VERTEX_POINT('',#4204);
#889=VERTEX_POINT('',#4206);
#890=VERTEX_POINT('',#4210);
#891=VERTEX_POINT('',#4212);
#892=VERTEX_POINT('',#4215);
#893=VERTEX_POINT('',#4219);
#894=VERTEX_POINT('',#4221);
#895=VERTEX_POINT('',#4224);
#896=VERTEX_POINT('',#4228);
#897=VERTEX_POINT('',#4230);
#898=VERTEX_POINT('',#4233);
#899=VERTEX_POINT('',#4237);
#900=VERTEX_POINT('',#4239);
#901=VERTEX_POINT('',#4242);
#902=VERTEX_POINT('',#4246);
#903=VERTEX_POINT('',#4250);
#904=VERTEX_POINT('',#4254);
#905=VERTEX_POINT('',#4258);
#906=VERTEX_POINT('',#4262);
#907=VERTEX_POINT('',#4264);
#908=VERTEX_POINT('',#4268);
#909=VERTEX_POINT('',#4270);
#910=VERTEX_POINT('',#4274);
#911=VERTEX_POINT('',#4275);
#912=VERTEX_POINT('',#4282);
#913=VERTEX_POINT('',#4286);
#914=VERTEX_POINT('',#4288);
#915=VERTEX_POINT('',#4291);
#916=VERTEX_POINT('',#4293);
#917=VERTEX_POINT('',#4302);
#918=VERTEX_POINT('',#4306);
#919=VERTEX_POINT('',#4307);
#920=VERTEX_POINT('',#4312);
#921=VERTEX_POINT('',#4313);
#922=EDGE_CURVE('',#762,#763,#480,.T.);
#923=EDGE_CURVE('',#762,#764,#481,.T.);
#924=EDGE_CURVE('',#764,#765,#482,.T.);
#925=EDGE_CURVE('',#763,#765,#483,.T.);
#926=EDGE_CURVE('',#766,#762,#484,.T.);
#927=EDGE_CURVE('',#766,#767,#485,.T.);
#928=EDGE_CURVE('',#767,#764,#486,.T.);
#929=EDGE_CURVE('',#768,#766,#98,.T.);
#930=EDGE_CURVE('',#768,#769,#487,.T.);
#931=EDGE_CURVE('',#769,#767,#99,.T.);
#932=EDGE_CURVE('',#770,#768,#488,.T.);
#933=EDGE_CURVE('',#770,#771,#489,.T.);
#934=EDGE_CURVE('',#771,#769,#490,.T.);
#935=EDGE_CURVE('',#772,#770,#100,.T.);
#936=EDGE_CURVE('',#772,#773,#491,.T.);
#937=EDGE_CURVE('',#773,#771,#101,.T.);
#938=EDGE_CURVE('',#774,#772,#492,.T.);
#939=EDGE_CURVE('',#774,#775,#493,.T.);
#940=EDGE_CURVE('',#775,#773,#494,.T.);
#941=EDGE_CURVE('',#776,#774,#495,.T.);
#942=EDGE_CURVE('',#776,#777,#496,.T.);
#943=EDGE_CURVE('',#777,#775,#497,.T.);
#944=EDGE_CURVE('',#778,#776,#498,.T.);
#945=EDGE_CURVE('',#778,#779,#499,.T.);
#946=EDGE_CURVE('',#779,#777,#500,.T.);
#947=EDGE_CURVE('',#780,#778,#102,.T.);
#948=EDGE_CURVE('',#780,#781,#501,.T.);
#949=EDGE_CURVE('',#781,#779,#103,.T.);
#950=EDGE_CURVE('',#782,#780,#502,.T.);
#951=EDGE_CURVE('',#782,#783,#503,.T.);
#952=EDGE_CURVE('',#783,#781,#504,.T.);
#953=EDGE_CURVE('',#784,#782,#104,.T.);
#954=EDGE_CURVE('',#784,#785,#505,.T.);
#955=EDGE_CURVE('',#785,#783,#105,.T.);
#956=EDGE_CURVE('',#763,#784,#506,.T.);
#957=EDGE_CURVE('',#765,#785,#507,.T.);
#958=EDGE_CURVE('',#786,#787,#106,.T.);
#959=EDGE_CURVE('',#787,#787,#74,.T.);
#960=EDGE_CURVE('',#786,#786,#75,.T.);
#961=EDGE_CURVE('',#788,#789,#107,.T.);
#962=EDGE_CURVE('',#788,#790,#508,.T.);
#963=EDGE_CURVE('',#791,#790,#108,.T.);
#964=EDGE_CURVE('',#789,#791,#509,.T.);
#965=EDGE_CURVE('',#792,#792,#76,.T.);
#966=EDGE_CURVE('',#793,#793,#109,.T.);
#967=EDGE_CURVE('',#793,#787,#510,.T.);
#968=EDGE_CURVE('',#792,#794,#110,.T.);
#969=EDGE_CURVE('',#794,#794,#77,.T.);
#970=EDGE_CURVE('',#795,#795,#111,.T.);
#971=EDGE_CURVE('',#795,#794,#511,.T.);
#972=EDGE_CURVE('',#796,#797,#112,.T.);
#973=EDGE_CURVE('',#797,#797,#78,.T.);
#974=EDGE_CURVE('',#796,#796,#79,.T.);
#975=EDGE_CURVE('',#798,#799,#113,.T.);
#976=EDGE_CURVE('',#798,#800,#512,.T.);
#977=EDGE_CURVE('',#801,#800,#114,.T.);
#978=EDGE_CURVE('',#799,#801,#513,.T.);
#979=EDGE_CURVE('',#802,#802,#80,.T.);
#980=EDGE_CURVE('',#803,#803,#115,.T.);
#981=EDGE_CURVE('',#803,#797,#514,.T.);
#982=EDGE_CURVE('',#802,#804,#116,.T.);
#983=EDGE_CURVE('',#804,#804,#81,.T.);
#984=EDGE_CURVE('',#805,#805,#117,.T.);
#985=EDGE_CURVE('',#805,#804,#515,.T.);
#986=EDGE_CURVE('',#806,#807,#118,.T.);
#987=EDGE_CURVE('',#807,#807,#82,.T.);
#988=EDGE_CURVE('',#806,#806,#83,.T.);
#989=EDGE_CURVE('',#808,#809,#119,.T.);
#990=EDGE_CURVE('',#808,#810,#516,.T.);
#991=EDGE_CURVE('',#811,#810,#120,.T.);
#992=EDGE_CURVE('',#809,#811,#517,.T.);
#993=EDGE_CURVE('',#812,#812,#84,.T.);
#994=EDGE_CURVE('',#813,#813,#121,.T.);
#995=EDGE_CURVE('',#813,#807,#518,.T.);
#996=EDGE_CURVE('',#812,#814,#122,.T.);
#997=EDGE_CURVE('',#814,#814,#85,.T.);
#998=EDGE_CURVE('',#815,#815,#123,.T.);
#999=EDGE_CURVE('',#815,#814,#519,.T.);
#1000=EDGE_CURVE('',#816,#817,#124,.T.);
#1001=EDGE_CURVE('',#817,#817,#86,.T.);
#1002=EDGE_CURVE('',#816,#816,#87,.T.);
#1003=EDGE_CURVE('',#818,#819,#125,.T.);
#1004=EDGE_CURVE('',#818,#820,#520,.T.);
#1005=EDGE_CURVE('',#821,#820,#126,.T.);
#1006=EDGE_CURVE('',#819,#821,#521,.T.);
#1007=EDGE_CURVE('',#822,#822,#88,.T.);
#1008=EDGE_CURVE('',#823,#823,#127,.T.);
#1009=EDGE_CURVE('',#823,#817,#522,.T.);
#1010=EDGE_CURVE('',#822,#824,#128,.T.);
#1011=EDGE_CURVE('',#824,#824,#89,.T.);
#1012=EDGE_CURVE('',#825,#825,#129,.T.);
#1013=EDGE_CURVE('',#825,#824,#523,.T.);
#1014=EDGE_CURVE('',#826,#827,#524,.T.);
#1015=EDGE_CURVE('',#826,#828,#525,.T.);
#1016=EDGE_CURVE('',#829,#828,#526,.T.);
#1017=EDGE_CURVE('',#827,#829,#527,.T.);
#1018=EDGE_CURVE('',#827,#830,#528,.T.);
#1019=EDGE_CURVE('',#831,#829,#529,.T.);
#1020=EDGE_CURVE('',#830,#831,#530,.T.);
#1021=EDGE_CURVE('',#830,#832,#531,.T.);
#1022=EDGE_CURVE('',#833,#831,#532,.T.);
#1023=EDGE_CURVE('',#832,#833,#533,.T.);
#1024=EDGE_CURVE('',#832,#818,#534,.T.);
#1025=EDGE_CURVE('',#820,#833,#535,.T.);
#1026=EDGE_CURVE('',#819,#808,#536,.T.);
#1027=EDGE_CURVE('',#810,#821,#537,.T.);
#1028=EDGE_CURVE('',#809,#798,#538,.T.);
#1029=EDGE_CURVE('',#800,#811,#539,.T.);
#1030=EDGE_CURVE('',#799,#788,#540,.T.);
#1031=EDGE_CURVE('',#790,#801,#541,.T.);
#1032=EDGE_CURVE('',#789,#826,#542,.T.);
#1033=EDGE_CURVE('',#828,#791,#543,.T.);
#1034=EDGE_CURVE('',#834,#835,#130,.T.);
#1035=EDGE_CURVE('',#834,#835,#544,.T.);
#1036=EDGE_CURVE('',#836,#837,#131,.T.);
#1037=EDGE_CURVE('',#837,#836,#545,.T.);
#1038=EDGE_CURVE('',#838,#839,#132,.T.);
#1039=EDGE_CURVE('',#839,#838,#546,.T.);
#1040=EDGE_CURVE('',#840,#841,#133,.T.);
#1041=EDGE_CURVE('',#840,#841,#547,.T.);
#1042=EDGE_CURVE('',#842,#842,#134,.T.);
#1043=EDGE_CURVE('',#842,#843,#548,.T.);
#1044=EDGE_CURVE('',#843,#843,#135,.T.);
#1045=EDGE_CURVE('',#844,#845,#136,.T.);
#1046=EDGE_CURVE('',#845,#844,#137,.T.);
#1047=EDGE_CURVE('',#845,#842,#549,.T.);
#1048=EDGE_CURVE('',#843,#846,#550,.T.);
#1049=EDGE_CURVE('',#846,#846,#138,.T.);
#1050=EDGE_CURVE('',#847,#847,#139,.T.);
#1051=EDGE_CURVE('',#847,#848,#551,.T.);
#1052=EDGE_CURVE('',#848,#848,#140,.T.);
#1053=EDGE_CURVE('',#849,#849,#141,.T.);
#1054=EDGE_CURVE('',#849,#847,#552,.T.);
#1055=EDGE_CURVE('',#848,#850,#553,.T.);
#1056=EDGE_CURVE('',#850,#850,#142,.T.);
#1057=EDGE_CURVE('',#851,#851,#143,.T.);
#1058=EDGE_CURVE('',#851,#852,#554,.T.);
#1059=EDGE_CURVE('',#852,#852,#144,.T.);
#1060=EDGE_CURVE('',#853,#853,#145,.T.);
#1061=EDGE_CURVE('',#853,#851,#555,.T.);
#1062=EDGE_CURVE('',#852,#854,#556,.T.);
#1063=EDGE_CURVE('',#854,#854,#146,.T.);
#1064=EDGE_CURVE('',#855,#855,#147,.T.);
#1065=EDGE_CURVE('',#855,#856,#557,.T.);
#1066=EDGE_CURVE('',#856,#856,#148,.T.);
#1067=EDGE_CURVE('',#857,#858,#149,.T.);
#1068=EDGE_CURVE('',#858,#857,#150,.T.);
#1069=EDGE_CURVE('',#858,#855,#558,.T.);
#1070=EDGE_CURVE('',#856,#859,#559,.T.);
#1071=EDGE_CURVE('',#859,#859,#151,.T.);
#1072=EDGE_CURVE('',#860,#860,#152,.T.);
#1073=EDGE_CURVE('',#860,#861,#560,.T.);
#1074=EDGE_CURVE('',#861,#861,#153,.T.);
#1075=EDGE_CURVE('',#862,#862,#154,.T.);
#1076=EDGE_CURVE('',#862,#860,#561,.T.);
#1077=EDGE_CURVE('',#861,#863,#562,.T.);
#1078=EDGE_CURVE('',#863,#863,#155,.T.);
#1079=EDGE_CURVE('',#864,#864,#156,.T.);
#1080=EDGE_CURVE('',#864,#865,#563,.T.);
#1081=EDGE_CURVE('',#865,#865,#157,.T.);
#1082=EDGE_CURVE('',#866,#866,#158,.T.);
#1083=EDGE_CURVE('',#866,#864,#564,.T.);
#1084=EDGE_CURVE('',#865,#867,#565,.T.);
#1085=EDGE_CURVE('',#867,#867,#159,.T.);
#1086=EDGE_CURVE('',#868,#868,#160,.T.);
#1087=EDGE_CURVE('',#868,#869,#566,.T.);
#1088=EDGE_CURVE('',#869,#869,#161,.T.);
#1089=EDGE_CURVE('',#870,#871,#162,.T.);
#1090=EDGE_CURVE('',#872,#870,#567,.T.);
#1091=EDGE_CURVE('',#873,#872,#163,.T.);
#1092=EDGE_CURVE('',#871,#873,#568,.T.);
#1093=EDGE_CURVE('',#874,#875,#569,.T.);
#1094=EDGE_CURVE('',#875,#876,#164,.T.);
#1095=EDGE_CURVE('',#876,#877,#570,.T.);
#1096=EDGE_CURVE('',#877,#874,#165,.T.);
#1097=EDGE_CURVE('',#870,#878,#571,.T.);
#1098=EDGE_CURVE('',#878,#879,#572,.T.);
#1099=EDGE_CURVE('',#872,#879,#573,.T.);
#1100=EDGE_CURVE('',#871,#880,#574,.T.);
#1101=EDGE_CURVE('',#880,#878,#166,.T.);
#1102=EDGE_CURVE('',#879,#881,#167,.T.);
#1103=EDGE_CURVE('',#873,#881,#575,.T.);
#1104=EDGE_CURVE('',#881,#880,#576,.T.);
#1105=EDGE_CURVE('',#882,#875,#577,.T.);
#1106=EDGE_CURVE('',#882,#883,#168,.T.);
#1107=EDGE_CURVE('',#883,#876,#578,.T.);
#1108=EDGE_CURVE('',#883,#884,#579,.T.);
#1109=EDGE_CURVE('',#884,#877,#580,.T.);
#1110=EDGE_CURVE('',#884,#885,#169,.T.);
#1111=EDGE_CURVE('',#885,#874,#581,.T.);
#1112=EDGE_CURVE('',#885,#882,#582,.T.);
#1113=EDGE_CURVE('',#886,#887,#583,.T.);
#1114=EDGE_CURVE('',#888,#886,#584,.T.);
#1115=EDGE_CURVE('',#889,#888,#585,.T.);
#1116=EDGE_CURVE('',#887,#889,#586,.T.);
#1117=EDGE_CURVE('',#890,#890,#170,.T.);
#1118=EDGE_CURVE('',#891,#891,#171,.T.);
#1119=EDGE_CURVE('',#890,#892,#587,.T.);
#1120=EDGE_CURVE('',#892,#892,#172,.T.);
#1121=EDGE_CURVE('',#893,#893,#173,.T.);
#1122=EDGE_CURVE('',#894,#894,#174,.T.);
#1123=EDGE_CURVE('',#893,#895,#588,.T.);
#1124=EDGE_CURVE('',#895,#895,#175,.T.);
#1125=EDGE_CURVE('',#896,#896,#176,.T.);
#1126=EDGE_CURVE('',#897,#897,#177,.T.);
#1127=EDGE_CURVE('',#896,#898,#589,.T.);
#1128=EDGE_CURVE('',#898,#898,#178,.T.);
#1129=EDGE_CURVE('',#899,#899,#179,.T.);
#1130=EDGE_CURVE('',#900,#900,#180,.T.);
#1131=EDGE_CURVE('',#899,#901,#590,.T.);
#1132=EDGE_CURVE('',#901,#901,#181,.T.);
#1133=EDGE_CURVE('',#902,#902,#182,.T.);
#1134=EDGE_CURVE('',#902,#894,#591,.T.);
#1135=EDGE_CURVE('',#903,#903,#183,.T.);
#1136=EDGE_CURVE('',#903,#897,#592,.T.);
#1137=EDGE_CURVE('',#904,#904,#184,.T.);
#1138=EDGE_CURVE('',#904,#900,#593,.T.);
#1139=EDGE_CURVE('',#905,#905,#185,.T.);
#1140=EDGE_CURVE('',#905,#891,#594,.T.);
#1141=EDGE_CURVE('',#906,#906,#186,.T.);
#1142=EDGE_CURVE('',#906,#907,#595,.T.);
#1143=EDGE_CURVE('',#907,#907,#187,.T.);
#1144=EDGE_CURVE('',#908,#908,#188,.T.);
#1145=EDGE_CURVE('',#908,#909,#596,.T.);
#1146=EDGE_CURVE('',#909,#909,#189,.T.);
#1147=EDGE_CURVE('',#910,#911,#597,.T.);
#1148=EDGE_CURVE('',#911,#887,#598,.T.);
#1149=EDGE_CURVE('',#849,#889,#599,.T.);
#1150=EDGE_CURVE('',#849,#853,#600,.T.);
#1151=EDGE_CURVE('',#910,#853,#601,.T.);
#1152=EDGE_CURVE('',#910,#912,#602,.T.);
#1153=EDGE_CURVE('',#844,#888,#603,.T.);
#1154=EDGE_CURVE('',#857,#844,#604,.T.);
#1155=EDGE_CURVE('',#913,#857,#605,.T.);
#1156=EDGE_CURVE('',#913,#914,#606,.T.);
#1157=EDGE_CURVE('',#914,#836,#607,.T.);
#1158=EDGE_CURVE('',#915,#837,#608,.T.);
#1159=EDGE_CURVE('',#916,#915,#609,.T.);
#1160=EDGE_CURVE('',#916,#838,#610,.T.);
#1161=EDGE_CURVE('',#912,#839,#611,.T.);
#1162=EDGE_CURVE('',#912,#916,#190,.T.);
#1163=EDGE_CURVE('',#915,#914,#191,.T.);
#1164=EDGE_CURVE('',#917,#913,#612,.T.);
#1165=EDGE_CURVE('',#917,#886,#613,.T.);
#1166=EDGE_CURVE('',#918,#919,#192,.T.);
#1167=EDGE_CURVE('',#918,#835,#614,.T.);
#1168=EDGE_CURVE('',#919,#834,#615,.T.);
#1169=EDGE_CURVE('',#920,#921,#193,.T.);
#1170=EDGE_CURVE('',#920,#841,#616,.T.);
#1171=EDGE_CURVE('',#921,#840,#617,.T.);
#1172=EDGE_CURVE('',#911,#921,#618,.T.);
#1173=EDGE_CURVE('',#919,#920,#619,.T.);
#1174=EDGE_CURVE('',#917,#918,#620,.T.);
#1175=ORIENTED_EDGE('',*,*,#922,.F.);
#1176=ORIENTED_EDGE('',*,*,#923,.T.);
#1177=ORIENTED_EDGE('',*,*,#924,.T.);
#1178=ORIENTED_EDGE('',*,*,#925,.F.);
#1179=ORIENTED_EDGE('',*,*,#926,.F.);
#1180=ORIENTED_EDGE('',*,*,#927,.T.);
#1181=ORIENTED_EDGE('',*,*,#928,.T.);
#1182=ORIENTED_EDGE('',*,*,#923,.F.);
#1183=ORIENTED_EDGE('',*,*,#929,.F.);
#1184=ORIENTED_EDGE('',*,*,#930,.T.);
#1185=ORIENTED_EDGE('',*,*,#931,.T.);
#1186=ORIENTED_EDGE('',*,*,#927,.F.);
#1187=ORIENTED_EDGE('',*,*,#932,.F.);
#1188=ORIENTED_EDGE('',*,*,#933,.T.);
#1189=ORIENTED_EDGE('',*,*,#934,.T.);
#1190=ORIENTED_EDGE('',*,*,#930,.F.);
#1191=ORIENTED_EDGE('',*,*,#935,.F.);
#1192=ORIENTED_EDGE('',*,*,#936,.T.);
#1193=ORIENTED_EDGE('',*,*,#937,.T.);
#1194=ORIENTED_EDGE('',*,*,#933,.F.);
#1195=ORIENTED_EDGE('',*,*,#938,.F.);
#1196=ORIENTED_EDGE('',*,*,#939,.T.);
#1197=ORIENTED_EDGE('',*,*,#940,.T.);
#1198=ORIENTED_EDGE('',*,*,#936,.F.);
#1199=ORIENTED_EDGE('',*,*,#941,.F.);
#1200=ORIENTED_EDGE('',*,*,#942,.T.);
#1201=ORIENTED_EDGE('',*,*,#943,.T.);
#1202=ORIENTED_EDGE('',*,*,#939,.F.);
#1203=ORIENTED_EDGE('',*,*,#944,.F.);
#1204=ORIENTED_EDGE('',*,*,#945,.T.);
#1205=ORIENTED_EDGE('',*,*,#946,.T.);
#1206=ORIENTED_EDGE('',*,*,#942,.F.);
#1207=ORIENTED_EDGE('',*,*,#947,.F.);
#1208=ORIENTED_EDGE('',*,*,#948,.T.);
#1209=ORIENTED_EDGE('',*,*,#949,.T.);
#1210=ORIENTED_EDGE('',*,*,#945,.F.);
#1211=ORIENTED_EDGE('',*,*,#950,.F.);
#1212=ORIENTED_EDGE('',*,*,#951,.T.);
#1213=ORIENTED_EDGE('',*,*,#952,.T.);
#1214=ORIENTED_EDGE('',*,*,#948,.F.);
#1215=ORIENTED_EDGE('',*,*,#953,.F.);
#1216=ORIENTED_EDGE('',*,*,#954,.T.);
#1217=ORIENTED_EDGE('',*,*,#955,.T.);
#1218=ORIENTED_EDGE('',*,*,#951,.F.);
#1219=ORIENTED_EDGE('',*,*,#956,.F.);
#1220=ORIENTED_EDGE('',*,*,#925,.T.);
#1221=ORIENTED_EDGE('',*,*,#957,.T.);
#1222=ORIENTED_EDGE('',*,*,#954,.F.);
#1223=ORIENTED_EDGE('',*,*,#957,.F.);
#1224=ORIENTED_EDGE('',*,*,#924,.F.);
#1225=ORIENTED_EDGE('',*,*,#928,.F.);
#1226=ORIENTED_EDGE('',*,*,#931,.F.);
#1227=ORIENTED_EDGE('',*,*,#934,.F.);
#1228=ORIENTED_EDGE('',*,*,#937,.F.);
#1229=ORIENTED_EDGE('',*,*,#940,.F.);
#1230=ORIENTED_EDGE('',*,*,#943,.F.);
#1231=ORIENTED_EDGE('',*,*,#946,.F.);
#1232=ORIENTED_EDGE('',*,*,#949,.F.);
#1233=ORIENTED_EDGE('',*,*,#952,.F.);
#1234=ORIENTED_EDGE('',*,*,#955,.F.);
#1235=ORIENTED_EDGE('',*,*,#958,.T.);
#1236=ORIENTED_EDGE('',*,*,#959,.T.);
#1237=ORIENTED_EDGE('',*,*,#958,.F.);
#1238=ORIENTED_EDGE('',*,*,#960,.T.);
#1239=ORIENTED_EDGE('',*,*,#961,.F.);
#1240=ORIENTED_EDGE('',*,*,#962,.T.);
#1241=ORIENTED_EDGE('',*,*,#963,.F.);
#1242=ORIENTED_EDGE('',*,*,#964,.F.);
#1243=ORIENTED_EDGE('',*,*,#965,.F.);
#1244=ORIENTED_EDGE('',*,*,#960,.F.);
#1245=ORIENTED_EDGE('',*,*,#966,.F.);
#1246=ORIENTED_EDGE('',*,*,#967,.T.);
#1247=ORIENTED_EDGE('',*,*,#959,.F.);
#1248=ORIENTED_EDGE('',*,*,#967,.F.);
#1249=ORIENTED_EDGE('',*,*,#968,.T.);
#1250=ORIENTED_EDGE('',*,*,#969,.T.);
#1251=ORIENTED_EDGE('',*,*,#968,.F.);
#1252=ORIENTED_EDGE('',*,*,#965,.T.);
#1253=ORIENTED_EDGE('',*,*,#970,.F.);
#1254=ORIENTED_EDGE('',*,*,#971,.T.);
#1255=ORIENTED_EDGE('',*,*,#969,.F.);
#1256=ORIENTED_EDGE('',*,*,#971,.F.);
#1257=ORIENTED_EDGE('',*,*,#972,.T.);
#1258=ORIENTED_EDGE('',*,*,#973,.T.);
#1259=ORIENTED_EDGE('',*,*,#972,.F.);
#1260=ORIENTED_EDGE('',*,*,#974,.T.);
#1261=ORIENTED_EDGE('',*,*,#975,.F.);
#1262=ORIENTED_EDGE('',*,*,#976,.T.);
#1263=ORIENTED_EDGE('',*,*,#977,.F.);
#1264=ORIENTED_EDGE('',*,*,#978,.F.);
#1265=ORIENTED_EDGE('',*,*,#979,.F.);
#1266=ORIENTED_EDGE('',*,*,#974,.F.);
#1267=ORIENTED_EDGE('',*,*,#980,.F.);
#1268=ORIENTED_EDGE('',*,*,#981,.T.);
#1269=ORIENTED_EDGE('',*,*,#973,.F.);
#1270=ORIENTED_EDGE('',*,*,#981,.F.);
#1271=ORIENTED_EDGE('',*,*,#982,.T.);
#1272=ORIENTED_EDGE('',*,*,#983,.T.);
#1273=ORIENTED_EDGE('',*,*,#982,.F.);
#1274=ORIENTED_EDGE('',*,*,#979,.T.);
#1275=ORIENTED_EDGE('',*,*,#984,.F.);
#1276=ORIENTED_EDGE('',*,*,#985,.T.);
#1277=ORIENTED_EDGE('',*,*,#983,.F.);
#1278=ORIENTED_EDGE('',*,*,#985,.F.);
#1279=ORIENTED_EDGE('',*,*,#986,.T.);
#1280=ORIENTED_EDGE('',*,*,#987,.T.);
#1281=ORIENTED_EDGE('',*,*,#986,.F.);
#1282=ORIENTED_EDGE('',*,*,#988,.T.);
#1283=ORIENTED_EDGE('',*,*,#989,.F.);
#1284=ORIENTED_EDGE('',*,*,#990,.T.);
#1285=ORIENTED_EDGE('',*,*,#991,.F.);
#1286=ORIENTED_EDGE('',*,*,#992,.F.);
#1287=ORIENTED_EDGE('',*,*,#993,.F.);
#1288=ORIENTED_EDGE('',*,*,#988,.F.);
#1289=ORIENTED_EDGE('',*,*,#994,.F.);
#1290=ORIENTED_EDGE('',*,*,#995,.T.);
#1291=ORIENTED_EDGE('',*,*,#987,.F.);
#1292=ORIENTED_EDGE('',*,*,#995,.F.);
#1293=ORIENTED_EDGE('',*,*,#996,.T.);
#1294=ORIENTED_EDGE('',*,*,#997,.T.);
#1295=ORIENTED_EDGE('',*,*,#996,.F.);
#1296=ORIENTED_EDGE('',*,*,#993,.T.);
#1297=ORIENTED_EDGE('',*,*,#998,.F.);
#1298=ORIENTED_EDGE('',*,*,#999,.T.);
#1299=ORIENTED_EDGE('',*,*,#997,.F.);
#1300=ORIENTED_EDGE('',*,*,#999,.F.);
#1301=ORIENTED_EDGE('',*,*,#1000,.T.);
#1302=ORIENTED_EDGE('',*,*,#1001,.T.);
#1303=ORIENTED_EDGE('',*,*,#1000,.F.);
#1304=ORIENTED_EDGE('',*,*,#1002,.T.);
#1305=ORIENTED_EDGE('',*,*,#1003,.F.);
#1306=ORIENTED_EDGE('',*,*,#1004,.T.);
#1307=ORIENTED_EDGE('',*,*,#1005,.F.);
#1308=ORIENTED_EDGE('',*,*,#1006,.F.);
#1309=ORIENTED_EDGE('',*,*,#1007,.F.);
#1310=ORIENTED_EDGE('',*,*,#1002,.F.);
#1311=ORIENTED_EDGE('',*,*,#1008,.F.);
#1312=ORIENTED_EDGE('',*,*,#1009,.T.);
#1313=ORIENTED_EDGE('',*,*,#1001,.F.);
#1314=ORIENTED_EDGE('',*,*,#1009,.F.);
#1315=ORIENTED_EDGE('',*,*,#1010,.T.);
#1316=ORIENTED_EDGE('',*,*,#1011,.T.);
#1317=ORIENTED_EDGE('',*,*,#1010,.F.);
#1318=ORIENTED_EDGE('',*,*,#1007,.T.);
#1319=ORIENTED_EDGE('',*,*,#1012,.F.);
#1320=ORIENTED_EDGE('',*,*,#1013,.T.);
#1321=ORIENTED_EDGE('',*,*,#1011,.F.);
#1322=ORIENTED_EDGE('',*,*,#1013,.F.);
#1323=ORIENTED_EDGE('',*,*,#1014,.F.);
#1324=ORIENTED_EDGE('',*,*,#1015,.T.);
#1325=ORIENTED_EDGE('',*,*,#1016,.F.);
#1326=ORIENTED_EDGE('',*,*,#1017,.F.);
#1327=ORIENTED_EDGE('',*,*,#1018,.F.);
#1328=ORIENTED_EDGE('',*,*,#1017,.T.);
#1329=ORIENTED_EDGE('',*,*,#1019,.F.);
#1330=ORIENTED_EDGE('',*,*,#1020,.F.);
#1331=ORIENTED_EDGE('',*,*,#984,.T.);
#1332=ORIENTED_EDGE('',*,*,#1008,.T.);
#1333=ORIENTED_EDGE('',*,*,#994,.T.);
#1334=ORIENTED_EDGE('',*,*,#970,.T.);
#1335=ORIENTED_EDGE('',*,*,#980,.T.);
#1336=ORIENTED_EDGE('',*,*,#1012,.T.);
#1337=ORIENTED_EDGE('',*,*,#998,.T.);
#1338=ORIENTED_EDGE('',*,*,#966,.T.);
#1339=ORIENTED_EDGE('',*,*,#922,.T.);
#1340=ORIENTED_EDGE('',*,*,#956,.T.);
#1341=ORIENTED_EDGE('',*,*,#953,.T.);
#1342=ORIENTED_EDGE('',*,*,#950,.T.);
#1343=ORIENTED_EDGE('',*,*,#947,.T.);
#1344=ORIENTED_EDGE('',*,*,#944,.T.);
#1345=ORIENTED_EDGE('',*,*,#941,.T.);
#1346=ORIENTED_EDGE('',*,*,#938,.T.);
#1347=ORIENTED_EDGE('',*,*,#935,.T.);
#1348=ORIENTED_EDGE('',*,*,#932,.T.);
#1349=ORIENTED_EDGE('',*,*,#929,.T.);
#1350=ORIENTED_EDGE('',*,*,#926,.T.);
#1351=ORIENTED_EDGE('',*,*,#1021,.F.);
#1352=ORIENTED_EDGE('',*,*,#1020,.T.);
#1353=ORIENTED_EDGE('',*,*,#1022,.F.);
#1354=ORIENTED_EDGE('',*,*,#1023,.F.);
#1355=ORIENTED_EDGE('',*,*,#1024,.F.);
#1356=ORIENTED_EDGE('',*,*,#1023,.T.);
#1357=ORIENTED_EDGE('',*,*,#1025,.F.);
#1358=ORIENTED_EDGE('',*,*,#1004,.F.);
#1359=ORIENTED_EDGE('',*,*,#1026,.F.);
#1360=ORIENTED_EDGE('',*,*,#1006,.T.);
#1361=ORIENTED_EDGE('',*,*,#1027,.F.);
#1362=ORIENTED_EDGE('',*,*,#990,.F.);
#1363=ORIENTED_EDGE('',*,*,#1028,.F.);
#1364=ORIENTED_EDGE('',*,*,#992,.T.);
#1365=ORIENTED_EDGE('',*,*,#1029,.F.);
#1366=ORIENTED_EDGE('',*,*,#976,.F.);
#1367=ORIENTED_EDGE('',*,*,#1030,.F.);
#1368=ORIENTED_EDGE('',*,*,#978,.T.);
#1369=ORIENTED_EDGE('',*,*,#1031,.F.);
#1370=ORIENTED_EDGE('',*,*,#962,.F.);
#1371=ORIENTED_EDGE('',*,*,#1032,.F.);
#1372=ORIENTED_EDGE('',*,*,#964,.T.);
#1373=ORIENTED_EDGE('',*,*,#1033,.F.);
#1374=ORIENTED_EDGE('',*,*,#1015,.F.);
#1375=ORIENTED_EDGE('',*,*,#1033,.T.);
#1376=ORIENTED_EDGE('',*,*,#963,.T.);
#1377=ORIENTED_EDGE('',*,*,#1031,.T.);
#1378=ORIENTED_EDGE('',*,*,#977,.T.);
#1379=ORIENTED_EDGE('',*,*,#1029,.T.);
#1380=ORIENTED_EDGE('',*,*,#991,.T.);
#1381=ORIENTED_EDGE('',*,*,#1027,.T.);
#1382=ORIENTED_EDGE('',*,*,#1005,.T.);
#1383=ORIENTED_EDGE('',*,*,#1025,.T.);
#1384=ORIENTED_EDGE('',*,*,#1022,.T.);
#1385=ORIENTED_EDGE('',*,*,#1019,.T.);
#1386=ORIENTED_EDGE('',*,*,#1016,.T.);
#1387=ORIENTED_EDGE('',*,*,#1032,.T.);
#1388=ORIENTED_EDGE('',*,*,#1014,.T.);
#1389=ORIENTED_EDGE('',*,*,#1018,.T.);
#1390=ORIENTED_EDGE('',*,*,#1021,.T.);
#1391=ORIENTED_EDGE('',*,*,#1024,.T.);
#1392=ORIENTED_EDGE('',*,*,#1003,.T.);
#1393=ORIENTED_EDGE('',*,*,#1026,.T.);
#1394=ORIENTED_EDGE('',*,*,#989,.T.);
#1395=ORIENTED_EDGE('',*,*,#1028,.T.);
#1396=ORIENTED_EDGE('',*,*,#975,.T.);
#1397=ORIENTED_EDGE('',*,*,#1030,.T.);
#1398=ORIENTED_EDGE('',*,*,#961,.T.);
#1399=ORIENTED_EDGE('',*,*,#1034,.T.);
#1400=ORIENTED_EDGE('',*,*,#1035,.F.);
#1401=ORIENTED_EDGE('',*,*,#1036,.T.);
#1402=ORIENTED_EDGE('',*,*,#1037,.T.);
#1403=ORIENTED_EDGE('',*,*,#1038,.T.);
#1404=ORIENTED_EDGE('',*,*,#1039,.T.);
#1405=ORIENTED_EDGE('',*,*,#1040,.T.);
#1406=ORIENTED_EDGE('',*,*,#1041,.F.);
#1407=ORIENTED_EDGE('',*,*,#1042,.F.);
#1408=ORIENTED_EDGE('',*,*,#1043,.T.);
#1409=ORIENTED_EDGE('',*,*,#1044,.F.);
#1410=ORIENTED_EDGE('',*,*,#1043,.F.);
#1411=ORIENTED_EDGE('',*,*,#1045,.F.);
#1412=ORIENTED_EDGE('',*,*,#1046,.F.);
#1413=ORIENTED_EDGE('',*,*,#1047,.T.);
#1414=ORIENTED_EDGE('',*,*,#1042,.T.);
#1415=ORIENTED_EDGE('',*,*,#1047,.F.);
#1416=ORIENTED_EDGE('',*,*,#1044,.T.);
#1417=ORIENTED_EDGE('',*,*,#1048,.T.);
#1418=ORIENTED_EDGE('',*,*,#1049,.F.);
#1419=ORIENTED_EDGE('',*,*,#1048,.F.);
#1420=ORIENTED_EDGE('',*,*,#1050,.F.);
#1421=ORIENTED_EDGE('',*,*,#1051,.T.);
#1422=ORIENTED_EDGE('',*,*,#1052,.F.);
#1423=ORIENTED_EDGE('',*,*,#1051,.F.);
#1424=ORIENTED_EDGE('',*,*,#1053,.F.);
#1425=ORIENTED_EDGE('',*,*,#1054,.T.);
#1426=ORIENTED_EDGE('',*,*,#1050,.T.);
#1427=ORIENTED_EDGE('',*,*,#1054,.F.);
#1428=ORIENTED_EDGE('',*,*,#1052,.T.);
#1429=ORIENTED_EDGE('',*,*,#1055,.T.);
#1430=ORIENTED_EDGE('',*,*,#1056,.F.);
#1431=ORIENTED_EDGE('',*,*,#1055,.F.);
#1432=ORIENTED_EDGE('',*,*,#1057,.F.);
#1433=ORIENTED_EDGE('',*,*,#1058,.T.);
#1434=ORIENTED_EDGE('',*,*,#1059,.F.);
#1435=ORIENTED_EDGE('',*,*,#1058,.F.);
#1436=ORIENTED_EDGE('',*,*,#1060,.F.);
#1437=ORIENTED_EDGE('',*,*,#1061,.T.);
#1438=ORIENTED_EDGE('',*,*,#1057,.T.);
#1439=ORIENTED_EDGE('',*,*,#1061,.F.);
#1440=ORIENTED_EDGE('',*,*,#1059,.T.);
#1441=ORIENTED_EDGE('',*,*,#1062,.T.);
#1442=ORIENTED_EDGE('',*,*,#1063,.F.);
#1443=ORIENTED_EDGE('',*,*,#1062,.F.);
#1444=ORIENTED_EDGE('',*,*,#1064,.F.);
#1445=ORIENTED_EDGE('',*,*,#1065,.T.);
#1446=ORIENTED_EDGE('',*,*,#1066,.F.);
#1447=ORIENTED_EDGE('',*,*,#1065,.F.);
#1448=ORIENTED_EDGE('',*,*,#1067,.F.);
#1449=ORIENTED_EDGE('',*,*,#1068,.F.);
#1450=ORIENTED_EDGE('',*,*,#1069,.T.);
#1451=ORIENTED_EDGE('',*,*,#1064,.T.);
#1452=ORIENTED_EDGE('',*,*,#1069,.F.);
#1453=ORIENTED_EDGE('',*,*,#1066,.T.);
#1454=ORIENTED_EDGE('',*,*,#1070,.T.);
#1455=ORIENTED_EDGE('',*,*,#1071,.F.);
#1456=ORIENTED_EDGE('',*,*,#1070,.F.);
#1457=ORIENTED_EDGE('',*,*,#1072,.F.);
#1458=ORIENTED_EDGE('',*,*,#1073,.T.);
#1459=ORIENTED_EDGE('',*,*,#1074,.F.);
#1460=ORIENTED_EDGE('',*,*,#1073,.F.);
#1461=ORIENTED_EDGE('',*,*,#1075,.F.);
#1462=ORIENTED_EDGE('',*,*,#1076,.T.);
#1463=ORIENTED_EDGE('',*,*,#1072,.T.);
#1464=ORIENTED_EDGE('',*,*,#1076,.F.);
#1465=ORIENTED_EDGE('',*,*,#1074,.T.);
#1466=ORIENTED_EDGE('',*,*,#1077,.T.);
#1467=ORIENTED_EDGE('',*,*,#1078,.T.);
#1468=ORIENTED_EDGE('',*,*,#1077,.F.);
#1469=ORIENTED_EDGE('',*,*,#1079,.F.);
#1470=ORIENTED_EDGE('',*,*,#1080,.T.);
#1471=ORIENTED_EDGE('',*,*,#1081,.F.);
#1472=ORIENTED_EDGE('',*,*,#1080,.F.);
#1473=ORIENTED_EDGE('',*,*,#1082,.F.);
#1474=ORIENTED_EDGE('',*,*,#1083,.T.);
#1475=ORIENTED_EDGE('',*,*,#1079,.T.);
#1476=ORIENTED_EDGE('',*,*,#1083,.F.);
#1477=ORIENTED_EDGE('',*,*,#1081,.T.);
#1478=ORIENTED_EDGE('',*,*,#1084,.T.);
#1479=ORIENTED_EDGE('',*,*,#1085,.T.);
#1480=ORIENTED_EDGE('',*,*,#1084,.F.);
#1481=ORIENTED_EDGE('',*,*,#1086,.T.);
#1482=ORIENTED_EDGE('',*,*,#1087,.T.);
#1483=ORIENTED_EDGE('',*,*,#1088,.F.);
#1484=ORIENTED_EDGE('',*,*,#1087,.F.);
#1485=ORIENTED_EDGE('',*,*,#1088,.T.);
#1486=ORIENTED_EDGE('',*,*,#1089,.F.);
#1487=ORIENTED_EDGE('',*,*,#1090,.F.);
#1488=ORIENTED_EDGE('',*,*,#1091,.F.);
#1489=ORIENTED_EDGE('',*,*,#1092,.F.);
#1490=ORIENTED_EDGE('',*,*,#1093,.T.);
#1491=ORIENTED_EDGE('',*,*,#1094,.T.);
#1492=ORIENTED_EDGE('',*,*,#1095,.T.);
#1493=ORIENTED_EDGE('',*,*,#1096,.T.);
#1494=ORIENTED_EDGE('',*,*,#1090,.T.);
#1495=ORIENTED_EDGE('',*,*,#1097,.T.);
#1496=ORIENTED_EDGE('',*,*,#1098,.T.);
#1497=ORIENTED_EDGE('',*,*,#1099,.F.);
#1498=ORIENTED_EDGE('',*,*,#1089,.T.);
#1499=ORIENTED_EDGE('',*,*,#1100,.T.);
#1500=ORIENTED_EDGE('',*,*,#1101,.T.);
#1501=ORIENTED_EDGE('',*,*,#1097,.F.);
#1502=ORIENTED_EDGE('',*,*,#1091,.T.);
#1503=ORIENTED_EDGE('',*,*,#1099,.T.);
#1504=ORIENTED_EDGE('',*,*,#1102,.T.);
#1505=ORIENTED_EDGE('',*,*,#1103,.F.);
#1506=ORIENTED_EDGE('',*,*,#1092,.T.);
#1507=ORIENTED_EDGE('',*,*,#1103,.T.);
#1508=ORIENTED_EDGE('',*,*,#1104,.T.);
#1509=ORIENTED_EDGE('',*,*,#1100,.F.);
#1510=ORIENTED_EDGE('',*,*,#1094,.F.);
#1511=ORIENTED_EDGE('',*,*,#1105,.F.);
#1512=ORIENTED_EDGE('',*,*,#1106,.T.);
#1513=ORIENTED_EDGE('',*,*,#1107,.T.);
#1514=ORIENTED_EDGE('',*,*,#1095,.F.);
#1515=ORIENTED_EDGE('',*,*,#1107,.F.);
#1516=ORIENTED_EDGE('',*,*,#1108,.T.);
#1517=ORIENTED_EDGE('',*,*,#1109,.T.);
#1518=ORIENTED_EDGE('',*,*,#1096,.F.);
#1519=ORIENTED_EDGE('',*,*,#1109,.F.);
#1520=ORIENTED_EDGE('',*,*,#1110,.T.);
#1521=ORIENTED_EDGE('',*,*,#1111,.T.);
#1522=ORIENTED_EDGE('',*,*,#1093,.F.);
#1523=ORIENTED_EDGE('',*,*,#1111,.F.);
#1524=ORIENTED_EDGE('',*,*,#1112,.T.);
#1525=ORIENTED_EDGE('',*,*,#1105,.T.);
#1526=ORIENTED_EDGE('',*,*,#1113,.F.);
#1527=ORIENTED_EDGE('',*,*,#1114,.F.);
#1528=ORIENTED_EDGE('',*,*,#1115,.F.);
#1529=ORIENTED_EDGE('',*,*,#1116,.F.);
#1530=ORIENTED_EDGE('',*,*,#1117,.F.);
#1531=ORIENTED_EDGE('',*,*,#1118,.T.);
#1532=ORIENTED_EDGE('',*,*,#1117,.T.);
#1533=ORIENTED_EDGE('',*,*,#1119,.T.);
#1534=ORIENTED_EDGE('',*,*,#1120,.T.);
#1535=ORIENTED_EDGE('',*,*,#1119,.F.);
#1536=ORIENTED_EDGE('',*,*,#1121,.F.);
#1537=ORIENTED_EDGE('',*,*,#1122,.T.);
#1538=ORIENTED_EDGE('',*,*,#1121,.T.);
#1539=ORIENTED_EDGE('',*,*,#1123,.T.);
#1540=ORIENTED_EDGE('',*,*,#1124,.T.);
#1541=ORIENTED_EDGE('',*,*,#1123,.F.);
#1542=ORIENTED_EDGE('',*,*,#1125,.F.);
#1543=ORIENTED_EDGE('',*,*,#1126,.T.);
#1544=ORIENTED_EDGE('',*,*,#1125,.T.);
#1545=ORIENTED_EDGE('',*,*,#1127,.T.);
#1546=ORIENTED_EDGE('',*,*,#1128,.T.);
#1547=ORIENTED_EDGE('',*,*,#1127,.F.);
#1548=ORIENTED_EDGE('',*,*,#1129,.F.);
#1549=ORIENTED_EDGE('',*,*,#1130,.T.);
#1550=ORIENTED_EDGE('',*,*,#1129,.T.);
#1551=ORIENTED_EDGE('',*,*,#1131,.T.);
#1552=ORIENTED_EDGE('',*,*,#1132,.T.);
#1553=ORIENTED_EDGE('',*,*,#1131,.F.);
#1554=ORIENTED_EDGE('',*,*,#1133,.T.);
#1555=ORIENTED_EDGE('',*,*,#1134,.T.);
#1556=ORIENTED_EDGE('',*,*,#1122,.F.);
#1557=ORIENTED_EDGE('',*,*,#1134,.F.);
#1558=ORIENTED_EDGE('',*,*,#1135,.T.);
#1559=ORIENTED_EDGE('',*,*,#1136,.T.);
#1560=ORIENTED_EDGE('',*,*,#1126,.F.);
#1561=ORIENTED_EDGE('',*,*,#1136,.F.);
#1562=ORIENTED_EDGE('',*,*,#1137,.T.);
#1563=ORIENTED_EDGE('',*,*,#1138,.T.);
#1564=ORIENTED_EDGE('',*,*,#1130,.F.);
#1565=ORIENTED_EDGE('',*,*,#1138,.F.);
#1566=ORIENTED_EDGE('',*,*,#1139,.T.);
#1567=ORIENTED_EDGE('',*,*,#1140,.T.);
#1568=ORIENTED_EDGE('',*,*,#1118,.F.);
#1569=ORIENTED_EDGE('',*,*,#1140,.F.);
#1570=ORIENTED_EDGE('',*,*,#1141,.T.);
#1571=ORIENTED_EDGE('',*,*,#1142,.T.);
#1572=ORIENTED_EDGE('',*,*,#1143,.F.);
#1573=ORIENTED_EDGE('',*,*,#1142,.F.);
#1574=ORIENTED_EDGE('',*,*,#1144,.T.);
#1575=ORIENTED_EDGE('',*,*,#1145,.T.);
#1576=ORIENTED_EDGE('',*,*,#1146,.F.);
#1577=ORIENTED_EDGE('',*,*,#1145,.F.);
#1578=ORIENTED_EDGE('',*,*,#1147,.T.);
#1579=ORIENTED_EDGE('',*,*,#1148,.T.);
#1580=ORIENTED_EDGE('',*,*,#1116,.T.);
#1581=ORIENTED_EDGE('',*,*,#1149,.F.);
#1582=ORIENTED_EDGE('',*,*,#1150,.T.);
#1583=ORIENTED_EDGE('',*,*,#1151,.F.);
#1584=ORIENTED_EDGE('',*,*,#1085,.F.);
#1585=ORIENTED_EDGE('',*,*,#1078,.F.);
#1586=ORIENTED_EDGE('',*,*,#1152,.F.);
#1587=ORIENTED_EDGE('',*,*,#1151,.T.);
#1588=ORIENTED_EDGE('',*,*,#1060,.T.);
#1589=ORIENTED_EDGE('',*,*,#1150,.F.);
#1590=ORIENTED_EDGE('',*,*,#1053,.T.);
#1591=ORIENTED_EDGE('',*,*,#1149,.T.);
#1592=ORIENTED_EDGE('',*,*,#1115,.T.);
#1593=ORIENTED_EDGE('',*,*,#1153,.F.);
#1594=ORIENTED_EDGE('',*,*,#1045,.T.);
#1595=ORIENTED_EDGE('',*,*,#1046,.T.);
#1596=ORIENTED_EDGE('',*,*,#1154,.F.);
#1597=ORIENTED_EDGE('',*,*,#1067,.T.);
#1598=ORIENTED_EDGE('',*,*,#1068,.T.);
#1599=ORIENTED_EDGE('',*,*,#1155,.F.);
#1600=ORIENTED_EDGE('',*,*,#1156,.T.);
#1601=ORIENTED_EDGE('',*,*,#1157,.T.);
#1602=ORIENTED_EDGE('',*,*,#1037,.F.);
#1603=ORIENTED_EDGE('',*,*,#1158,.F.);
#1604=ORIENTED_EDGE('',*,*,#1159,.F.);
#1605=ORIENTED_EDGE('',*,*,#1160,.T.);
#1606=ORIENTED_EDGE('',*,*,#1039,.F.);
#1607=ORIENTED_EDGE('',*,*,#1161,.F.);
#1608=ORIENTED_EDGE('',*,*,#1144,.F.);
#1609=ORIENTED_EDGE('',*,*,#1141,.F.);
#1610=ORIENTED_EDGE('',*,*,#1132,.F.);
#1611=ORIENTED_EDGE('',*,*,#1128,.F.);
#1612=ORIENTED_EDGE('',*,*,#1124,.F.);
#1613=ORIENTED_EDGE('',*,*,#1120,.F.);
#1614=ORIENTED_EDGE('',*,*,#1110,.F.);
#1615=ORIENTED_EDGE('',*,*,#1108,.F.);
#1616=ORIENTED_EDGE('',*,*,#1106,.F.);
#1617=ORIENTED_EDGE('',*,*,#1112,.F.);
#1618=ORIENTED_EDGE('',*,*,#1162,.F.);
#1619=ORIENTED_EDGE('',*,*,#1161,.T.);
#1620=ORIENTED_EDGE('',*,*,#1038,.F.);
#1621=ORIENTED_EDGE('',*,*,#1160,.F.);
#1622=ORIENTED_EDGE('',*,*,#1163,.F.);
#1623=ORIENTED_EDGE('',*,*,#1158,.T.);
#1624=ORIENTED_EDGE('',*,*,#1036,.F.);
#1625=ORIENTED_EDGE('',*,*,#1157,.F.);
#1626=ORIENTED_EDGE('',*,*,#1164,.T.);
#1627=ORIENTED_EDGE('',*,*,#1155,.T.);
#1628=ORIENTED_EDGE('',*,*,#1154,.T.);
#1629=ORIENTED_EDGE('',*,*,#1153,.T.);
#1630=ORIENTED_EDGE('',*,*,#1114,.T.);
#1631=ORIENTED_EDGE('',*,*,#1165,.F.);
#1632=ORIENTED_EDGE('',*,*,#1075,.T.);
#1633=ORIENTED_EDGE('',*,*,#1082,.T.);
#1634=ORIENTED_EDGE('',*,*,#1086,.F.);
#1635=ORIENTED_EDGE('',*,*,#1166,.F.);
#1636=ORIENTED_EDGE('',*,*,#1167,.T.);
#1637=ORIENTED_EDGE('',*,*,#1034,.F.);
#1638=ORIENTED_EDGE('',*,*,#1168,.F.);
#1639=ORIENTED_EDGE('',*,*,#1169,.F.);
#1640=ORIENTED_EDGE('',*,*,#1170,.T.);
#1641=ORIENTED_EDGE('',*,*,#1040,.F.);
#1642=ORIENTED_EDGE('',*,*,#1171,.F.);
#1643=ORIENTED_EDGE('',*,*,#1172,.T.);
#1644=ORIENTED_EDGE('',*,*,#1171,.T.);
#1645=ORIENTED_EDGE('',*,*,#1041,.T.);
#1646=ORIENTED_EDGE('',*,*,#1170,.F.);
#1647=ORIENTED_EDGE('',*,*,#1173,.F.);
#1648=ORIENTED_EDGE('',*,*,#1168,.T.);
#1649=ORIENTED_EDGE('',*,*,#1035,.T.);
#1650=ORIENTED_EDGE('',*,*,#1167,.F.);
#1651=ORIENTED_EDGE('',*,*,#1174,.F.);
#1652=ORIENTED_EDGE('',*,*,#1165,.T.);
#1653=ORIENTED_EDGE('',*,*,#1113,.T.);
#1654=ORIENTED_EDGE('',*,*,#1148,.F.);
#1655=ORIENTED_EDGE('',*,*,#1098,.F.);
#1656=ORIENTED_EDGE('',*,*,#1101,.F.);
#1657=ORIENTED_EDGE('',*,*,#1104,.F.);
#1658=ORIENTED_EDGE('',*,*,#1102,.F.);
#1659=ORIENTED_EDGE('',*,*,#1049,.T.);
#1660=ORIENTED_EDGE('',*,*,#1143,.T.);
#1661=ORIENTED_EDGE('',*,*,#1056,.T.);
#1662=ORIENTED_EDGE('',*,*,#1071,.T.);
#1663=ORIENTED_EDGE('',*,*,#1063,.T.);
#1664=ORIENTED_EDGE('',*,*,#1146,.T.);
#1665=ORIENTED_EDGE('',*,*,#1139,.F.);
#1666=ORIENTED_EDGE('',*,*,#1137,.F.);
#1667=ORIENTED_EDGE('',*,*,#1135,.F.);
#1668=ORIENTED_EDGE('',*,*,#1133,.F.);
#1669=ORIENTED_EDGE('',*,*,#1172,.F.);
#1670=ORIENTED_EDGE('',*,*,#1147,.F.);
#1671=ORIENTED_EDGE('',*,*,#1152,.T.);
#1672=ORIENTED_EDGE('',*,*,#1162,.T.);
#1673=ORIENTED_EDGE('',*,*,#1159,.T.);
#1674=ORIENTED_EDGE('',*,*,#1163,.T.);
#1675=ORIENTED_EDGE('',*,*,#1156,.F.);
#1676=ORIENTED_EDGE('',*,*,#1164,.F.);
#1677=ORIENTED_EDGE('',*,*,#1174,.T.);
#1678=ORIENTED_EDGE('',*,*,#1166,.T.);
#1679=ORIENTED_EDGE('',*,*,#1173,.T.);
#1680=ORIENTED_EDGE('',*,*,#1169,.T.);
#1681=PLANE('',#1823);
#1682=PLANE('',#1824);
#1683=PLANE('',#1828);
#1684=PLANE('',#1832);
#1685=PLANE('',#1833);
#1686=PLANE('',#1834);
#1687=PLANE('',#1838);
#1688=PLANE('',#1842);
#1689=PLANE('',#1843);
#1690=PLANE('',#1880);
#1691=PLANE('',#1881);
#1692=PLANE('',#1882);
#1693=PLANE('',#1883);
#1694=PLANE('',#1884);
#1695=PLANE('',#1885);
#1696=PLANE('',#1886);
#1697=PLANE('',#1887);
#1698=PLANE('',#1888);
#1699=PLANE('',#1889);
#1700=PLANE('',#1890);
#1701=PLANE('',#1892);
#1702=PLANE('',#1894);
#1703=PLANE('',#1896);
#1704=PLANE('',#1945);
#1705=PLANE('',#1946);
#1706=PLANE('',#1951);
#1707=PLANE('',#1956);
#1708=PLANE('',#1959);
#1709=PLANE('',#1962);
#1710=PLANE('',#1963);
#1711=PLANE('',#1964);
#1712=PLANE('',#1969);
#1713=PLANE('',#1974);
#1714=PLANE('',#1979);
#1715=PLANE('',#1998);
#1716=PLANE('',#1999);
#1717=PLANE('',#2004);
#1718=PLANE('',#2009);
#1719=PLANE('',#2010);
#1720=ADVANCED_FACE('',(#235),#1681,.F.);
#1721=ADVANCED_FACE('',(#236),#1682,.F.);
#1722=ADVANCED_FACE('',(#237),#194,.T.);
#1723=ADVANCED_FACE('',(#238),#1683,.F.);
#1724=ADVANCED_FACE('',(#239),#195,.T.);
#1725=ADVANCED_FACE('',(#240),#1684,.F.);
#1726=ADVANCED_FACE('',(#241),#1685,.F.);
#1727=ADVANCED_FACE('',(#242),#1686,.F.);
#1728=ADVANCED_FACE('',(#243),#196,.T.);
#1729=ADVANCED_FACE('',(#244),#1687,.F.);
#1730=ADVANCED_FACE('',(#245),#197,.T.);
#1731=ADVANCED_FACE('',(#246),#1688,.F.);
#1732=ADVANCED_FACE('',(#247),#1689,.T.);
#1733=ADVANCED_FACE('',(#248),#90,.F.);
#1734=ADVANCED_FACE('',(#249,#29,#30),#198,.F.);
#1735=ADVANCED_FACE('',(#250),#199,.F.);
#1736=ADVANCED_FACE('',(#251),#91,.F.);
#1737=ADVANCED_FACE('',(#252),#200,.F.);
#1738=ADVANCED_FACE('',(#253),#92,.F.);
#1739=ADVANCED_FACE('',(#254,#31,#32),#201,.F.);
#1740=ADVANCED_FACE('',(#255),#202,.F.);
#1741=ADVANCED_FACE('',(#256),#93,.F.);
#1742=ADVANCED_FACE('',(#257),#203,.F.);
#1743=ADVANCED_FACE('',(#258),#94,.F.);
#1744=ADVANCED_FACE('',(#259,#33,#34),#204,.F.);
#1745=ADVANCED_FACE('',(#260),#205,.F.);
#1746=ADVANCED_FACE('',(#261),#95,.F.);
#1747=ADVANCED_FACE('',(#262),#206,.F.);
#1748=ADVANCED_FACE('',(#263),#96,.F.);
#1749=ADVANCED_FACE('',(#264,#35,#36),#207,.F.);
#1750=ADVANCED_FACE('',(#265),#208,.F.);
#1751=ADVANCED_FACE('',(#266),#97,.F.);
#1752=ADVANCED_FACE('',(#267),#209,.F.);
#1753=ADVANCED_FACE('',(#268),#1690,.T.);
#1754=ADVANCED_FACE('',(#269,#37,#38,#39,#40,#41,#42,#43,#44,#45),#1691,
 .T.);
#1755=ADVANCED_FACE('',(#270),#1692,.T.);
#1756=ADVANCED_FACE('',(#271),#1693,.T.);
#1757=ADVANCED_FACE('',(#272),#1694,.T.);
#1758=ADVANCED_FACE('',(#273),#1695,.T.);
#1759=ADVANCED_FACE('',(#274),#1696,.T.);
#1760=ADVANCED_FACE('',(#275),#1697,.T.);
#1761=ADVANCED_FACE('',(#276),#1698,.T.);
#1762=ADVANCED_FACE('',(#277),#1699,.F.);
#1763=ADVANCED_FACE('',(#278),#1700,.F.);
#1764=ADVANCED_FACE('',(#279),#1701,.F.);
#1765=ADVANCED_FACE('',(#280),#1702,.F.);
#1766=ADVANCED_FACE('',(#281),#1703,.F.);
#1767=ADVANCED_FACE('',(#282),#13,.F.);
#1768=ADVANCED_FACE('',(#283),#14,.F.);
#1769=ADVANCED_FACE('',(#284),#210,.F.);
#1770=ADVANCED_FACE('',(#285),#15,.F.);
#1771=ADVANCED_FACE('',(#286),#16,.F.);
#1772=ADVANCED_FACE('',(#287),#211,.F.);
#1773=ADVANCED_FACE('',(#288),#17,.F.);
#1774=ADVANCED_FACE('',(#289),#18,.F.);
#1775=ADVANCED_FACE('',(#290),#212,.F.);
#1776=ADVANCED_FACE('',(#291),#19,.F.);
#1777=ADVANCED_FACE('',(#292),#20,.F.);
#1778=ADVANCED_FACE('',(#293),#213,.F.);
#1779=ADVANCED_FACE('',(#294),#21,.F.);
#1780=ADVANCED_FACE('',(#295),#22,.F.);
#1781=ADVANCED_FACE('',(#296),#214,.F.);
#1782=ADVANCED_FACE('',(#297),#23,.F.);
#1783=ADVANCED_FACE('',(#298),#24,.F.);
#1784=ADVANCED_FACE('',(#299),#215,.F.);
#1785=ADVANCED_FACE('',(#300),#216,.F.);
#1786=ADVANCED_FACE('',(#301),#1704,.F.);
#1787=ADVANCED_FACE('',(#302,#46),#1705,.T.);
#1788=ADVANCED_FACE('',(#303),#1706,.T.);
#1789=ADVANCED_FACE('',(#304),#217,.F.);
#1790=ADVANCED_FACE('',(#305),#218,.F.);
#1791=ADVANCED_FACE('',(#306),#1707,.T.);
#1792=ADVANCED_FACE('',(#307),#219,.F.);
#1793=ADVANCED_FACE('',(#308),#1708,.T.);
#1794=ADVANCED_FACE('',(#309),#220,.F.);
#1795=ADVANCED_FACE('',(#310),#1709,.T.);
#1796=ADVANCED_FACE('',(#311),#1710,.F.);
#1797=ADVANCED_FACE('',(#312,#47),#1711,.F.);
#1798=ADVANCED_FACE('',(#313),#221,.F.);
#1799=ADVANCED_FACE('',(#314,#48),#1712,.F.);
#1800=ADVANCED_FACE('',(#315),#222,.F.);
#1801=ADVANCED_FACE('',(#316,#49),#1713,.F.);
#1802=ADVANCED_FACE('',(#317),#223,.F.);
#1803=ADVANCED_FACE('',(#318,#50),#1714,.F.);
#1804=ADVANCED_FACE('',(#319),#224,.F.);
#1805=ADVANCED_FACE('',(#320),#225,.F.);
#1806=ADVANCED_FACE('',(#321),#226,.F.);
#1807=ADVANCED_FACE('',(#322),#227,.F.);
#1808=ADVANCED_FACE('',(#323),#228,.F.);
#1809=ADVANCED_FACE('',(#324),#229,.F.);
#1810=ADVANCED_FACE('',(#325),#230,.F.);
#1811=ADVANCED_FACE('',(#326,#51,#52),#1715,.T.);
#1812=ADVANCED_FACE('',(#327,#53,#54,#55,#56,#57,#58,#59),#1716,.T.);
#1813=ADVANCED_FACE('',(#328),#231,.F.);
#1814=ADVANCED_FACE('',(#329),#232,.F.);
#1815=ADVANCED_FACE('',(#330,#60,#61,#62),#1717,.T.);
#1816=ADVANCED_FACE('',(#331),#233,.F.);
#1817=ADVANCED_FACE('',(#332),#234,.F.);
#1818=ADVANCED_FACE('',(#333,#63,#64,#65,#66,#67,#68,#69,#70,#71,#72,#73),
#1718,.T.);
#1819=ADVANCED_FACE('',(#334),#1719,.F.);
#1820=CLOSED_SHELL('',(#1720,#1721,#1722,#1723,#1724,#1725,#1726,#1727,
#1728,#1729,#1730,#1731,#1732,#1733,#1734,#1735,#1736,#1737,#1738,#1739,
#1740,#1741,#1742,#1743,#1744,#1745,#1746,#1747,#1748,#1749,#1750,#1751,
#1752,#1753,#1754,#1755,#1756,#1757,#1758,#1759,#1760,#1761,#1762));
#1821=CLOSED_SHELL('',(#1763,#1764,#1765,#1766,#1767,#1768,#1769,#1770,
#1771,#1772,#1773,#1774,#1775,#1776,#1777,#1778,#1779,#1780,#1781,#1782,
#1783,#1784,#1785,#1786,#1787,#1788,#1789,#1790,#1791,#1792,#1793,#1794,
#1795,#1796,#1797,#1798,#1799,#1800,#1801,#1802,#1803,#1804,#1805,#1806,
#1807,#1808,#1809,#1810,#1811,#1812,#1813,#1814,#1815,#1816,#1817,#1818,
#1819));
#1822=AXIS2_PLACEMENT_3D('',#2530,#2011,#2012);
#1823=AXIS2_PLACEMENT_3D('',#2531,#2013,#2014);
#1824=AXIS2_PLACEMENT_3D('',#2540,#2019,#2020);
#1825=AXIS2_PLACEMENT_3D('',#2546,#2024,#2025);
#1826=AXIS2_PLACEMENT_3D('',#2548,#2026,#2027);
#1827=AXIS2_PLACEMENT_3D('',#2551,#2029,#2030);
#1828=AXIS2_PLACEMENT_3D('',#2552,#2031,#2032);
#1829=AXIS2_PLACEMENT_3D('',#2558,#2036,#2037);
#1830=AXIS2_PLACEMENT_3D('',#2560,#2038,#2039);
#1831=AXIS2_PLACEMENT_3D('',#2563,#2041,#2042);
#1832=AXIS2_PLACEMENT_3D('',#2564,#2043,#2044);
#1833=AXIS2_PLACEMENT_3D('',#2570,#2048,#2049);
#1834=AXIS2_PLACEMENT_3D('',#2576,#2053,#2054);
#1835=AXIS2_PLACEMENT_3D('',#2582,#2058,#2059);
#1836=AXIS2_PLACEMENT_3D('',#2584,#2060,#2061);
#1837=AXIS2_PLACEMENT_3D('',#2587,#2063,#2064);
#1838=AXIS2_PLACEMENT_3D('',#2588,#2065,#2066);
#1839=AXIS2_PLACEMENT_3D('',#2594,#2070,#2071);
#1840=AXIS2_PLACEMENT_3D('',#2596,#2072,#2073);
#1841=AXIS2_PLACEMENT_3D('',#2599,#2075,#2076);
#1842=AXIS2_PLACEMENT_3D('',#2600,#2077,#2078);
#1843=AXIS2_PLACEMENT_3D('',#2603,#2081,#2082);
#1844=AXIS2_PLACEMENT_3D('',#2721,#2083,#2084);
#1845=AXIS2_PLACEMENT_3D('',#2768,#2085,#2086);
#1846=AXIS2_PLACEMENT_3D('',#2771,#2087,#2088);
#1847=AXIS2_PLACEMENT_3D('',#2775,#2090,#2091);
#1848=AXIS2_PLACEMENT_3D('',#2801,#2093,#2094);
#1849=AXIS2_PLACEMENT_3D('',#2803,#2095,#2096);
#1850=AXIS2_PLACEMENT_3D('',#2921,#2098,#2099);
#1851=AXIS2_PLACEMENT_3D('',#2945,#2100,#2101);
#1852=AXIS2_PLACEMENT_3D('',#2947,#2102,#2103);
#1853=AXIS2_PLACEMENT_3D('',#3061,#2105,#2106);
#1854=AXIS2_PLACEMENT_3D('',#3106,#2107,#2108);
#1855=AXIS2_PLACEMENT_3D('',#3109,#2109,#2110);
#1856=AXIS2_PLACEMENT_3D('',#3113,#2112,#2113);
#1857=AXIS2_PLACEMENT_3D('',#3138,#2115,#2116);
#1858=AXIS2_PLACEMENT_3D('',#3140,#2117,#2118);
#1859=AXIS2_PLACEMENT_3D('',#3253,#2120,#2121);
#1860=AXIS2_PLACEMENT_3D('',#3276,#2122,#2123);
#1861=AXIS2_PLACEMENT_3D('',#3278,#2124,#2125);
#1862=AXIS2_PLACEMENT_3D('',#3402,#2127,#2128);
#1863=AXIS2_PLACEMENT_3D('',#3451,#2129,#2130);
#1864=AXIS2_PLACEMENT_3D('',#3454,#2131,#2132);
#1865=AXIS2_PLACEMENT_3D('',#3458,#2134,#2135);
#1866=AXIS2_PLACEMENT_3D('',#3485,#2137,#2138);
#1867=AXIS2_PLACEMENT_3D('',#3487,#2139,#2140);
#1868=AXIS2_PLACEMENT_3D('',#3610,#2142,#2143);
#1869=AXIS2_PLACEMENT_3D('',#3635,#2144,#2145);
#1870=AXIS2_PLACEMENT_3D('',#3637,#2146,#2147);
#1871=AXIS2_PLACEMENT_3D('',#3761,#2149,#2150);
#1872=AXIS2_PLACEMENT_3D('',#3810,#2151,#2152);
#1873=AXIS2_PLACEMENT_3D('',#3813,#2153,#2154);
#1874=AXIS2_PLACEMENT_3D('',#3817,#2156,#2157);
#1875=AXIS2_PLACEMENT_3D('',#3844,#2159,#2160);
#1876=AXIS2_PLACEMENT_3D('',#3846,#2161,#2162);
#1877=AXIS2_PLACEMENT_3D('',#3969,#2164,#2165);
#1878=AXIS2_PLACEMENT_3D('',#3994,#2166,#2167);
#1879=AXIS2_PLACEMENT_3D('',#3996,#2168,#2169);
#1880=AXIS2_PLACEMENT_3D('',#3998,#2171,#2172);
#1881=AXIS2_PLACEMENT_3D('',#4007,#2177,#2178);
#1882=AXIS2_PLACEMENT_3D('',#4013,#2182,#2183);
#1883=AXIS2_PLACEMENT_3D('',#4019,#2187,#2188);
#1884=AXIS2_PLACEMENT_3D('',#4022,#2191,#2192);
#1885=AXIS2_PLACEMENT_3D('',#4025,#2195,#2196);
#1886=AXIS2_PLACEMENT_3D('',#4028,#2199,#2200);
#1887=AXIS2_PLACEMENT_3D('',#4031,#2203,#2204);
#1888=AXIS2_PLACEMENT_3D('',#4034,#2207,#2208);
#1889=AXIS2_PLACEMENT_3D('',#4035,#2209,#2210);
#1890=AXIS2_PLACEMENT_3D('',#4036,#2211,#2212);
#1891=AXIS2_PLACEMENT_3D('',#4039,#2213,#2214);
#1892=AXIS2_PLACEMENT_3D('',#4041,#2216,#2217);
#1893=AXIS2_PLACEMENT_3D('',#4044,#2218,#2219);
#1894=AXIS2_PLACEMENT_3D('',#4046,#2221,#2222);
#1895=AXIS2_PLACEMENT_3D('',#4049,#2223,#2224);
#1896=AXIS2_PLACEMENT_3D('',#4051,#2226,#2227);
#1897=AXIS2_PLACEMENT_3D('',#4054,#2228,#2229);
#1898=AXIS2_PLACEMENT_3D('',#4056,#2231,#2232);
#1899=AXIS2_PLACEMENT_3D('',#4058,#2233,#2234);
#1900=AXIS2_PLACEMENT_3D('',#4061,#2236,#2237);
#1901=AXIS2_PLACEMENT_3D('',#4062,#2238,#2239);
#1902=AXIS2_PLACEMENT_3D('',#4065,#2240,#2241);
#1903=AXIS2_PLACEMENT_3D('',#4066,#2242,#2243);
#1904=AXIS2_PLACEMENT_3D('',#4068,#2245,#2246);
#1905=AXIS2_PLACEMENT_3D('',#4071,#2248,#2249);
#1906=AXIS2_PLACEMENT_3D('',#4072,#2250,#2251);
#1907=AXIS2_PLACEMENT_3D('',#4074,#2252,#2253);
#1908=AXIS2_PLACEMENT_3D('',#4077,#2255,#2256);
#1909=AXIS2_PLACEMENT_3D('',#4078,#2257,#2258);
#1910=AXIS2_PLACEMENT_3D('',#4080,#2259,#2260);
#1911=AXIS2_PLACEMENT_3D('',#4082,#2262,#2263);
#1912=AXIS2_PLACEMENT_3D('',#4085,#2265,#2266);
#1913=AXIS2_PLACEMENT_3D('',#4086,#2267,#2268);
#1914=AXIS2_PLACEMENT_3D('',#4088,#2269,#2270);
#1915=AXIS2_PLACEMENT_3D('',#4091,#2272,#2273);
#1916=AXIS2_PLACEMENT_3D('',#4092,#2274,#2275);
#1917=AXIS2_PLACEMENT_3D('',#4094,#2276,#2277);
#1918=AXIS2_PLACEMENT_3D('',#4096,#2279,#2280);
#1919=AXIS2_PLACEMENT_3D('',#4099,#2282,#2283);
#1920=AXIS2_PLACEMENT_3D('',#4100,#2284,#2285);
#1921=AXIS2_PLACEMENT_3D('',#4102,#2286,#2287);
#1922=AXIS2_PLACEMENT_3D('',#4105,#2289,#2290);
#1923=AXIS2_PLACEMENT_3D('',#4106,#2291,#2292);
#1924=AXIS2_PLACEMENT_3D('',#4109,#2293,#2294);
#1925=AXIS2_PLACEMENT_3D('',#4110,#2295,#2296);
#1926=AXIS2_PLACEMENT_3D('',#4112,#2298,#2299);
#1927=AXIS2_PLACEMENT_3D('',#4115,#2301,#2302);
#1928=AXIS2_PLACEMENT_3D('',#4116,#2303,#2304);
#1929=AXIS2_PLACEMENT_3D('',#4118,#2305,#2306);
#1930=AXIS2_PLACEMENT_3D('',#4121,#2308,#2309);
#1931=AXIS2_PLACEMENT_3D('',#4122,#2310,#2311);
#1932=AXIS2_PLACEMENT_3D('',#4124,#2312,#2313);
#1933=AXIS2_PLACEMENT_3D('',#4126,#2315,#2316);
#1934=AXIS2_PLACEMENT_3D('',#4129,#2318,#2319);
#1935=AXIS2_PLACEMENT_3D('',#4130,#2320,#2321);
#1936=AXIS2_PLACEMENT_3D('',#4132,#2322,#2323);
#1937=AXIS2_PLACEMENT_3D('',#4135,#2325,#2326);
#1938=AXIS2_PLACEMENT_3D('',#4136,#2327,#2328);
#1939=AXIS2_PLACEMENT_3D('',#4138,#2329,#2330);
#1940=AXIS2_PLACEMENT_3D('',#4140,#2332,#2333);
#1941=AXIS2_PLACEMENT_3D('',#4143,#2335,#2336);
#1942=AXIS2_PLACEMENT_3D('',#4144,#2337,#2338);
#1943=AXIS2_PLACEMENT_3D('',#4146,#2339,#2340);
#1944=AXIS2_PLACEMENT_3D('',#4149,#2342,#2343);
#1945=AXIS2_PLACEMENT_3D('',#4150,#2344,#2345);
#1946=AXIS2_PLACEMENT_3D('',#4151,#2346,#2347);
#1947=AXIS2_PLACEMENT_3D('',#4154,#2348,#2349);
#1948=AXIS2_PLACEMENT_3D('',#4158,#2351,#2352);
#1949=AXIS2_PLACEMENT_3D('',#4164,#2355,#2356);
#1950=AXIS2_PLACEMENT_3D('',#4167,#2358,#2359);
#1951=AXIS2_PLACEMENT_3D('',#4168,#2360,#2361);
#1952=AXIS2_PLACEMENT_3D('',#4174,#2365,#2366);
#1953=AXIS2_PLACEMENT_3D('',#4177,#2368,#2369);
#1954=AXIS2_PLACEMENT_3D('',#4178,#2370,#2371);
#1955=AXIS2_PLACEMENT_3D('',#4180,#2372,#2373);
#1956=AXIS2_PLACEMENT_3D('',#4182,#2375,#2376);
#1957=AXIS2_PLACEMENT_3D('',#4184,#2378,#2379);
#1958=AXIS2_PLACEMENT_3D('',#4188,#2381,#2382);
#1959=AXIS2_PLACEMENT_3D('',#4190,#2384,#2385);
#1960=AXIS2_PLACEMENT_3D('',#4194,#2388,#2389);
#1961=AXIS2_PLACEMENT_3D('',#4196,#2390,#2391);
#1962=AXIS2_PLACEMENT_3D('',#4198,#2393,#2394);
#1963=AXIS2_PLACEMENT_3D('',#4200,#2396,#2397);
#1964=AXIS2_PLACEMENT_3D('',#4209,#2402,#2403);
#1965=AXIS2_PLACEMENT_3D('',#4211,#2404,#2405);
#1966=AXIS2_PLACEMENT_3D('',#4213,#2406,#2407);
#1967=AXIS2_PLACEMENT_3D('',#4214,#2408,#2409);
#1968=AXIS2_PLACEMENT_3D('',#4217,#2411,#2412);
#1969=AXIS2_PLACEMENT_3D('',#4218,#2413,#2414);
#1970=AXIS2_PLACEMENT_3D('',#4220,#2415,#2416);
#1971=AXIS2_PLACEMENT_3D('',#4222,#2417,#2418);
#1972=AXIS2_PLACEMENT_3D('',#4223,#2419,#2420);
#1973=AXIS2_PLACEMENT_3D('',#4226,#2422,#2423);
#1974=AXIS2_PLACEMENT_3D('',#4227,#2424,#2425);
#1975=AXIS2_PLACEMENT_3D('',#4229,#2426,#2427);
#1976=AXIS2_PLACEMENT_3D('',#4231,#2428,#2429);
#1977=AXIS2_PLACEMENT_3D('',#4232,#2430,#2431);
#1978=AXIS2_PLACEMENT_3D('',#4235,#2433,#2434);
#1979=AXIS2_PLACEMENT_3D('',#4236,#2435,#2436);
#1980=AXIS2_PLACEMENT_3D('',#4238,#2437,#2438);
#1981=AXIS2_PLACEMENT_3D('',#4240,#2439,#2440);
#1982=AXIS2_PLACEMENT_3D('',#4241,#2441,#2442);
#1983=AXIS2_PLACEMENT_3D('',#4244,#2444,#2445);
#1984=AXIS2_PLACEMENT_3D('',#4245,#2446,#2447);
#1985=AXIS2_PLACEMENT_3D('',#4247,#2448,#2449);
#1986=AXIS2_PLACEMENT_3D('',#4249,#2451,#2452);
#1987=AXIS2_PLACEMENT_3D('',#4251,#2453,#2454);
#1988=AXIS2_PLACEMENT_3D('',#4253,#2456,#2457);
#1989=AXIS2_PLACEMENT_3D('',#4255,#2458,#2459);
#1990=AXIS2_PLACEMENT_3D('',#4257,#2461,#2462);
#1991=AXIS2_PLACEMENT_3D('',#4259,#2463,#2464);
#1992=AXIS2_PLACEMENT_3D('',#4261,#2466,#2467);
#1993=AXIS2_PLACEMENT_3D('',#4263,#2468,#2469);
#1994=AXIS2_PLACEMENT_3D('',#4266,#2471,#2472);
#1995=AXIS2_PLACEMENT_3D('',#4267,#2473,#2474);
#1996=AXIS2_PLACEMENT_3D('',#4269,#2475,#2476);
#1997=AXIS2_PLACEMENT_3D('',#4272,#2478,#2479);
#1998=AXIS2_PLACEMENT_3D('',#4273,#2480,#2481);
#1999=AXIS2_PLACEMENT_3D('',#4281,#2487,#2488);
#2000=AXIS2_PLACEMENT_3D('',#4297,#2499,#2500);
#2001=AXIS2_PLACEMENT_3D('',#4298,#2501,#2502);
#2002=AXIS2_PLACEMENT_3D('',#4299,#2503,#2504);
#2003=AXIS2_PLACEMENT_3D('',#4300,#2505,#2506);
#2004=AXIS2_PLACEMENT_3D('',#4301,#2507,#2508);
#2005=AXIS2_PLACEMENT_3D('',#4305,#2511,#2512);
#2006=AXIS2_PLACEMENT_3D('',#4308,#2513,#2514);
#2007=AXIS2_PLACEMENT_3D('',#4311,#2517,#2518);
#2008=AXIS2_PLACEMENT_3D('',#4314,#2519,#2520);
#2009=AXIS2_PLACEMENT_3D('',#4317,#2523,#2524);
#2010=AXIS2_PLACEMENT_3D('',#4321,#2528,#2529);
#2011=DIRECTION('axis',(0.,0.,1.));
#2012=DIRECTION('refdir',(1.,0.,0.));
#2013=DIRECTION('center_axis',(-1.,0.,0.));
#2014=DIRECTION('ref_axis',(0.,-1.,2.22044604925031E-16));
#2015=DIRECTION('',(0.,-1.,2.22044604925031E-16));
#2016=DIRECTION('',(0.,2.22044604925031E-16,1.));
#2017=DIRECTION('',(0.,-1.,2.22044604925031E-16));
#2018=DIRECTION('',(0.,2.22044604925031E-16,1.));
#2019=DIRECTION('center_axis',(0.,1.,-2.22044604925031E-16));
#2020=DIRECTION('ref_axis',(-1.,0.,0.));
#2021=DIRECTION('',(-1.,0.,0.));
#2022=DIRECTION('',(0.,2.22044604925031E-16,1.));
#2023=DIRECTION('',(-1.,0.,0.));
#2024=DIRECTION('center_axis',(0.,2.22044604925031E-16,1.));
#2025=DIRECTION('ref_axis',(-1.,0.,0.));
#2026=DIRECTION('center_axis',(0.,-2.22044604925031E-16,-1.));
#2027=DIRECTION('ref_axis',(-1.,0.,0.));
#2028=DIRECTION('',(0.,2.22044604925031E-16,1.));
#2029=DIRECTION('center_axis',(0.,-2.22044604925031E-16,-1.));
#2030=DIRECTION('ref_axis',(-1.,0.,0.));
#2031=DIRECTION('center_axis',(0.,1.,-2.22044604925031E-16));
#2032=DIRECTION('ref_axis',(-1.,0.,0.));
#2033=DIRECTION('',(-1.,0.,0.));
#2034=DIRECTION('',(0.,2.22044604925031E-16,1.));
#2035=DIRECTION('',(-1.,0.,0.));
#2036=DIRECTION('center_axis',(0.,2.22044604925031E-16,1.));
#2037=DIRECTION('ref_axis',(-1.,0.,0.));
#2038=DIRECTION('center_axis',(0.,-2.22044604925031E-16,-1.));
#2039=DIRECTION('ref_axis',(-1.,0.,0.));
#2040=DIRECTION('',(0.,2.22044604925031E-16,1.));
#2041=DIRECTION('center_axis',(0.,-2.22044604925031E-16,-1.));
#2042=DIRECTION('ref_axis',(-1.,0.,0.));
#2043=DIRECTION('center_axis',(0.,1.,-2.22044604925031E-16));
#2044=DIRECTION('ref_axis',(-1.,0.,0.));
#2045=DIRECTION('',(-1.,0.,0.));
#2046=DIRECTION('',(0.,2.22044604925031E-16,1.));
#2047=DIRECTION('',(-1.,0.,0.));
#2048=DIRECTION('center_axis',(1.,0.,0.));
#2049=DIRECTION('ref_axis',(0.,1.,-2.22044604925031E-16));
#2050=DIRECTION('',(0.,1.,-2.22044604925031E-16));
#2051=DIRECTION('',(0.,2.22044604925031E-16,1.));
#2052=DIRECTION('',(0.,1.,-2.22044604925031E-16));
#2053=DIRECTION('center_axis',(0.,-1.,2.22044604925031E-16));
#2054=DIRECTION('ref_axis',(1.,0.,0.));
#2055=DIRECTION('',(1.,0.,0.));
#2056=DIRECTION('',(0.,2.22044604925031E-16,1.));
#2057=DIRECTION('',(1.,0.,0.));
#2058=DIRECTION('center_axis',(0.,2.22044604925031E-16,1.));
#2059=DIRECTION('ref_axis',(-1.,0.,0.));
#2060=DIRECTION('center_axis',(0.,-2.22044604925031E-16,-1.));
#2061=DIRECTION('ref_axis',(-1.,0.,0.));
#2062=DIRECTION('',(0.,2.22044604925031E-16,1.));
#2063=DIRECTION('center_axis',(0.,-2.22044604925031E-16,-1.));
#2064=DIRECTION('ref_axis',(-1.,0.,0.));
#2065=DIRECTION('center_axis',(0.,-1.,2.22044604925031E-16));
#2066=DIRECTION('ref_axis',(1.,0.,0.));
#2067=DIRECTION('',(1.,0.,0.));
#2068=DIRECTION('',(0.,2.22044604925031E-16,1.));
#2069=DIRECTION('',(1.,0.,0.));
#2070=DIRECTION('center_axis',(0.,2.22044604925031E-16,1.));
#2071=DIRECTION('ref_axis',(-1.,0.,0.));
#2072=DIRECTION('center_axis',(0.,-2.22044604925031E-16,-1.));
#2073=DIRECTION('ref_axis',(-1.,0.,0.));
#2074=DIRECTION('',(0.,2.22044604925031E-16,1.));
#2075=DIRECTION('center_axis',(0.,-2.22044604925031E-16,-1.));
#2076=DIRECTION('ref_axis',(-1.,0.,0.));
#2077=DIRECTION('center_axis',(0.,-1.,2.22044604925031E-16));
#2078=DIRECTION('ref_axis',(1.,0.,0.));
#2079=DIRECTION('',(1.,0.,0.));
#2080=DIRECTION('',(1.,0.,0.));
#2081=DIRECTION('center_axis',(0.,-2.22044604925031E-16,-1.));
#2082=DIRECTION('ref_axis',(-1.,0.,0.));
#2083=DIRECTION('center_axis',(0.,-1.,2.22044604925031E-16));
#2084=DIRECTION('ref_axis',(-0.739130434782609,1.49560879476496E-16,0.673562321079551));
#2085=DIRECTION('center_axis',(0.,1.,-2.22044604925031E-16));
#2086=DIRECTION('ref_axis',(6.12323399573677E-17,-2.22044604925031E-16,
-1.));
#2087=DIRECTION('center_axis',(0.,1.,-2.22044604925031E-16));
#2088=DIRECTION('ref_axis',(1.,0.,0.));
#2089=DIRECTION('',(0.,1.,-2.22044604925031E-16));
#2090=DIRECTION('center_axis',(0.,-1.,2.22044604925031E-16));
#2091=DIRECTION('ref_axis',(1.,0.,0.));
#2092=DIRECTION('',(0.,1.,-2.22044604925031E-16));
#2093=DIRECTION('center_axis',(0.,2.22044604925031E-16,1.));
#2094=DIRECTION('ref_axis',(-1.,0.,0.));
#2095=DIRECTION('center_axis',(0.,2.22044604925031E-16,1.));
#2096=DIRECTION('ref_axis',(-1.,0.,0.));
#2097=DIRECTION('',(0.,2.22044604925031E-16,1.));
#2098=DIRECTION('center_axis',(0.,-1.,1.87033013082225E-15));
#2099=DIRECTION('ref_axis',(-0.739130434782609,1.25978390410165E-15,0.673562321079551));
#2100=DIRECTION('center_axis',(0.,2.22044604925031E-16,1.));
#2101=DIRECTION('ref_axis',(-1.,0.,0.));
#2102=DIRECTION('center_axis',(0.,2.22044604925031E-16,1.));
#2103=DIRECTION('ref_axis',(-1.,0.,0.));
#2104=DIRECTION('',(0.,2.22044604925031E-16,1.));
#2105=DIRECTION('center_axis',(-2.22044604925031E-15,-1.,-2.21455138987955E-15));
#2106=DIRECTION('ref_axis',(-0.739130434782609,1.49560879476496E-16,0.673562321079551));
#2107=DIRECTION('center_axis',(0.,1.,-2.22044604925031E-16));
#2108=DIRECTION('ref_axis',(6.12323399573677E-17,-2.22044604925031E-16,
-1.));
#2109=DIRECTION('center_axis',(0.,1.,-2.22044604925031E-16));
#2110=DIRECTION('ref_axis',(1.,0.,0.));
#2111=DIRECTION('',(0.,1.,-2.22044604925031E-16));
#2112=DIRECTION('center_axis',(0.,-1.,2.22044604925031E-16));
#2113=DIRECTION('ref_axis',(1.,0.,0.));
#2114=DIRECTION('',(0.,1.,-2.22044604925031E-16));
#2115=DIRECTION('center_axis',(0.,2.22044604925031E-16,1.));
#2116=DIRECTION('ref_axis',(-1.,0.,0.));
#2117=DIRECTION('center_axis',(0.,2.22044604925031E-16,1.));
#2118=DIRECTION('ref_axis',(-1.,0.,0.));
#2119=DIRECTION('',(0.,2.22044604925031E-16,1.));
#2120=DIRECTION('center_axis',(0.,-1.,2.22044604925031E-16));
#2121=DIRECTION('ref_axis',(-0.739130434782608,1.49560879476496E-16,0.673562321079552));
#2122=DIRECTION('center_axis',(0.,2.22044604925031E-16,1.));
#2123=DIRECTION('ref_axis',(-1.,0.,0.));
#2124=DIRECTION('center_axis',(0.,2.22044604925031E-16,1.));
#2125=DIRECTION('ref_axis',(-1.,0.,0.));
#2126=DIRECTION('',(0.,2.22044604925031E-16,1.));
#2127=DIRECTION('center_axis',(1.11022302462516E-15,-1.,-2.07942923569893E-16));
#2128=DIRECTION('ref_axis',(-0.739130434782607,-9.60662145148661E-16,0.673562321079552));
#2129=DIRECTION('center_axis',(0.,1.,-2.22044604925031E-16));
#2130=DIRECTION('ref_axis',(6.12323399573677E-17,-2.22044604925031E-16,
-1.));
#2131=DIRECTION('center_axis',(0.,1.,-2.22044604925031E-16));
#2132=DIRECTION('ref_axis',(1.,0.,0.));
#2133=DIRECTION('',(0.,1.,-2.22044604925031E-16));
#2134=DIRECTION('center_axis',(0.,-1.,2.22044604925031E-16));
#2135=DIRECTION('ref_axis',(1.,0.,0.));
#2136=DIRECTION('',(0.,1.,-2.22044604925031E-16));
#2137=DIRECTION('center_axis',(0.,2.22044604925031E-16,1.));
#2138=DIRECTION('ref_axis',(-1.,0.,0.));
#2139=DIRECTION('center_axis',(0.,2.22044604925031E-16,1.));
#2140=DIRECTION('ref_axis',(-1.,0.,0.));
#2141=DIRECTION('',(0.,2.22044604925031E-16,1.));
#2142=DIRECTION('center_axis',(0.,-1.,2.22044604925031E-16));
#2143=DIRECTION('ref_axis',(-0.739130434782608,1.49560879476496E-16,0.673562321079552));
#2144=DIRECTION('center_axis',(0.,2.22044604925031E-16,1.));
#2145=DIRECTION('ref_axis',(-1.,0.,0.));
#2146=DIRECTION('center_axis',(0.,2.22044604925031E-16,1.));
#2147=DIRECTION('ref_axis',(-1.,0.,0.));
#2148=DIRECTION('',(0.,2.22044604925031E-16,1.));
#2149=DIRECTION('center_axis',(0.,-1.,2.22044604925031E-16));
#2150=DIRECTION('ref_axis',(-0.73913043478261,1.49560879476496E-16,0.673562321079549));
#2151=DIRECTION('center_axis',(0.,1.,-2.22044604925031E-16));
#2152=DIRECTION('ref_axis',(6.12323399573677E-17,-2.22044604925031E-16,
-1.));
#2153=DIRECTION('center_axis',(0.,1.,-2.22044604925031E-16));
#2154=DIRECTION('ref_axis',(1.,0.,0.));
#2155=DIRECTION('',(0.,1.,-2.22044604925031E-16));
#2156=DIRECTION('center_axis',(0.,-1.,2.22044604925031E-16));
#2157=DIRECTION('ref_axis',(1.,0.,0.));
#2158=DIRECTION('',(0.,1.,-2.22044604925031E-16));
#2159=DIRECTION('center_axis',(0.,2.22044604925031E-16,1.));
#2160=DIRECTION('ref_axis',(-1.,0.,0.));
#2161=DIRECTION('center_axis',(0.,2.22044604925031E-16,1.));
#2162=DIRECTION('ref_axis',(-1.,0.,0.));
#2163=DIRECTION('',(0.,2.22044604925031E-16,1.));
#2164=DIRECTION('center_axis',(0.,-1.,2.22044604925031E-16));
#2165=DIRECTION('ref_axis',(-0.73913043478261,1.49560879476496E-16,0.673562321079549));
#2166=DIRECTION('center_axis',(0.,2.22044604925031E-16,1.));
#2167=DIRECTION('ref_axis',(-1.,0.,0.));
#2168=DIRECTION('center_axis',(0.,2.22044604925031E-16,1.));
#2169=DIRECTION('ref_axis',(-1.,0.,0.));
#2170=DIRECTION('',(0.,2.22044604925031E-16,1.));
#2171=DIRECTION('center_axis',(-1.,0.,0.));
#2172=DIRECTION('ref_axis',(0.,2.22044604925031E-16,1.));
#2173=DIRECTION('',(0.,-2.22044604925031E-16,-1.));
#2174=DIRECTION('',(0.,1.,-2.22044604925031E-16));
#2175=DIRECTION('',(0.,2.22044604925031E-16,1.));
#2176=DIRECTION('',(0.,1.,-2.22044604925031E-16));
#2177=DIRECTION('center_axis',(0.,-2.22044604925031E-16,-1.));
#2178=DIRECTION('ref_axis',(-1.,0.,0.));
#2179=DIRECTION('',(1.,0.,0.));
#2180=DIRECTION('',(-1.,0.,0.));
#2181=DIRECTION('',(0.,1.,-2.22044604925031E-16));
#2182=DIRECTION('center_axis',(1.,0.,0.));
#2183=DIRECTION('ref_axis',(0.,-2.22044604925031E-16,-1.));
#2184=DIRECTION('',(0.,2.22044604925031E-16,1.));
#2185=DIRECTION('',(0.,-2.22044604925031E-16,-1.));
#2186=DIRECTION('',(0.,1.,-2.22044604925031E-16));
#2187=DIRECTION('center_axis',(0.,2.22044604925031E-16,1.));
#2188=DIRECTION('ref_axis',(1.,0.,0.));
#2189=DIRECTION('',(-1.,0.,0.));
#2190=DIRECTION('',(1.,0.,0.));
#2191=DIRECTION('center_axis',(0.,2.22044604925031E-16,1.));
#2192=DIRECTION('ref_axis',(1.,0.,0.));
#2193=DIRECTION('',(-1.,0.,0.));
#2194=DIRECTION('',(1.,0.,0.));
#2195=DIRECTION('center_axis',(0.,2.22044604925031E-16,1.));
#2196=DIRECTION('ref_axis',(1.,0.,0.));
#2197=DIRECTION('',(-1.,0.,0.));
#2198=DIRECTION('',(1.,0.,0.));
#2199=DIRECTION('center_axis',(0.,2.22044604925031E-16,1.));
#2200=DIRECTION('ref_axis',(1.,0.,0.));
#2201=DIRECTION('',(-1.,0.,0.));
#2202=DIRECTION('',(1.,0.,0.));
#2203=DIRECTION('center_axis',(0.,2.22044604925031E-16,1.));
#2204=DIRECTION('ref_axis',(1.,0.,0.));
#2205=DIRECTION('',(-1.,0.,0.));
#2206=DIRECTION('',(1.,0.,0.));
#2207=DIRECTION('center_axis',(0.,1.,-2.22044604925031E-16));
#2208=DIRECTION('ref_axis',(1.,0.,0.));
#2209=DIRECTION('center_axis',(0.,1.,-2.22044604925031E-16));
#2210=DIRECTION('ref_axis',(1.,0.,0.));
#2211=DIRECTION('center_axis',(-4.44089209850063E-15,2.63677968348472E-16,
-1.));
#2212=DIRECTION('ref_axis',(1.,-1.22464679914756E-16,-4.44089209850063E-15));
#2213=DIRECTION('center_axis',(8.88178419700125E-15,-7.49400541621977E-16,
1.));
#2214=DIRECTION('ref_axis',(1.,-1.22464679914733E-16,-8.88178419700125E-15));
#2215=DIRECTION('',(1.,-1.22464679914756E-16,-4.44089209850063E-15));
#2216=DIRECTION('center_axis',(-4.44089209850063E-15,2.63677968348472E-16,
-1.));
#2217=DIRECTION('ref_axis',(1.,-1.22464679914756E-16,-4.44089209850063E-15));
#2218=DIRECTION('center_axis',(8.88178419700125E-15,-7.49400541621977E-16,
1.));
#2219=DIRECTION('ref_axis',(1.,-1.22464679914733E-16,-8.88178419700125E-15));
#2220=DIRECTION('',(1.,-1.22464679914756E-16,-4.44089209850063E-15));
#2221=DIRECTION('center_axis',(-4.44089209850063E-15,2.63677968348472E-16,
-1.));
#2222=DIRECTION('ref_axis',(1.,-1.22464679914756E-16,-4.44089209850063E-15));
#2223=DIRECTION('center_axis',(8.88178419700125E-15,-7.49400541621977E-16,
1.));
#2224=DIRECTION('ref_axis',(1.,-1.22464679914733E-16,-8.88178419700125E-15));
#2225=DIRECTION('',(1.,-1.22464679914756E-16,-4.44089209850063E-15));
#2226=DIRECTION('center_axis',(-4.44089209850063E-15,2.63677968348472E-16,
-1.));
#2227=DIRECTION('ref_axis',(1.,-1.22464679914756E-16,-4.44089209850063E-15));
#2228=DIRECTION('center_axis',(8.88178419700125E-15,-7.49400541621977E-16,
1.));
#2229=DIRECTION('ref_axis',(1.,-1.22464679914733E-16,-8.88178419700125E-15));
#2230=DIRECTION('',(1.,-1.22464679914756E-16,-4.44089209850063E-15));
#2231=DIRECTION('center_axis',(-1.22464679914758E-16,-1.,-2.63677968348472E-16));
#2232=DIRECTION('ref_axis',(1.,-1.22464679914756E-16,-4.44089209850063E-15));
#2233=DIRECTION('center_axis',(1.22464679914754E-16,1.,-4.61801478773254E-16));
#2234=DIRECTION('ref_axis',(1.,-1.22464679914756E-16,-4.44089209850063E-15));
#2235=DIRECTION('',(0.457652389311518,0.88913119985605,-1.85398682454942E-15));
#2236=DIRECTION('center_axis',(-1.22464679914758E-16,-1.,-2.63677968348472E-16));
#2237=DIRECTION('ref_axis',(1.,-1.22464679914756E-16,-4.44089209850063E-15));
#2238=DIRECTION('center_axis',(-1.22464679914758E-16,-1.,-2.63677968348472E-16));
#2239=DIRECTION('ref_axis',(1.,-1.22464679914756E-16,-4.44089209850063E-15));
#2240=DIRECTION('center_axis',(1.22464679914758E-16,1.,2.63677968348472E-16));
#2241=DIRECTION('ref_axis',(1.,-1.22464679914756E-16,-4.44089209850063E-15));
#2242=DIRECTION('center_axis',(1.22464679914758E-16,1.,2.63677968348472E-16));
#2243=DIRECTION('ref_axis',(1.,-1.22464679914756E-16,-4.44089209850063E-15));
#2244=DIRECTION('',(0.707106781186548,0.707106781186547,-3.04033204352241E-15));
#2245=DIRECTION('center_axis',(1.22464679914758E-16,1.,2.63677968348472E-16));
#2246=DIRECTION('ref_axis',(1.,-1.22464679914756E-16,-4.44089209850063E-15));
#2247=DIRECTION('',(1.22464679914758E-16,1.,2.63677968348472E-16));
#2248=DIRECTION('center_axis',(-1.22464679914758E-16,-1.,-2.63677968348472E-16));
#2249=DIRECTION('ref_axis',(1.,-1.22464679914756E-16,-4.44089209850063E-15));
#2250=DIRECTION('center_axis',(-1.20000579011755E-15,-1.,-2.63677968348467E-16));
#2251=DIRECTION('ref_axis',(1.,-1.22464679914756E-16,-4.44089209850063E-15));
#2252=DIRECTION('center_axis',(1.22464679914758E-16,1.,2.63677968348472E-16));
#2253=DIRECTION('ref_axis',(1.,-1.22464679914756E-16,-4.44089209850063E-15));
#2254=DIRECTION('',(0.457652389311519,0.889131199856049,-1.85398682454942E-15));
#2255=DIRECTION('center_axis',(-1.22464679914758E-16,-1.,-2.63677968348472E-16));
#2256=DIRECTION('ref_axis',(1.,-1.22464679914756E-16,-4.44089209850063E-15));
#2257=DIRECTION('center_axis',(-1.22464679914758E-16,-1.,-2.63677968348472E-16));
#2258=DIRECTION('ref_axis',(1.,-1.22464679914756E-16,-4.44089209850063E-15));
#2259=DIRECTION('center_axis',(1.22464679914758E-16,1.,2.63677968348472E-16));
#2260=DIRECTION('ref_axis',(1.,-1.22464679914756E-16,-4.44089209850063E-15));
#2261=DIRECTION('',(0.707106781186548,0.707106781186547,-3.0403320435224E-15));
#2262=DIRECTION('center_axis',(1.22464679914758E-16,1.,2.63677968348472E-16));
#2263=DIRECTION('ref_axis',(1.,-1.22464679914756E-16,-4.44089209850063E-15));
#2264=DIRECTION('',(1.22464679914758E-16,1.,2.63677968348472E-16));
#2265=DIRECTION('center_axis',(-1.22464679914758E-16,-1.,-2.63677968348472E-16));
#2266=DIRECTION('ref_axis',(1.,-1.22464679914756E-16,-4.44089209850063E-15));
#2267=DIRECTION('center_axis',(-1.22464679914758E-16,-1.,-2.63677968348472E-16));
#2268=DIRECTION('ref_axis',(1.,-1.22464679914756E-16,-4.44089209850063E-15));
#2269=DIRECTION('center_axis',(1.22464679914758E-16,1.,2.63677968348472E-16));
#2270=DIRECTION('ref_axis',(1.,-1.22464679914756E-16,-4.44089209850063E-15));
#2271=DIRECTION('',(0.457652389311517,0.88913119985605,-1.85398682454941E-15));
#2272=DIRECTION('center_axis',(-1.22464679914758E-16,-1.,-2.63677968348472E-16));
#2273=DIRECTION('ref_axis',(1.,-1.22464679914756E-16,-4.44089209850063E-15));
#2274=DIRECTION('center_axis',(-1.22464679914758E-16,-1.,-2.63677968348472E-16));
#2275=DIRECTION('ref_axis',(1.,-1.22464679914756E-16,-4.44089209850063E-15));
#2276=DIRECTION('center_axis',(1.22464679914758E-16,1.,2.63677968348472E-16));
#2277=DIRECTION('ref_axis',(1.,-1.22464679914756E-16,-4.44089209850063E-15));
#2278=DIRECTION('',(0.707106781186548,0.707106781186547,-3.0403320435224E-15));
#2279=DIRECTION('center_axis',(1.22464679914758E-16,1.,2.63677968348472E-16));
#2280=DIRECTION('ref_axis',(1.,-1.22464679914756E-16,-4.44089209850063E-15));
#2281=DIRECTION('',(1.22464679914758E-16,1.,2.63677968348472E-16));
#2282=DIRECTION('center_axis',(-1.22464679914758E-16,-1.,-2.63677968348472E-16));
#2283=DIRECTION('ref_axis',(1.,-1.22464679914756E-16,-4.44089209850063E-15));
#2284=DIRECTION('center_axis',(-1.22464679914758E-16,-1.,-2.63677968348472E-16));
#2285=DIRECTION('ref_axis',(1.,-1.22464679914756E-16,-4.44089209850063E-15));
#2286=DIRECTION('center_axis',(1.22464679914754E-16,1.,-4.61801478773254E-16));
#2287=DIRECTION('ref_axis',(1.,-1.22464679914756E-16,-4.44089209850063E-15));
#2288=DIRECTION('',(0.457652389311518,0.88913119985605,-1.85398682454942E-15));
#2289=DIRECTION('center_axis',(-1.22464679914758E-16,-1.,-2.63677968348472E-16));
#2290=DIRECTION('ref_axis',(1.,-1.22464679914756E-16,-4.44089209850063E-15));
#2291=DIRECTION('center_axis',(-1.22464679914758E-16,-1.,-2.63677968348472E-16));
#2292=DIRECTION('ref_axis',(1.,-1.22464679914756E-16,-4.44089209850063E-15));
#2293=DIRECTION('center_axis',(1.22464679914758E-16,1.,2.63677968348472E-16));
#2294=DIRECTION('ref_axis',(1.,-1.22464679914756E-16,-4.44089209850063E-15));
#2295=DIRECTION('center_axis',(1.22464679914758E-16,1.,2.63677968348472E-16));
#2296=DIRECTION('ref_axis',(1.,-1.22464679914756E-16,-4.44089209850063E-15));
#2297=DIRECTION('',(0.707106781186548,0.707106781186547,-3.04033204352241E-15));
#2298=DIRECTION('center_axis',(1.22464679914758E-16,1.,2.63677968348472E-16));
#2299=DIRECTION('ref_axis',(1.,-1.22464679914756E-16,-4.44089209850063E-15));
#2300=DIRECTION('',(1.22464679914758E-16,1.,2.63677968348472E-16));
#2301=DIRECTION('center_axis',(-1.22464679914758E-16,-1.,-2.63677968348472E-16));
#2302=DIRECTION('ref_axis',(1.,-1.22464679914756E-16,-4.44089209850063E-15));
#2303=DIRECTION('center_axis',(1.,-1.22464679914756E-16,-5.51843320870344E-15));
#2304=DIRECTION('ref_axis',(1.22464679914756E-16,1.,-1.58407088801127E-16));
#2305=DIRECTION('center_axis',(-1.,1.22464679914756E-16,4.44089209850063E-15));
#2306=DIRECTION('ref_axis',(1.22464679914754E-16,1.,-4.38848063736757E-16));
#2307=DIRECTION('',(-0.889131199856044,0.457652389311529,4.77806950413696E-15));
#2308=DIRECTION('center_axis',(1.,-1.22464679914756E-16,-4.44089209850063E-15));
#2309=DIRECTION('ref_axis',(1.22464679914758E-16,1.,2.63677968348472E-16));
#2310=DIRECTION('center_axis',(1.,-1.22464679914756E-16,-6.66133814775104E-15));
#2311=DIRECTION('ref_axis',(1.22464679914758E-16,1.,2.63677968348472E-16));
#2312=DIRECTION('center_axis',(-1.,1.22464679914756E-16,6.66133814775094E-15));
#2313=DIRECTION('ref_axis',(1.22464679914758E-16,1.,2.63677968348472E-16));
#2314=DIRECTION('',(-0.707106781186532,0.707106781186563,4.81013024989644E-15));
#2315=DIRECTION('center_axis',(1.,-1.22464679914756E-16,-4.44089209850063E-15));
#2316=DIRECTION('ref_axis',(1.22464679914758E-16,1.,2.63677968348472E-16));
#2317=DIRECTION('',(-1.,1.22464679914756E-16,4.44089209850063E-15));
#2318=DIRECTION('center_axis',(-1.,1.22464679914756E-16,4.19921089586114E-15));
#2319=DIRECTION('ref_axis',(1.22464679914758E-16,1.,2.63677968348472E-16));
#2320=DIRECTION('center_axis',(1.,4.16305875186658E-16,-5.51843320870346E-15));
#2321=DIRECTION('ref_axis',(1.22464679914756E-16,1.,-1.58407088801124E-16));
#2322=DIRECTION('center_axis',(-1.,1.22464679914756E-16,4.44089209850063E-15));
#2323=DIRECTION('ref_axis',(1.22464679914754E-16,1.,-4.38848063736749E-16));
#2324=DIRECTION('',(-0.889131199856034,0.45765238931155,4.77806950413691E-15));
#2325=DIRECTION('center_axis',(1.,-1.22464679914756E-16,-4.44089209850063E-15));
#2326=DIRECTION('ref_axis',(1.22464679914758E-16,1.,2.63677968348472E-16));
#2327=DIRECTION('center_axis',(1.,-1.22464679914756E-16,-6.6613381477512E-15));
#2328=DIRECTION('ref_axis',(1.22464679914758E-16,1.,2.63677968348472E-16));
#2329=DIRECTION('center_axis',(-1.,1.22464679914756E-16,6.66133814775094E-15));
#2330=DIRECTION('ref_axis',(1.22464679914758E-16,1.,2.63677968348472E-16));
#2331=DIRECTION('',(-0.707106781186505,0.70710678118659,4.81013024989639E-15));
#2332=DIRECTION('center_axis',(1.,-1.22464679914756E-16,-4.44089209850063E-15));
#2333=DIRECTION('ref_axis',(1.22464679914758E-16,1.,2.63677968348472E-16));
#2334=DIRECTION('',(-1.,1.22464679914756E-16,4.44089209850063E-15));
#2335=DIRECTION('center_axis',(-1.,1.22464679914756E-16,4.19921089586114E-15));
#2336=DIRECTION('ref_axis',(1.22464679914758E-16,1.,2.63677968348472E-16));
#2337=DIRECTION('center_axis',(1.,-1.22464679914756E-16,-4.44089209850063E-15));
#2338=DIRECTION('ref_axis',(1.22464679914758E-16,1.,2.63677968348472E-16));
#2339=DIRECTION('center_axis',(1.,-1.22464679914756E-16,-6.66133814775094E-15));
#2340=DIRECTION('ref_axis',(1.22464679914758E-16,1.,2.63677968348472E-16));
#2341=DIRECTION('',(-1.,1.22464679914756E-16,4.44089209850063E-15));
#2342=DIRECTION('center_axis',(1.,-1.22464679914756E-16,-4.44089209850063E-15));
#2343=DIRECTION('ref_axis',(1.22464679914758E-16,1.,2.63677968348472E-16));
#2344=DIRECTION('center_axis',(-1.,1.22464679914756E-16,4.44089209850063E-15));
#2345=DIRECTION('ref_axis',(1.22464679914758E-16,1.,2.63677968348472E-16));
#2346=DIRECTION('center_axis',(1.22464679914758E-16,1.,2.63677968348472E-16));
#2347=DIRECTION('ref_axis',(1.,-1.22464679914756E-16,-4.44089209850063E-15));
#2348=DIRECTION('center_axis',(-1.22464679914758E-16,-1.,-2.63677968348472E-16));
#2349=DIRECTION('ref_axis',(1.,-1.22464679914756E-16,-4.44089209850063E-15));
#2350=DIRECTION('',(1.,-1.22464679914757E-16,-3.63345717150051E-15));
#2351=DIRECTION('center_axis',(-1.22464679914758E-16,-1.,-2.63677968348472E-16));
#2352=DIRECTION('ref_axis',(1.,-1.22464679914756E-16,-4.44089209850063E-15));
#2353=DIRECTION('',(-1.,1.22464679914756E-16,4.64275083025066E-15));
#2354=DIRECTION('',(1.,-1.22464679914756E-16,-5.6520444890008E-15));
#2355=DIRECTION('center_axis',(-1.22464679914758E-16,-1.,-2.63677968348472E-16));
#2356=DIRECTION('ref_axis',(1.,-1.22464679914756E-16,-4.44089209850063E-15));
#2357=DIRECTION('',(-1.,1.22464679914756E-16,4.44089209850063E-15));
#2358=DIRECTION('center_axis',(-1.22464679914758E-16,-1.,-2.63677968348472E-16));
#2359=DIRECTION('ref_axis',(1.,-1.22464679914756E-16,-4.44089209850063E-15));
#2360=DIRECTION('center_axis',(3.63345717150051E-15,-2.63677968348472E-16,
1.));
#2361=DIRECTION('ref_axis',(1.,-1.22464679914757E-16,-3.63345717150051E-15));
#2362=DIRECTION('',(1.22464679914758E-16,1.,2.63677968348472E-16));
#2363=DIRECTION('',(-1.,1.22464679914757E-16,3.63345717150051E-15));
#2364=DIRECTION('',(1.22464679914758E-16,1.,2.63677968348472E-16));
#2365=DIRECTION('center_axis',(-1.22464679914758E-16,-1.,-2.63677968348472E-16));
#2366=DIRECTION('ref_axis',(1.,-1.22464679914756E-16,-4.44089209850063E-15));
#2367=DIRECTION('',(1.22464679914758E-16,1.,2.63677968348472E-16));
#2368=DIRECTION('center_axis',(1.22464679914758E-16,1.,2.63677968348472E-16));
#2369=DIRECTION('ref_axis',(1.,-1.22464679914756E-16,-4.44089209850063E-15));
#2370=DIRECTION('center_axis',(-1.22464679914758E-16,-1.,-2.63677968348472E-16));
#2371=DIRECTION('ref_axis',(-1.,1.22464679914757E-16,3.23108914886517E-15));
#2372=DIRECTION('center_axis',(1.22464679914758E-16,1.,2.63677968348472E-16));
#2373=DIRECTION('ref_axis',(1.,-1.22464679914756E-16,-4.44089209850063E-15));
#2374=DIRECTION('',(1.22464679914758E-16,1.,2.63677968348472E-16));
#2375=DIRECTION('center_axis',(-4.64275083025066E-15,2.63677968348472E-16,
-1.));
#2376=DIRECTION('ref_axis',(-1.,1.22464679914756E-16,4.64275083025066E-15));
#2377=DIRECTION('',(1.,-1.22464679914756E-16,-4.64275083025066E-15));
#2378=DIRECTION('center_axis',(-1.22464679914758E-16,-1.,-2.63677968348472E-16));
#2379=DIRECTION('ref_axis',(1.,-1.22464679914756E-16,-4.44089209850063E-15));
#2380=DIRECTION('',(1.22464679914758E-16,1.,2.63677968348472E-16));
#2381=DIRECTION('center_axis',(-1.22464679914758E-16,-1.,-2.63677968348472E-16));
#2382=DIRECTION('ref_axis',(1.,-1.22464679914756E-16,-4.44089209850063E-15));
#2383=DIRECTION('',(1.22464679914758E-16,1.,2.63677968348472E-16));
#2384=DIRECTION('center_axis',(-4.44089209850063E-15,2.63677968348472E-16,
-1.));
#2385=DIRECTION('ref_axis',(-1.,1.22464679914756E-16,4.44089209850063E-15));
#2386=DIRECTION('',(-1.,1.22464679914756E-16,4.44089209850063E-15));
#2387=DIRECTION('',(1.22464679914758E-16,1.,2.63677968348472E-16));
#2388=DIRECTION('center_axis',(-1.22464679914758E-16,-1.,-2.63677968348472E-16));
#2389=DIRECTION('ref_axis',(-1.,1.22464686868748E-16,-2.6373043182308E-8));
#2390=DIRECTION('center_axis',(-1.22464679914758E-16,-1.,-2.63677968348472E-16));
#2391=DIRECTION('ref_axis',(1.,-1.22464679914756E-16,-4.44089209850063E-15));
#2392=DIRECTION('',(1.22464679914758E-16,1.,2.63677968348472E-16));
#2393=DIRECTION('center_axis',(5.6520444890008E-15,-2.63677968348473E-16,
1.));
#2394=DIRECTION('ref_axis',(1.,-1.22464679914756E-16,-5.6520444890008E-15));
#2395=DIRECTION('',(1.,-1.22464679914756E-16,-5.6520444890008E-15));
#2396=DIRECTION('center_axis',(4.44089209850063E-15,-2.63677968348472E-16,
1.));
#2397=DIRECTION('ref_axis',(-1.22464679914758E-16,-1.,-2.63677968348472E-16));
#2398=DIRECTION('',(-1.,1.22464679914756E-16,4.44089209850063E-15));
#2399=DIRECTION('',(1.22464679914758E-16,1.,2.63677968348472E-16));
#2400=DIRECTION('',(1.,-1.22464679914756E-16,-4.44089209850063E-15));
#2401=DIRECTION('',(-1.22464679914758E-16,-1.,-2.63677968348472E-16));
#2402=DIRECTION('center_axis',(1.22464679914758E-16,1.,2.63677968348472E-16));
#2403=DIRECTION('ref_axis',(1.,-1.22464679914756E-16,-4.44089209850063E-15));
#2404=DIRECTION('center_axis',(1.22464679914758E-16,1.,2.63677968348472E-16));
#2405=DIRECTION('ref_axis',(1.,-1.22464679914756E-16,-4.44089209850063E-15));
#2406=DIRECTION('center_axis',(1.22464679914758E-16,1.,2.63677968348472E-16));
#2407=DIRECTION('ref_axis',(1.,-1.22464679914756E-16,-4.44089209850063E-15));
#2408=DIRECTION('center_axis',(1.22464679914758E-16,1.,2.63677968348472E-16));
#2409=DIRECTION('ref_axis',(1.,-1.22464679914756E-16,-4.44089209850063E-15));
#2410=DIRECTION('',(-1.22464679914758E-16,-1.,-2.63677968348472E-16));
#2411=DIRECTION('center_axis',(-1.22464679914758E-16,-1.,-2.63677968348472E-16));
#2412=DIRECTION('ref_axis',(1.,-1.22464679914756E-16,-4.44089209850063E-15));
#2413=DIRECTION('center_axis',(1.22464679914758E-16,1.,2.63677968348472E-16));
#2414=DIRECTION('ref_axis',(1.,-1.22464679914756E-16,-4.44089209850063E-15));
#2415=DIRECTION('center_axis',(1.22464679914758E-16,1.,2.63677968348472E-16));
#2416=DIRECTION('ref_axis',(1.,-1.22464679914756E-16,-4.44089209850063E-15));
#2417=DIRECTION('center_axis',(1.22464679914758E-16,1.,2.63677968348472E-16));
#2418=DIRECTION('ref_axis',(1.,-1.22464679914756E-16,-4.44089209850063E-15));
#2419=DIRECTION('center_axis',(1.22464679914758E-16,1.,2.63677968348472E-16));
#2420=DIRECTION('ref_axis',(1.,-1.22464679914756E-16,-4.44089209850063E-15));
#2421=DIRECTION('',(-1.22464679914758E-16,-1.,-2.63677968348472E-16));
#2422=DIRECTION('center_axis',(-1.22464679914758E-16,-1.,-2.63677968348472E-16));
#2423=DIRECTION('ref_axis',(1.,-1.22464679914756E-16,-4.44089209850063E-15));
#2424=DIRECTION('center_axis',(1.22464679914758E-16,1.,2.63677968348472E-16));
#2425=DIRECTION('ref_axis',(1.,-1.22464679914756E-16,-4.44089209850063E-15));
#2426=DIRECTION('center_axis',(1.22464679914758E-16,1.,2.63677968348472E-16));
#2427=DIRECTION('ref_axis',(1.,-1.22464679914756E-16,-4.44089209850063E-15));
#2428=DIRECTION('center_axis',(1.22464679914758E-16,1.,2.63677968348472E-16));
#2429=DIRECTION('ref_axis',(1.,-1.22464679914756E-16,-4.44089209850063E-15));
#2430=DIRECTION('center_axis',(1.22464679914758E-16,1.,2.63677968348472E-16));
#2431=DIRECTION('ref_axis',(1.,-1.22464679914756E-16,-4.44089209850063E-15));
#2432=DIRECTION('',(-1.22464679914758E-16,-1.,-2.63677968348472E-16));
#2433=DIRECTION('center_axis',(-1.22464679914758E-16,-1.,-2.63677968348472E-16));
#2434=DIRECTION('ref_axis',(1.,-1.22464679914756E-16,-4.44089209850063E-15));
#2435=DIRECTION('center_axis',(1.22464679914758E-16,1.,2.63677968348472E-16));
#2436=DIRECTION('ref_axis',(1.,-1.22464679914756E-16,-4.44089209850063E-15));
#2437=DIRECTION('center_axis',(1.22464679914758E-16,1.,2.63677968348472E-16));
#2438=DIRECTION('ref_axis',(1.,-1.22464679914756E-16,-4.44089209850063E-15));
#2439=DIRECTION('center_axis',(1.22464679914758E-16,1.,2.63677968348472E-16));
#2440=DIRECTION('ref_axis',(1.,-1.22464679914756E-16,-4.44089209850063E-15));
#2441=DIRECTION('center_axis',(1.22464679914758E-16,1.,2.63677968348472E-16));
#2442=DIRECTION('ref_axis',(1.,-1.22464679914756E-16,-4.44089209850063E-15));
#2443=DIRECTION('',(-1.22464679914758E-16,-1.,-2.63677968348472E-16));
#2444=DIRECTION('center_axis',(-1.22464679914758E-16,-1.,-2.63677968348472E-16));
#2445=DIRECTION('ref_axis',(1.,-1.22464679914756E-16,-4.44089209850063E-15));
#2446=DIRECTION('center_axis',(1.22464679914758E-16,1.,2.63677968348472E-16));
#2447=DIRECTION('ref_axis',(1.,-1.22464679914756E-16,-4.44089209850063E-15));
#2448=DIRECTION('center_axis',(1.22464679914758E-16,1.,2.63677968348472E-16));
#2449=DIRECTION('ref_axis',(1.,-1.22464679914756E-16,-4.44089209850063E-15));
#2450=DIRECTION('',(-1.22464679914758E-16,-1.,-2.63677968348472E-16));
#2451=DIRECTION('center_axis',(1.22464679914758E-16,1.,2.63677968348472E-16));
#2452=DIRECTION('ref_axis',(1.,-1.22464679914756E-16,-4.44089209850063E-15));
#2453=DIRECTION('center_axis',(1.22464679914758E-16,1.,2.63677968348472E-16));
#2454=DIRECTION('ref_axis',(1.,-1.22464679914756E-16,-4.44089209850063E-15));
#2455=DIRECTION('',(-1.22464679914758E-16,-1.,-2.63677968348472E-16));
#2456=DIRECTION('center_axis',(1.22464679914758E-16,1.,2.63677968348472E-16));
#2457=DIRECTION('ref_axis',(1.,-1.22464679914756E-16,-4.44089209850063E-15));
#2458=DIRECTION('center_axis',(1.22464679914758E-16,1.,2.63677968348472E-16));
#2459=DIRECTION('ref_axis',(1.,-1.22464679914756E-16,-4.44089209850063E-15));
#2460=DIRECTION('',(-1.22464679914758E-16,-1.,-2.63677968348472E-16));
#2461=DIRECTION('center_axis',(1.22464679914758E-16,1.,2.63677968348472E-16));
#2462=DIRECTION('ref_axis',(1.,-1.22464679914756E-16,-4.44089209850063E-15));
#2463=DIRECTION('center_axis',(1.22464679914758E-16,1.,2.63677968348472E-16));
#2464=DIRECTION('ref_axis',(1.,-1.22464679914756E-16,-4.44089209850063E-15));
#2465=DIRECTION('',(-1.22464679914758E-16,-1.,-2.63677968348472E-16));
#2466=DIRECTION('center_axis',(1.22464679914758E-16,1.,2.63677968348472E-16));
#2467=DIRECTION('ref_axis',(1.,-1.22464679914756E-16,-4.44089209850063E-15));
#2468=DIRECTION('center_axis',(-1.22464679914758E-16,-1.,-2.63677968348472E-16));
#2469=DIRECTION('ref_axis',(1.,-1.22464679914756E-16,-4.44089209850063E-15));
#2470=DIRECTION('',(1.22464679914758E-16,1.,2.63677968348472E-16));
#2471=DIRECTION('center_axis',(-1.22464679914758E-16,-1.,-2.63677968348472E-16));
#2472=DIRECTION('ref_axis',(1.,-1.22464679914756E-16,-4.44089209850063E-15));
#2473=DIRECTION('center_axis',(1.22464679914758E-16,1.,2.63677968348472E-16));
#2474=DIRECTION('ref_axis',(1.,-1.22464679914756E-16,-4.44089209850063E-15));
#2475=DIRECTION('center_axis',(-1.22464679914758E-16,-1.,-2.63677968348472E-16));
#2476=DIRECTION('ref_axis',(1.,-1.22464679914756E-16,-4.44089209850063E-15));
#2477=DIRECTION('',(1.22464679914758E-16,1.,2.63677968348472E-16));
#2478=DIRECTION('center_axis',(-1.22464679914758E-16,-1.,-2.63677968348472E-16));
#2479=DIRECTION('ref_axis',(1.,-1.22464679914756E-16,-4.44089209850063E-15));
#2480=DIRECTION('center_axis',(-1.,1.22464679914733E-16,8.88178419700125E-15));
#2481=DIRECTION('ref_axis',(1.2246467991474E-16,1.,7.49400541621976E-16));
#2482=DIRECTION('',(1.2246467991474E-16,1.,7.49400541621976E-16));
#2483=DIRECTION('',(-8.88178419700125E-15,7.49400541621977E-16,-1.));
#2484=DIRECTION('',(-4.44089209850063E-15,2.63677968348472E-16,-1.));
#2485=DIRECTION('',(4.19921089586114E-15,-2.63677968348472E-16,1.));
#2486=DIRECTION('',(-8.88178419700125E-15,7.49400541621977E-16,-1.));
#2487=DIRECTION('center_axis',(-1.2246467991474E-16,-1.,-7.49400541621976E-16));
#2488=DIRECTION('ref_axis',(-1.,1.22464679914733E-16,8.88178419700125E-15));
#2489=DIRECTION('',(1.,-1.22464679914733E-16,-8.88178419700125E-15));
#2490=DIRECTION('',(-6.66133814775094E-15,2.63677968348473E-16,-1.));
#2491=DIRECTION('',(-6.66133814775094E-15,2.63677968348473E-16,-1.));
#2492=DIRECTION('',(-8.88178419700125E-15,7.49400541621977E-16,-1.));
#2493=DIRECTION('',(-1.,1.22464679914733E-16,8.88178419700125E-15));
#2494=DIRECTION('',(-8.88178419700125E-15,7.49400541621977E-16,-1.));
#2495=DIRECTION('',(-8.88178419700125E-15,7.49400541621977E-16,-1.));
#2496=DIRECTION('',(1.,-1.22464679914733E-16,-8.88178419700125E-15));
#2497=DIRECTION('',(-8.88178419700125E-15,7.49400541621977E-16,-1.));
#2498=DIRECTION('',(-8.88178419700125E-15,7.49400541621977E-16,-1.));
#2499=DIRECTION('center_axis',(-8.88178419700125E-15,7.49400541621977E-16,
-1.));
#2500=DIRECTION('ref_axis',(1.,-1.22464679914733E-16,-8.88178419700125E-15));
#2501=DIRECTION('center_axis',(-8.88178419700125E-15,7.49400541621977E-16,
-1.));
#2502=DIRECTION('ref_axis',(1.,-1.22464679914733E-16,-8.88178419700125E-15));
#2503=DIRECTION('center_axis',(-8.88178419700125E-15,7.49400541621977E-16,
-1.));
#2504=DIRECTION('ref_axis',(1.,-1.22464679914733E-16,-8.88178419700125E-15));
#2505=DIRECTION('center_axis',(-8.88178419700125E-15,7.49400541621977E-16,
-1.));
#2506=DIRECTION('ref_axis',(1.,-1.22464679914733E-16,-8.88178419700125E-15));
#2507=DIRECTION('center_axis',(1.,-1.22464679914733E-16,-8.88178419700125E-15));
#2508=DIRECTION('ref_axis',(-1.2246467991474E-16,-1.,-7.49400541621976E-16));
#2509=DIRECTION('',(-1.2246467991474E-16,-1.,-7.49400541621976E-16));
#2510=DIRECTION('',(-8.88178419700125E-15,7.49400541621977E-16,-1.));
#2511=DIRECTION('center_axis',(-8.88178419700125E-15,7.49400541621977E-16,
-1.));
#2512=DIRECTION('ref_axis',(1.,-1.22464679914733E-16,-8.88178419700125E-15));
#2513=DIRECTION('center_axis',(-8.88178419700125E-15,7.49400541621977E-16,
-1.));
#2514=DIRECTION('ref_axis',(1.,-1.22464679914733E-16,-8.88178419700125E-15));
#2515=DIRECTION('',(-8.88178419700125E-15,7.49400541621977E-16,-1.));
#2516=DIRECTION('',(-8.88178419700125E-15,7.49400541621977E-16,-1.));
#2517=DIRECTION('center_axis',(-8.88178419700125E-15,7.49400541621977E-16,
-1.));
#2518=DIRECTION('ref_axis',(1.,-1.22464679914733E-16,-8.88178419700125E-15));
#2519=DIRECTION('center_axis',(-8.88178419700125E-15,7.49400541621977E-16,
-1.));
#2520=DIRECTION('ref_axis',(1.,-1.22464679914733E-16,-8.88178419700125E-15));
#2521=DIRECTION('',(-8.88178419700125E-15,7.49400541621977E-16,-1.));
#2522=DIRECTION('',(-8.88178419700125E-15,7.49400541621977E-16,-1.));
#2523=DIRECTION('center_axis',(1.2246467991474E-16,1.,7.49400541621976E-16));
#2524=DIRECTION('ref_axis',(1.,-1.22464679914733E-16,-8.88178419700125E-15));
#2525=DIRECTION('',(1.,-1.22464679914733E-16,-8.88178419700125E-15));
#2526=DIRECTION('',(-1.,1.22464679914733E-16,8.88178419700125E-15));
#2527=DIRECTION('',(-1.,1.22464679914733E-16,8.88178419700125E-15));
#2528=DIRECTION('center_axis',(-8.88178419700125E-15,7.49400541621977E-16,
-1.));
#2529=DIRECTION('ref_axis',(1.,-1.22464679914733E-16,-8.88178419700125E-15));
#2530=CARTESIAN_POINT('',(0.,0.,0.));
#2531=CARTESIAN_POINT('Origin',(6.,21.,-7.));
#2532=CARTESIAN_POINT('',(6.,21.,-7.));
#2533=CARTESIAN_POINT('',(6.,11.,-7.));
#2534=CARTESIAN_POINT('',(6.,8.75,-7.));
#2535=CARTESIAN_POINT('',(6.,21.,-6.));
#2536=CARTESIAN_POINT('',(6.,21.,-7.));
#2537=CARTESIAN_POINT('',(6.,11.,-6.));
#2538=CARTESIAN_POINT('',(6.,11.,-6.));
#2539=CARTESIAN_POINT('',(6.,11.,-7.));
#2540=CARTESIAN_POINT('Origin',(13.4480918809861,21.,-7.));
#2541=CARTESIAN_POINT('',(13.4480918809861,21.,-7.));
#2542=CARTESIAN_POINT('',(42.7240459404931,21.,-7.));
#2543=CARTESIAN_POINT('',(13.4480918809861,21.,-6.));
#2544=CARTESIAN_POINT('',(13.4480918809861,21.,-7.));
#2545=CARTESIAN_POINT('',(5.,21.,-6.));
#2546=CARTESIAN_POINT('Origin',(20.,24.65,-7.00000000000001));
#2547=CARTESIAN_POINT('',(26.5519081190139,21.,-7.));
#2548=CARTESIAN_POINT('Origin',(20.,24.65,-7.00000000000001));
#2549=CARTESIAN_POINT('',(26.5519081190139,21.,-6.));
#2550=CARTESIAN_POINT('',(26.5519081190139,21.,-7.));
#2551=CARTESIAN_POINT('Origin',(20.,24.65,-6.00000000000001));
#2552=CARTESIAN_POINT('Origin',(33.4480918809861,21.,-7.));
#2553=CARTESIAN_POINT('',(33.4480918809861,21.,-7.));
#2554=CARTESIAN_POINT('',(52.7240459404931,21.,-7.));
#2555=CARTESIAN_POINT('',(33.4480918809861,21.,-6.));
#2556=CARTESIAN_POINT('',(33.4480918809861,21.,-7.));
#2557=CARTESIAN_POINT('',(54.,21.,-6.));
#2558=CARTESIAN_POINT('Origin',(40.,24.65,-7.00000000000001));
#2559=CARTESIAN_POINT('',(46.5519081190139,21.,-7.));
#2560=CARTESIAN_POINT('Origin',(40.,24.65,-7.00000000000001));
#2561=CARTESIAN_POINT('',(46.5519081190139,21.,-6.));
#2562=CARTESIAN_POINT('',(46.5519081190139,21.,-7.));
#2563=CARTESIAN_POINT('Origin',(40.,24.65,-6.00000000000001));
#2564=CARTESIAN_POINT('Origin',(54.,21.,-7.));
#2565=CARTESIAN_POINT('',(54.,21.,-7.));
#2566=CARTESIAN_POINT('',(63.,21.,-7.));
#2567=CARTESIAN_POINT('',(54.,21.,-6.));
#2568=CARTESIAN_POINT('',(54.,21.,-7.));
#2569=CARTESIAN_POINT('',(54.,21.,-6.));
#2570=CARTESIAN_POINT('Origin',(54.,11.,-7.));
#2571=CARTESIAN_POINT('',(54.,11.,-7.));
#2572=CARTESIAN_POINT('',(54.,3.75,-7.));
#2573=CARTESIAN_POINT('',(54.,11.,-6.));
#2574=CARTESIAN_POINT('',(54.,11.,-7.));
#2575=CARTESIAN_POINT('',(54.,11.,-6.));
#2576=CARTESIAN_POINT('Origin',(46.5519081190139,11.,-7.));
#2577=CARTESIAN_POINT('',(46.5519081190139,11.,-7.));
#2578=CARTESIAN_POINT('',(59.2759540595069,11.,-7.));
#2579=CARTESIAN_POINT('',(46.5519081190139,11.,-6.));
#2580=CARTESIAN_POINT('',(46.5519081190139,11.,-7.));
#2581=CARTESIAN_POINT('',(6.,11.,-6.));
#2582=CARTESIAN_POINT('Origin',(40.,7.35,-7.));
#2583=CARTESIAN_POINT('',(33.4480918809861,11.,-7.));
#2584=CARTESIAN_POINT('Origin',(40.,7.35,-7.));
#2585=CARTESIAN_POINT('',(33.4480918809861,11.,-6.));
#2586=CARTESIAN_POINT('',(33.4480918809861,11.,-7.));
#2587=CARTESIAN_POINT('Origin',(40.,7.35,-6.));
#2588=CARTESIAN_POINT('Origin',(26.5519081190139,11.,-7.));
#2589=CARTESIAN_POINT('',(26.5519081190139,11.,-7.));
#2590=CARTESIAN_POINT('',(49.2759540595069,11.,-7.));
#2591=CARTESIAN_POINT('',(26.5519081190139,11.,-6.));
#2592=CARTESIAN_POINT('',(26.5519081190139,11.,-7.));
#2593=CARTESIAN_POINT('',(6.,11.,-6.));
#2594=CARTESIAN_POINT('Origin',(20.,7.35,-7.));
#2595=CARTESIAN_POINT('',(13.4480918809861,11.,-7.));
#2596=CARTESIAN_POINT('Origin',(20.,7.35,-7.));
#2597=CARTESIAN_POINT('',(13.4480918809861,11.,-6.));
#2598=CARTESIAN_POINT('',(13.4480918809861,11.,-7.));
#2599=CARTESIAN_POINT('Origin',(20.,7.35,-6.));
#2600=CARTESIAN_POINT('Origin',(6.,11.,-7.));
#2601=CARTESIAN_POINT('',(39.,11.,-7.));
#2602=CARTESIAN_POINT('',(5.,11.,-6.));
#2603=CARTESIAN_POINT('Origin',(30.,16.,-6.));
#2604=CARTESIAN_POINT('Ctrl Pts',(6.5,24.65,-1.24596669241484));
#2605=CARTESIAN_POINT('Ctrl Pts',(6.5,24.1408948702792,-1.24596669241484));
#2606=CARTESIAN_POINT('Ctrl Pts',(6.37903353619414,23.1243147228396,-1.42583343642602));
#2607=CARTESIAN_POINT('Ctrl Pts',(5.7071206655646,21.3029731979432,-2.29865752115277));
#2608=CARTESIAN_POINT('Ctrl Pts',(4.25467777674644,19.4663509560578,-3.74914382889657));
#2609=CARTESIAN_POINT('Ctrl Pts',(2.03889071532303,18.3328987282179,-4.82328002532685));
#2610=CARTESIAN_POINT('Ctrl Pts',(0.000843528310340346,18.0882573674744,
-5.0586215323759));
#2611=CARTESIAN_POINT('Ctrl Pts',(-2.38350899964752,18.376181405276,-4.78551115377534));
#2612=CARTESIAN_POINT('Ctrl Pts',(-4.22612314006443,19.5081388743311,-3.69840388798395));
#2613=CARTESIAN_POINT('Ctrl Pts',(-5.37851871127017,20.9618455561827,-2.61033124175145));
#2614=CARTESIAN_POINT('Ctrl Pts',(-6.01189488290561,22.0438026064068,-1.92405298181352));
#2615=CARTESIAN_POINT('Ctrl Pts',(-6.5240914960761,23.6024884370725,-1.21269130116088));
#2616=CARTESIAN_POINT('Ctrl Pts',(-6.52469228233936,25.697521081929,-1.21506379281903));
#2617=CARTESIAN_POINT('Ctrl Pts',(-5.80386233725792,27.8792941574878,-2.20583907759546));
#2618=CARTESIAN_POINT('Ctrl Pts',(-4.25392437127877,29.8315199268952,-3.74649049456304));
#2619=CARTESIAN_POINT('Ctrl Pts',(-2.03920477015502,30.96848201557,-4.82384835981362));
#2620=CARTESIAN_POINT('Ctrl Pts',(-0.000533984316842718,31.2106658559704,
-5.05886683736315));
#2621=CARTESIAN_POINT('Ctrl Pts',(2.03975673331052,30.9678320273341,-4.82312140486125));
#2622=CARTESIAN_POINT('Ctrl Pts',(4.25412752039015,29.8330834987566,-3.749209157403));
#2623=CARTESIAN_POINT('Ctrl Pts',(5.7074181965469,27.9971646398629,-2.29855209856866));
#2624=CARTESIAN_POINT('Ctrl Pts',(6.37896355041184,26.1754343886997,-1.42580658852801));
#2625=CARTESIAN_POINT('Ctrl Pts',(6.5,25.1591051297208,-1.24596669241484));
#2626=CARTESIAN_POINT('Ctrl Pts',(6.5,24.65,-1.24596669241484));
#2627=CARTESIAN_POINT('Ctrl Pts',(6.5,24.65,-0.96443607183811));
#2628=CARTESIAN_POINT('Ctrl Pts',(6.5,24.1167188542786,-0.964436071838109));
#2629=CARTESIAN_POINT('Ctrl Pts',(6.36630872116712,23.051739610001,-1.13504416129458));
#2630=CARTESIAN_POINT('Ctrl Pts',(5.63934431323873,21.1648347988499,-1.95793304622002));
#2631=CARTESIAN_POINT('Ctrl Pts',(4.08475772975317,19.3269699804153,-3.30639137202189));
#2632=CARTESIAN_POINT('Ctrl Pts',(1.89807079118046,18.3049204822185,-4.25197286700034));
#2633=CARTESIAN_POINT('Ctrl Pts',(0.000572579870690686,18.0999705024029,
-4.45002800922565));
#2634=CARTESIAN_POINT('Ctrl Pts',(-2.21700962083746,18.339766043444,-4.22147620369128));
#2635=CARTESIAN_POINT('Ctrl Pts',(-4.06879086747155,19.3709883177327,-3.25732289825681));
#2636=CARTESIAN_POINT('Ctrl Pts',(-5.28941376347276,20.8287120650189,-2.24652270046269));
#2637=CARTESIAN_POINT('Ctrl Pts',(-5.96630876196652,21.929186925241,-1.60598290495794));
#2638=CARTESIAN_POINT('Ctrl Pts',(-6.52700013426327,23.5503212260659,-0.932939608895761));
#2639=CARTESIAN_POINT('Ctrl Pts',(-6.52653125440483,25.749878594679,-0.935445408816655));
#2640=CARTESIAN_POINT('Ctrl Pts',(-5.74120703559511,28.01772075442,-1.87174825727519));
#2641=CARTESIAN_POINT('Ctrl Pts',(-4.08555722472116,29.9703218532832,-3.30366663030965));
#2642=CARTESIAN_POINT('Ctrl Pts',(-1.89755041997196,30.9961307524577,-4.25228034049454));
#2643=CARTESIAN_POINT('Ctrl Pts',(-0.000179958523428677,31.1997747006216,
-4.45075091815106));
#2644=CARTESIAN_POINT('Ctrl Pts',(1.89864772199382,30.9953628682472,-4.25154483057352));
#2645=CARTESIAN_POINT('Ctrl Pts',(4.08444477562496,29.9728044584178,-3.30666141766806));
#2646=CARTESIAN_POINT('Ctrl Pts',(5.63955721559427,28.1351717994298,-1.95775345716079));
#2647=CARTESIAN_POINT('Ctrl Pts',(6.36627963826304,26.2480566777238,-1.13505223146742));
#2648=CARTESIAN_POINT('Ctrl Pts',(6.5,25.1832811457215,-0.964436071838111));
#2649=CARTESIAN_POINT('Ctrl Pts',(6.5,24.65,-0.96443607183811));
#2650=CARTESIAN_POINT('Ctrl Pts',(6.60564741963382,24.65,-0.472007142248787));
#2651=CARTESIAN_POINT('Ctrl Pts',(6.60564741963382,24.0660927419621,-0.472007142248787));
#2652=CARTESIAN_POINT('Ctrl Pts',(6.46038859023922,22.9003339433846,-0.626083512448542));
#2653=CARTESIAN_POINT('Ctrl Pts',(5.68270231389502,20.8399353054645,-1.36222064249579));
#2654=CARTESIAN_POINT('Ctrl Pts',(4.02301469010444,18.852097082267,-2.53259696306668));
#2655=CARTESIAN_POINT('Ctrl Pts',(1.81568652100036,17.7986020440532,-3.2617850324559));
#2656=CARTESIAN_POINT('Ctrl Pts',(0.000306272622630066,17.5985684700571,
-3.39823477866273));
#2657=CARTESIAN_POINT('Ctrl Pts',(-2.11962392920938,17.8313920861274,-3.24335552746305));
#2658=CARTESIAN_POINT('Ctrl Pts',(-4.01669406097546,18.9002355125094,-2.48759110830223));
#2659=CARTESIAN_POINT('Ctrl Pts',(-5.30986308470006,20.4783750070407,-1.61044049686208));
#2660=CARTESIAN_POINT('Ctrl Pts',(-6.03020606628548,21.6737945608359,-1.04914124549728));
#2661=CARTESIAN_POINT('Ctrl Pts',(-6.6350358840643,23.4454032211595,-0.443499657431909));
#2662=CARTESIAN_POINT('Ctrl Pts',(-6.63339003356567,25.8547859641707,-0.446085046358246));
#2663=CARTESIAN_POINT('Ctrl Pts',(-5.79069409833767,28.3333296226306,-1.28761988234066));
#2664=CARTESIAN_POINT('Ctrl Pts',(-4.02435078982045,30.4451300166227,-2.53009741461546));
#2665=CARTESIAN_POINT('Ctrl Pts',(-1.81543415475723,31.5023638457299,-3.26167968356823));
#2666=CARTESIAN_POINT('Ctrl Pts',(-6.99657714654564E-5,31.7014353297268,
-3.39957470637671));
#2667=CARTESIAN_POINT('Ctrl Pts',(1.81598920152153,31.5014620781974,-3.26094616987674));
#2668=CARTESIAN_POINT('Ctrl Pts',(4.0228881426918,30.4478125686303,-2.53315957781272));
#2669=CARTESIAN_POINT('Ctrl Pts',(5.682845041407,28.4600083697675,-1.36193393770005));
#2670=CARTESIAN_POINT('Ctrl Pts',(6.4603923258146,26.3994687578357,-0.626142390089468));
#2671=CARTESIAN_POINT('Ctrl Pts',(6.60564741963382,25.233907258038,-0.472007142248787));
#2672=CARTESIAN_POINT('Ctrl Pts',(6.60564741963382,24.65,-0.472007142248787));
#2673=CARTESIAN_POINT('Ctrl Pts',(6.87951781674681,24.65,-0.0549079377493611));
#2674=CARTESIAN_POINT('Ctrl Pts',(6.87951781674681,24.0087962097649,-0.0549079377493605));
#2675=CARTESIAN_POINT('Ctrl Pts',(6.74268074373218,22.72852224075,-0.203069562374574));
#2676=CARTESIAN_POINT('Ctrl Pts',(5.99387178784397,20.443140446492,-0.91641584319297));
#2677=CARTESIAN_POINT('Ctrl Pts',(4.38644590505629,18.1654889995086,-2.07610641091511));
#2678=CARTESIAN_POINT('Ctrl Pts',(2.06104595379788,16.8113654597909,-2.87484798107833));
#2679=CARTESIAN_POINT('Ctrl Pts',(0.000666079630539735,16.5272303611765,
-3.04057174901634));
#2680=CARTESIAN_POINT('Ctrl Pts',(-2.40817048345323,16.8608553950559,-2.84968300431867));
#2681=CARTESIAN_POINT('Ctrl Pts',(-4.3648730568088,18.2181243935566,-2.03370379809731));
#2682=CARTESIAN_POINT('Ctrl Pts',(-5.63133383343201,20.0223938974644,-1.1641525396821));
#2683=CARTESIAN_POINT('Ctrl Pts',(-6.33148216993831,21.3714828867981,-0.611611976237986));
#2684=CARTESIAN_POINT('Ctrl Pts',(-6.90694370791933,23.3297363264799,-0.0275942287489481));
#2685=CARTESIAN_POINT('Ctrl Pts',(-6.90676181406084,25.970321954945,-0.029765382276689));
#2686=CARTESIAN_POINT('Ctrl Pts',(-6.09995790309392,28.7110654035839,-0.842273065656984));
#2687=CARTESIAN_POINT('Ctrl Pts',(-4.38649503856939,31.13174815386,-2.07378666321839));
#2688=CARTESIAN_POINT('Ctrl Pts',(-2.06109014690453,32.4901917940873,-2.87504768147883));
#2689=CARTESIAN_POINT('Ctrl Pts',(-0.000378472272076959,32.7717734707676,
-3.04128002750686));
#2690=CARTESIAN_POINT('Ctrl Pts',(2.06173431566011,32.4893259999934,-2.87441618295073));
#2691=CARTESIAN_POINT('Ctrl Pts',(4.38603600083943,31.1339626752037,-2.07638151492199));
#2692=CARTESIAN_POINT('Ctrl Pts',(5.99412313725443,28.8569700512657,-0.916243984671134));
#2693=CARTESIAN_POINT('Ctrl Pts',(6.74263651152657,26.5711883564434,-0.203083118320507));
#2694=CARTESIAN_POINT('Ctrl Pts',(6.87951781674681,25.2912037902353,-0.0549079377493606));
#2695=CARTESIAN_POINT('Ctrl Pts',(6.87951781674681,24.65,-0.0549079377493608));
#2696=CARTESIAN_POINT('Ctrl Pts',(7.02173913043478,24.65,0.101157949744261));
#2697=CARTESIAN_POINT('Ctrl Pts',(7.02173913043478,23.9842471380574,0.101157949744262));
#2698=CARTESIAN_POINT('Ctrl Pts',(6.8910629839154,22.6548730990979,-0.0474276213954115));
#2699=CARTESIAN_POINT('Ctrl Pts',(6.16521730761662,20.2731187973103,-0.7684562131262));
#2700=CARTESIAN_POINT('Ctrl Pts',(4.59619037421103,17.8713820194602,-1.96668403256673));
#2701=CARTESIAN_POINT('Ctrl Pts',(2.2025474951483,16.3891752599773,-2.85401393396565));
#2702=CARTESIAN_POINT('Ctrl Pts',(0.000911236268360582,16.0692596343896,
-3.04842648326705));
#2703=CARTESIAN_POINT('Ctrl Pts',(-2.57482744777975,16.4457756838224,-2.82281356181441));
#2704=CARTESIAN_POINT('Ctrl Pts',(-4.5653437265579,17.9260277587406,-1.92476842920413));
#2705=CARTESIAN_POINT('Ctrl Pts',(-5.8102392767233,19.8270288042389,-1.02592580840337));
#2706=CARTESIAN_POINT('Ctrl Pts',(-6.494455007286,21.2418957160704,-0.459000289324212));
#2707=CARTESIAN_POINT('Ctrl Pts',(-7.04776439208221,23.280177186941,0.128646316432313));
#2708=CARTESIAN_POINT('Ctrl Pts',(-7.04841340199201,26.019835260984,0.126686432019063));
#2709=CARTESIAN_POINT('Ctrl Pts',(-6.2697241971047,28.8729231290226,-0.691780107578861));
#2710=CARTESIAN_POINT('Ctrl Pts',(-4.59537649472591,31.4258337505552,-1.96449214768252));
#2711=CARTESIAN_POINT('Ctrl Pts',(-2.20288675839488,32.9126303280531,-2.85448342767213));
#2712=CARTESIAN_POINT('Ctrl Pts',(-0.000576845934253094,33.2293322731921,
-3.04862912651739));
#2713=CARTESIAN_POINT('Ctrl Pts',(2.20348302628528,32.911780343437,-2.85388289966799));
#2714=CARTESIAN_POINT('Ctrl Pts',(4.59559595012046,31.427878421451,-1.96673799959379));
#2715=CARTESIAN_POINT('Ctrl Pts',(6.16553872068445,29.0270614521284,-0.768369124904547));
#2716=CARTESIAN_POINT('Ctrl Pts',(6.89098738054524,26.6447988159919,-0.0474054426970544));
#2717=CARTESIAN_POINT('Ctrl Pts',(7.02173913043478,25.3157528619428,0.101157949744262));
#2718=CARTESIAN_POINT('Ctrl Pts',(7.02173913043478,24.65,0.101157949744262));
#2719=CARTESIAN_POINT('',(7.02173913043478,24.65,0.101157949744261));
#2720=CARTESIAN_POINT('',(6.5,24.65,-1.24596669241484));
#2721=CARTESIAN_POINT('Origin',(8.5,24.65,-1.24596669241484));
#2722=CARTESIAN_POINT('Ctrl Pts',(6.5,24.65,-1.24596669241484));
#2723=CARTESIAN_POINT('Ctrl Pts',(6.5,24.1408948702792,-1.24596669241484));
#2724=CARTESIAN_POINT('Ctrl Pts',(6.37903353619414,23.1243147228396,-1.42583343642602));
#2725=CARTESIAN_POINT('Ctrl Pts',(5.7071206655646,21.3029731979432,-2.29865752115277));
#2726=CARTESIAN_POINT('Ctrl Pts',(4.25467777674644,19.4663509560578,-3.74914382889657));
#2727=CARTESIAN_POINT('Ctrl Pts',(2.03889071532303,18.3328987282179,-4.82328002532685));
#2728=CARTESIAN_POINT('Ctrl Pts',(0.000843528310340346,18.0882573674744,
-5.0586215323759));
#2729=CARTESIAN_POINT('Ctrl Pts',(-2.38350899964752,18.376181405276,-4.78551115377534));
#2730=CARTESIAN_POINT('Ctrl Pts',(-4.22612314006443,19.5081388743311,-3.69840388798395));
#2731=CARTESIAN_POINT('Ctrl Pts',(-5.37851871127017,20.9618455561827,-2.61033124175145));
#2732=CARTESIAN_POINT('Ctrl Pts',(-6.01189488290561,22.0438026064068,-1.92405298181352));
#2733=CARTESIAN_POINT('Ctrl Pts',(-6.5240914960761,23.6024884370725,-1.21269130116088));
#2734=CARTESIAN_POINT('Ctrl Pts',(-6.52469228233936,25.697521081929,-1.21506379281903));
#2735=CARTESIAN_POINT('Ctrl Pts',(-5.80386233725792,27.8792941574878,-2.20583907759546));
#2736=CARTESIAN_POINT('Ctrl Pts',(-4.25392437127877,29.8315199268952,-3.74649049456304));
#2737=CARTESIAN_POINT('Ctrl Pts',(-2.03920477015502,30.96848201557,-4.82384835981362));
#2738=CARTESIAN_POINT('Ctrl Pts',(-0.000533984316842718,31.2106658559704,
-5.05886683736315));
#2739=CARTESIAN_POINT('Ctrl Pts',(2.03975673331052,30.9678320273341,-4.82312140486125));
#2740=CARTESIAN_POINT('Ctrl Pts',(4.25412752039015,29.8330834987566,-3.749209157403));
#2741=CARTESIAN_POINT('Ctrl Pts',(5.7074181965469,27.9971646398629,-2.29855209856866));
#2742=CARTESIAN_POINT('Ctrl Pts',(6.37896355041184,26.1754343886997,-1.42580658852801));
#2743=CARTESIAN_POINT('Ctrl Pts',(6.5,25.1591051297208,-1.24596669241484));
#2744=CARTESIAN_POINT('Ctrl Pts',(6.5,24.65,-1.24596669241484));
#2745=CARTESIAN_POINT('Ctrl Pts',(7.02173913043478,24.65,0.101157949744262));
#2746=CARTESIAN_POINT('Ctrl Pts',(7.02173913043478,25.3157528619428,0.101157949744262));
#2747=CARTESIAN_POINT('Ctrl Pts',(6.89098738054524,26.6447988159919,-0.0474054426970544));
#2748=CARTESIAN_POINT('Ctrl Pts',(6.16553872068445,29.0270614521284,-0.768369124904547));
#2749=CARTESIAN_POINT('Ctrl Pts',(4.59559595012046,31.427878421451,-1.96673799959379));
#2750=CARTESIAN_POINT('Ctrl Pts',(2.20348302628528,32.911780343437,-2.85388289966799));
#2751=CARTESIAN_POINT('Ctrl Pts',(-0.000576845934253094,33.2293322731921,
-3.04862912651739));
#2752=CARTESIAN_POINT('Ctrl Pts',(-2.20288675839488,32.9126303280531,-2.85448342767213));
#2753=CARTESIAN_POINT('Ctrl Pts',(-4.59537649472591,31.4258337505552,-1.96449214768252));
#2754=CARTESIAN_POINT('Ctrl Pts',(-6.2697241971047,28.8729231290226,-0.691780107578861));
#2755=CARTESIAN_POINT('Ctrl Pts',(-7.04841340199201,26.019835260984,0.126686432019063));
#2756=CARTESIAN_POINT('Ctrl Pts',(-7.04776439208221,23.280177186941,0.128646316432313));
#2757=CARTESIAN_POINT('Ctrl Pts',(-6.494455007286,21.2418957160704,-0.459000289324212));
#2758=CARTESIAN_POINT('Ctrl Pts',(-5.8102392767233,19.8270288042389,-1.02592580840337));
#2759=CARTESIAN_POINT('Ctrl Pts',(-4.5653437265579,17.9260277587406,-1.92476842920413));
#2760=CARTESIAN_POINT('Ctrl Pts',(-2.57482744777975,16.4457756838224,-2.82281356181441));
#2761=CARTESIAN_POINT('Ctrl Pts',(0.000911236268360582,16.0692596343896,
-3.04842648326705));
#2762=CARTESIAN_POINT('Ctrl Pts',(2.2025474951483,16.3891752599773,-2.85401393396565));
#2763=CARTESIAN_POINT('Ctrl Pts',(4.59619037421103,17.8713820194602,-1.96668403256673));
#2764=CARTESIAN_POINT('Ctrl Pts',(6.16521730761662,20.2731187973103,-0.7684562131262));
#2765=CARTESIAN_POINT('Ctrl Pts',(6.8910629839154,22.6548730990979,-0.0474276213954115));
#2766=CARTESIAN_POINT('Ctrl Pts',(7.02173913043478,23.9842471380574,0.101157949744262));
#2767=CARTESIAN_POINT('Ctrl Pts',(7.02173913043478,24.65,0.101157949744261));
#2768=CARTESIAN_POINT('Origin',(0.,-3.5,6.5));
#2769=CARTESIAN_POINT('',(8.83176086632785,-3.5,10.));
#2770=CARTESIAN_POINT('',(-8.83176086632784,-3.5,10.));
#2771=CARTESIAN_POINT('Origin',(0.,-3.5,6.5));
#2772=CARTESIAN_POINT('',(8.83176086632785,35.5,9.99999999999999));
#2773=CARTESIAN_POINT('',(8.83176086632785,-3.5,10.));
#2774=CARTESIAN_POINT('',(-8.83176086632784,35.5,9.99999999999999));
#2775=CARTESIAN_POINT('Origin',(0.,35.5,6.49999999999999));
#2776=CARTESIAN_POINT('',(-8.83176086632784,-3.5,10.));
#2777=CARTESIAN_POINT('',(7.02173913043478,7.35,0.101157949744265));
#2778=CARTESIAN_POINT('Ctrl Pts',(7.02173913043478,7.35,0.101157949744266));
#2779=CARTESIAN_POINT('Ctrl Pts',(7.02173913043478,8.01575286194258,0.101157949744265));
#2780=CARTESIAN_POINT('Ctrl Pts',(6.89070104945543,9.34450270009286,-0.047650362446969));
#2781=CARTESIAN_POINT('Ctrl Pts',(6.16560241867008,11.7276863221678,-0.767947830320132));
#2782=CARTESIAN_POINT('Ctrl Pts',(4.59705088958607,14.127425987984,-1.96676717239581));
#2783=CARTESIAN_POINT('Ctrl Pts',(2.202410749415,15.6119535400009,-2.85390714555828));
#2784=CARTESIAN_POINT('Ctrl Pts',(-8.02325638042696E-5,15.9292704666293,
-3.04861318121133));
#2785=CARTESIAN_POINT('Ctrl Pts',(-2.20325074698035,15.6127179740967,-2.85458281967732));
#2786=CARTESIAN_POINT('Ctrl Pts',(-4.59517250291251,14.1256084261648,-1.96445708528353));
#2787=CARTESIAN_POINT('Ctrl Pts',(-6.26891938048735,11.5732196578527,-0.692871991215151));
#2788=CARTESIAN_POINT('Ctrl Pts',(-7.04878765030952,8.71952920842794,0.127113577453901));
#2789=CARTESIAN_POINT('Ctrl Pts',(-7.0476629185161,5.98040708908968,0.12860648078626));
#2790=CARTESIAN_POINT('Ctrl Pts',(-6.49458658871431,3.94176491057161,-0.458814161878121));
#2791=CARTESIAN_POINT('Ctrl Pts',(-5.81007252874467,2.52690095128801,-1.02573487222642));
#2792=CARTESIAN_POINT('Ctrl Pts',(-4.5655379017704,0.626097544531115,-1.92474802521656));
#2793=CARTESIAN_POINT('Ctrl Pts',(-2.57504744301591,-0.85408361822195,-2.82284151504642));
#2794=CARTESIAN_POINT('Ctrl Pts',(0.00106234601303513,-1.23083817249409,
-3.04839206100096));
#2795=CARTESIAN_POINT('Ctrl Pts',(2.20256237347214,-0.910696978611554,-2.85412233071849));
#2796=CARTESIAN_POINT('Ctrl Pts',(4.59664218157921,0.570984514649829,-1.96622946613812));
#2797=CARTESIAN_POINT('Ctrl Pts',(6.16464687106422,2.97323582428774,-0.768648559471274));
#2798=CARTESIAN_POINT('Ctrl Pts',(6.89087499316836,5.35499740528747,-0.0475267250189529));
#2799=CARTESIAN_POINT('Ctrl Pts',(7.02173913043478,6.68424713805734,0.101157949744266));
#2800=CARTESIAN_POINT('Ctrl Pts',(7.02173913043478,7.35,0.101157949744266));
#2801=CARTESIAN_POINT('Origin',(0.,24.65,-7.00000000000001));
#2802=CARTESIAN_POINT('',(6.5,24.65,-7.00000000000001));
#2803=CARTESIAN_POINT('Origin',(0.,24.65,-7.00000000000001));
#2804=CARTESIAN_POINT('',(6.5,24.65,-7.00000000000001));
#2805=CARTESIAN_POINT('Ctrl Pts',(6.5,7.35,-1.24596669241484));
#2806=CARTESIAN_POINT('Ctrl Pts',(6.5,6.84089487027918,-1.24596669241484));
#2807=CARTESIAN_POINT('Ctrl Pts',(6.37885951379982,5.82440978051394,-1.42595340397031));
#2808=CARTESIAN_POINT('Ctrl Pts',(5.70659261439072,4.00306268916122,-2.29889036146523));
#2809=CARTESIAN_POINT('Ctrl Pts',(4.25509601328851,2.16604698179105,-3.74859356427245));
#2810=CARTESIAN_POINT('Ctrl Pts',(2.03890448813674,1.03299642812057,-4.82341124244871));
#2811=CARTESIAN_POINT('Ctrl Pts',(0.000983410086371378,0.788182573975109,
-5.05857986331695));
#2812=CARTESIAN_POINT('Ctrl Pts',(-2.38371264848841,1.07628899783026,-4.78554499189831));
#2813=CARTESIAN_POINT('Ctrl Pts',(-4.22630288739736,2.20819223993556,-3.69837918842004));
#2814=CARTESIAN_POINT('Ctrl Pts',(-5.37836435323423,3.66174778627906,-2.61010010848461));
#2815=CARTESIAN_POINT('Ctrl Pts',(-6.01201668738569,4.74370257867241,-1.92382766964194));
#2816=CARTESIAN_POINT('Ctrl Pts',(-6.52399756234153,6.302664244598,-1.21273952325873));
#2817=CARTESIAN_POINT('Ctrl Pts',(-6.52503872273234,8.39728704173901,-1.21454672202949));
#2818=CARTESIAN_POINT('Ctrl Pts',(-5.8031173212561,10.5795209148285,-2.20716083147097));
#2819=CARTESIAN_POINT('Ctrl Pts',(-4.25373553675182,12.5313476200084,-3.74644805060638));
#2820=CARTESIAN_POINT('Ctrl Pts',(-2.039541713149,13.6685490390151,-4.82396867645149));
#2821=CARTESIAN_POINT('Ctrl Pts',(-7.42710110718082E-5,13.9106185921283,
-5.05884753515056));
#2822=CARTESIAN_POINT('Ctrl Pts',(2.03876413026342,13.6679644717654,-4.82315075514949));
#2823=CARTESIAN_POINT('Ctrl Pts',(4.25547435289856,12.5327375202231,-3.74924447184756));
#2824=CARTESIAN_POINT('Ctrl Pts',(5.70747716155528,10.6976424816577,-2.29804211038752));
#2825=CARTESIAN_POINT('Ctrl Pts',(6.37869849469713,8.87520794712984,-1.42610307033054));
#2826=CARTESIAN_POINT('Ctrl Pts',(6.5,7.85910512972081,-1.24596669241484));
#2827=CARTESIAN_POINT('Ctrl Pts',(6.5,7.35,-1.24596669241484));
#2828=CARTESIAN_POINT('Ctrl Pts',(6.5,7.35,-0.964436071838106));
#2829=CARTESIAN_POINT('Ctrl Pts',(6.5,6.81671885427858,-0.964436071838105));
#2830=CARTESIAN_POINT('Ctrl Pts',(6.36617393453608,5.75196304495228,-1.13509895574978));
#2831=CARTESIAN_POINT('Ctrl Pts',(5.63904531745929,3.86506203595723,-1.95808181215308));
#2832=CARTESIAN_POINT('Ctrl Pts',(4.08526857865402,2.02685030747997,-3.30578530305346));
#2833=CARTESIAN_POINT('Ctrl Pts',(1.89830993885218,1.00482440932867,-4.25218443066306));
#2834=CARTESIAN_POINT('Ctrl Pts',(0.000637399957122539,0.799533040228211,
-4.45013024020045));
#2835=CARTESIAN_POINT('Ctrl Pts',(-2.21745747011264,1.03959911166109,-4.22163567909695));
#2836=CARTESIAN_POINT('Ctrl Pts',(-4.06901569429574,2.07108101789872,-3.25729732805888));
#2837=CARTESIAN_POINT('Ctrl Pts',(-5.28937614327732,3.52887646196746,-2.24617160869469));
#2838=CARTESIAN_POINT('Ctrl Pts',(-5.9663449000272,4.62922232982048,-1.6056965307797));
#2839=CARTESIAN_POINT('Ctrl Pts',(-6.5268947580756,6.25054480782674,-0.932954025912548));
#2840=CARTESIAN_POINT('Ctrl Pts',(-6.52672444708033,8.44955170444596,-0.9349213930974));
#2841=CARTESIAN_POINT('Ctrl Pts',(-5.74061033140643,10.7180051053824,-1.8729903209157));
#2842=CARTESIAN_POINT('Ctrl Pts',(-4.08567740800171,12.6699152892751,-3.303542619654));
#2843=CARTESIAN_POINT('Ctrl Pts',(-1.89800149166264,13.6964497853296,-4.25248927476059));
#2844=CARTESIAN_POINT('Ctrl Pts',(-2.49187554324203E-5,13.9001351094751,
-4.45091625239948));
#2845=CARTESIAN_POINT('Ctrl Pts',(1.89829911817661,13.6957318651946,-4.25160406082052));
#2846=CARTESIAN_POINT('Ctrl Pts',(4.08521367489728,12.6727756855731,-3.30690871884831));
#2847=CARTESIAN_POINT('Ctrl Pts',(5.63942507254519,10.8351760986714,-1.95705673072703));
#2848=CARTESIAN_POINT('Ctrl Pts',(6.3661205009109,8.94777316751812,-1.13530467240863));
#2849=CARTESIAN_POINT('Ctrl Pts',(6.5,7.88328114572139,-0.964436071838106));
#2850=CARTESIAN_POINT('Ctrl Pts',(6.5,7.35,-0.964436071838106));
#2851=CARTESIAN_POINT('Ctrl Pts',(6.60562513336343,7.35,-0.471999539233091));
#2852=CARTESIAN_POINT('Ctrl Pts',(6.60562513336343,6.76609274196207,-0.471999539233091));
#2853=CARTESIAN_POINT('Ctrl Pts',(6.4604054078238,5.6004046297041,-0.626200745067594));
#2854=CARTESIAN_POINT('Ctrl Pts',(5.68262637534471,3.54012327251934,-1.36233260796297));
#2855=CARTESIAN_POINT('Ctrl Pts',(4.02284724307348,1.55198321770573,-2.5318898733628));
#2856=CARTESIAN_POINT('Ctrl Pts',(1.81546689378606,0.498916687816627,-3.26174259747357));
#2857=CARTESIAN_POINT('Ctrl Pts',(0.000308777170043665,0.298984243687709,
-3.39780827631443));
#2858=CARTESIAN_POINT('Ctrl Pts',(-2.11940053070447,0.531660490982226,-3.24328010660451));
#2859=CARTESIAN_POINT('Ctrl Pts',(-4.01657762668073,1.60021619637996,-2.48762347634673));
#2860=CARTESIAN_POINT('Ctrl Pts',(-5.30983332962855,3.17844132060765,-1.61005128228627));
#2861=CARTESIAN_POINT('Ctrl Pts',(-6.03027136668985,4.37364628971333,-1.04896503804428));
#2862=CARTESIAN_POINT('Ctrl Pts',(-6.63499291421789,6.14560748819066,-0.443503057827472));
#2863=CARTESIAN_POINT('Ctrl Pts',(-6.63361750087985,8.55453279374715,-0.445691207797657));
#2864=CARTESIAN_POINT('Ctrl Pts',(-5.79009942570816,11.0335223104333,-1.28867709122318));
#2865=CARTESIAN_POINT('Ctrl Pts',(-4.0242282491739,13.144954544873,-2.53006193635489));
#2866=CARTESIAN_POINT('Ctrl Pts',(-1.81513828586702,14.2020864486942,-3.26149850604661));
#2867=CARTESIAN_POINT('Ctrl Pts',(-0.000110232475065421,14.401066956482,
-3.3993322895318));
#2868=CARTESIAN_POINT('Ctrl Pts',(1.81591742905596,14.2007324966271,-3.26024533114555));
#2869=CARTESIAN_POINT('Ctrl Pts',(4.0226359718088,13.1479374776345,-2.53364858645045));
#2870=CARTESIAN_POINT('Ctrl Pts',(5.68284189797645,11.1604064783081,-1.36131453745873));
#2871=CARTESIAN_POINT('Ctrl Pts',(6.46039873360829,9.0992658535595,-0.626435375544771));
#2872=CARTESIAN_POINT('Ctrl Pts',(6.60562513336343,7.93390725803789,-0.471999539233091));
#2873=CARTESIAN_POINT('Ctrl Pts',(6.60562513336343,7.35,-0.471999539233091));
#2874=CARTESIAN_POINT('Ctrl Pts',(6.87951781674681,7.35,-0.0549079377493569));
#2875=CARTESIAN_POINT('Ctrl Pts',(6.87951781674681,6.70879620976488,-0.0549079377493565));
#2876=CARTESIAN_POINT('Ctrl Pts',(6.74256866599617,5.42861732446719,-0.203140168351086));
#2877=CARTESIAN_POINT('Ctrl Pts',(5.99349880441844,3.14326370597259,-0.916562461652319));
#2878=CARTESIAN_POINT('Ctrl Pts',(4.38676866044112,0.865132866067182,-2.07557381475659));
#2879=CARTESIAN_POINT('Ctrl Pts',(2.06104937364624,-0.488518268731522,-2.87502719156376));
#2880=CARTESIAN_POINT('Ctrl Pts',(0.000763958907366736,-0.772781218670394,
-3.04059834264084));
#2881=CARTESIAN_POINT('Ctrl Pts',(-2.40832412159473,-0.439025197752205,
-2.84981468250074));
#2882=CARTESIAN_POINT('Ctrl Pts',(-4.36501321626801,0.918132768149131,-2.03371016835442));
#2883=CARTESIAN_POINT('Ctrl Pts',(-5.63125341642261,2.72229640375466,-1.16385417615527));
#2884=CARTESIAN_POINT('Ctrl Pts',(-6.33160266007178,4.07132733920704,-0.611381702200778));
#2885=CARTESIAN_POINT('Ctrl Pts',(-6.90686680951581,6.02995738951975,-0.0276086821913811));
#2886=CARTESIAN_POINT('Ctrl Pts',(-6.90708239600162,8.67003647593345,-0.0293158164093815));
#2887=CARTESIAN_POINT('Ctrl Pts',(-6.09924584472254,11.4113349949168,-0.843365557544204));
#2888=CARTESIAN_POINT('Ctrl Pts',(-4.38640071863156,13.8315867959745,-2.07372604284786));
#2889=CARTESIAN_POINT('Ctrl Pts',(-2.06129330783474,15.190231181961,-2.87519975278477));
#2890=CARTESIAN_POINT('Ctrl Pts',(-8.30588177158183E-5,15.471691215028,
-3.04137846404243));
#2891=CARTESIAN_POINT('Ctrl Pts',(2.06108364491186,15.1892790198628,-2.87438984983657));
#2892=CARTESIAN_POINT('Ctrl Pts',(4.38693176867996,13.8337224088471,-2.07664094761629));
#2893=CARTESIAN_POINT('Ctrl Pts',(5.99416998905464,11.5575557578444,-0.915632123722994));
#2894=CARTESIAN_POINT('Ctrl Pts',(6.74245840506208,9.27093061105022,-0.203331568648963));
#2895=CARTESIAN_POINT('Ctrl Pts',(6.87951781674681,7.99120379023506,-0.0549079377493571));
#2896=CARTESIAN_POINT('Ctrl Pts',(6.87951781674681,7.35,-0.0549079377493569));
#2897=CARTESIAN_POINT('Ctrl Pts',(7.02173913043478,7.35,0.101157949744266));
#2898=CARTESIAN_POINT('Ctrl Pts',(7.02173913043478,6.68424713805734,0.101157949744266));
#2899=CARTESIAN_POINT('Ctrl Pts',(6.89087499316836,5.35499740528747,-0.0475267250189529));
#2900=CARTESIAN_POINT('Ctrl Pts',(6.16464687106422,2.97323582428774,-0.768648559471274));
#2901=CARTESIAN_POINT('Ctrl Pts',(4.59664218157921,0.570984514649829,-1.96622946613812));
#2902=CARTESIAN_POINT('Ctrl Pts',(2.20256237347214,-0.910696978611554,-2.85412233071849));
#2903=CARTESIAN_POINT('Ctrl Pts',(0.00106234601303513,-1.23083817249409,
-3.04839206100096));
#2904=CARTESIAN_POINT('Ctrl Pts',(-2.57504744301591,-0.85408361822195,-2.82284151504642));
#2905=CARTESIAN_POINT('Ctrl Pts',(-4.5655379017704,0.626097544531115,-1.92474802521656));
#2906=CARTESIAN_POINT('Ctrl Pts',(-5.81007252874467,2.52690095128801,-1.02573487222642));
#2907=CARTESIAN_POINT('Ctrl Pts',(-6.49458658871431,3.94176491057161,-0.458814161878121));
#2908=CARTESIAN_POINT('Ctrl Pts',(-7.0476629185161,5.98040708908968,0.12860648078626));
#2909=CARTESIAN_POINT('Ctrl Pts',(-7.04878765030952,8.71952920842794,0.127113577453901));
#2910=CARTESIAN_POINT('Ctrl Pts',(-6.26891938048735,11.5732196578527,-0.692871991215151));
#2911=CARTESIAN_POINT('Ctrl Pts',(-4.59517250291251,14.1256084261648,-1.96445708528353));
#2912=CARTESIAN_POINT('Ctrl Pts',(-2.20325074698035,15.6127179740967,-2.85458281967732));
#2913=CARTESIAN_POINT('Ctrl Pts',(-8.02325638042696E-5,15.9292704666293,
-3.04861318121133));
#2914=CARTESIAN_POINT('Ctrl Pts',(2.202410749415,15.6119535400009,-2.85390714555828));
#2915=CARTESIAN_POINT('Ctrl Pts',(4.59705088958607,14.127425987984,-1.96676717239581));
#2916=CARTESIAN_POINT('Ctrl Pts',(6.16560241867008,11.7276863221678,-0.767947830320132));
#2917=CARTESIAN_POINT('Ctrl Pts',(6.89070104945543,9.34450270009286,-0.047650362446969));
#2918=CARTESIAN_POINT('Ctrl Pts',(7.02173913043478,8.01575286194258,0.101157949744265));
#2919=CARTESIAN_POINT('Ctrl Pts',(7.02173913043478,7.35,0.101157949744266));
#2920=CARTESIAN_POINT('',(6.5,7.34999999999999,-1.24596669241483));
#2921=CARTESIAN_POINT('Origin',(8.5,7.34999999999999,-1.24596669241483));
#2922=CARTESIAN_POINT('Ctrl Pts',(6.5,7.35,-1.24596669241484));
#2923=CARTESIAN_POINT('Ctrl Pts',(6.5,6.84089487027918,-1.24596669241484));
#2924=CARTESIAN_POINT('Ctrl Pts',(6.37885951379982,5.82440978051394,-1.42595340397031));
#2925=CARTESIAN_POINT('Ctrl Pts',(5.70659261439072,4.00306268916122,-2.29889036146523));
#2926=CARTESIAN_POINT('Ctrl Pts',(4.25509601328851,2.16604698179105,-3.74859356427245));
#2927=CARTESIAN_POINT('Ctrl Pts',(2.03890448813674,1.03299642812057,-4.82341124244871));
#2928=CARTESIAN_POINT('Ctrl Pts',(0.000983410086371378,0.788182573975109,
-5.05857986331695));
#2929=CARTESIAN_POINT('Ctrl Pts',(-2.38371264848841,1.07628899783026,-4.78554499189831));
#2930=CARTESIAN_POINT('Ctrl Pts',(-4.22630288739736,2.20819223993556,-3.69837918842004));
#2931=CARTESIAN_POINT('Ctrl Pts',(-5.37836435323423,3.66174778627906,-2.61010010848461));
#2932=CARTESIAN_POINT('Ctrl Pts',(-6.01201668738569,4.74370257867241,-1.92382766964194));
#2933=CARTESIAN_POINT('Ctrl Pts',(-6.52399756234153,6.302664244598,-1.21273952325873));
#2934=CARTESIAN_POINT('Ctrl Pts',(-6.52503872273234,8.39728704173901,-1.21454672202949));
#2935=CARTESIAN_POINT('Ctrl Pts',(-5.8031173212561,10.5795209148285,-2.20716083147097));
#2936=CARTESIAN_POINT('Ctrl Pts',(-4.25373553675182,12.5313476200084,-3.74644805060638));
#2937=CARTESIAN_POINT('Ctrl Pts',(-2.039541713149,13.6685490390151,-4.82396867645149));
#2938=CARTESIAN_POINT('Ctrl Pts',(-7.42710110718082E-5,13.9106185921283,
-5.05884753515056));
#2939=CARTESIAN_POINT('Ctrl Pts',(2.03876413026342,13.6679644717654,-4.82315075514949));
#2940=CARTESIAN_POINT('Ctrl Pts',(4.25547435289856,12.5327375202231,-3.74924447184756));
#2941=CARTESIAN_POINT('Ctrl Pts',(5.70747716155528,10.6976424816577,-2.29804211038752));
#2942=CARTESIAN_POINT('Ctrl Pts',(6.37869849469713,8.87520794712984,-1.42610307033054));
#2943=CARTESIAN_POINT('Ctrl Pts',(6.5,7.85910512972081,-1.24596669241484));
#2944=CARTESIAN_POINT('Ctrl Pts',(6.5,7.35,-1.24596669241484));
#2945=CARTESIAN_POINT('Origin',(0.,7.35,-7.));
#2946=CARTESIAN_POINT('',(6.5,7.35,-7.));
#2947=CARTESIAN_POINT('Origin',(0.,7.35,-7.));
#2948=CARTESIAN_POINT('',(6.5,7.35,-7.));
#2949=CARTESIAN_POINT('Ctrl Pts',(26.5,24.65,-1.24596669241484));
#2950=CARTESIAN_POINT('Ctrl Pts',(26.5,24.1408948702792,-1.24596669241484));
#2951=CARTESIAN_POINT('Ctrl Pts',(26.3769581211452,23.1253950405529,-1.42772442029438));
#2952=CARTESIAN_POINT('Ctrl Pts',(25.8781385838649,21.7572978016103,-2.07805202881004));
#2953=CARTESIAN_POINT('Ctrl Pts',(25.1226003575855,20.5693127824965,-2.88240010372607));
#2954=CARTESIAN_POINT('Ctrl Pts',(23.8125336146258,19.2425379356768,-3.95552275122814));
#2955=CARTESIAN_POINT('Ctrl Pts',(21.5934772596255,18.0979991471141,-5.05150626303261));
#2956=CARTESIAN_POINT('Ctrl Pts',(18.7615549852068,18.0918871082681,-5.05042414952059));
#2957=CARTESIAN_POINT('Ctrl Pts',(16.0035872028504,19.2519258656477,-3.9597666477689));
#2958=CARTESIAN_POINT('Ctrl Pts',(14.295962840603,21.1156942381185,-2.35215573332809));
#2959=CARTESIAN_POINT('Ctrl Pts',(13.4758436263168,23.6007856194944,-1.21261562962665));
#2960=CARTESIAN_POINT('Ctrl Pts',(13.4754844270711,25.6988286600383,-1.21605312024254));
#2961=CARTESIAN_POINT('Ctrl Pts',(14.1958226512867,27.877440146328,-2.20491692540709));
#2962=CARTESIAN_POINT('Ctrl Pts',(15.7468230773013,29.8318195146905,-3.74750583641046));
#2963=CARTESIAN_POINT('Ctrl Pts',(17.9606834009984,30.9682603598642,-4.82354821096213));
#2964=CARTESIAN_POINT('Ctrl Pts',(19.999434580959,31.2106949661732,-5.05893756594176));
#2965=CARTESIAN_POINT('Ctrl Pts',(22.0395408496617,30.9678066838638,-4.82309253583357));
#2966=CARTESIAN_POINT('Ctrl Pts',(24.2542969389366,29.8330969067064,-3.74926616793562));
#2967=CARTESIAN_POINT('Ctrl Pts',(25.7075343463589,27.9971721878104,-2.29853751005263));
#2968=CARTESIAN_POINT('Ctrl Pts',(26.3789169154352,26.1754116965932,-1.42591418428798));
#2969=CARTESIAN_POINT('Ctrl Pts',(26.5,25.1591051297208,-1.24596669241484));
#2970=CARTESIAN_POINT('Ctrl Pts',(26.5,24.65,-1.24596669241484));
#2971=CARTESIAN_POINT('Ctrl Pts',(26.5,24.65,-0.964436071838112));
#2972=CARTESIAN_POINT('Ctrl Pts',(26.5,24.1167188542786,-0.964436071838112));
#2973=CARTESIAN_POINT('Ctrl Pts',(26.3651967292942,23.0531719955403,-1.1366445718822));
#2974=CARTESIAN_POINT('Ctrl Pts',(25.8222376208403,21.6350293840647,-1.75031830924715));
#2975=CARTESIAN_POINT('Ctrl Pts',(25.0156591362039,20.4315471114092,-2.50011734859174));
#2976=CARTESIAN_POINT('Ctrl Pts',(23.64767570069,19.1226561756162,-3.48938905437886));
#2977=CARTESIAN_POINT('Ctrl Pts',(21.4587555430282,18.1006860196283,-4.44856402262815));
#2978=CARTESIAN_POINT('Ctrl Pts',(18.865694906847,18.0997419328162,-4.44478381941801));
#2979=CARTESIAN_POINT('Ctrl Pts',(16.185545260275,19.1249726978712,-3.49743770404888));
#2980=CARTESIAN_POINT('Ctrl Pts',(14.3680163467751,20.9634083856896,-2.01111053716577));
#2981=CARTESIAN_POINT('Ctrl Pts',(13.4735157331504,23.5485992962324,-0.932890074653433));
#2982=CARTESIAN_POINT('Ctrl Pts',(13.4734495813019,25.7512014622073,-0.936481463464509));
#2983=CARTESIAN_POINT('Ctrl Pts',(14.258350292626,28.0159715017716,-1.87096015870647));
#2984=CARTESIAN_POINT('Ctrl Pts',(15.9152205000862,29.9705676852879,-3.30460895957451));
#2985=CARTESIAN_POINT('Ctrl Pts',(18.1025973571882,30.9956552639294,-4.25188739078474));
#2986=CARTESIAN_POINT('Ctrl Pts',(19.9998738873922,31.1994338150146,-4.4506718254558));
#2987=CARTESIAN_POINT('Ctrl Pts',(21.8982888685888,30.9951035085611,-4.2514143324443));
#2988=CARTESIAN_POINT('Ctrl Pts',(24.0843130110588,29.9730307147185,-3.30681711346943));
#2989=CARTESIAN_POINT('Ctrl Pts',(25.6395818125391,28.1353732089217,-1.95782479203273));
#2990=CARTESIAN_POINT('Ctrl Pts',(26.366247736319,26.2481073666878,-1.13518713266689));
#2991=CARTESIAN_POINT('Ctrl Pts',(26.5,25.1832811457214,-0.964436071838113));
#2992=CARTESIAN_POINT('Ctrl Pts',(26.5,24.65,-0.964436071838113));
#2993=CARTESIAN_POINT('Ctrl Pts',(26.6056593178196,24.65,-0.472011201344006));
#2994=CARTESIAN_POINT('Ctrl Pts',(26.6056593178196,24.0660927419621,-0.472011201344005));
#2995=CARTESIAN_POINT('Ctrl Pts',(26.4602629618119,22.9020247202145,-0.627388156595976));
#2996=CARTESIAN_POINT('Ctrl Pts',(25.8770693193316,21.3526430810449,-1.17714964645112));
#2997=CARTESIAN_POINT('Ctrl Pts',(25.018810534421,20.0473892378676,-1.83221951100469));
#2998=CARTESIAN_POINT('Ctrl Pts',(23.5823491761489,18.6373994477843,-2.67729233180785));
#2999=CARTESIAN_POINT('Ctrl Pts',(21.373976288043,17.5950696771961,-3.40494854606056));
#3000=CARTESIAN_POINT('Ctrl Pts',(18.93198453394,17.5936005130227,-3.39890705529737));
#3001=CARTESIAN_POINT('Ctrl Pts',(16.2627298385795,18.638475491498,-2.68978531786648));
#3002=CARTESIAN_POINT('Ctrl Pts',(14.3267788542305,20.6180838324685,-1.41439047656037));
#3003=CARTESIAN_POINT('Ctrl Pts',(13.366450686462,23.4437075424926,-0.443207672353201));
#3004=CARTESIAN_POINT('Ctrl Pts',(13.3664324654157,25.8561827725714,-0.447061864964386));
#3005=CARTESIAN_POINT('Ctrl Pts',(14.2091222215852,28.3311474858968,-1.28674331933074));
#3006=CARTESIAN_POINT('Ctrl Pts',(15.9754714767712,30.4455714241329,-2.53112000179509));
#3007=CARTESIAN_POINT('Ctrl Pts',(18.1844090040664,31.5021996429139,-3.26146339749827));
#3008=CARTESIAN_POINT('Ctrl Pts',(19.9999374742926,31.7017784219736,-3.39986992215278));
#3009=CARTESIAN_POINT('Ctrl Pts',(21.8161219030639,31.5015387307408,-3.26099009637559));
#3010=CARTESIAN_POINT('Ctrl Pts',(24.0230062259106,30.4479713920001,-2.53335521519564));
#3011=CARTESIAN_POINT('Ctrl Pts',(25.6828513123035,28.4600212694354,-1.36194674502097));
#3012=CARTESIAN_POINT('Ctrl Pts',(26.4603730190132,26.3994328390308,-0.62624091320247));
#3013=CARTESIAN_POINT('Ctrl Pts',(26.6056593178196,25.2339072580378,-0.472011201344006));
#3014=CARTESIAN_POINT('Ctrl Pts',(26.6056593178196,24.65,-0.472011201344006));
#3015=CARTESIAN_POINT('Ctrl Pts',(26.8795178167468,24.65,-0.0549079377493632));
#3016=CARTESIAN_POINT('Ctrl Pts',(26.8795178167468,24.008796209765,-0.054907937749363));
#3017=CARTESIAN_POINT('Ctrl Pts',(26.7411853177703,22.7300107132347,-0.204519891291659));
#3018=CARTESIAN_POINT('Ctrl Pts',(26.183113998095,21.0128437148904,-0.736390362677912));
#3019=CARTESIAN_POINT('Ctrl Pts',(25.3484111229423,19.5337587564731,-1.38278499695024));
#3020=CARTESIAN_POINT('Ctrl Pts',(23.9222698135041,17.8960552810066,-2.23095369823338));
#3021=CARTESIAN_POINT('Ctrl Pts',(21.5942452440177,16.5352413921207,-3.04013441742664));
#3022=CARTESIAN_POINT('Ctrl Pts',(18.7608052459274,16.5290552009006,-3.03654354924669));
#3023=CARTESIAN_POINT('Ctrl Pts',(15.8952467442342,17.9051084760733,-2.23864316061872));
#3024=CARTESIAN_POINT('Ctrl Pts',(14.012252833177,20.2051898313494,-0.96356778978751));
#3025=CARTESIAN_POINT('Ctrl Pts',(13.0934987662131,23.327680678398,-0.0274386143224417));
#3026=CARTESIAN_POINT('Ctrl Pts',(13.0933185384155,25.971933157833,-0.0306974384690045));
#3027=CARTESIAN_POINT('Ctrl Pts',(13.8997356335429,28.7086942254851,-0.841545342672713));
#3028=CARTESIAN_POINT('Ctrl Pts',(15.6140467453511,31.1321459491757,-2.07464680957143));
#3029=CARTESIAN_POINT('Ctrl Pts',(17.9388148182102,32.489914387685,-2.87471476226749));
#3030=CARTESIAN_POINT('Ctrl Pts',(19.9996100171249,32.7718855302357,-3.0412686809077));
#3031=CARTESIAN_POINT('Ctrl Pts',(22.061582192487,32.4893009975795,-2.87431819645484));
#3032=CARTESIAN_POINT('Ctrl Pts',(24.3861444360768,31.1339898466915,-2.07649631018356));
#3033=CARTESIAN_POINT('Ctrl Pts',(25.994190241193,28.8569618101334,-0.916283209294755));
#3034=CARTESIAN_POINT('Ctrl Pts',(26.74259072459,26.5711483289331,-0.203193742504643));
#3035=CARTESIAN_POINT('Ctrl Pts',(26.8795178167468,25.291203790235,-0.0549079377493637));
#3036=CARTESIAN_POINT('Ctrl Pts',(26.8795178167468,24.65,-0.0549079377493636));
#3037=CARTESIAN_POINT('Ctrl Pts',(27.0217391304348,24.65,0.101157949744259));
#3038=CARTESIAN_POINT('Ctrl Pts',(27.0217391304348,23.9842471380575,0.101157949744259));
#3039=CARTESIAN_POINT('Ctrl Pts',(26.8888209803676,22.6562858222615,-0.0489897385040547));
#3040=CARTESIAN_POINT('Ctrl Pts',(26.3499624166835,20.8672355867211,-0.586216893364823));
#3041=CARTESIAN_POINT('Ctrl Pts',(25.5337789816057,19.3137167155724,-1.25067834655632));
#3042=CARTESIAN_POINT('Ctrl Pts',(24.1185563796793,17.5787034543465,-2.13717096840586));
#3043=CARTESIAN_POINT('Ctrl Pts',(21.7213817888262,16.0819988846877,-3.04254865207042));
#3044=CARTESIAN_POINT('Ctrl Pts',(18.6621480274976,16.0740062185045,-3.04165473221266));
#3045=CARTESIAN_POINT('Ctrl Pts',(15.6828049047514,17.5909799781547,-2.140676795983));
#3046=CARTESIAN_POINT('Ctrl Pts',(13.8381137040628,20.028215542155,-0.812650388401459));
#3047=CARTESIAN_POINT('Ctrl Pts',(12.9521655227435,23.2779504254927,0.128708827699723));
#3048=CARTESIAN_POINT('Ctrl Pts',(12.9517774914514,26.0215451708194,0.125869161538765));
#3049=CARTESIAN_POINT('Ctrl Pts',(13.7299355062395,28.8704986528905,-0.69101832968412));
#3050=CARTESIAN_POINT('Ctrl Pts',(15.4054309497268,31.4262255192107,-1.96533090833907));
#3051=CARTESIAN_POINT('Ctrl Pts',(17.7969924365301,32.9123404705916,-2.85423547862089));
#3052=CARTESIAN_POINT('Ctrl Pts',(19.999389196153,33.2293703403804,-3.04868755447362));
#3053=CARTESIAN_POINT('Ctrl Pts',(22.2032498141831,32.9117472019758,-2.85385905134078));
#3054=CARTESIAN_POINT('Ctrl Pts',(24.59577896748,31.4278959549238,-1.96678509525116));
#3055=CARTESIAN_POINT('Ctrl Pts',(26.1656641935583,29.0270713225213,-0.768357073521737));
#3056=CARTESIAN_POINT('Ctrl Pts',(26.8909370022929,26.6447691416988,-0.0474943261509438));
#3057=CARTESIAN_POINT('Ctrl Pts',(27.0217391304348,25.3157528619425,0.101157949744259));
#3058=CARTESIAN_POINT('Ctrl Pts',(27.0217391304348,24.65,0.101157949744259));
#3059=CARTESIAN_POINT('',(27.0217391304348,24.65,0.101157949744256));
#3060=CARTESIAN_POINT('',(26.5,24.65,-1.24596669241485));
#3061=CARTESIAN_POINT('Origin',(28.5,24.65,-1.24596669241485));
#3062=CARTESIAN_POINT('Ctrl Pts',(26.5,24.65,-1.24596669241484));
#3063=CARTESIAN_POINT('Ctrl Pts',(26.5,24.1408948702792,-1.24596669241484));
#3064=CARTESIAN_POINT('Ctrl Pts',(26.3769581211452,23.1253950405529,-1.42772442029438));
#3065=CARTESIAN_POINT('Ctrl Pts',(25.8781385838649,21.7572978016103,-2.07805202881004));
#3066=CARTESIAN_POINT('Ctrl Pts',(25.1226003575855,20.5693127824965,-2.88240010372607));
#3067=CARTESIAN_POINT('Ctrl Pts',(23.8125336146258,19.2425379356768,-3.95552275122814));
#3068=CARTESIAN_POINT('Ctrl Pts',(21.5934772596255,18.0979991471141,-5.05150626303261));
#3069=CARTESIAN_POINT('Ctrl Pts',(18.7615549852068,18.0918871082681,-5.05042414952059));
#3070=CARTESIAN_POINT('Ctrl Pts',(16.0035872028504,19.2519258656477,-3.9597666477689));
#3071=CARTESIAN_POINT('Ctrl Pts',(14.295962840603,21.1156942381185,-2.35215573332809));
#3072=CARTESIAN_POINT('Ctrl Pts',(13.4758436263168,23.6007856194944,-1.21261562962665));
#3073=CARTESIAN_POINT('Ctrl Pts',(13.4754844270711,25.6988286600383,-1.21605312024254));
#3074=CARTESIAN_POINT('Ctrl Pts',(14.1958226512867,27.877440146328,-2.20491692540709));
#3075=CARTESIAN_POINT('Ctrl Pts',(15.7468230773013,29.8318195146905,-3.74750583641046));
#3076=CARTESIAN_POINT('Ctrl Pts',(17.9606834009984,30.9682603598642,-4.82354821096213));
#3077=CARTESIAN_POINT('Ctrl Pts',(19.999434580959,31.2106949661732,-5.05893756594176));
#3078=CARTESIAN_POINT('Ctrl Pts',(22.0395408496617,30.9678066838638,-4.82309253583357));
#3079=CARTESIAN_POINT('Ctrl Pts',(24.2542969389366,29.8330969067064,-3.74926616793562));
#3080=CARTESIAN_POINT('Ctrl Pts',(25.7075343463589,27.9971721878104,-2.29853751005263));
#3081=CARTESIAN_POINT('Ctrl Pts',(26.3789169154352,26.1754116965932,-1.42591418428798));
#3082=CARTESIAN_POINT('Ctrl Pts',(26.5,25.1591051297208,-1.24596669241484));
#3083=CARTESIAN_POINT('Ctrl Pts',(26.5,24.65,-1.24596669241484));
#3084=CARTESIAN_POINT('Ctrl Pts',(27.0217391304348,24.65,0.101157949744259));
#3085=CARTESIAN_POINT('Ctrl Pts',(27.0217391304348,25.3157528619425,0.101157949744259));
#3086=CARTESIAN_POINT('Ctrl Pts',(26.8909370022929,26.6447691416988,-0.0474943261509438));
#3087=CARTESIAN_POINT('Ctrl Pts',(26.1656641935583,29.0270713225213,-0.768357073521737));
#3088=CARTESIAN_POINT('Ctrl Pts',(24.59577896748,31.4278959549238,-1.96678509525116));
#3089=CARTESIAN_POINT('Ctrl Pts',(22.2032498141831,32.9117472019758,-2.85385905134078));
#3090=CARTESIAN_POINT('Ctrl Pts',(19.999389196153,33.2293703403804,-3.04868755447362));
#3091=CARTESIAN_POINT('Ctrl Pts',(17.7969924365301,32.9123404705916,-2.85423547862089));
#3092=CARTESIAN_POINT('Ctrl Pts',(15.4054309497268,31.4262255192107,-1.96533090833907));
#3093=CARTESIAN_POINT('Ctrl Pts',(13.7299355062395,28.8704986528905,-0.69101832968412));
#3094=CARTESIAN_POINT('Ctrl Pts',(12.9517774914514,26.0215451708194,0.125869161538765));
#3095=CARTESIAN_POINT('Ctrl Pts',(12.9521655227435,23.2779504254927,0.128708827699723));
#3096=CARTESIAN_POINT('Ctrl Pts',(13.8381137040628,20.028215542155,-0.812650388401459));
#3097=CARTESIAN_POINT('Ctrl Pts',(15.6828049047514,17.5909799781547,-2.140676795983));
#3098=CARTESIAN_POINT('Ctrl Pts',(18.6621480274976,16.0740062185045,-3.04165473221266));
#3099=CARTESIAN_POINT('Ctrl Pts',(21.7213817888262,16.0819988846877,-3.04254865207042));
#3100=CARTESIAN_POINT('Ctrl Pts',(24.1185563796793,17.5787034543465,-2.13717096840586));
#3101=CARTESIAN_POINT('Ctrl Pts',(25.5337789816057,19.3137167155724,-1.25067834655632));
#3102=CARTESIAN_POINT('Ctrl Pts',(26.3499624166835,20.8672355867211,-0.586216893364823));
#3103=CARTESIAN_POINT('Ctrl Pts',(26.8888209803676,22.6562858222615,-0.0489897385040547));
#3104=CARTESIAN_POINT('Ctrl Pts',(27.0217391304348,23.9842471380575,0.101157949744259));
#3105=CARTESIAN_POINT('Ctrl Pts',(27.0217391304348,24.65,0.101157949744259));
#3106=CARTESIAN_POINT('Origin',(20.,-3.5,6.5));
#3107=CARTESIAN_POINT('',(28.8317608663279,-3.5,10.));
#3108=CARTESIAN_POINT('',(11.1682391336721,-3.5,10.));
#3109=CARTESIAN_POINT('Origin',(20.,-3.5,6.5));
#3110=CARTESIAN_POINT('',(28.8317608663279,35.5,9.99999999999999));
#3111=CARTESIAN_POINT('',(28.8317608663279,-3.5,10.));
#3112=CARTESIAN_POINT('',(11.1682391336721,35.5,9.99999999999999));
#3113=CARTESIAN_POINT('Origin',(20.,35.5,6.49999999999999));
#3114=CARTESIAN_POINT('',(11.1682391336721,-3.5,10.));
#3115=CARTESIAN_POINT('',(27.0217391304348,7.34999999999999,0.101157949744263));
#3116=CARTESIAN_POINT('Ctrl Pts',(27.0217391304348,7.35,0.101157949744262));
#3117=CARTESIAN_POINT('Ctrl Pts',(27.0217391304348,8.01575286194262,0.101157949744262));
#3118=CARTESIAN_POINT('Ctrl Pts',(26.8909782114809,9.34479540130023,-0.0474294512468154));
#3119=CARTESIAN_POINT('Ctrl Pts',(26.1655549825243,11.727055199861,-0.768354472722496));
#3120=CARTESIAN_POINT('Ctrl Pts',(24.5956601060039,14.1279024522013,-1.96677436984079));
#3121=CARTESIAN_POINT('Ctrl Pts',(22.2034012141276,15.6117380102366,-2.85383869216903));
#3122=CARTESIAN_POINT('Ctrl Pts',(19.999470096954,15.929372795511,-3.0486989402179));
#3123=CARTESIAN_POINT('Ctrl Pts',(17.7969372272338,15.6123679718418,-2.85424020858194));
#3124=CARTESIAN_POINT('Ctrl Pts',(15.4054105434159,14.1262185173015,-1.96532935991335));
#3125=CARTESIAN_POINT('Ctrl Pts',(13.729979015817,11.5704947735737,-0.690999537763395));
#3126=CARTESIAN_POINT('Ctrl Pts',(12.9516661475623,8.72157334424677,0.126002192553504));
#3127=CARTESIAN_POINT('Ctrl Pts',(12.9521835429796,5.97785978275954,0.128869551943084));
#3128=CARTESIAN_POINT('Ctrl Pts',(13.8381126171443,2.72782407313243,-0.812879393644512));
#3129=CARTESIAN_POINT('Ctrl Pts',(15.6828940751762,0.292773937141732,-2.14019962253922));
#3130=CARTESIAN_POINT('Ctrl Pts',(18.6620672129926,-1.22730758248937,-3.0423336591013));
#3131=CARTESIAN_POINT('Ctrl Pts',(21.7217469414267,-1.21643632580952,-3.04144197141347));
#3132=CARTESIAN_POINT('Ctrl Pts',(24.119670835527,0.277853360651297,-2.13830095343643));
#3133=CARTESIAN_POINT('Ctrl Pts',(25.5331790582788,2.01310160903117,-1.25097889877685));
#3134=CARTESIAN_POINT('Ctrl Pts',(26.3501549267831,3.56713413920728,-0.586284776750733));
#3135=CARTESIAN_POINT('Ctrl Pts',(26.888759782415,5.35614970337397,-0.0489254911738489));
#3136=CARTESIAN_POINT('Ctrl Pts',(27.0217391304348,6.68424713805737,0.101157949744263));
#3137=CARTESIAN_POINT('Ctrl Pts',(27.0217391304348,7.35,0.101157949744262));
#3138=CARTESIAN_POINT('Origin',(20.,24.65,-7.00000000000001));
#3139=CARTESIAN_POINT('',(26.5,24.65,-7.00000000000001));
#3140=CARTESIAN_POINT('Origin',(20.,24.65,-7.00000000000001));
#3141=CARTESIAN_POINT('',(26.5,24.65,-7.00000000000001));
#3142=CARTESIAN_POINT('Ctrl Pts',(26.5,7.35,-1.24596669241484));
#3143=CARTESIAN_POINT('Ctrl Pts',(26.5,6.84089487027918,-1.24596669241484));
#3144=CARTESIAN_POINT('Ctrl Pts',(26.376901470409,5.82529094963892,-1.42764664721045));
#3145=CARTESIAN_POINT('Ctrl Pts',(25.8783167898085,4.45722022409969,-2.07813420343509));
#3146=CARTESIAN_POINT('Ctrl Pts',(25.1220450106048,3.26884240690619,-2.88276393009829));
#3147=CARTESIAN_POINT('Ctrl Pts',(23.8135652626085,1.94188786402747,-3.95689062784409));
#3148=CARTESIAN_POINT('Ctrl Pts',(21.5938152801443,0.799195750851532,-5.05016659697421));
#3149=CARTESIAN_POINT('Ctrl Pts',(18.7614801754947,0.790882436919893,-5.05124600838577));
#3150=CARTESIAN_POINT('Ctrl Pts',(16.0036697476089,1.95329771663779,-3.95918901675801));
#3151=CARTESIAN_POINT('Ctrl Pts',(14.2959618344462,3.81539487945421,-2.35243295020125));
#3152=CARTESIAN_POINT('Ctrl Pts',(13.4758603075879,6.30071630446318,-1.21242106870047));
#3153=CARTESIAN_POINT('Ctrl Pts',(13.4753813564122,8.398850204424,-1.21589208269839));
#3154=CARTESIAN_POINT('Ctrl Pts',(14.1958629279545,10.5774371797916,-2.20489417729253));
#3155=CARTESIAN_POINT('Ctrl Pts',(15.7468041872488,12.5318141602894,-3.74750396200037));
#3156=CARTESIAN_POINT('Ctrl Pts',(17.9606322939409,13.6682813902319,-4.82355393670445));
#3157=CARTESIAN_POINT('Ctrl Pts',(19.999509470555,13.910696843626,-5.05895134868482));
#3158=CARTESIAN_POINT('Ctrl Pts',(22.0396810000748,13.6677996548868,-4.8230678905204));
#3159=CARTESIAN_POINT('Ctrl Pts',(24.2541869092729,12.5331018752128,-3.74925318454411));
#3160=CARTESIAN_POINT('Ctrl Pts',(25.7074332500767,10.6971598587172,-2.2985343617167));
#3161=CARTESIAN_POINT('Ctrl Pts',(26.3789550626403,8.87543177746488,-1.4258356515093));
#3162=CARTESIAN_POINT('Ctrl Pts',(26.5,7.85910512972081,-1.24596669241484));
#3163=CARTESIAN_POINT('Ctrl Pts',(26.5,7.35,-1.24596669241484));
#3164=CARTESIAN_POINT('Ctrl Pts',(26.5,7.35,-0.964436071838109));
#3165=CARTESIAN_POINT('Ctrl Pts',(26.5,6.81671885427859,-0.964436071838109));
#3166=CARTESIAN_POINT('Ctrl Pts',(26.3652051976023,5.75315869078205,-1.13651253071513));
#3167=CARTESIAN_POINT('Ctrl Pts',(25.8223763723206,4.33496187058606,-1.7503872272111));
#3168=CARTESIAN_POINT('Ctrl Pts',(25.0155527815146,3.13154988248672,-2.5001566259938));
#3169=CARTESIAN_POINT('Ctrl Pts',(23.6484497494657,1.82178439510424,-3.49071965120859));
#3170=CARTESIAN_POINT('Ctrl Pts',(21.4594596777909,0.801143827774488,-4.44780260466619));
#3171=CARTESIAN_POINT('Ctrl Pts',(18.8657297076488,0.799034277388156,-4.44528534069298));
#3172=CARTESIAN_POINT('Ctrl Pts',(16.1852864501753,1.82584698856247,-3.4972515882591));
#3173=CARTESIAN_POINT('Ctrl Pts',(14.3680906361109,3.66336649162215,-2.01122188789607));
#3174=CARTESIAN_POINT('Ctrl Pts',(13.4736043786166,6.24852372983532,-0.932685760327368));
#3175=CARTESIAN_POINT('Ctrl Pts',(13.4734132697836,8.45122333947373,-0.936276916070052));
#3176=CARTESIAN_POINT('Ctrl Pts',(14.2583942019464,10.7158852133946,-1.87089898710983));
#3177=CARTESIAN_POINT('Ctrl Pts',(15.9150046256937,12.6704746391687,-3.30456183200705));
#3178=CARTESIAN_POINT('Ctrl Pts',(18.1023703280694,13.6959129763929,-4.2519967476222));
#3179=CARTESIAN_POINT('Ctrl Pts',(19.9998672480757,13.8997233681613,-4.45079777299959));
#3180=CARTESIAN_POINT('Ctrl Pts',(21.8985506802418,13.6952924456593,-4.25147742613042));
#3181=CARTESIAN_POINT('Ctrl Pts',(24.0844384422282,12.6728668760483,-3.30672386406918));
#3182=CARTESIAN_POINT('Ctrl Pts',(25.6395590355895,10.8352064612027,-1.9577539660488));
#3183=CARTESIAN_POINT('Ctrl Pts',(26.3662758164056,8.94806729573818,-1.13508566141994));
#3184=CARTESIAN_POINT('Ctrl Pts',(26.5,7.8832811457214,-0.964436071838109));
#3185=CARTESIAN_POINT('Ctrl Pts',(26.5,7.35,-0.964436071838109));
#3186=CARTESIAN_POINT('Ctrl Pts',(26.6056495602175,7.35,-0.472007872514156));
#3187=CARTESIAN_POINT('Ctrl Pts',(26.6056495602175,6.76609274196208,-0.472007872514155));
#3188=CARTESIAN_POINT('Ctrl Pts',(26.4603014947228,5.60203985611017,-0.62719079777562));
#3189=CARTESIAN_POINT('Ctrl Pts',(25.8770426413075,4.05262062734227,-1.1771605424207));
#3190=CARTESIAN_POINT('Ctrl Pts',(25.0187399668605,2.74786924529573,-1.83164355331054));
#3191=CARTESIAN_POINT('Ctrl Pts',(23.5819764963173,1.33754323695938,-2.67777377769415));
#3192=CARTESIAN_POINT('Ctrl Pts',(21.3738714116486,0.294548757198605,-3.4054038806758));
#3193=CARTESIAN_POINT('Ctrl Pts',(18.9321001351527,0.294136132395048,-3.39819765999095));
#3194=CARTESIAN_POINT('Ctrl Pts',(16.2625673460836,1.33848495835007,-2.69061983441202));
#3195=CARTESIAN_POINT('Ctrl Pts',(14.3269110375647,3.31810504365918,-1.41431484292517));
#3196=CARTESIAN_POINT('Ctrl Pts',(13.3665033608193,6.14351513841654,-0.44313805499406));
#3197=CARTESIAN_POINT('Ctrl Pts',(13.3663614158364,8.5562576972399,-0.446900198865417));
#3198=CARTESIAN_POINT('Ctrl Pts',(14.2091585081908,11.0311287992404,-1.28675177146391));
#3199=CARTESIAN_POINT('Ctrl Pts',(15.9755653935006,13.145557706964,-2.53107575112012));
#3200=CARTESIAN_POINT('Ctrl Pts',(18.1845366203641,14.2021265274358,-3.26141071037648));
#3201=CARTESIAN_POINT('Ctrl Pts',(19.9999276825122,14.4015389978778,-3.39970100671085));
#3202=CARTESIAN_POINT('Ctrl Pts',(21.8160177360221,14.2014367302524,-3.26090541006937));
#3203=CARTESIAN_POINT('Ctrl Pts',(24.022909905286,13.1478636777938,-2.53322894371684));
#3204=CARTESIAN_POINT('Ctrl Pts',(25.6828454846432,11.160000697428,-1.36192075849889));
#3205=CARTESIAN_POINT('Ctrl Pts',(26.4603869198039,9.09946321011418,-0.626168108970024));
#3206=CARTESIAN_POINT('Ctrl Pts',(26.6056495602175,7.93390725803791,-0.472007872514156));
#3207=CARTESIAN_POINT('Ctrl Pts',(26.6056495602175,7.35,-0.472007872514155));
#3208=CARTESIAN_POINT('Ctrl Pts',(26.8795178167468,7.35,-0.0549079377493599));
#3209=CARTESIAN_POINT('Ctrl Pts',(26.8795178167468,6.70879620976491,-0.0549079377493596));
#3210=CARTESIAN_POINT('Ctrl Pts',(26.7411686011657,5.42991682402104,-0.204399428551599));
#3211=CARTESIAN_POINT('Ctrl Pts',(26.1832407602788,3.71276470027298,-0.736444099730907));
#3212=CARTESIAN_POINT('Ctrl Pts',(25.3480453210691,2.23346634577242,-1.38276390784003));
#3213=CARTESIAN_POINT('Ctrl Pts',(23.9229075146407,0.595535442494519,-2.23199892323651));
#3214=CARTESIAN_POINT('Ctrl Pts',(21.5945079987755,-0.763882469640484,-3.03963261025905));
#3215=CARTESIAN_POINT('Ctrl Pts',(18.7607869926133,-0.771702570906395,-3.03682303695988));
#3216=CARTESIAN_POINT('Ctrl Pts',(15.8952129075922,0.606323503721691,-2.23865133394203));
#3217=CARTESIAN_POINT('Ctrl Pts',(14.0122911659678,2.90491225282749,-0.963647274521581));
#3218=CARTESIAN_POINT('Ctrl Pts',(13.0935274442526,6.02755522624991,-0.0272745602798352));
#3219=CARTESIAN_POINT('Ctrl Pts',(13.0932217160501,8.67197790905819,-0.0305242989402152));
#3220=CARTESIAN_POINT('Ctrl Pts',(13.8997691558066,11.4086953811182,-0.841506539942295));
#3221=CARTESIAN_POINT('Ctrl Pts',(15.6140224490361,13.8321579917724,-2.07462442421084));
#3222=CARTESIAN_POINT('Ctrl Pts',(17.9387872227597,15.1899285706484,-2.87478927115747));
#3223=CARTESIAN_POINT('Ctrl Pts',(19.9996547377453,15.4718308898553,-3.04133665023275));
#3224=CARTESIAN_POINT('Ctrl Pts',(22.0616803389863,15.1892833653723,-2.87435743527764));
#3225=CARTESIAN_POINT('Ctrl Pts',(24.3860760004495,13.8339890789537,-2.0764330757359));
#3226=CARTESIAN_POINT('Ctrl Pts',(25.9941308183234,11.5569597316258,-0.91623919943924));
#3227=CARTESIAN_POINT('Ctrl Pts',(26.7426279138268,9.27118286593566,-0.203111283067308));
#3228=CARTESIAN_POINT('Ctrl Pts',(26.8795178167468,7.99120379023509,-0.0549079377493604));
#3229=CARTESIAN_POINT('Ctrl Pts',(26.8795178167468,7.35,-0.0549079377493601));
#3230=CARTESIAN_POINT('Ctrl Pts',(27.0217391304348,7.35,0.101157949744262));
#3231=CARTESIAN_POINT('Ctrl Pts',(27.0217391304348,6.68424713805737,0.101157949744263));
#3232=CARTESIAN_POINT('Ctrl Pts',(26.888759782415,5.35614970337397,-0.0489254911738489));
#3233=CARTESIAN_POINT('Ctrl Pts',(26.3501549267831,3.56713413920728,-0.586284776750733));
#3234=CARTESIAN_POINT('Ctrl Pts',(25.5331790582788,2.01310160903117,-1.25097889877685));
#3235=CARTESIAN_POINT('Ctrl Pts',(24.119670835527,0.277853360651297,-2.13830095343643));
#3236=CARTESIAN_POINT('Ctrl Pts',(21.7217469414267,-1.21643632580952,-3.04144197141347));
#3237=CARTESIAN_POINT('Ctrl Pts',(18.6620672129926,-1.22730758248937,-3.0423336591013));
#3238=CARTESIAN_POINT('Ctrl Pts',(15.6828940751762,0.292773937141732,-2.14019962253922));
#3239=CARTESIAN_POINT('Ctrl Pts',(13.8381126171443,2.72782407313243,-0.812879393644512));
#3240=CARTESIAN_POINT('Ctrl Pts',(12.9521835429796,5.97785978275954,0.128869551943084));
#3241=CARTESIAN_POINT('Ctrl Pts',(12.9516661475623,8.72157334424677,0.126002192553504));
#3242=CARTESIAN_POINT('Ctrl Pts',(13.729979015817,11.5704947735737,-0.690999537763395));
#3243=CARTESIAN_POINT('Ctrl Pts',(15.4054105434159,14.1262185173015,-1.96532935991335));
#3244=CARTESIAN_POINT('Ctrl Pts',(17.7969372272338,15.6123679718418,-2.85424020858194));
#3245=CARTESIAN_POINT('Ctrl Pts',(19.999470096954,15.929372795511,-3.0486989402179));
#3246=CARTESIAN_POINT('Ctrl Pts',(22.2034012141276,15.6117380102366,-2.85383869216903));
#3247=CARTESIAN_POINT('Ctrl Pts',(24.5956601060039,14.1279024522013,-1.96677436984079));
#3248=CARTESIAN_POINT('Ctrl Pts',(26.1655549825243,11.727055199861,-0.768354472722496));
#3249=CARTESIAN_POINT('Ctrl Pts',(26.8909782114809,9.34479540130023,-0.0474294512468154));
#3250=CARTESIAN_POINT('Ctrl Pts',(27.0217391304348,8.01575286194262,0.101157949744262));
#3251=CARTESIAN_POINT('Ctrl Pts',(27.0217391304348,7.35,0.101157949744262));
#3252=CARTESIAN_POINT('',(26.5,7.35,-1.24596669241484));
#3253=CARTESIAN_POINT('Origin',(28.5,7.35,-1.24596669241484));
#3254=CARTESIAN_POINT('Ctrl Pts',(26.5,7.35,-1.24596669241484));
#3255=CARTESIAN_POINT('Ctrl Pts',(26.5,6.84089487027918,-1.24596669241484));
#3256=CARTESIAN_POINT('Ctrl Pts',(26.376901470409,5.82529094963892,-1.42764664721045));
#3257=CARTESIAN_POINT('Ctrl Pts',(25.8783167898085,4.45722022409969,-2.07813420343509));
#3258=CARTESIAN_POINT('Ctrl Pts',(25.1220450106048,3.26884240690619,-2.88276393009829));
#3259=CARTESIAN_POINT('Ctrl Pts',(23.8135652626085,1.94188786402747,-3.95689062784409));
#3260=CARTESIAN_POINT('Ctrl Pts',(21.5938152801443,0.799195750851532,-5.05016659697421));
#3261=CARTESIAN_POINT('Ctrl Pts',(18.7614801754947,0.790882436919893,-5.05124600838577));
#3262=CARTESIAN_POINT('Ctrl Pts',(16.0036697476089,1.95329771663779,-3.95918901675801));
#3263=CARTESIAN_POINT('Ctrl Pts',(14.2959618344462,3.81539487945421,-2.35243295020125));
#3264=CARTESIAN_POINT('Ctrl Pts',(13.4758603075879,6.30071630446318,-1.21242106870047));
#3265=CARTESIAN_POINT('Ctrl Pts',(13.4753813564122,8.398850204424,-1.21589208269839));
#3266=CARTESIAN_POINT('Ctrl Pts',(14.1958629279545,10.5774371797916,-2.20489417729253));
#3267=CARTESIAN_POINT('Ctrl Pts',(15.7468041872488,12.5318141602894,-3.74750396200037));
#3268=CARTESIAN_POINT('Ctrl Pts',(17.9606322939409,13.6682813902319,-4.82355393670445));
#3269=CARTESIAN_POINT('Ctrl Pts',(19.999509470555,13.910696843626,-5.05895134868482));
#3270=CARTESIAN_POINT('Ctrl Pts',(22.0396810000748,13.6677996548868,-4.8230678905204));
#3271=CARTESIAN_POINT('Ctrl Pts',(24.2541869092729,12.5331018752128,-3.74925318454411));
#3272=CARTESIAN_POINT('Ctrl Pts',(25.7074332500767,10.6971598587172,-2.2985343617167));
#3273=CARTESIAN_POINT('Ctrl Pts',(26.3789550626403,8.87543177746488,-1.4258356515093));
#3274=CARTESIAN_POINT('Ctrl Pts',(26.5,7.85910512972081,-1.24596669241484));
#3275=CARTESIAN_POINT('Ctrl Pts',(26.5,7.35,-1.24596669241484));
#3276=CARTESIAN_POINT('Origin',(20.,7.35,-7.));
#3277=CARTESIAN_POINT('',(26.5,7.35,-7.));
#3278=CARTESIAN_POINT('Origin',(20.,7.35,-7.));
#3279=CARTESIAN_POINT('',(26.5,7.35,-7.));
#3280=CARTESIAN_POINT('Ctrl Pts',(46.5,7.35,-1.24596669241484));
#3281=CARTESIAN_POINT('Ctrl Pts',(46.5,6.84089487027918,-1.24596669241484));
#3282=CARTESIAN_POINT('Ctrl Pts',(46.3788913131999,5.82441648859206,-1.42594978875832));
#3283=CARTESIAN_POINT('Ctrl Pts',(45.7074623116471,4.00276088138219,-2.29859892840939));
#3284=CARTESIAN_POINT('Ctrl Pts',(44.2542269436308,2.16685134397363,-3.74930654982047));
#3285=CARTESIAN_POINT('Ctrl Pts',(42.0395222030682,1.0321731840469,-4.82309761130149));
#3286=CARTESIAN_POINT('Ctrl Pts',(39.9994013788508,0.789323882982027,-5.05893877278963));
#3287=CARTESIAN_POINT('Ctrl Pts',(37.9606138053108,1.03165414627867,-4.82354644112471));
#3288=CARTESIAN_POINT('Ctrl Pts',(35.7468557160639,2.16850536532933,-3.74743376725789));
#3289=CARTESIAN_POINT('Ctrl Pts',(34.1956603384417,4.12210254161209,-2.2049169087446));
#3290=CARTESIAN_POINT('Ctrl Pts',(33.4755541018947,6.30231294424277,-1.21570831210018));
#3291=CARTESIAN_POINT('Ctrl Pts',(33.4755374057342,8.39714663337612,-1.21288860688007));
#3292=CARTESIAN_POINT('Ctrl Pts',(33.9889589949133,9.95757869214134,-1.92346164575274));
#3293=CARTESIAN_POINT('Ctrl Pts',(34.6199039971682,11.0373819235822,-2.60985720396952));
#3294=CARTESIAN_POINT('Ctrl Pts',(35.3946134771645,12.0108900347355,-3.33647853141608));
#3295=CARTESIAN_POINT('Ctrl Pts',(36.6165859899596,13.0080461459677,-4.19800885166886));
#3296=CARTESIAN_POINT('Ctrl Pts',(38.7613735154489,13.9071354357077,-5.05329256313645));
#3297=CARTESIAN_POINT('Ctrl Pts',(41.5940356695867,13.9015695572371,-5.04867052697712));
#3298=CARTESIAN_POINT('Ctrl Pts',(43.8130237421129,12.7581691561779,-3.95796126431041));
#3299=CARTESIAN_POINT('Ctrl Pts',(45.1223146628257,11.4308124398221,-2.88224089262765));
#3300=CARTESIAN_POINT('Ctrl Pts',(45.878241780113,10.2427412963533,-2.07829017561416));
#3301=CARTESIAN_POINT('Ctrl Pts',(46.3769525171713,8.87439553265632,-1.42759959293849));
#3302=CARTESIAN_POINT('Ctrl Pts',(46.5,7.85910512972081,-1.24596669241484));
#3303=CARTESIAN_POINT('Ctrl Pts',(46.5,7.35,-1.24596669241484));
#3304=CARTESIAN_POINT('Ctrl Pts',(46.5,7.35,-0.96443607183811));
#3305=CARTESIAN_POINT('Ctrl Pts',(46.5,6.81671885427859,-0.96443607183811));
#3306=CARTESIAN_POINT('Ctrl Pts',(46.366219341742,5.7517208074677,-1.13521695442287));
#3307=CARTESIAN_POINT('Ctrl Pts',(45.6395162962083,3.86458185767277,-1.95787347997227));
#3308=CARTESIAN_POINT('Ctrl Pts',(44.0842756499637,2.02693607611177,-3.30684266353721));
#3309=CARTESIAN_POINT('Ctrl Pts',(41.8982836273594,1.00485480754239,-4.25143250900276));
#3310=CARTESIAN_POINT('Ctrl Pts',(39.9998395488496,0.800540054277126,-4.45068568578067));
#3311=CARTESIAN_POINT('Ctrl Pts',(38.1024813835959,1.00424380075567,-4.25191275023783));
#3312=CARTESIAN_POINT('Ctrl Pts',(35.9152978991236,2.02970698589308,-3.30450183792163));
#3313=CARTESIAN_POINT('Ctrl Pts',(34.2580499423167,3.98368784541128,-1.87101483209115));
#3314=CARTESIAN_POINT('Ctrl Pts',(33.4737223146895,6.24978322649143,-0.936048046601233));
#3315=CARTESIAN_POINT('Ctrl Pts',(33.4727192906917,8.44972663086672,-0.933364235032177));
#3316=CARTESIAN_POINT('Ctrl Pts',(34.0340739425652,10.0714955253203,-1.60496766662314));
#3317=CARTESIAN_POINT('Ctrl Pts',(34.7096835081283,11.1713634468414,-2.24657920304223));
#3318=CARTESIAN_POINT('Ctrl Pts',(35.5268516429176,12.1434011858477,-2.91904742202557));
#3319=CARTESIAN_POINT('Ctrl Pts',(36.7818404547631,13.1048330892475,-3.70403151636096));
#3320=CARTESIAN_POINT('Ctrl Pts',(38.8653286678541,13.8988417996159,-4.44722589400833));
#3321=CARTESIAN_POINT('Ctrl Pts',(41.4596427066223,13.8995680410728,-4.44639173029564));
#3322=CARTESIAN_POINT('Ctrl Pts',(43.6479545912684,12.877419824903,-3.49127912577557));
#3323=CARTESIAN_POINT('Ctrl Pts',(45.0157833467476,11.5687234261525,-2.49997727544736));
#3324=CARTESIAN_POINT('Ctrl Pts',(45.8223128862787,10.3649526185096,-1.75050453748689));
#3325=CARTESIAN_POINT('Ctrl Pts',(46.365259810438,8.94663114967983,-1.13652907767204));
#3326=CARTESIAN_POINT('Ctrl Pts',(46.5,7.88328114572139,-0.964436071838109));
#3327=CARTESIAN_POINT('Ctrl Pts',(46.5,7.35,-0.964436071838108));
#3328=CARTESIAN_POINT('Ctrl Pts',(46.6056604176993,7.35,-0.472011576570651));
#3329=CARTESIAN_POINT('Ctrl Pts',(46.6056604176993,6.76609274196209,-0.47201157657065));
#3330=CARTESIAN_POINT('Ctrl Pts',(46.4603442904755,5.60036713776294,-0.626272366463772));
#3331=CARTESIAN_POINT('Ctrl Pts',(45.6827874661067,3.53990521368083,-1.36199926110542));
#3332=CARTESIAN_POINT('Ctrl Pts',(44.0229509955882,1.55197171345339,-2.53337964126813));
#3333=CARTESIAN_POINT('Ctrl Pts',(41.8160748506274,0.498434739863221,-3.26101153441009));
#3334=CARTESIAN_POINT('Ctrl Pts',(39.9999126202776,0.29823613854642,-3.39986525675858));
#3335=CARTESIAN_POINT('Ctrl Pts',(38.1843025212185,0.497716127659078,-3.26150988607272));
#3336=CARTESIAN_POINT('Ctrl Pts',(35.9756659998598,1.55469086375988,-2.53097271614861));
#3337=CARTESIAN_POINT('Ctrl Pts',(34.2086670327299,3.66848204451836,-1.28690756505961));
#3338=CARTESIAN_POINT('Ctrl Pts',(33.366966479826,6.14481799710404,-0.446480455877674));
#3339=CARTESIAN_POINT('Ctrl Pts',(33.3651416306941,8.55451034856068,-0.444004420600622));
#3340=CARTESIAN_POINT('Ctrl Pts',(33.9695310258222,10.3266412158138,-1.047523642869));
#3341=CARTESIAN_POINT('Ctrl Pts',(34.6896458053323,11.5220601592751,-1.61120329897567));
#3342=CARTESIAN_POINT('Ctrl Pts',(35.5526355430458,12.5716093462446,-2.19038370505042));
#3343=CARTESIAN_POINT('Ctrl Pts',(36.857721845849,13.5968074108563,-2.84416136918193));
#3344=CARTESIAN_POINT('Ctrl Pts',(38.9310156635235,14.4044707912998,-3.40075008188191));
#3345=CARTESIAN_POINT('Ctrl Pts',(41.3746282433704,14.4067328763638,-3.40440512471053));
#3346=CARTESIAN_POINT('Ctrl Pts',(43.5817930092526,13.361701121199,-2.67797748541957));
#3347=CARTESIAN_POINT('Ctrl Pts',(45.018955568715,11.9522837314302,-1.83169211921841));
#3348=CARTESIAN_POINT('Ctrl Pts',(45.8770361187747,10.6472276282338,-1.17721155274918));
#3349=CARTESIAN_POINT('Ctrl Pts',(46.4603473889858,9.09768118950658,-0.627234619399679));
#3350=CARTESIAN_POINT('Ctrl Pts',(46.6056604176993,7.93390725803788,-0.472011576570649));
#3351=CARTESIAN_POINT('Ctrl Pts',(46.6056604176993,7.35,-0.472011576570649));
#3352=CARTESIAN_POINT('Ctrl Pts',(46.8795178167468,7.35,-0.0549079377493627));
#3353=CARTESIAN_POINT('Ctrl Pts',(46.8795178167468,6.70879620976491,-0.0549079377493625));
#3354=CARTESIAN_POINT('Ctrl Pts',(46.7425617770189,5.42863403231672,-0.203220336884947));
#3355=CARTESIAN_POINT('Ctrl Pts',(45.9941167109118,3.14295390406918,-0.916327844932876));
#3356=CARTESIAN_POINT('Ctrl Pts',(44.3860769444455,0.86594679063427,-2.07651915455512));
#3357=CARTESIAN_POINT('Ctrl Pts',(42.0615540913761,-0.48932187547589,-2.87433274216686));
#3358=CARTESIAN_POINT('Ctrl Pts',(39.9995768345332,-0.77185644518559,-3.04127344078043));
#3359=CARTESIAN_POINT('Ctrl Pts',(37.9387284609877,-0.490012154266609,-2.87474042684319));
#3360=CARTESIAN_POINT('Ctrl Pts',(35.6141311819553,0.868231457875745,-2.07453715309879));
#3361=CARTESIAN_POINT('Ctrl Pts',(33.8994710660708,3.29077439962752,-0.841627063753018));
#3362=CARTESIAN_POINT('Ctrl Pts',(33.0935375355521,6.02941182902829,-0.0302632431262766));
#3363=CARTESIAN_POINT('Ctrl Pts',(33.0928545000943,8.66988600671352,-0.0279656609291531));
#3364=CARTESIAN_POINT('Ctrl Pts',(33.6690149459263,10.6299163677235,-0.610648191692559));
#3365=CARTESIAN_POINT('Ctrl Pts',(34.367451070022,11.9770059334682,-1.16426102286773));
#3366=CARTESIAN_POINT('Ctrl Pts',(35.2164068799034,13.1831005354279,-1.74228458404181));
#3367=CARTESIAN_POINT('Ctrl Pts',(36.5326562818013,14.4036362230537,-2.41244779255359));
#3368=CARTESIAN_POINT('Ctrl Pts',(38.7604107166433,15.4694715210135,-3.03872027305337));
#3369=CARTESIAN_POINT('Ctrl Pts',(41.5948528197622,15.464933550714,-3.03837813405973));
#3370=CARTESIAN_POINT('Ctrl Pts',(43.9224606819559,14.1043000584427,-2.23249245497926));
#3371=CARTESIAN_POINT('Ctrl Pts',(45.348285721623,12.4662279895319,-1.38260504839545));
#3372=CARTESIAN_POINT('Ctrl Pts',(46.1831794095457,10.987150201015,-0.736541329999004));
#3373=CARTESIAN_POINT('Ctrl Pts',(46.7412140745785,9.2697054367851,-0.20441197992261));
#3374=CARTESIAN_POINT('Ctrl Pts',(46.8795178167468,7.99120379023504,-0.0549079377493601));
#3375=CARTESIAN_POINT('Ctrl Pts',(46.8795178167468,7.35,-0.0549079377493598));
#3376=CARTESIAN_POINT('Ctrl Pts',(47.0217391304348,7.35,0.101157949744259));
#3377=CARTESIAN_POINT('Ctrl Pts',(47.0217391304348,6.68424713805738,0.10115794974426));
#3378=CARTESIAN_POINT('Ctrl Pts',(46.8909093450286,5.3550061773896,-0.0475237385394847));
#3379=CARTESIAN_POINT('Ctrl Pts',(46.1655863767961,2.97284115257671,-0.76840781042515));
#3380=CARTESIAN_POINT('Ctrl Pts',(44.5957033538219,0.572036372888604,-1.96681845419951));
#3381=CARTESIAN_POINT('Ctrl Pts',(42.203229670873,-0.911773528554059,-2.85386324411863));
#3382=CARTESIAN_POINT('Ctrl Pts',(39.9993533289927,-1.22934569148504,-3.04868855143491));
#3383=CARTESIAN_POINT('Ctrl Pts',(37.7969172545666,-0.912452270250973,-2.85423401658128));
#3384=CARTESIAN_POINT('Ctrl Pts',(35.4054662083232,0.5741993238922,-1.96527137295217));
#3385=CARTESIAN_POINT('Ctrl Pts',(33.7297601649387,3.12890332364659,-0.691018315919454));
#3386=CARTESIAN_POINT('Ctrl Pts',(32.9518527589029,5.97994769631746,0.126154003047677));
#3387=CARTESIAN_POINT('Ctrl Pts',(32.9518347225824,8.71934559749185,0.128483324751245));
#3388=CARTESIAN_POINT('Ctrl Pts',(33.5064674092207,10.7599105974156,-0.458511794317482));
#3389=CARTESIAN_POINT('Ctrl Pts',(34.1880568263724,12.1719609769922,-1.02553421197482));
#3390=CARTESIAN_POINT('Ctrl Pts',(35.0249503448968,13.4450100454234,-1.62578661290894));
#3391=CARTESIAN_POINT('Ctrl Pts',(36.3450076078827,14.7489834216501,-2.33748557311775));
#3392=CARTESIAN_POINT('Ctrl Pts',(38.6619519916053,15.9247155697716,-3.04402429128663));
#3393=CARTESIAN_POINT('Ctrl Pts',(41.7219850209918,15.9174371133101,-3.04020608750284));
#3394=CARTESIAN_POINT('Ctrl Pts',(44.1190858485032,14.4222212042327,-2.13918539225642));
#3395=CARTESIAN_POINT('Ctrl Pts',(45.5334703548252,12.6864470366905,-1.25054682434458));
#3396=CARTESIAN_POINT('Ctrl Pts',(46.3500738962425,11.1328155413851,-0.586413623333442));
#3397=CARTESIAN_POINT('Ctrl Pts',(46.8888149265764,9.34344031193518,-0.04888662025353));
#3398=CARTESIAN_POINT('Ctrl Pts',(47.0217391304348,8.01575286194257,0.101157949744262));
#3399=CARTESIAN_POINT('Ctrl Pts',(47.0217391304348,7.35,0.101157949744263));
#3400=CARTESIAN_POINT('',(47.0217391304348,7.35,0.101157949744261));
#3401=CARTESIAN_POINT('',(46.5,7.35,-1.24596669241484));
#3402=CARTESIAN_POINT('Origin',(48.5,7.35,-1.24596669241484));
#3403=CARTESIAN_POINT('Ctrl Pts',(46.5,7.35,-1.24596669241484));
#3404=CARTESIAN_POINT('Ctrl Pts',(46.5,6.84089487027918,-1.24596669241484));
#3405=CARTESIAN_POINT('Ctrl Pts',(46.3788913131999,5.82441648859206,-1.42594978875832));
#3406=CARTESIAN_POINT('Ctrl Pts',(45.7074623116471,4.00276088138219,-2.29859892840939));
#3407=CARTESIAN_POINT('Ctrl Pts',(44.2542269436308,2.16685134397363,-3.74930654982047));
#3408=CARTESIAN_POINT('Ctrl Pts',(42.0395222030682,1.0321731840469,-4.82309761130149));
#3409=CARTESIAN_POINT('Ctrl Pts',(39.9994013788508,0.789323882982027,-5.05893877278963));
#3410=CARTESIAN_POINT('Ctrl Pts',(37.9606138053108,1.03165414627867,-4.82354644112471));
#3411=CARTESIAN_POINT('Ctrl Pts',(35.7468557160639,2.16850536532933,-3.74743376725789));
#3412=CARTESIAN_POINT('Ctrl Pts',(34.1956603384417,4.12210254161209,-2.2049169087446));
#3413=CARTESIAN_POINT('Ctrl Pts',(33.4755541018947,6.30231294424277,-1.21570831210018));
#3414=CARTESIAN_POINT('Ctrl Pts',(33.4755374057342,8.39714663337612,-1.21288860688007));
#3415=CARTESIAN_POINT('Ctrl Pts',(33.9889589949133,9.95757869214134,-1.92346164575274));
#3416=CARTESIAN_POINT('Ctrl Pts',(34.6199039971682,11.0373819235822,-2.60985720396952));
#3417=CARTESIAN_POINT('Ctrl Pts',(35.3946134771645,12.0108900347355,-3.33647853141608));
#3418=CARTESIAN_POINT('Ctrl Pts',(36.6165859899596,13.0080461459677,-4.19800885166886));
#3419=CARTESIAN_POINT('Ctrl Pts',(38.7613735154489,13.9071354357077,-5.05329256313645));
#3420=CARTESIAN_POINT('Ctrl Pts',(41.5940356695867,13.9015695572371,-5.04867052697712));
#3421=CARTESIAN_POINT('Ctrl Pts',(43.8130237421129,12.7581691561779,-3.95796126431041));
#3422=CARTESIAN_POINT('Ctrl Pts',(45.1223146628257,11.4308124398221,-2.88224089262765));
#3423=CARTESIAN_POINT('Ctrl Pts',(45.878241780113,10.2427412963533,-2.07829017561416));
#3424=CARTESIAN_POINT('Ctrl Pts',(46.3769525171713,8.87439553265632,-1.42759959293849));
#3425=CARTESIAN_POINT('Ctrl Pts',(46.5,7.85910512972081,-1.24596669241484));
#3426=CARTESIAN_POINT('Ctrl Pts',(46.5,7.35,-1.24596669241484));
#3427=CARTESIAN_POINT('Ctrl Pts',(47.0217391304348,7.35,0.101157949744263));
#3428=CARTESIAN_POINT('Ctrl Pts',(47.0217391304348,8.01575286194257,0.101157949744262));
#3429=CARTESIAN_POINT('Ctrl Pts',(46.8888149265764,9.34344031193518,-0.04888662025353));
#3430=CARTESIAN_POINT('Ctrl Pts',(46.3500738962425,11.1328155413851,-0.586413623333442));
#3431=CARTESIAN_POINT('Ctrl Pts',(45.5334703548252,12.6864470366905,-1.25054682434458));
#3432=CARTESIAN_POINT('Ctrl Pts',(44.1190858485032,14.4222212042327,-2.13918539225642));
#3433=CARTESIAN_POINT('Ctrl Pts',(41.7219850209918,15.9174371133101,-3.04020608750284));
#3434=CARTESIAN_POINT('Ctrl Pts',(38.6619519916053,15.9247155697716,-3.04402429128663));
#3435=CARTESIAN_POINT('Ctrl Pts',(36.3450076078827,14.7489834216501,-2.33748557311775));
#3436=CARTESIAN_POINT('Ctrl Pts',(35.0249503448968,13.4450100454234,-1.62578661290894));
#3437=CARTESIAN_POINT('Ctrl Pts',(34.1880568263724,12.1719609769922,-1.02553421197482));
#3438=CARTESIAN_POINT('Ctrl Pts',(33.5064674092207,10.7599105974156,-0.458511794317482));
#3439=CARTESIAN_POINT('Ctrl Pts',(32.9518347225824,8.71934559749185,0.128483324751245));
#3440=CARTESIAN_POINT('Ctrl Pts',(32.9518527589029,5.97994769631746,0.126154003047677));
#3441=CARTESIAN_POINT('Ctrl Pts',(33.7297601649387,3.12890332364659,-0.691018315919454));
#3442=CARTESIAN_POINT('Ctrl Pts',(35.4054662083232,0.5741993238922,-1.96527137295217));
#3443=CARTESIAN_POINT('Ctrl Pts',(37.7969172545666,-0.912452270250973,-2.85423401658128));
#3444=CARTESIAN_POINT('Ctrl Pts',(39.9993533289927,-1.22934569148504,-3.04868855143491));
#3445=CARTESIAN_POINT('Ctrl Pts',(42.203229670873,-0.911773528554059,-2.85386324411863));
#3446=CARTESIAN_POINT('Ctrl Pts',(44.5957033538219,0.572036372888604,-1.96681845419951));
#3447=CARTESIAN_POINT('Ctrl Pts',(46.1655863767961,2.97284115257671,-0.76840781042515));
#3448=CARTESIAN_POINT('Ctrl Pts',(46.8909093450286,5.3550061773896,-0.0475237385394847));
#3449=CARTESIAN_POINT('Ctrl Pts',(47.0217391304348,6.68424713805738,0.10115794974426));
#3450=CARTESIAN_POINT('Ctrl Pts',(47.0217391304348,7.35,0.101157949744259));
#3451=CARTESIAN_POINT('Origin',(40.,-3.5,6.5));
#3452=CARTESIAN_POINT('',(48.8317608663279,-3.5,10.));
#3453=CARTESIAN_POINT('',(31.1682391336721,-3.5,10.));
#3454=CARTESIAN_POINT('Origin',(40.,-3.5,6.5));
#3455=CARTESIAN_POINT('',(48.8317608663279,35.5,9.99999999999999));
#3456=CARTESIAN_POINT('',(48.8317608663279,-3.5,10.));
#3457=CARTESIAN_POINT('',(31.1682391336721,35.5,9.99999999999999));
#3458=CARTESIAN_POINT('Origin',(40.,35.5,6.49999999999999));
#3459=CARTESIAN_POINT('',(31.1682391336721,-3.5,10.));
#3460=CARTESIAN_POINT('',(47.0217391304348,24.65,0.101157949744258));
#3461=CARTESIAN_POINT('Ctrl Pts',(47.0217391304348,24.65,0.101157949744254));
#3462=CARTESIAN_POINT('Ctrl Pts',(47.0217391304348,25.3157528619425,0.101157949744253));
#3463=CARTESIAN_POINT('Ctrl Pts',(46.8888160421451,26.6433809428423,-0.0489400140514501));
#3464=CARTESIAN_POINT('Ctrl Pts',(46.3500344868063,28.43266422173,-0.586295034410772));
#3465=CARTESIAN_POINT('Ctrl Pts',(45.5336890184698,29.9861991805283,-1.25039772604437));
#3466=CARTESIAN_POINT('Ctrl Pts',(44.1173718126577,31.7230497460017,-2.13939923821523));
#3467=CARTESIAN_POINT('Ctrl Pts',(41.7229087511016,33.2173276397371,-3.04040335150675));
#3468=CARTESIAN_POINT('Ctrl Pts',(38.6618788078432,33.2248416003583,-3.04412125612039));
#3469=CARTESIAN_POINT('Ctrl Pts',(36.3450623058367,32.0491023932126,-2.337589523474));
#3470=CARTESIAN_POINT('Ctrl Pts',(35.0249297345822,30.7450788525984,-1.62582635759342));
#3471=CARTESIAN_POINT('Ctrl Pts',(34.1880643475043,29.4720358867814,-1.02560037064494));
#3472=CARTESIAN_POINT('Ctrl Pts',(33.5064487405837,28.0599552545777,-0.458496605521544));
#3473=CARTESIAN_POINT('Ctrl Pts',(32.9518394162232,26.0193445620177,0.128446235806788));
#3474=CARTESIAN_POINT('Ctrl Pts',(32.9519129937771,23.2799908149449,0.126064280022737));
#3475=CARTESIAN_POINT('Ctrl Pts',(33.7297414197105,20.4289142220741,-0.691022187348977));
#3476=CARTESIAN_POINT('Ctrl Pts',(35.4054777152551,17.874196928741,-1.96527779914861));
#3477=CARTESIAN_POINT('Ctrl Pts',(37.7969430708794,16.3875701232406,-2.85422887802128));
#3478=CARTESIAN_POINT('Ctrl Pts',(39.9992943921924,16.070655609561,-3.04868295395647));
#3479=CARTESIAN_POINT('Ctrl Pts',(42.2031297176454,16.3882208165074,-2.85387678475521));
#3480=CARTESIAN_POINT('Ctrl Pts',(44.5957724229028,17.8720385558077,-1.96682776892867));
#3481=CARTESIAN_POINT('Ctrl Pts',(46.1656603397769,20.2728323602662,-0.76841372223697));
#3482=CARTESIAN_POINT('Ctrl Pts',(46.8908896829874,22.6550192202915,-0.0475637655153863));
#3483=CARTESIAN_POINT('Ctrl Pts',(47.0217391304348,23.9842471380575,0.101157949744257));
#3484=CARTESIAN_POINT('Ctrl Pts',(47.0217391304348,24.65,0.101157949744256));
#3485=CARTESIAN_POINT('Origin',(40.,7.35,-7.));
#3486=CARTESIAN_POINT('',(46.5,7.35,-7.));
#3487=CARTESIAN_POINT('Origin',(40.,7.35,-7.));
#3488=CARTESIAN_POINT('',(46.5,7.35,-7.));
#3489=CARTESIAN_POINT('Ctrl Pts',(46.5,24.65,-1.24596669241484));
#3490=CARTESIAN_POINT('Ctrl Pts',(46.5,24.1408948702792,-1.24596669241484));
#3491=CARTESIAN_POINT('Ctrl Pts',(46.3788731121153,23.1244264625759,-1.42599824246599));
#3492=CARTESIAN_POINT('Ctrl Pts',(45.7075307789266,21.3027541578506,-2.29860608481317));
#3493=CARTESIAN_POINT('Ctrl Pts',(44.2542908806438,19.4668530132647,-3.74931782554521));
#3494=CARTESIAN_POINT('Ctrl Pts',(42.0394296767058,18.3321688596821,-4.82311400259844));
#3495=CARTESIAN_POINT('Ctrl Pts',(39.9993468212555,18.0893248778996,-5.05893199689467));
#3496=CARTESIAN_POINT('Ctrl Pts',(37.9606377033837,18.3316712707134,-4.8235402207626));
#3497=CARTESIAN_POINT('Ctrl Pts',(35.7468663679916,19.4685035337431,-3.74744154633779));
#3498=CARTESIAN_POINT('Ctrl Pts',(34.1956429860478,21.4221108757037,-2.20492159521192));
#3499=CARTESIAN_POINT('Ctrl Pts',(33.4756098611125,23.6023459173108,-1.215816924183));
#3500=CARTESIAN_POINT('Ctrl Pts',(33.4755417506215,25.697145841543,-1.21293350402336));
#3501=CARTESIAN_POINT('Ctrl Pts',(33.9889417134196,27.2576128417359,-1.92344325931556));
#3502=CARTESIAN_POINT('Ctrl Pts',(34.6199109594544,28.3374392075387,-2.60993729078072));
#3503=CARTESIAN_POINT('Ctrl Pts',(35.3945943982665,29.310942651987,-3.33652664340256));
#3504=CARTESIAN_POINT('Ctrl Pts',(36.6166366236693,30.3081371242214,-4.19813468631063));
#3505=CARTESIAN_POINT('Ctrl Pts',(38.7613057694895,31.2072318120387,-5.05340994161942));
#3506=CARTESIAN_POINT('Ctrl Pts',(41.5948907634036,31.2014858421519,-5.04890932024501));
#3507=CARTESIAN_POINT('Ctrl Pts',(43.811437064968,30.0588027469425,-3.95822013047106));
#3508=CARTESIAN_POINT('Ctrl Pts',(45.1225170790169,28.7306229027569,-2.88206040521161));
#3509=CARTESIAN_POINT('Ctrl Pts',(45.8782052989321,27.542625581323,-2.07814662060251));
#3510=CARTESIAN_POINT('Ctrl Pts',(46.3769535498495,26.1743501327618,-1.42766422753596));
#3511=CARTESIAN_POINT('Ctrl Pts',(46.5,25.1591051297208,-1.24596669241484));
#3512=CARTESIAN_POINT('Ctrl Pts',(46.5,24.65,-1.24596669241484));
#3513=CARTESIAN_POINT('Ctrl Pts',(46.5,24.65,-0.964436071838112));
#3514=CARTESIAN_POINT('Ctrl Pts',(46.5,24.1167188542786,-0.964436071838112));
#3515=CARTESIAN_POINT('Ctrl Pts',(46.3661982439325,23.0516874845271,-1.13528243348034));
#3516=CARTESIAN_POINT('Ctrl Pts',(45.6395186327062,21.164466146954,-1.95792870211894));
#3517=CARTESIAN_POINT('Ctrl Pts',(44.084173827352,19.326845965408,-3.30689861295302));
#3518=CARTESIAN_POINT('Ctrl Pts',(41.8981062539576,18.3049994702922,-4.25138422222791));
#3519=CARTESIAN_POINT('Ctrl Pts',(39.9998384667906,18.100756627084,-4.45059413459572));
#3520=CARTESIAN_POINT('Ctrl Pts',(38.1026282164727,18.3044402383504,-4.25183070946901));
#3521=CARTESIAN_POINT('Ctrl Pts',(35.915452949379,19.3296612230182,-3.30453194334992));
#3522=CARTESIAN_POINT('Ctrl Pts',(34.2580342157294,21.2836460254689,-1.87105400312274));
#3523=CARTESIAN_POINT('Ctrl Pts',(33.4737277943024,23.5498061253942,-0.936183528266773));
#3524=CARTESIAN_POINT('Ctrl Pts',(33.4726806332539,25.7497374223765,-0.933436258648465));
#3525=CARTESIAN_POINT('Ctrl Pts',(34.0340225164868,27.3715677393759,-1.60497238030164));
#3526=CARTESIAN_POINT('Ctrl Pts',(34.7096998999557,28.4714402080306,-2.24666093597631));
#3527=CARTESIAN_POINT('Ctrl Pts',(35.5268833702885,29.4434377471953,-2.91908114561665));
#3528=CARTESIAN_POINT('Ctrl Pts',(36.78196510425,30.4048402668292,-3.70411029563599));
#3529=CARTESIAN_POINT('Ctrl Pts',(38.8653566296394,31.1986104842757,-4.4471896046304));
#3530=CARTESIAN_POINT('Ctrl Pts',(41.4595506645722,31.1997217726839,-4.44678063990474));
#3531=CARTESIAN_POINT('Ctrl Pts',(43.6471902119687,30.1766615057699,-3.49077074156064));
#3532=CARTESIAN_POINT('Ctrl Pts',(45.0158280672102,28.8687529978099,-2.49993828543509));
#3533=CARTESIAN_POINT('Ctrl Pts',(45.8223124144699,27.6649415434849,-1.75042791848377));
#3534=CARTESIAN_POINT('Ctrl Pts',(46.3652394402441,26.2466212859209,-1.13661219075093));
#3535=CARTESIAN_POINT('Ctrl Pts',(46.5,25.1832811457214,-0.964436071838114));
#3536=CARTESIAN_POINT('Ctrl Pts',(46.5,24.65,-0.964436071838114));
#3537=CARTESIAN_POINT('Ctrl Pts',(46.60566588682,24.65,-0.472013442374544));
#3538=CARTESIAN_POINT('Ctrl Pts',(46.60566588682,24.0660927419622,-0.472013442374543));
#3539=CARTESIAN_POINT('Ctrl Pts',(46.4603350112914,22.9003810932752,-0.626319335941877));
#3540=CARTESIAN_POINT('Ctrl Pts',(45.6827904362407,20.8398887665751,-1.3620249974942));
#3541=CARTESIAN_POINT('Ctrl Pts',(44.0230069489936,18.8519005244966,-2.53346136085386));
#3542=CARTESIAN_POINT('Ctrl Pts',(41.8161346632524,17.7983717842243,-3.26106344795264));
#3543=CARTESIAN_POINT('Ctrl Pts',(39.9999173969999,17.5980957853285,-3.3999606386502));
#3544=CARTESIAN_POINT('Ctrl Pts',(38.1842340451853,17.7976795953186,-3.26153597410883));
#3545=CARTESIAN_POINT('Ctrl Pts',(35.9756024575987,18.8546771328206,-2.53099152379472));
#3546=CARTESIAN_POINT('Ctrl Pts',(34.2086585313637,20.9684906053351,-1.28689746748202));
#3547=CARTESIAN_POINT('Ctrl Pts',(33.3670017561366,23.4448447651476,-0.446548893022158));
#3548=CARTESIAN_POINT('Ctrl Pts',(33.3651537151405,25.8544689504824,-0.444003557479785));
#3549=CARTESIAN_POINT('Ctrl Pts',(33.9694845273992,27.6266107981282,-1.04744568064005));
#3550=CARTESIAN_POINT('Ctrl Pts',(34.6896044335593,28.8220260609648,-1.61119077247515));
#3551=CARTESIAN_POINT('Ctrl Pts',(35.5525732584281,29.8715889672697,-2.19035744904001));
#3552=CARTESIAN_POINT('Ctrl Pts',(36.8576428561711,30.8968491721288,-2.84421533098403));
#3553=CARTESIAN_POINT('Ctrl Pts',(38.9309733646932,31.7045478787162,-3.40080083786634));
#3554=CARTESIAN_POINT('Ctrl Pts',(41.3746776176536,31.7071844625523,-3.40509570826776));
#3555=CARTESIAN_POINT('Ctrl Pts',(43.581957664971,30.6610219917153,-2.67692244638622));
#3556=CARTESIAN_POINT('Ctrl Pts',(45.0189802094474,29.2524566701777,-1.83187851754915));
#3557=CARTESIAN_POINT('Ctrl Pts',(45.8770433763567,27.9472533564313,-1.17722793256833));
#3558=CARTESIAN_POINT('Ctrl Pts',(46.4603222371239,26.3976610706905,-0.627326408517001));
#3559=CARTESIAN_POINT('Ctrl Pts',(46.60566588682,25.2339072580378,-0.472013442374547));
#3560=CARTESIAN_POINT('Ctrl Pts',(46.60566588682,24.65,-0.472013442374547));
#3561=CARTESIAN_POINT('Ctrl Pts',(46.8795178167468,24.65,-0.0549079377493655));
#3562=CARTESIAN_POINT('Ctrl Pts',(46.8795178167468,24.008796209765,-0.0549079377493646));
#3563=CARTESIAN_POINT('Ctrl Pts',(46.7425418520649,22.7286523371132,-0.203272980186129));
#3564=CARTESIAN_POINT('Ctrl Pts',(45.9941563212127,20.4429538087292,-0.916363506991114));
#3565=CARTESIAN_POINT('Ctrl Pts',(44.3861153940005,18.1659422657268,-2.0765579049879));
#3566=CARTESIAN_POINT('Ctrl Pts',(42.0614890330761,16.8106619155179,-2.87430369359082));
#3567=CARTESIAN_POINT('Ctrl Pts',(39.9995428459637,16.5281047389931,-3.04122332338629));
#3568=CARTESIAN_POINT('Ctrl Pts',(37.9387420717164,16.8099971247964,-2.87468509727908));
#3569=CARTESIAN_POINT('Ctrl Pts',(35.6141436034201,18.1682373152213,-2.07455114167628));
#3570=CARTESIAN_POINT('Ctrl Pts',(33.8994600252422,20.5907908272886,-0.841649643419596));
#3571=CARTESIAN_POINT('Ctrl Pts',(33.0935880774101,23.3294507187755,-0.0303719847791784));
#3572=CARTESIAN_POINT('Ctrl Pts',(33.0928601267738,25.969869552148,-0.0280162160436789));
#3573=CARTESIAN_POINT('Ctrl Pts',(33.6689886830806,27.9299301374288,-0.610636884572829));
#3574=CARTESIAN_POINT('Ctrl Pts',(34.3674512750551,29.2770373965345,-1.16431449202716));
#3575=CARTESIAN_POINT('Ctrl Pts',(35.2163862711008,30.4831326114113,-1.74230072123652));
#3576=CARTESIAN_POINT('Ctrl Pts',(36.53268636076,31.7037229134451,-2.41250620629367));
#3577=CARTESIAN_POINT('Ctrl Pts',(38.7603616889564,32.7695857776905,-3.03870838719515));
#3578=CARTESIAN_POINT('Ctrl Pts',(41.5953930988885,32.7649705190731,-3.03873354090045));
#3579=CARTESIAN_POINT('Ctrl Pts',(43.921424720946,31.4047173294642,-2.23203252329504));
#3580=CARTESIAN_POINT('Ctrl Pts',(45.3484188055876,29.7660981224971,-1.38258999964308));
#3581=CARTESIAN_POINT('Ctrl Pts',(46.1831545054446,28.2870483363703,-0.736483449282938));
#3582=CARTESIAN_POINT('Ctrl Pts',(46.741201552371,26.5696551623123,-0.204484584340969));
#3583=CARTESIAN_POINT('Ctrl Pts',(46.8795178167468,25.291203790235,-0.054907937749369));
#3584=CARTESIAN_POINT('Ctrl Pts',(46.8795178167468,24.65,-0.0549079377493685));
#3585=CARTESIAN_POINT('Ctrl Pts',(47.0217391304348,24.65,0.101157949744256));
#3586=CARTESIAN_POINT('Ctrl Pts',(47.0217391304348,23.9842471380575,0.101157949744257));
#3587=CARTESIAN_POINT('Ctrl Pts',(46.8908896829874,22.6550192202915,-0.0475637655153863));
#3588=CARTESIAN_POINT('Ctrl Pts',(46.1656603397769,20.2728323602662,-0.76841372223697));
#3589=CARTESIAN_POINT('Ctrl Pts',(44.5957724229028,17.8720385558077,-1.96682776892867));
#3590=CARTESIAN_POINT('Ctrl Pts',(42.2031297176454,16.3882208165074,-2.85387678475521));
#3591=CARTESIAN_POINT('Ctrl Pts',(39.9992943921924,16.070655609561,-3.04868295395647));
#3592=CARTESIAN_POINT('Ctrl Pts',(37.7969430708794,16.3875701232406,-2.85422887802128));
#3593=CARTESIAN_POINT('Ctrl Pts',(35.4054777152551,17.874196928741,-1.96527779914861));
#3594=CARTESIAN_POINT('Ctrl Pts',(33.7297414197105,20.4289142220741,-0.691022187348977));
#3595=CARTESIAN_POINT('Ctrl Pts',(32.9519129937771,23.2799908149449,0.126064280022737));
#3596=CARTESIAN_POINT('Ctrl Pts',(32.9518394162232,26.0193445620177,0.128446235806788));
#3597=CARTESIAN_POINT('Ctrl Pts',(33.5064487405837,28.0599552545777,-0.458496605521544));
#3598=CARTESIAN_POINT('Ctrl Pts',(34.1880643475043,29.4720358867814,-1.02560037064494));
#3599=CARTESIAN_POINT('Ctrl Pts',(35.0249297345822,30.7450788525984,-1.62582635759342));
#3600=CARTESIAN_POINT('Ctrl Pts',(36.3450623058367,32.0491023932126,-2.337589523474));
#3601=CARTESIAN_POINT('Ctrl Pts',(38.6618788078432,33.2248416003583,-3.04412125612039));
#3602=CARTESIAN_POINT('Ctrl Pts',(41.7229087511016,33.2173276397371,-3.04040335150675));
#3603=CARTESIAN_POINT('Ctrl Pts',(44.1173718126577,31.7230497460017,-2.13939923821523));
#3604=CARTESIAN_POINT('Ctrl Pts',(45.5336890184698,29.9861991805283,-1.25039772604437));
#3605=CARTESIAN_POINT('Ctrl Pts',(46.3500344868063,28.43266422173,-0.586295034410772));
#3606=CARTESIAN_POINT('Ctrl Pts',(46.8888160421451,26.6433809428423,-0.0489400140514501));
#3607=CARTESIAN_POINT('Ctrl Pts',(47.0217391304348,25.3157528619425,0.101157949744253));
#3608=CARTESIAN_POINT('Ctrl Pts',(47.0217391304348,24.65,0.101157949744254));
#3609=CARTESIAN_POINT('',(46.5,24.65,-1.24596669241485));
#3610=CARTESIAN_POINT('Origin',(48.5,24.65,-1.24596669241485));
#3611=CARTESIAN_POINT('Ctrl Pts',(46.5,24.65,-1.24596669241484));
#3612=CARTESIAN_POINT('Ctrl Pts',(46.5,24.1408948702792,-1.24596669241484));
#3613=CARTESIAN_POINT('Ctrl Pts',(46.3788731121153,23.1244264625759,-1.42599824246599));
#3614=CARTESIAN_POINT('Ctrl Pts',(45.7075307789266,21.3027541578506,-2.29860608481317));
#3615=CARTESIAN_POINT('Ctrl Pts',(44.2542908806438,19.4668530132647,-3.74931782554521));
#3616=CARTESIAN_POINT('Ctrl Pts',(42.0394296767058,18.3321688596821,-4.82311400259844));
#3617=CARTESIAN_POINT('Ctrl Pts',(39.9993468212555,18.0893248778996,-5.05893199689467));
#3618=CARTESIAN_POINT('Ctrl Pts',(37.9606377033837,18.3316712707134,-4.8235402207626));
#3619=CARTESIAN_POINT('Ctrl Pts',(35.7468663679916,19.4685035337431,-3.74744154633779));
#3620=CARTESIAN_POINT('Ctrl Pts',(34.1956429860478,21.4221108757037,-2.20492159521192));
#3621=CARTESIAN_POINT('Ctrl Pts',(33.4756098611125,23.6023459173108,-1.215816924183));
#3622=CARTESIAN_POINT('Ctrl Pts',(33.4755417506215,25.697145841543,-1.21293350402336));
#3623=CARTESIAN_POINT('Ctrl Pts',(33.9889417134196,27.2576128417359,-1.92344325931556));
#3624=CARTESIAN_POINT('Ctrl Pts',(34.6199109594544,28.3374392075387,-2.60993729078072));
#3625=CARTESIAN_POINT('Ctrl Pts',(35.3945943982665,29.310942651987,-3.33652664340256));
#3626=CARTESIAN_POINT('Ctrl Pts',(36.6166366236693,30.3081371242214,-4.19813468631063));
#3627=CARTESIAN_POINT('Ctrl Pts',(38.7613057694895,31.2072318120387,-5.05340994161942));
#3628=CARTESIAN_POINT('Ctrl Pts',(41.5948907634036,31.2014858421519,-5.04890932024501));
#3629=CARTESIAN_POINT('Ctrl Pts',(43.811437064968,30.0588027469425,-3.95822013047106));
#3630=CARTESIAN_POINT('Ctrl Pts',(45.1225170790169,28.7306229027569,-2.88206040521161));
#3631=CARTESIAN_POINT('Ctrl Pts',(45.8782052989321,27.542625581323,-2.07814662060251));
#3632=CARTESIAN_POINT('Ctrl Pts',(46.3769535498495,26.1743501327618,-1.42766422753596));
#3633=CARTESIAN_POINT('Ctrl Pts',(46.5,25.1591051297208,-1.24596669241484));
#3634=CARTESIAN_POINT('Ctrl Pts',(46.5,24.65,-1.24596669241484));
#3635=CARTESIAN_POINT('Origin',(40.,24.65,-7.00000000000001));
#3636=CARTESIAN_POINT('',(46.5,24.65,-7.00000000000001));
#3637=CARTESIAN_POINT('Origin',(40.,24.65,-7.00000000000001));
#3638=CARTESIAN_POINT('',(46.5,24.65,-7.00000000000001));
#3639=CARTESIAN_POINT('Ctrl Pts',(66.5,7.35,-1.24596669241484));
#3640=CARTESIAN_POINT('Ctrl Pts',(66.5,6.84089487027918,-1.24596669241484));
#3641=CARTESIAN_POINT('Ctrl Pts',(66.3788711694526,5.82442768238974,-1.42600441117861));
#3642=CARTESIAN_POINT('Ctrl Pts',(65.7075398598003,4.00275333958477,-2.29860740276948));
#3643=CARTESIAN_POINT('Ctrl Pts',(64.2542986617316,2.16685318082985,-3.74931953556006));
#3644=CARTESIAN_POINT('Ctrl Pts',(62.0394173939499,1.03216835094621,-4.82311625828459));
#3645=CARTESIAN_POINT('Ctrl Pts',(59.9993392208594,0.789325097438494,-5.05893127452527));
#3646=CARTESIAN_POINT('Ctrl Pts',(57.9606400606763,1.03167354520348,-4.82353961640813));
#3647=CARTESIAN_POINT('Ctrl Pts',(55.7468678345729,2.16850356067345,-3.74744279534381));
#3648=CARTESIAN_POINT('Ctrl Pts',(54.1956411625798,4.12211240474564,-2.20492345780172));
#3649=CARTESIAN_POINT('Ctrl Pts',(53.4756172190288,6.30235053380629,-1.21583182510163));
#3650=CARTESIAN_POINT('Ctrl Pts',(53.4755424609754,8.39714652046653,-1.21294044662255));
#3651=CARTESIAN_POINT('Ctrl Pts',(53.9889399384339,9.95761776627215,-1.92344212760562));
#3652=CARTESIAN_POINT('Ctrl Pts',(54.619910925205,11.0374471522468,-2.60994771036537));
#3653=CARTESIAN_POINT('Ctrl Pts',(55.3945937749626,12.0109490721459,-3.33653263150364));
#3654=CARTESIAN_POINT('Ctrl Pts',(56.6166351711312,13.0081495883019,-4.19814892690716));
#3655=CARTESIAN_POINT('Ctrl Pts',(58.7613078193486,13.9072361660503,-5.05341653272568));
#3656=CARTESIAN_POINT('Ctrl Pts',(61.5949055146513,13.9014610663162,-5.04888384388687));
#3657=CARTESIAN_POINT('Ctrl Pts',(63.8114187679878,12.7588006778878,-3.95821625441781));
#3658=CARTESIAN_POINT('Ctrl Pts',(65.122512003337,11.4306103176007,-2.88205168088407));
#3659=CARTESIAN_POINT('Ctrl Pts',(65.8781985872009,10.2426226389816,-2.07815014345625));
#3660=CARTESIAN_POINT('Ctrl Pts',(66.3769499490092,8.87434386941506,-1.42767126374583));
#3661=CARTESIAN_POINT('Ctrl Pts',(66.5,7.85910512972082,-1.24596669241483));
#3662=CARTESIAN_POINT('Ctrl Pts',(66.5,7.35,-1.24596669241483));
#3663=CARTESIAN_POINT('Ctrl Pts',(66.5,7.35,-0.964436071838106));
#3664=CARTESIAN_POINT('Ctrl Pts',(66.5,6.81671885427858,-0.964436071838105));
#3665=CARTESIAN_POINT('Ctrl Pts',(66.3661952057735,5.75168283066599,-1.13529094865181));
#3666=CARTESIAN_POINT('Ctrl Pts',(65.6395178575934,3.86445068675147,-1.95793650510664));
#3667=CARTESIAN_POINT('Ctrl Pts',(64.0841589289625,2.02683573180453,-3.30690551873721));
#3668=CARTESIAN_POINT('Ctrl Pts',(61.898082409916,1.00502044129566,-4.25137727973763));
#3669=CARTESIAN_POINT('Ctrl Pts',(59.9998378991758,0.800787512901985,-4.45058133715482));
#3670=CARTESIAN_POINT('Ctrl Pts',(58.1026472132619,1.00446817784392,-4.25181939067045));
#3671=CARTESIAN_POINT('Ctrl Pts',(55.9154746722465,2.02965695080708,-3.30453571675442));
#3672=CARTESIAN_POINT('Ctrl Pts',(54.2580329536133,3.98364102348233,-1.87106071473117));
#3673=CARTESIAN_POINT('Ctrl Pts',(53.4737284975096,6.24980935979278,-0.936202460555104));
#3674=CARTESIAN_POINT('Ctrl Pts',(53.4726757426459,8.44973933826144,-0.933447068003781));
#3675=CARTESIAN_POINT('Ctrl Pts',(54.0340164951004,10.0715774441532,-1.60497450090591));
#3676=CARTESIAN_POINT('Ctrl Pts',(54.7097027202748,11.1714493934159,-2.24667122977782));
#3677=CARTESIAN_POINT('Ctrl Pts',(55.5268890510332,12.1434426622384,-2.91908593354945));
#3678=CARTESIAN_POINT('Ctrl Pts',(56.7819817274196,13.1048352606781,-3.7041154326784));
#3679=CARTESIAN_POINT('Ctrl Pts',(58.8653649166034,13.8985829323285,-4.4471830247236));
#3680=CARTESIAN_POINT('Ctrl Pts',(61.4595354403996,13.8996807482075,-4.44675486124422));
#3681=CARTESIAN_POINT('Ctrl Pts',(63.6471657038799,12.8766576660427,-3.49076570461171));
#3682=CARTESIAN_POINT('Ctrl Pts',(65.0158137024039,11.5687518671884,-2.49993631376779));
#3683=CARTESIAN_POINT('Ctrl Pts',(65.8223047606939,10.3649436597452,-1.75043348001886));
#3684=CARTESIAN_POINT('Ctrl Pts',(66.3652348358737,8.94661929122836,-1.13662136498982));
#3685=CARTESIAN_POINT('Ctrl Pts',(66.5,7.88328114572138,-0.964436071838102));
#3686=CARTESIAN_POINT('Ctrl Pts',(66.5,7.35,-0.964436071838102));
#3687=CARTESIAN_POINT('Ctrl Pts',(66.6056665548369,7.35,-0.472013670270165));
#3688=CARTESIAN_POINT('Ctrl Pts',(66.6056665548369,6.76609274196207,-0.472013670270164));
#3689=CARTESIAN_POINT('Ctrl Pts',(66.4603338343436,5.6003826437479,-0.626325482595669));
#3690=CARTESIAN_POINT('Ctrl Pts',(65.6827907761987,3.53988633862585,-1.36202900526691));
#3691=CARTESIAN_POINT('Ctrl Pts',(64.0230139621278,1.55189107115263,-2.533472168179));
#3692=CARTESIAN_POINT('Ctrl Pts',(61.8161421077333,0.498363516437333,-3.26107023015775));
#3693=CARTESIAN_POINT('Ctrl Pts',(59.9999180138057,0.298078240247545,-3.39997242321682));
#3694=CARTESIAN_POINT('Ctrl Pts',(58.1842256562129,0.497674943187078,-3.26153916927043));
#3695=CARTESIAN_POINT('Ctrl Pts',(55.9755943343611,1.55467570623429,-2.53099362550684));
#3696=CARTESIAN_POINT('Ctrl Pts',(54.2086577334563,3.66849183680552,-1.28689658020574));
#3697=CARTESIAN_POINT('Ctrl Pts',(53.3670064090694,6.14484795409724,-0.446557608545438));
#3698=CARTESIAN_POINT('Ctrl Pts',(53.3651552778435,8.55446350669977,-0.44400328823087));
#3699=CARTESIAN_POINT('Ctrl Pts',(53.9694785037271,10.3266065967523,-1.04743576776528));
#3700=CARTESIAN_POINT('Ctrl Pts',(54.6895987237356,11.5220212103859,-1.61118805043673));
#3701=CARTESIAN_POINT('Ctrl Pts',(55.5525650248163,12.5715871124156,-2.19035478243446));
#3702=CARTESIAN_POINT('Ctrl Pts',(56.8576323941253,13.5968519229233,-2.84421700164271));
#3703=CARTESIAN_POINT('Ctrl Pts',(58.9309680563482,14.4045638889852,-3.40081342684377));
#3704=CARTESIAN_POINT('Ctrl Pts',(61.3746841574451,14.4072187628691,-3.40512440180596));
#3705=CARTESIAN_POINT('Ctrl Pts',(63.5819654411854,13.3610169349789,-2.676917077777));
#3706=CARTESIAN_POINT('Ctrl Pts',(65.0189845547067,11.9524590773814,-1.83188627114707));
#3707=CARTESIAN_POINT('Ctrl Pts',(65.8770431579409,10.6472500046316,-1.17723191342442));
#3708=CARTESIAN_POINT('Ctrl Pts',(66.4603193291692,9.09765683428352,-0.62733609140695));
#3709=CARTESIAN_POINT('Ctrl Pts',(66.6056665548369,7.93390725803783,-0.47201367027016));
#3710=CARTESIAN_POINT('Ctrl Pts',(66.6056665548369,7.35,-0.472013670270159));
#3711=CARTESIAN_POINT('Ctrl Pts',(66.8795178167468,7.35,-0.054907937749358));
#3712=CARTESIAN_POINT('Ctrl Pts',(66.8795178167468,6.70879620976487,-0.0549079377493578));
#3713=CARTESIAN_POINT('Ctrl Pts',(66.7425395343837,5.42865458998501,-0.203279793533338));
#3714=CARTESIAN_POINT('Ctrl Pts',(65.9941615066682,3.14295381227354,-0.916368632123614));
#3715=CARTESIAN_POINT('Ctrl Pts',(64.3861199603686,0.86594139582876,-2.07656277107469));
#3716=CARTESIAN_POINT('Ctrl Pts',(62.0614803768122,-0.489340569341976,-2.87429958752663));
#3717=CARTESIAN_POINT('Ctrl Pts',(59.999538052222,-0.771900511246012,-3.04121626971075));
#3718=CARTESIAN_POINT('Ctrl Pts',(57.9387433810663,-0.490002023675797,-2.8746775703189));
#3719=CARTESIAN_POINT('Ctrl Pts',(55.6141452990464,0.868238273196478,-2.07455286303757));
#3720=CARTESIAN_POINT('Ctrl Pts',(53.8994590217135,3.29079339587015,-0.84165378918078));
#3721=CARTESIAN_POINT('Ctrl Pts',(53.0935947439688,6.02945596491761,-0.030387001595037));
#3722=CARTESIAN_POINT('Ctrl Pts',(53.0928609776064,8.66986807822643,-0.0280237896478541));
#3723=CARTESIAN_POINT('Ctrl Pts',(53.6689856295511,10.6299322569178,-0.610636505465319));
#3724=CARTESIAN_POINT('Ctrl Pts',(54.3674506109066,11.9770418747444,-1.16432106651035));
#3725=CARTESIAN_POINT('Ctrl Pts',(55.2163847894457,13.1831366823425,-1.7423031601969));
#3726=CARTESIAN_POINT('Ctrl Pts',(56.5326850203201,14.4037344428422,-2.41250970032771));
#3727=CARTESIAN_POINT('Ctrl Pts',(58.7603626254069,15.4695950379607,-3.03870588888584));
#3728=CARTESIAN_POINT('Ctrl Pts',(61.5954024230792,15.4649587286579,-3.03871866955291));
#3729=CARTESIAN_POINT('Ctrl Pts',(63.9214120733404,14.1047131532774,-2.23202738446235));
#3730=CARTESIAN_POINT('Ctrl Pts',(65.3484145540438,12.4660863125847,-1.38258871709985));
#3731=CARTESIAN_POINT('Ctrl Pts',(66.1831488707552,10.9870440242625,-0.736487763048741));
#3732=CARTESIAN_POINT('Ctrl Pts',(66.7411974869663,9.26964779418505,-0.204492535735294));
#3733=CARTESIAN_POINT('Ctrl Pts',(66.8795178167468,7.99120379023497,-0.0549079377493518));
#3734=CARTESIAN_POINT('Ctrl Pts',(66.8795178167468,7.35,-0.0549079377493516));
#3735=CARTESIAN_POINT('Ctrl Pts',(67.0217391304348,7.35,0.101157949744264));
#3736=CARTESIAN_POINT('Ctrl Pts',(67.0217391304348,6.68424713805733,0.101157949744265));
#3737=CARTESIAN_POINT('Ctrl Pts',(66.8908875843919,5.35502081543273,-0.0475688614084247));
#3738=CARTESIAN_POINT('Ctrl Pts',(66.1656701495502,2.97283129022623,-0.768414810983483));
#3739=CARTESIAN_POINT('Ctrl Pts',(64.5957808285596,0.572038774931338,-1.96682918154963));
#3740=CARTESIAN_POINT('Ctrl Pts',(62.2031164489827,-0.911779848762636,-2.85387864814813));
#3741=CARTESIAN_POINT('Ctrl Pts',(59.9992861817311,-1.22934410334967,-3.04868235721653));
#3742=CARTESIAN_POINT('Ctrl Pts',(57.7969456173861,-0.912426902426204,-2.85422837877193));
#3743=CARTESIAN_POINT('Ctrl Pts',(55.4054792995553,0.574196963957581,-1.96527883093618));
#3744=CARTESIAN_POINT('Ctrl Pts',(53.7297394498772,3.12891622159046,-0.691023726010116));
#3745=CARTESIAN_POINT('Ctrl Pts',(52.9519209422954,5.97999685190054,0.126051970568221));
#3746=CARTESIAN_POINT('Ctrl Pts',(52.9518401835955,8.71934544984085,0.128440500616153));
#3747=CARTESIAN_POINT('Ctrl Pts',(53.5064468231243,10.7599616943559,-0.458495670630728));
#3748=CARTESIAN_POINT('Ctrl Pts',(54.1880643105057,12.172046276015,-1.02560897812792));
#3749=CARTESIAN_POINT('Ctrl Pts',(55.0249290612472,13.4450872481909,-1.62583130428562));
#3750=CARTESIAN_POINT('Ctrl Pts',(56.3450607367069,14.7491186923948,-2.33760128744504));
#3751=CARTESIAN_POINT('Ctrl Pts',(58.6618810222395,15.9248472940658,-3.04412670094729));
#3752=CARTESIAN_POINT('Ctrl Pts',(61.722924686396,15.9172952405674,-3.04038230581961));
#3753=CARTESIAN_POINT('Ctrl Pts',(64.1173520470236,14.4230470403148,-2.13939603625819));
#3754=CARTESIAN_POINT('Ctrl Pts',(65.5336835353774,12.6861827230162,-1.25039051899119));
#3755=CARTESIAN_POINT('Ctrl Pts',(66.3500272363408,11.1326603740529,-0.586297944594291));
#3756=CARTESIAN_POINT('Ctrl Pts',(66.8888121522741,9.34337275231199,-0.0489458265726441));
#3757=CARTESIAN_POINT('Ctrl Pts',(67.0217391304348,8.01575286194248,0.101157949744271));
#3758=CARTESIAN_POINT('Ctrl Pts',(67.0217391304348,7.35,0.101157949744271));
#3759=CARTESIAN_POINT('',(67.0217391304348,7.35,0.101157949744267));
#3760=CARTESIAN_POINT('',(66.5,7.35,-1.24596669241483));
#3761=CARTESIAN_POINT('Origin',(68.5,7.35,-1.24596669241483));
#3762=CARTESIAN_POINT('Ctrl Pts',(66.5,7.35,-1.24596669241484));
#3763=CARTESIAN_POINT('Ctrl Pts',(66.5,6.84089487027918,-1.24596669241484));
#3764=CARTESIAN_POINT('Ctrl Pts',(66.3788711694526,5.82442768238974,-1.42600441117861));
#3765=CARTESIAN_POINT('Ctrl Pts',(65.7075398598003,4.00275333958477,-2.29860740276948));
#3766=CARTESIAN_POINT('Ctrl Pts',(64.2542986617316,2.16685318082985,-3.74931953556006));
#3767=CARTESIAN_POINT('Ctrl Pts',(62.0394173939499,1.03216835094621,-4.82311625828459));
#3768=CARTESIAN_POINT('Ctrl Pts',(59.9993392208594,0.789325097438494,-5.05893127452527));
#3769=CARTESIAN_POINT('Ctrl Pts',(57.9606400606763,1.03167354520348,-4.82353961640813));
#3770=CARTESIAN_POINT('Ctrl Pts',(55.7468678345729,2.16850356067345,-3.74744279534381));
#3771=CARTESIAN_POINT('Ctrl Pts',(54.1956411625798,4.12211240474564,-2.20492345780172));
#3772=CARTESIAN_POINT('Ctrl Pts',(53.4756172190288,6.30235053380629,-1.21583182510163));
#3773=CARTESIAN_POINT('Ctrl Pts',(53.4755424609754,8.39714652046653,-1.21294044662255));
#3774=CARTESIAN_POINT('Ctrl Pts',(53.9889399384339,9.95761776627215,-1.92344212760562));
#3775=CARTESIAN_POINT('Ctrl Pts',(54.619910925205,11.0374471522468,-2.60994771036537));
#3776=CARTESIAN_POINT('Ctrl Pts',(55.3945937749626,12.0109490721459,-3.33653263150364));
#3777=CARTESIAN_POINT('Ctrl Pts',(56.6166351711312,13.0081495883019,-4.19814892690716));
#3778=CARTESIAN_POINT('Ctrl Pts',(58.7613078193486,13.9072361660503,-5.05341653272568));
#3779=CARTESIAN_POINT('Ctrl Pts',(61.5949055146513,13.9014610663162,-5.04888384388687));
#3780=CARTESIAN_POINT('Ctrl Pts',(63.8114187679878,12.7588006778878,-3.95821625441781));
#3781=CARTESIAN_POINT('Ctrl Pts',(65.122512003337,11.4306103176007,-2.88205168088407));
#3782=CARTESIAN_POINT('Ctrl Pts',(65.8781985872009,10.2426226389816,-2.07815014345625));
#3783=CARTESIAN_POINT('Ctrl Pts',(66.3769499490092,8.87434386941506,-1.42767126374583));
#3784=CARTESIAN_POINT('Ctrl Pts',(66.5,7.85910512972082,-1.24596669241483));
#3785=CARTESIAN_POINT('Ctrl Pts',(66.5,7.35,-1.24596669241483));
#3786=CARTESIAN_POINT('Ctrl Pts',(67.0217391304348,7.35,0.101157949744271));
#3787=CARTESIAN_POINT('Ctrl Pts',(67.0217391304348,8.01575286194248,0.101157949744271));
#3788=CARTESIAN_POINT('Ctrl Pts',(66.8888121522741,9.34337275231199,-0.0489458265726441));
#3789=CARTESIAN_POINT('Ctrl Pts',(66.3500272363408,11.1326603740529,-0.586297944594291));
#3790=CARTESIAN_POINT('Ctrl Pts',(65.5336835353774,12.6861827230162,-1.25039051899119));
#3791=CARTESIAN_POINT('Ctrl Pts',(64.1173520470236,14.4230470403148,-2.13939603625819));
#3792=CARTESIAN_POINT('Ctrl Pts',(61.722924686396,15.9172952405674,-3.04038230581961));
#3793=CARTESIAN_POINT('Ctrl Pts',(58.6618810222395,15.9248472940658,-3.04412670094729));
#3794=CARTESIAN_POINT('Ctrl Pts',(56.3450607367069,14.7491186923948,-2.33760128744504));
#3795=CARTESIAN_POINT('Ctrl Pts',(55.0249290612472,13.4450872481909,-1.62583130428562));
#3796=CARTESIAN_POINT('Ctrl Pts',(54.1880643105057,12.172046276015,-1.02560897812792));
#3797=CARTESIAN_POINT('Ctrl Pts',(53.5064468231243,10.7599616943559,-0.458495670630728));
#3798=CARTESIAN_POINT('Ctrl Pts',(52.9518401835955,8.71934544984085,0.128440500616153));
#3799=CARTESIAN_POINT('Ctrl Pts',(52.9519209422954,5.97999685190054,0.126051970568221));
#3800=CARTESIAN_POINT('Ctrl Pts',(53.7297394498772,3.12891622159046,-0.691023726010116));
#3801=CARTESIAN_POINT('Ctrl Pts',(55.4054792995553,0.574196963957581,-1.96527883093618));
#3802=CARTESIAN_POINT('Ctrl Pts',(57.7969456173861,-0.912426902426204,-2.85422837877193));
#3803=CARTESIAN_POINT('Ctrl Pts',(59.9992861817311,-1.22934410334967,-3.04868235721653));
#3804=CARTESIAN_POINT('Ctrl Pts',(62.2031164489827,-0.911779848762636,-2.85387864814813));
#3805=CARTESIAN_POINT('Ctrl Pts',(64.5957808285596,0.572038774931338,-1.96682918154963));
#3806=CARTESIAN_POINT('Ctrl Pts',(66.1656701495502,2.97283129022623,-0.768414810983483));
#3807=CARTESIAN_POINT('Ctrl Pts',(66.8908875843919,5.35502081543273,-0.0475688614084247));
#3808=CARTESIAN_POINT('Ctrl Pts',(67.0217391304348,6.68424713805733,0.101157949744265));
#3809=CARTESIAN_POINT('Ctrl Pts',(67.0217391304348,7.35,0.101157949744264));
#3810=CARTESIAN_POINT('Origin',(60.,-3.5,6.5));
#3811=CARTESIAN_POINT('',(68.8317608663279,-3.5,10.));
#3812=CARTESIAN_POINT('',(51.1682391336721,-3.5,10.));
#3813=CARTESIAN_POINT('Origin',(60.,-3.5,6.5));
#3814=CARTESIAN_POINT('',(68.8317608663279,35.5,9.99999999999999));
#3815=CARTESIAN_POINT('',(68.8317608663279,-3.5,10.));
#3816=CARTESIAN_POINT('',(51.1682391336721,35.5,9.99999999999999));
#3817=CARTESIAN_POINT('Origin',(60.,35.5,6.49999999999999));
#3818=CARTESIAN_POINT('',(51.1682391336721,-3.5,10.));
#3819=CARTESIAN_POINT('',(67.0217391304348,24.65,0.101157949744263));
#3820=CARTESIAN_POINT('Ctrl Pts',(67.0217391304348,24.65,0.101157949744267));
#3821=CARTESIAN_POINT('Ctrl Pts',(67.0217391304348,25.3157528619425,0.101157949744267));
#3822=CARTESIAN_POINT('Ctrl Pts',(66.888786634372,26.6433203521581,-0.0489791673600354));
#3823=CARTESIAN_POINT('Ctrl Pts',(66.3499803589184,28.4326359120655,-0.586320688010512));
#3824=CARTESIAN_POINT('Ctrl Pts',(65.5336445564359,29.9860734317789,-1.25034032859882));
#3825=CARTESIAN_POINT('Ctrl Pts',(64.1172284495795,31.7230427547604,-2.13940790519871));
#3826=CARTESIAN_POINT('Ctrl Pts',(61.723034524729,33.2170599873433,-3.04018876141556));
#3827=CARTESIAN_POINT('Ctrl Pts',(58.6619141094868,33.2250065512488,-3.04433829926009));
#3828=CARTESIAN_POINT('Ctrl Pts',(56.3451167510597,32.0491686349764,-2.3375155443417));
#3829=CARTESIAN_POINT('Ctrl Pts',(55.0250107785386,30.7455435575803,-1.62640436275986));
#3830=CARTESIAN_POINT('Ctrl Pts',(54.1879006576632,29.4720368871153,-1.02548297416976));
#3831=CARTESIAN_POINT('Ctrl Pts',(53.5064175006549,28.0600670153376,-0.458558845026805));
#3832=CARTESIAN_POINT('Ctrl Pts',(52.9518052232847,26.0193370813237,0.128445504444183));
#3833=CARTESIAN_POINT('Ctrl Pts',(52.9519638737875,23.2800490922269,0.125961238690165));
#3834=CARTESIAN_POINT('Ctrl Pts',(53.729719539112,20.4289270624751,-0.691027538833124));
#3835=CARTESIAN_POINT('Ctrl Pts',(55.4054897692302,17.8742032429522,-1.96529182048456));
#3836=CARTESIAN_POINT('Ctrl Pts',(57.796955254613,16.387591167236,-2.85422464940229));
#3837=CARTESIAN_POINT('Ctrl Pts',(59.9992318788038,16.0706587998731,-3.0486800559185));
#3838=CARTESIAN_POINT('Ctrl Pts',(62.2030320397206,16.3882163328554,-2.85389057926217));
#3839=CARTESIAN_POINT('Ctrl Pts',(64.5958294296305,17.8720400703062,-1.9668394429963));
#3840=CARTESIAN_POINT('Ctrl Pts',(66.1657314447521,20.2728249780858,-0.768423192851425));
#3841=CARTESIAN_POINT('Ctrl Pts',(66.8908767684072,22.6550302291467,-0.0475999837339774));
#3842=CARTESIAN_POINT('Ctrl Pts',(67.0217391304348,23.9842471380575,0.101157949744263));
#3843=CARTESIAN_POINT('Ctrl Pts',(67.0217391304348,24.65,0.101157949744261));
#3844=CARTESIAN_POINT('Origin',(60.,7.35,-7.));
#3845=CARTESIAN_POINT('',(66.5,7.35,-7.));
#3846=CARTESIAN_POINT('Origin',(60.,7.35,-7.));
#3847=CARTESIAN_POINT('',(66.5,7.35,-7.));
#3848=CARTESIAN_POINT('Ctrl Pts',(66.5,24.65,-1.24596669241484));
#3849=CARTESIAN_POINT('Ctrl Pts',(66.5,24.1408948702792,-1.24596669241484));
#3850=CARTESIAN_POINT('Ctrl Pts',(66.3788611571323,23.1244348811122,-1.4260420855727));
#3851=CARTESIAN_POINT('Ctrl Pts',(65.70759660056,21.3027485126538,-2.29861754924121));
#3852=CARTESIAN_POINT('Ctrl Pts',(64.2543436515774,19.4668541714106,-3.7493319573113));
#3853=CARTESIAN_POINT('Ctrl Pts',(62.0393392565835,18.332165431007,-4.82313070121211));
#3854=CARTESIAN_POINT('Ctrl Pts',(59.9992889528245,18.08932731755,-5.05892848874345));
#3855=CARTESIAN_POINT('Ctrl Pts',(57.9606489818244,18.3316873631804,-4.82353510190805));
#3856=CARTESIAN_POINT('Ctrl Pts',(55.7468775263153,19.4685083622575,-3.74745851953393));
#3857=CARTESIAN_POINT('Ctrl Pts',(54.1956227312523,21.4221206948339,-2.20492807332431));
#3858=CARTESIAN_POINT('Ctrl Pts',(53.4756569605649,23.6023904822911,-1.21594165842769));
#3859=CARTESIAN_POINT('Ctrl Pts',(53.4755100983348,25.6971401210123,-1.21293438935704));
#3860=CARTESIAN_POINT('Ctrl Pts',(53.9889127947239,27.2576983058464,-1.92351860187456));
#3861=CARTESIAN_POINT('Ctrl Pts',(54.619759432326,28.3374399725,-2.60979517925813));
#3862=CARTESIAN_POINT('Ctrl Pts',(55.3946694203809,29.3112980146202,-3.33722633386719));
#3863=CARTESIAN_POINT('Ctrl Pts',(56.6166870234268,30.3081877796879,-4.19804513262416));
#3864=CARTESIAN_POINT('Ctrl Pts',(58.7613384481008,31.207357950955,-5.05367267805168));
#3865=CARTESIAN_POINT('Ctrl Pts',(61.5950071916222,31.2012811667919,-5.04864955329252));
#3866=CARTESIAN_POINT('Ctrl Pts',(63.8113043542547,30.0587974006991,-3.95823062208264));
#3867=CARTESIAN_POINT('Ctrl Pts',(65.1224759206635,28.7305267419485,-2.88199092409331));
#3868=CARTESIAN_POINT('Ctrl Pts',(65.8781551929307,27.5426039327561,-2.0781776749601));
#3869=CARTESIAN_POINT('Ctrl Pts',(66.3769263271741,26.1743037987091,-1.42771162364636));
#3870=CARTESIAN_POINT('Ctrl Pts',(66.5,25.1591051297208,-1.24596669241484));
#3871=CARTESIAN_POINT('Ctrl Pts',(66.5,24.65,-1.24596669241484));
#3872=CARTESIAN_POINT('Ctrl Pts',(66.5,24.65,-0.964436071838108));
#3873=CARTESIAN_POINT('Ctrl Pts',(66.5,24.1167188542786,-0.964436071838107));
#3874=CARTESIAN_POINT('Ctrl Pts',(66.3661743222866,23.0516530334475,-1.13534359446328));
#3875=CARTESIAN_POINT('Ctrl Pts',(65.6395064102268,21.164354181516,-1.95798740851982));
#3876=CARTESIAN_POINT('Ctrl Pts',(64.0840571698105,19.3267828826644,-3.30694592488024));
#3877=CARTESIAN_POINT('Ctrl Pts',(61.8979298309107,18.3051639041271,-4.25132938892224));
#3878=CARTESIAN_POINT('Ctrl Pts',(59.9998314317322,18.100995786671,-4.45049712668277));
#3879=CARTESIAN_POINT('Ctrl Pts',(58.1027631370076,18.3046534832633,-4.25174235940196));
#3880=CARTESIAN_POINT('Ctrl Pts',(55.9156180596356,19.3296438795395,-3.30456336711826));
#3881=CARTESIAN_POINT('Ctrl Pts',(54.2580250009292,21.2835920917716,-1.8710907200237));
#3882=CARTESIAN_POINT('Ctrl Pts',(53.4737320340527,23.5498200923818,-0.936328922614035));
#3883=CARTESIAN_POINT('Ctrl Pts',(53.4726274490902,25.7496677980967,-0.933440247841703));
#3884=CARTESIAN_POINT('Ctrl Pts',(54.0339820320905,27.3716128384577,-1.60502736054012));
#3885=CARTESIAN_POINT('Ctrl Pts',(54.7096479655441,28.4711656385103,-2.24641204065749));
#3886=CARTESIAN_POINT('Ctrl Pts',(55.5270047310747,29.4436996564573,-2.91964962523894));
#3887=CARTESIAN_POINT('Ctrl Pts',(56.7821700212152,30.4051230424202,-3.70413594620939));
#3888=CARTESIAN_POINT('Ctrl Pts',(58.8654297064725,31.1984334220456,-4.44729808505818));
#3889=CARTESIAN_POINT('Ctrl Pts',(61.4594532065587,31.1994674641613,-4.4465592766826));
#3890=CARTESIAN_POINT('Ctrl Pts',(63.6470040780067,30.1766235815632,-3.4907600429511));
#3891=CARTESIAN_POINT('Ctrl Pts',(65.0157143413425,28.8687444976016,-2.49992097498682));
#3892=CARTESIAN_POINT('Ctrl Pts',(65.8222517860557,27.6649534596579,-1.75047193025015));
#3893=CARTESIAN_POINT('Ctrl Pts',(66.3652034625704,26.2466076315822,-1.13667616894231));
#3894=CARTESIAN_POINT('Ctrl Pts',(66.5,25.1832811457214,-0.964436071838107));
#3895=CARTESIAN_POINT('Ctrl Pts',(66.5,24.65,-0.964436071838106));
#3896=CARTESIAN_POINT('Ctrl Pts',(66.6056700519232,24.65,-0.472014863309695));
#3897=CARTESIAN_POINT('Ctrl Pts',(66.6056700519232,24.0660927419622,-0.472014863309694));
#3898=CARTESIAN_POINT('Ctrl Pts',(66.4603260279912,22.9003911685971,-0.626363432057149));
#3899=CARTESIAN_POINT('Ctrl Pts',(65.6827915097003,20.8398703453956,-1.36205643532395));
#3900=CARTESIAN_POINT('Ctrl Pts',(64.0230543085763,18.8518337639623,-2.53353812376769));
#3901=CARTESIAN_POINT('Ctrl Pts',(61.8161846193273,17.7983154502494,-3.26110861554596));
#3902=CARTESIAN_POINT('Ctrl Pts',(59.9999213656069,17.5979771338986,-3.40003847760231));
#3903=CARTESIAN_POINT('Ctrl Pts',(58.1841748581664,17.7976494934494,-3.26155215552971));
#3904=CARTESIAN_POINT('Ctrl Pts',(55.9755461444193,18.8546686336527,-2.5310036489222));
#3905=CARTESIAN_POINT('Ctrl Pts',(54.2086380740096,20.9684918637237,-1.28687486815979));
#3906=CARTESIAN_POINT('Ctrl Pts',(53.3670172174358,23.444848864722,-0.446596224462481));
#3907=CARTESIAN_POINT('Ctrl Pts',(53.3650964533373,25.8543937941531,-0.443930736905648));
#3908=CARTESIAN_POINT('Ctrl Pts',(53.9693747367171,27.6265083250825,-1.04733230182947));
#3909=CARTESIAN_POINT('Ctrl Pts',(54.6892932526944,28.8218500017695,-1.61089379433865));
#3910=CARTESIAN_POINT('Ctrl Pts',(55.5524638508378,29.8713657944128,-2.19043737561069));
#3911=CARTESIAN_POINT('Ctrl Pts',(56.8577613949662,30.8970005603193,-2.84422970768565));
#3912=CARTESIAN_POINT('Ctrl Pts',(58.9308980599175,31.7045807315203,-3.40091560301273));
#3913=CARTESIAN_POINT('Ctrl Pts',(61.3747678778352,31.7074688410213,-3.40529606383434));
#3914=CARTESIAN_POINT('Ctrl Pts',(63.5819981784821,30.6609675331135,-2.67689174277049));
#3915=CARTESIAN_POINT('Ctrl Pts',(65.0190141037669,29.2524745848666,-1.83193442334726));
#3916=CARTESIAN_POINT('Ctrl Pts',(65.8770387694339,27.9472254584151,-1.17725852450982));
#3917=CARTESIAN_POINT('Ctrl Pts',(66.4603020640234,26.397631406408,-0.627395027773362));
#3918=CARTESIAN_POINT('Ctrl Pts',(66.6056700519232,25.2339072580378,-0.472014863309691));
#3919=CARTESIAN_POINT('Ctrl Pts',(66.6056700519232,24.65,-0.472014863309691));
#3920=CARTESIAN_POINT('Ctrl Pts',(66.8795178167468,24.65,-0.0549079377493609));
#3921=CARTESIAN_POINT('Ctrl Pts',(66.8795178167468,24.008796209765,-0.0549079377493599));
#3922=CARTESIAN_POINT('Ctrl Pts',(66.7425264589321,22.7286678069513,-0.203321805031473));
#3923=CARTESIAN_POINT('Ctrl Pts',(65.9941934618259,20.4429536176614,-0.916402499110466));
#3924=CARTESIAN_POINT('Ctrl Pts',(64.3861456534322,18.1659342793579,-2.07659187551307));
#3925=CARTESIAN_POINT('Ctrl Pts',(62.061425016964,16.8106415700389,-2.87427148496269));
#3926=CARTESIAN_POINT('Ctrl Pts',(59.9995059313224,16.5280657374781,-3.04116970979024));
#3927=CARTESIAN_POINT('Ctrl Pts',(57.9387471376519,16.8100004221135,-2.87462643951482));
#3928=CARTESIAN_POINT('Ctrl Pts',(55.6141563080246,18.1682470971047,-2.07456697637842));
#3929=CARTESIAN_POINT('Ctrl Pts',(53.8994432746578,20.5908067722208,-0.841668888139201));
#3930=CARTESIAN_POINT('Ctrl Pts',(53.0936266759657,23.3294934795322,-0.0304849074667427));
#3931=CARTESIAN_POINT('Ctrl Pts',(53.0928196569473,25.9698431685081,-0.0280075552425912));
#3932=CARTESIAN_POINT('Ctrl Pts',(53.6689368233691,27.9299703546409,-0.610659713513859));
#3933=CARTESIAN_POINT('Ctrl Pts',(54.3672586052633,29.2769952574704,-1.16409042706251));
#3934=CARTESIAN_POINT('Ctrl Pts',(55.2164237000671,30.4833669050654,-1.74273341215044));
#3935=CARTESIAN_POINT('Ctrl Pts',(56.5327785398322,31.7037905907743,-2.41250335439198));
#3936=CARTESIAN_POINT('Ctrl Pts',(58.7603712109264,32.7697154743388,-3.03881425866783));
#3937=CARTESIAN_POINT('Ctrl Pts',(61.595481012692,32.7648740148316,-3.03859626064311));
#3938=CARTESIAN_POINT('Ctrl Pts',(63.9213289741179,31.4046918629556,-2.2320170896255));
#3939=CARTESIAN_POINT('Ctrl Pts',(65.3483859358159,29.7660088841074,-1.38257836501116));
#3940=CARTESIAN_POINT('Ctrl Pts',(66.1831118934365,28.2870159995186,-0.736517948223655));
#3941=CARTESIAN_POINT('Ctrl Pts',(66.7411717112052,26.5696012726854,-0.204540061501708));
#3942=CARTESIAN_POINT('Ctrl Pts',(66.8795178167468,25.291203790235,-0.0549079377493558));
#3943=CARTESIAN_POINT('Ctrl Pts',(66.8795178167468,24.65,-0.0549079377493553));
#3944=CARTESIAN_POINT('Ctrl Pts',(67.0217391304348,24.65,0.101157949744261));
#3945=CARTESIAN_POINT('Ctrl Pts',(67.0217391304348,23.9842471380575,0.101157949744263));
#3946=CARTESIAN_POINT('Ctrl Pts',(66.8908767684072,22.6550302291467,-0.0475999837339774));
#3947=CARTESIAN_POINT('Ctrl Pts',(66.1657314447521,20.2728249780858,-0.768423192851425));
#3948=CARTESIAN_POINT('Ctrl Pts',(64.5958294296305,17.8720400703062,-1.9668394429963));
#3949=CARTESIAN_POINT('Ctrl Pts',(62.2030320397206,16.3882163328554,-2.85389057926217));
#3950=CARTESIAN_POINT('Ctrl Pts',(59.9992318788038,16.0706587998731,-3.0486800559185));
#3951=CARTESIAN_POINT('Ctrl Pts',(57.796955254613,16.387591167236,-2.85422464940229));
#3952=CARTESIAN_POINT('Ctrl Pts',(55.4054897692302,17.8742032429522,-1.96529182048456));
#3953=CARTESIAN_POINT('Ctrl Pts',(53.729719539112,20.4289270624751,-0.691027538833124));
#3954=CARTESIAN_POINT('Ctrl Pts',(52.9519638737875,23.2800490922269,0.125961238690165));
#3955=CARTESIAN_POINT('Ctrl Pts',(52.9518052232847,26.0193370813237,0.128445504444183));
#3956=CARTESIAN_POINT('Ctrl Pts',(53.5064175006549,28.0600670153376,-0.458558845026805));
#3957=CARTESIAN_POINT('Ctrl Pts',(54.1879006576632,29.4720368871153,-1.02548297416976));
#3958=CARTESIAN_POINT('Ctrl Pts',(55.0250107785386,30.7455435575803,-1.62640436275986));
#3959=CARTESIAN_POINT('Ctrl Pts',(56.3451167510597,32.0491686349764,-2.3375155443417));
#3960=CARTESIAN_POINT('Ctrl Pts',(58.6619141094868,33.2250065512488,-3.04433829926009));
#3961=CARTESIAN_POINT('Ctrl Pts',(61.723034524729,33.2170599873433,-3.04018876141556));
#3962=CARTESIAN_POINT('Ctrl Pts',(64.1172284495795,31.7230427547604,-2.13940790519871));
#3963=CARTESIAN_POINT('Ctrl Pts',(65.5336445564359,29.9860734317789,-1.25034032859882));
#3964=CARTESIAN_POINT('Ctrl Pts',(66.3499803589184,28.4326359120655,-0.586320688010512));
#3965=CARTESIAN_POINT('Ctrl Pts',(66.888786634372,26.6433203521581,-0.0489791673600354));
#3966=CARTESIAN_POINT('Ctrl Pts',(67.0217391304348,25.3157528619425,0.101157949744267));
#3967=CARTESIAN_POINT('Ctrl Pts',(67.0217391304348,24.65,0.101157949744267));
#3968=CARTESIAN_POINT('',(66.5,24.65,-1.24596669241484));
#3969=CARTESIAN_POINT('Origin',(68.5,24.65,-1.24596669241484));
#3970=CARTESIAN_POINT('Ctrl Pts',(66.5,24.65,-1.24596669241484));
#3971=CARTESIAN_POINT('Ctrl Pts',(66.5,24.1408948702792,-1.24596669241484));
#3972=CARTESIAN_POINT('Ctrl Pts',(66.3788611571323,23.1244348811122,-1.4260420855727));
#3973=CARTESIAN_POINT('Ctrl Pts',(65.70759660056,21.3027485126538,-2.29861754924121));
#3974=CARTESIAN_POINT('Ctrl Pts',(64.2543436515774,19.4668541714106,-3.7493319573113));
#3975=CARTESIAN_POINT('Ctrl Pts',(62.0393392565835,18.332165431007,-4.82313070121211));
#3976=CARTESIAN_POINT('Ctrl Pts',(59.9992889528245,18.08932731755,-5.05892848874345));
#3977=CARTESIAN_POINT('Ctrl Pts',(57.9606489818244,18.3316873631804,-4.82353510190805));
#3978=CARTESIAN_POINT('Ctrl Pts',(55.7468775263153,19.4685083622575,-3.74745851953393));
#3979=CARTESIAN_POINT('Ctrl Pts',(54.1956227312523,21.4221206948339,-2.20492807332431));
#3980=CARTESIAN_POINT('Ctrl Pts',(53.4756569605649,23.6023904822911,-1.21594165842769));
#3981=CARTESIAN_POINT('Ctrl Pts',(53.4755100983348,25.6971401210123,-1.21293438935704));
#3982=CARTESIAN_POINT('Ctrl Pts',(53.9889127947239,27.2576983058464,-1.92351860187456));
#3983=CARTESIAN_POINT('Ctrl Pts',(54.619759432326,28.3374399725,-2.60979517925813));
#3984=CARTESIAN_POINT('Ctrl Pts',(55.3946694203809,29.3112980146202,-3.33722633386719));
#3985=CARTESIAN_POINT('Ctrl Pts',(56.6166870234268,30.3081877796879,-4.19804513262416));
#3986=CARTESIAN_POINT('Ctrl Pts',(58.7613384481008,31.207357950955,-5.05367267805168));
#3987=CARTESIAN_POINT('Ctrl Pts',(61.5950071916222,31.2012811667919,-5.04864955329252));
#3988=CARTESIAN_POINT('Ctrl Pts',(63.8113043542547,30.0587974006991,-3.95823062208264));
#3989=CARTESIAN_POINT('Ctrl Pts',(65.1224759206635,28.7305267419485,-2.88199092409331));
#3990=CARTESIAN_POINT('Ctrl Pts',(65.8781551929307,27.5426039327561,-2.0781776749601));
#3991=CARTESIAN_POINT('Ctrl Pts',(66.3769263271741,26.1743037987091,-1.42771162364636));
#3992=CARTESIAN_POINT('Ctrl Pts',(66.5,25.1591051297208,-1.24596669241484));
#3993=CARTESIAN_POINT('Ctrl Pts',(66.5,24.65,-1.24596669241484));
#3994=CARTESIAN_POINT('Origin',(60.,24.65,-7.00000000000001));
#3995=CARTESIAN_POINT('',(66.5,24.65,-7.00000000000001));
#3996=CARTESIAN_POINT('Origin',(60.,24.65,-7.00000000000001));
#3997=CARTESIAN_POINT('',(66.5,24.65,-7.00000000000001));
#3998=CARTESIAN_POINT('Origin',(-12.,-3.5,-7.));
#3999=CARTESIAN_POINT('',(-12.,-3.5,10.));
#4000=CARTESIAN_POINT('',(-12.,-3.5,-7.));
#4001=CARTESIAN_POINT('',(-12.,-3.5,10.));
#4002=CARTESIAN_POINT('',(-12.,35.5,9.99999999999999));
#4003=CARTESIAN_POINT('',(-12.,-3.5,10.));
#4004=CARTESIAN_POINT('',(-12.,35.5,-7.00000000000001));
#4005=CARTESIAN_POINT('',(-12.,35.5,9.99999999999999));
#4006=CARTESIAN_POINT('',(-12.,-3.5,-7.));
#4007=CARTESIAN_POINT('Origin',(72.,-3.5,-7.));
#4008=CARTESIAN_POINT('',(72.,-3.5,-7.));
#4009=CARTESIAN_POINT('',(-12.,-3.5,-7.));
#4010=CARTESIAN_POINT('',(72.,35.5,-7.00000000000001));
#4011=CARTESIAN_POINT('',(-12.,35.5,-7.00000000000001));
#4012=CARTESIAN_POINT('',(72.,-3.5,-7.));
#4013=CARTESIAN_POINT('Origin',(72.,-3.5,10.));
#4014=CARTESIAN_POINT('',(72.,-3.5,10.));
#4015=CARTESIAN_POINT('',(72.,-3.5,-7.));
#4016=CARTESIAN_POINT('',(72.,35.5,9.99999999999999));
#4017=CARTESIAN_POINT('',(72.,35.5,-7.00000000000001));
#4018=CARTESIAN_POINT('',(72.,-3.5,10.));
#4019=CARTESIAN_POINT('Origin',(68.8317608663279,-3.5,10.));
#4020=CARTESIAN_POINT('',(72.,-3.5,10.));
#4021=CARTESIAN_POINT('',(72.,35.5,9.99999999999999));
#4022=CARTESIAN_POINT('Origin',(48.8317608663279,-3.5,10.));
#4023=CARTESIAN_POINT('',(72.,-3.5,10.));
#4024=CARTESIAN_POINT('',(72.,35.5,9.99999999999999));
#4025=CARTESIAN_POINT('Origin',(28.8317608663279,-3.5,10.));
#4026=CARTESIAN_POINT('',(72.,-3.5,10.));
#4027=CARTESIAN_POINT('',(72.,35.5,9.99999999999999));
#4028=CARTESIAN_POINT('Origin',(8.83176086632785,-3.5,10.));
#4029=CARTESIAN_POINT('',(72.,-3.5,10.));
#4030=CARTESIAN_POINT('',(72.,35.5,9.99999999999999));
#4031=CARTESIAN_POINT('Origin',(-12.,-3.5,10.));
#4032=CARTESIAN_POINT('',(72.,-3.5,10.));
#4033=CARTESIAN_POINT('',(72.,35.5,9.99999999999999));
#4034=CARTESIAN_POINT('Origin',(30.,35.5,1.49999999999999));
#4035=CARTESIAN_POINT('Origin',(30.,-3.5,1.5));
#4036=CARTESIAN_POINT('Origin',(5.9999999999998,6.50000000000004,-35.9999999999998));
#4037=CARTESIAN_POINT('',(33.4480918809858,6.50000000000005,-36.));
#4038=CARTESIAN_POINT('',(46.5519081190135,6.50000000000006,-36.0000000000001));
#4039=CARTESIAN_POINT('Origin',(39.9999999999996,10.1500000000001,-36.0000000000001));
#4040=CARTESIAN_POINT('',(5.9999999999998,6.50000000000004,-35.9999999999998));
#4041=CARTESIAN_POINT('Origin',(5.9999999999998,6.50000000000004,-35.9999999999998));
#4042=CARTESIAN_POINT('',(46.5519081190135,-3.49999999999995,-36.0000000000001));
#4043=CARTESIAN_POINT('',(33.4480918809858,-3.49999999999995,-36.));
#4044=CARTESIAN_POINT('Origin',(39.9999999999996,-7.14999999999995,-36.0000000000001));
#4045=CARTESIAN_POINT('',(5.9999999999998,-3.49999999999996,-35.9999999999998));
#4046=CARTESIAN_POINT('Origin',(5.9999999999998,6.50000000000004,-35.9999999999998));
#4047=CARTESIAN_POINT('',(26.5519081190135,-3.49999999999995,-36.));
#4048=CARTESIAN_POINT('',(13.4480918809858,-3.49999999999995,-35.9999999999998));
#4049=CARTESIAN_POINT('Origin',(19.9999999999996,-7.14999999999995,-35.9999999999999));
#4050=CARTESIAN_POINT('',(5.9999999999998,-3.49999999999996,-35.9999999999998));
#4051=CARTESIAN_POINT('Origin',(5.9999999999998,6.50000000000004,-35.9999999999998));
#4052=CARTESIAN_POINT('',(13.4480918809858,6.50000000000005,-35.9999999999998));
#4053=CARTESIAN_POINT('',(26.5519081190135,6.50000000000006,-36.));
#4054=CARTESIAN_POINT('Origin',(19.9999999999996,10.1500000000001,-35.9999999999999));
#4055=CARTESIAN_POINT('',(5.9999999999998,6.50000000000004,-35.9999999999998));
#4056=CARTESIAN_POINT('Origin',(49.9999999999995,-1.53033008588986,-105.5));
#4057=CARTESIAN_POINT('',(46.9393398282197,-2.56066017177978,-105.5));
#4058=CARTESIAN_POINT('Origin',(49.9999999999995,-2.56066017177978,-105.5));
#4059=CARTESIAN_POINT('',(47.9999999999995,-0.499999999999951,-105.5));
#4060=CARTESIAN_POINT('',(47.4696699141096,-1.53033008588986,-105.5));
#4061=CARTESIAN_POINT('Origin',(49.9999999999995,-0.499999999999952,-105.5));
#4062=CARTESIAN_POINT('Origin',(49.9999999999995,-2.49999999999995,-105.5));
#4063=CARTESIAN_POINT('',(53.9999999999993,-3.49999999999995,-105.5));
#4064=CARTESIAN_POINT('',(45.9999999999995,-3.49999999999995,-105.5));
#4065=CARTESIAN_POINT('Origin',(49.9999999999995,-3.49999999999995,-105.5));
#4066=CARTESIAN_POINT('Origin',(49.9999999999995,-3.49999999999995,-105.5));
#4067=CARTESIAN_POINT('',(46.9999999999995,-2.49999999999995,-105.5));
#4068=CARTESIAN_POINT('Origin',(49.9999999999995,6.50000000000005,-105.5));
#4069=CARTESIAN_POINT('',(47.9999999999995,6.50000000000005,-105.5));
#4070=CARTESIAN_POINT('',(47.9999999999995,6.50000000000005,-105.5));
#4071=CARTESIAN_POINT('Origin',(49.9999999999995,6.50000000000005,-105.5));
#4072=CARTESIAN_POINT('Origin',(9.9999999999995,-1.53033008588985,-105.5));
#4073=CARTESIAN_POINT('',(6.93933982821969,-2.56066017177977,-105.5));
#4074=CARTESIAN_POINT('Origin',(9.9999999999995,-2.56066017177977,-105.5));
#4075=CARTESIAN_POINT('',(7.99999999999951,-0.499999999999947,-105.5));
#4076=CARTESIAN_POINT('',(7.46966991410959,-1.53033008588985,-105.5));
#4077=CARTESIAN_POINT('Origin',(9.9999999999995,-0.499999999999947,-105.5));
#4078=CARTESIAN_POINT('Origin',(9.9999999999995,-2.49999999999994,-105.5));
#4079=CARTESIAN_POINT('',(5.99999999999952,-3.49999999999994,-105.5));
#4080=CARTESIAN_POINT('Origin',(9.9999999999995,-3.49999999999994,-105.5));
#4081=CARTESIAN_POINT('',(6.9999999999995,-2.49999999999994,-105.5));
#4082=CARTESIAN_POINT('Origin',(9.9999999999995,6.50000000000006,-105.5));
#4083=CARTESIAN_POINT('',(7.99999999999951,6.50000000000006,-105.5));
#4084=CARTESIAN_POINT('',(7.9999999999995,6.50000000000006,-105.5));
#4085=CARTESIAN_POINT('Origin',(9.9999999999995,6.50000000000006,-105.5));
#4086=CARTESIAN_POINT('Origin',(9.99999999999977,-1.53033008588987,-39.9999999999998));
#4087=CARTESIAN_POINT('',(6.93933982821996,-2.56066017177978,-39.9999999999998));
#4088=CARTESIAN_POINT('Origin',(9.99999999999977,-2.56066017177978,-39.9999999999998));
#4089=CARTESIAN_POINT('',(7.99999999999978,-0.499999999999963,-39.9999999999998));
#4090=CARTESIAN_POINT('',(7.46966991410986,-1.53033008588987,-39.9999999999998));
#4091=CARTESIAN_POINT('Origin',(9.99999999999977,-0.499999999999963,-39.9999999999998));
#4092=CARTESIAN_POINT('Origin',(9.99999999999977,-2.49999999999996,-39.9999999999998));
#4093=CARTESIAN_POINT('',(5.99999999999978,-3.49999999999996,-39.9999999999998));
#4094=CARTESIAN_POINT('Origin',(9.99999999999977,-3.49999999999996,-39.9999999999998));
#4095=CARTESIAN_POINT('',(6.99999999999977,-2.49999999999996,-39.9999999999998));
#4096=CARTESIAN_POINT('Origin',(9.99999999999977,6.50000000000004,-39.9999999999998));
#4097=CARTESIAN_POINT('',(7.99999999999978,6.50000000000004,-39.9999999999998));
#4098=CARTESIAN_POINT('',(7.99999999999977,6.50000000000004,-39.9999999999998));
#4099=CARTESIAN_POINT('Origin',(9.99999999999977,6.50000000000004,-39.9999999999998));
#4100=CARTESIAN_POINT('Origin',(49.9999999999998,-1.53033008588988,-40.));
#4101=CARTESIAN_POINT('',(46.93933982822,-2.56066017177979,-40.));
#4102=CARTESIAN_POINT('Origin',(49.9999999999998,-2.56066017177979,-40.));
#4103=CARTESIAN_POINT('',(47.9999999999998,-0.499999999999968,-40.));
#4104=CARTESIAN_POINT('',(47.4696699141099,-1.53033008588988,-40.));
#4105=CARTESIAN_POINT('Origin',(49.9999999999998,-0.499999999999968,-40.));
#4106=CARTESIAN_POINT('Origin',(49.9999999999998,-2.49999999999997,-40.));
#4107=CARTESIAN_POINT('',(53.9999999999998,-3.49999999999997,-40.));
#4108=CARTESIAN_POINT('',(45.9999999999998,-3.49999999999997,-40.));
#4109=CARTESIAN_POINT('Origin',(49.9999999999998,-3.49999999999997,-40.));
#4110=CARTESIAN_POINT('Origin',(49.9999999999998,-3.49999999999997,-40.));
#4111=CARTESIAN_POINT('',(46.9999999999998,-2.49999999999997,-40.));
#4112=CARTESIAN_POINT('Origin',(49.9999999999998,6.50000000000003,-40.));
#4113=CARTESIAN_POINT('',(47.9999999999998,6.50000000000003,-40.));
#4114=CARTESIAN_POINT('',(47.9999999999998,6.50000000000003,-40.));
#4115=CARTESIAN_POINT('Origin',(49.9999999999998,6.50000000000003,-40.));
#4116=CARTESIAN_POINT('Origin',(52.0303300858897,1.50000000000004,-55.));
#4117=CARTESIAN_POINT('',(53.0606601717796,-1.6606601717798,-55.));
#4118=CARTESIAN_POINT('Origin',(53.0606601717796,1.50000000000004,-55.));
#4119=CARTESIAN_POINT('',(50.9999999999998,-0.599999999999958,-55.));
#4120=CARTESIAN_POINT('',(52.0303300858897,-1.13033008588988,-55.));
#4121=CARTESIAN_POINT('Origin',(50.9999999999998,1.50000000000004,-55.));
#4122=CARTESIAN_POINT('Origin',(52.9999999999997,1.50000000000004,-55.));
#4123=CARTESIAN_POINT('',(53.9999999999997,-2.59999999999996,-55.));
#4124=CARTESIAN_POINT('Origin',(53.9999999999997,1.50000000000004,-55.));
#4125=CARTESIAN_POINT('',(52.9999999999997,-1.59999999999996,-55.));
#4126=CARTESIAN_POINT('Origin',(53.9999999999997,1.50000000000004,-55.));
#4127=CARTESIAN_POINT('',(5.99999999999972,-0.599999999999953,-54.9999999999998));
#4128=CARTESIAN_POINT('',(53.9999999999997,-0.599999999999959,-55.));
#4129=CARTESIAN_POINT('Origin',(5.99999999999974,1.50000000000005,-54.9999999999998));
#4130=CARTESIAN_POINT('Origin',(52.0303300858896,1.50000000000004,-90.5));
#4131=CARTESIAN_POINT('',(53.0606601717794,-1.66066017177984,-90.5));
#4132=CARTESIAN_POINT('Origin',(53.0606601717794,1.50000000000004,-90.5));
#4133=CARTESIAN_POINT('',(50.9999999999997,-0.599999999999957,-90.5));
#4134=CARTESIAN_POINT('',(52.0303300858896,-1.1303300858899,-90.5));
#4135=CARTESIAN_POINT('Origin',(50.9999999999997,1.50000000000004,-90.5));
#4136=CARTESIAN_POINT('Origin',(52.9999999999996,1.50000000000004,-90.5));
#4137=CARTESIAN_POINT('',(53.9999999999994,-2.59999999999996,-90.5));
#4138=CARTESIAN_POINT('Origin',(53.9999999999995,1.50000000000004,-90.5));
#4139=CARTESIAN_POINT('',(52.9999999999996,-1.59999999999996,-90.5));
#4140=CARTESIAN_POINT('Origin',(53.9999999999996,1.50000000000004,-90.5));
#4141=CARTESIAN_POINT('',(5.99999999999956,-0.599999999999952,-90.4999999999998));
#4142=CARTESIAN_POINT('',(53.9999999999996,-0.599999999999958,-90.5));
#4143=CARTESIAN_POINT('Origin',(5.99999999999958,1.50000000000005,-90.4999999999998));
#4144=CARTESIAN_POINT('Origin',(53.9999999999995,1.50000000000005,-113.75));
#4145=CARTESIAN_POINT('',(53.9999999999995,-2.49999999999995,-113.75));
#4146=CARTESIAN_POINT('Origin',(53.9999999999995,1.50000000000005,-113.75));
#4147=CARTESIAN_POINT('',(47.4999999999995,-2.49999999999995,-113.75));
#4148=CARTESIAN_POINT('',(53.9999999999995,-2.49999999999995,-113.75));
#4149=CARTESIAN_POINT('Origin',(47.4999999999995,1.50000000000006,-113.75));
#4150=CARTESIAN_POINT('Origin',(47.4999999999995,1.50000000000006,-113.75));
#4151=CARTESIAN_POINT('Origin',(29.9999999999995,-2.49999999999995,-113.75));
#4152=CARTESIAN_POINT('',(40.9999999999994,-2.49999999999995,-118.25));
#4153=CARTESIAN_POINT('',(40.9999998702937,-2.49999999999995,-109.25));
#4154=CARTESIAN_POINT('Origin',(40.9999999999995,-2.49999999999995,-113.75));
#4155=CARTESIAN_POINT('',(18.9999999999995,-2.49999999999994,-118.25));
#4156=CARTESIAN_POINT('',(24.4999999999994,-2.49999999999994,-118.25));
#4157=CARTESIAN_POINT('',(18.9999999999995,-2.49999999999995,-109.25));
#4158=CARTESIAN_POINT('Origin',(18.9999999999995,-2.49999999999994,-113.75));
#4159=CARTESIAN_POINT('',(35.4999999351466,-2.49999999999994,-109.25));
#4160=CARTESIAN_POINT('',(19.0000001846108,-2.49999999999994,-117.25));
#4161=CARTESIAN_POINT('',(40.9999999999994,-2.49999999999995,-117.25));
#4162=CARTESIAN_POINT('',(24.5000000923051,-2.49999999999994,-117.25));
#4163=CARTESIAN_POINT('',(40.9999999999995,-2.49999999999995,-110.25));
#4164=CARTESIAN_POINT('Origin',(40.9999999999995,-2.49999999999995,-113.75));
#4165=CARTESIAN_POINT('',(18.9999999999995,-2.49999999999995,-110.25));
#4166=CARTESIAN_POINT('',(35.4999999999995,-2.49999999999994,-110.25));
#4167=CARTESIAN_POINT('Origin',(18.9999999999995,-2.49999999999994,-113.75));
#4168=CARTESIAN_POINT('Origin',(18.9999999999995,-3.49999999999994,-118.25));
#4169=CARTESIAN_POINT('',(40.9999999999994,6.50000000000005,-118.25));
#4170=CARTESIAN_POINT('',(40.9999999999994,-3.49999999999994,-118.25));
#4171=CARTESIAN_POINT('',(18.9999999999995,6.50000000000006,-118.25));
#4172=CARTESIAN_POINT('',(24.4999999999995,6.50000000000006,-118.25));
#4173=CARTESIAN_POINT('',(18.9999999999995,-3.49999999999994,-118.25));
#4174=CARTESIAN_POINT('Origin',(40.9999999999995,-3.49999999999994,-113.75));
#4175=CARTESIAN_POINT('',(40.9999998702937,6.50000000000005,-109.25));
#4176=CARTESIAN_POINT('',(40.9999998702937,-3.49999999999995,-109.25));
#4177=CARTESIAN_POINT('Origin',(40.9999999999995,6.50000000000006,-113.75));
#4178=CARTESIAN_POINT('Origin',(18.9999999999995,-3.49999999999994,-113.75));
#4179=CARTESIAN_POINT('',(18.9999999999995,6.50000000000006,-109.25));
#4180=CARTESIAN_POINT('Origin',(18.9999999999995,6.50000000000006,-113.75));
#4181=CARTESIAN_POINT('',(18.9999999999995,-3.49999999999994,-109.25));
#4182=CARTESIAN_POINT('Origin',(40.9999998702937,-3.49999999999995,-109.25));
#4183=CARTESIAN_POINT('',(35.4999999351466,6.50000000000006,-109.25));
#4184=CARTESIAN_POINT('Origin',(40.9999999999995,-3.49999999999994,-113.75));
#4185=CARTESIAN_POINT('',(40.9999999999994,-3.49999999999994,-117.25));
#4186=CARTESIAN_POINT('',(40.9999999999994,-3.49999999999994,-117.25));
#4187=CARTESIAN_POINT('',(40.9999999999995,-3.49999999999995,-110.25));
#4188=CARTESIAN_POINT('Origin',(40.9999999999995,-3.49999999999994,-113.75));
#4189=CARTESIAN_POINT('',(40.9999999999995,-3.49999999999995,-110.25));
#4190=CARTESIAN_POINT('Origin',(40.9999999999995,-3.49999999999995,-110.25));
#4191=CARTESIAN_POINT('',(18.9999999999995,-3.49999999999994,-110.25));
#4192=CARTESIAN_POINT('',(35.4999999999995,-3.49999999999995,-110.25));
#4193=CARTESIAN_POINT('',(18.9999999999995,-3.49999999999994,-110.25));
#4194=CARTESIAN_POINT('Origin',(18.9999999999995,-3.49999999999994,-113.75));
#4195=CARTESIAN_POINT('',(19.0000001846108,-3.49999999999994,-117.25));
#4196=CARTESIAN_POINT('Origin',(18.9999999999995,-3.49999999999994,-113.75));
#4197=CARTESIAN_POINT('',(19.0000001846108,-3.49999999999994,-117.25));
#4198=CARTESIAN_POINT('Origin',(19.0000001846108,-3.49999999999994,-117.25));
#4199=CARTESIAN_POINT('',(24.5000000923051,-3.49999999999994,-117.25));
#4200=CARTESIAN_POINT('Origin',(53.9999999999994,6.50000000000005,-121.5));
#4201=CARTESIAN_POINT('',(53.9999999999994,6.50000000000005,-121.5));
#4202=CARTESIAN_POINT('',(5.99999999999945,6.50000000000006,-121.5));
#4203=CARTESIAN_POINT('',(53.9999999999994,6.50000000000005,-121.5));
#4204=CARTESIAN_POINT('',(53.9999999999994,-3.49999999999995,-121.5));
#4205=CARTESIAN_POINT('',(53.9999999999994,6.50000000000005,-121.5));
#4206=CARTESIAN_POINT('',(5.99999999999945,-3.49999999999994,-121.5));
#4207=CARTESIAN_POINT('',(53.9999999999994,-3.49999999999995,-121.5));
#4208=CARTESIAN_POINT('',(5.99999999999945,6.50000000000006,-121.5));
#4209=CARTESIAN_POINT('Origin',(19.9999999999996,-2.49999999999995,-95.4999999999998));
#4210=CARTESIAN_POINT('',(18.7499999999996,-2.49999999999995,-95.4999999999999));
#4211=CARTESIAN_POINT('Origin',(19.9999999999996,-2.49999999999995,-95.4999999999998));
#4212=CARTESIAN_POINT('',(19.4999999999996,-2.49999999999995,-95.4999999999998));
#4213=CARTESIAN_POINT('Origin',(19.9999999999996,-2.49999999999995,-95.4999999999998));
#4214=CARTESIAN_POINT('Origin',(19.9999999999996,6.50000000000005,-95.4999999999999));
#4215=CARTESIAN_POINT('',(18.7499999999996,-3.49999999999995,-95.4999999999999));
#4216=CARTESIAN_POINT('',(18.7499999999996,6.50000000000005,-95.4999999999999));
#4217=CARTESIAN_POINT('Origin',(19.9999999999996,-3.49999999999995,-95.4999999999998));
#4218=CARTESIAN_POINT('Origin',(19.9999999999998,-2.49999999999996,-49.9999999999999));
#4219=CARTESIAN_POINT('',(18.7499999999998,-2.49999999999996,-49.9999999999999));
#4220=CARTESIAN_POINT('Origin',(19.9999999999998,-2.49999999999996,-49.9999999999999));
#4221=CARTESIAN_POINT('',(19.4999999999997,-2.49999999999996,-49.9999999999999));
#4222=CARTESIAN_POINT('Origin',(19.9999999999998,-2.49999999999996,-49.9999999999999));
#4223=CARTESIAN_POINT('Origin',(19.9999999999998,6.50000000000004,-49.9999999999999));
#4224=CARTESIAN_POINT('',(18.7499999999998,-3.49999999999996,-49.9999999999999));
#4225=CARTESIAN_POINT('',(18.7499999999998,6.50000000000004,-49.9999999999999));
#4226=CARTESIAN_POINT('Origin',(19.9999999999998,-3.49999999999996,-49.9999999999999));
#4227=CARTESIAN_POINT('Origin',(39.9999999999995,-2.49999999999995,-95.4999999999999));
#4228=CARTESIAN_POINT('',(38.7499999999995,-2.49999999999995,-95.4999999999999));
#4229=CARTESIAN_POINT('Origin',(39.9999999999995,-2.49999999999995,-95.4999999999999));
#4230=CARTESIAN_POINT('',(39.4999999999995,-2.49999999999995,-95.4999999999999));
#4231=CARTESIAN_POINT('Origin',(39.9999999999995,-2.49999999999995,-95.4999999999999));
#4232=CARTESIAN_POINT('Origin',(39.9999999999995,6.50000000000005,-95.4999999999999));
#4233=CARTESIAN_POINT('',(38.7499999999995,-3.49999999999995,-95.4999999999999));
#4234=CARTESIAN_POINT('',(38.7499999999995,6.50000000000005,-95.4999999999999));
#4235=CARTESIAN_POINT('Origin',(39.9999999999995,-3.49999999999995,-95.4999999999999));
#4236=CARTESIAN_POINT('Origin',(39.9999999999997,-2.49999999999996,-49.9999999999999));
#4237=CARTESIAN_POINT('',(38.7499999999998,-2.49999999999996,-49.9999999999999));
#4238=CARTESIAN_POINT('Origin',(39.9999999999997,-2.49999999999996,-49.9999999999999));
#4239=CARTESIAN_POINT('',(39.4999999999997,-2.49999999999996,-49.9999999999999));
#4240=CARTESIAN_POINT('Origin',(39.9999999999997,-2.49999999999996,-49.9999999999999));
#4241=CARTESIAN_POINT('Origin',(39.9999999999997,6.50000000000003,-49.9999999999999));
#4242=CARTESIAN_POINT('',(38.7499999999998,-3.49999999999996,-49.9999999999999));
#4243=CARTESIAN_POINT('',(38.7499999999998,6.50000000000003,-49.9999999999999));
#4244=CARTESIAN_POINT('Origin',(39.9999999999997,-3.49999999999996,-49.9999999999999));
#4245=CARTESIAN_POINT('Origin',(19.9999999999998,6.50000000000004,-49.9999999999999));
#4246=CARTESIAN_POINT('',(19.4999999999997,6.50000000000004,-49.9999999999999));
#4247=CARTESIAN_POINT('Origin',(19.9999999999998,6.50000000000004,-49.9999999999999));
#4248=CARTESIAN_POINT('',(19.4999999999998,6.50000000000004,-49.9999999999999));
#4249=CARTESIAN_POINT('Origin',(39.9999999999995,6.50000000000005,-95.4999999999999));
#4250=CARTESIAN_POINT('',(39.4999999999995,6.50000000000005,-95.4999999999999));
#4251=CARTESIAN_POINT('Origin',(39.9999999999995,6.50000000000005,-95.4999999999999));
#4252=CARTESIAN_POINT('',(39.4999999999995,6.50000000000005,-95.4999999999999));
#4253=CARTESIAN_POINT('Origin',(39.9999999999997,6.50000000000003,-49.9999999999999));
#4254=CARTESIAN_POINT('',(39.4999999999997,6.50000000000004,-49.9999999999999));
#4255=CARTESIAN_POINT('Origin',(39.9999999999997,6.50000000000003,-49.9999999999999));
#4256=CARTESIAN_POINT('',(39.4999999999997,6.50000000000003,-49.9999999999999));
#4257=CARTESIAN_POINT('Origin',(19.9999999999996,6.50000000000005,-95.4999999999999));
#4258=CARTESIAN_POINT('',(19.4999999999996,6.50000000000005,-95.4999999999999));
#4259=CARTESIAN_POINT('Origin',(19.9999999999996,6.50000000000005,-95.4999999999999));
#4260=CARTESIAN_POINT('',(19.4999999999996,6.50000000000005,-95.4999999999999));
#4261=CARTESIAN_POINT('Origin',(29.9999999999996,6.50000000000005,-95.4999999999999));
#4262=CARTESIAN_POINT('',(28.0499999999996,-3.49999999999995,-95.4999999999999));
#4263=CARTESIAN_POINT('Origin',(29.9999999999996,-3.49999999999995,-95.4999999999999));
#4264=CARTESIAN_POINT('',(28.0499999999996,6.50000000000005,-95.4999999999999));
#4265=CARTESIAN_POINT('',(28.0499999999996,6.50000000000005,-95.4999999999999));
#4266=CARTESIAN_POINT('Origin',(29.9999999999996,6.50000000000005,-95.4999999999999));
#4267=CARTESIAN_POINT('Origin',(29.9999999999997,6.50000000000004,-49.9999999999999));
#4268=CARTESIAN_POINT('',(28.0499999999997,-3.49999999999996,-49.9999999999999));
#4269=CARTESIAN_POINT('Origin',(29.9999999999997,-3.49999999999996,-49.9999999999999));
#4270=CARTESIAN_POINT('',(28.0499999999997,6.50000000000004,-49.9999999999999));
#4271=CARTESIAN_POINT('',(28.0499999999997,6.50000000000004,-49.9999999999999));
#4272=CARTESIAN_POINT('Origin',(29.9999999999997,6.50000000000004,-49.9999999999999));
#4273=CARTESIAN_POINT('Origin',(5.99999999999986,-3.49999999999996,-10.9999999999998));
#4274=CARTESIAN_POINT('',(5.99999999999986,-3.49999999999996,-10.9999999999998));
#4275=CARTESIAN_POINT('',(5.99999999999986,6.50000000000003,-10.9999999999998));
#4276=CARTESIAN_POINT('',(5.99999999999986,-4.49999999999996,-10.9999999999998));
#4277=CARTESIAN_POINT('',(5.99999999999986,6.50000000000003,-10.9999999999998));
#4278=CARTESIAN_POINT('',(5.9999999999995,-3.49999999999994,-109.5));
#4279=CARTESIAN_POINT('',(5.9999999999995,-3.49999999999994,-109.5));
#4280=CARTESIAN_POINT('',(5.99999999999986,-3.49999999999996,-10.9999999999998));
#4281=CARTESIAN_POINT('Origin',(13.448091880986,-3.49999999999996,-10.9999999999998));
#4282=CARTESIAN_POINT('',(13.448091880986,-3.49999999999997,-10.9999999999998));
#4283=CARTESIAN_POINT('',(5.99999999999986,-3.49999999999996,-10.9999999999998));
#4284=CARTESIAN_POINT('',(53.9999999999998,-3.49999999999997,-40.));
#4285=CARTESIAN_POINT('',(53.9999999999998,-3.49999999999997,-40.));
#4286=CARTESIAN_POINT('',(53.9999999999999,-3.49999999999997,-11.0000000000002));
#4287=CARTESIAN_POINT('',(53.9999999999999,-3.49999999999997,-11.0000000000002));
#4288=CARTESIAN_POINT('',(46.5519081190137,-3.49999999999997,-11.0000000000001));
#4289=CARTESIAN_POINT('',(54.9999999999999,-3.49999999999997,-11.0000000000002));
#4290=CARTESIAN_POINT('',(46.5519081190137,-3.49999999999997,-11.0000000000001));
#4291=CARTESIAN_POINT('',(33.448091880986,-3.49999999999997,-11.));
#4292=CARTESIAN_POINT('',(33.448091880986,-3.49999999999997,-11.));
#4293=CARTESIAN_POINT('',(26.5519081190137,-3.49999999999997,-11.));
#4294=CARTESIAN_POINT('',(5.99999999999986,-3.49999999999996,-10.9999999999998));
#4295=CARTESIAN_POINT('',(26.5519081190137,-3.49999999999997,-11.));
#4296=CARTESIAN_POINT('',(13.448091880986,-3.49999999999997,-10.9999999999998));
#4297=CARTESIAN_POINT('Origin',(19.9999999999999,-7.14999999999997,-10.9999999999999));
#4298=CARTESIAN_POINT('Origin',(19.9999999999999,-7.14999999999997,-10.9999999999999));
#4299=CARTESIAN_POINT('Origin',(39.9999999999999,-7.14999999999997,-11.0000000000001));
#4300=CARTESIAN_POINT('Origin',(39.9999999999999,-7.14999999999997,-11.0000000000001));
#4301=CARTESIAN_POINT('Origin',(53.9999999999999,6.50000000000003,-11.0000000000002));
#4302=CARTESIAN_POINT('',(53.9999999999999,6.50000000000003,-11.0000000000002));
#4303=CARTESIAN_POINT('',(53.9999999999999,6.50000000000003,-11.0000000000002));
#4304=CARTESIAN_POINT('',(53.9999999999999,6.50000000000003,-11.0000000000002));
#4305=CARTESIAN_POINT('Origin',(39.9999999999999,10.15,-11.0000000000001));
#4306=CARTESIAN_POINT('',(46.5519081190137,6.50000000000004,-11.0000000000001));
#4307=CARTESIAN_POINT('',(33.448091880986,6.50000000000003,-11.));
#4308=CARTESIAN_POINT('Origin',(39.9999999999999,10.15,-11.0000000000001));
#4309=CARTESIAN_POINT('',(46.5519081190137,6.50000000000004,-11.0000000000001));
#4310=CARTESIAN_POINT('',(33.448091880986,6.50000000000003,-11.));
#4311=CARTESIAN_POINT('Origin',(19.9999999999999,10.15,-10.9999999999999));
#4312=CARTESIAN_POINT('',(26.5519081190137,6.50000000000004,-10.9999999999999));
#4313=CARTESIAN_POINT('',(13.448091880986,6.50000000000004,-10.9999999999998));
#4314=CARTESIAN_POINT('Origin',(19.9999999999999,10.15,-10.9999999999999));
#4315=CARTESIAN_POINT('',(26.5519081190137,6.50000000000004,-10.9999999999999));
#4316=CARTESIAN_POINT('',(13.448091880986,6.50000000000004,-10.9999999999998));
#4317=CARTESIAN_POINT('Origin',(5.99999999999986,6.50000000000003,-10.9999999999998));
#4318=CARTESIAN_POINT('',(5.99999999999986,6.50000000000003,-10.9999999999998));
#4319=CARTESIAN_POINT('',(53.9999999999999,6.50000000000003,-11.0000000000002));
#4320=CARTESIAN_POINT('',(53.9999999999999,6.50000000000003,-11.0000000000002));
#4321=CARTESIAN_POINT('Origin',(29.9999999999999,1.50000000000003,-11.));
#4322=UNCERTAINTY_MEASURE_WITH_UNIT(LENGTH_MEASURE(0.01),#4326,
'DISTANCE_ACCURACY_VALUE',
'Maximum model space distance between geometric entities at asserted c
onnectivities');
#4323=UNCERTAINTY_MEASURE_WITH_UNIT(LENGTH_MEASURE(0.01),#4326,
'DISTANCE_ACCURACY_VALUE',
'Maximum model space distance between geometric entities at asserted c
onnectivities');
#4324=(
GEOMETRIC_REPRESENTATION_CONTEXT(3)
GLOBAL_UNCERTAINTY_ASSIGNED_CONTEXT((#4322))
GLOBAL_UNIT_ASSIGNED_CONTEXT((#4326,#4327,#4328))
REPRESENTATION_CONTEXT('','3D')
);
#4325=(
GEOMETRIC_REPRESENTATION_CONTEXT(3)
GLOBAL_UNCERTAINTY_ASSIGNED_CONTEXT((#4323))
GLOBAL_UNIT_ASSIGNED_CONTEXT((#4326,#4327,#4328))
REPRESENTATION_CONTEXT('','3D')
);
#4326=(
LENGTH_UNIT()
NAMED_UNIT(*)
SI_UNIT(.MILLI.,.METRE.)
);
#4327=(
NAMED_UNIT(*)
PLANE_ANGLE_UNIT()
SI_UNIT($,.RADIAN.)
);
#4328=(
NAMED_UNIT(*)
SI_UNIT($,.STERADIAN.)
SOLID_ANGLE_UNIT()
);
#4329=SHAPE_DEFINITION_REPRESENTATION(#4330,#4331);
#4330=PRODUCT_DEFINITION_SHAPE('',$,#4333);
#4331=SHAPE_REPRESENTATION('',(#1822),#4324);
#4332=PRODUCT_DEFINITION_CONTEXT('part definition',#4337,'design');
#4333=PRODUCT_DEFINITION('suction pump head','suction pump head v9',#4334,
#4332);
#4334=PRODUCT_DEFINITION_FORMATION('',$,#4339);
#4335=PRODUCT_RELATED_PRODUCT_CATEGORY('suction pump head v9',
'suction pump head v9',(#4339));
#4336=APPLICATION_PROTOCOL_DEFINITION('international standard',
'automotive_design',2009,#4337);
#4337=APPLICATION_CONTEXT(
'Core Data for Automotive Mechanical Design Process');
#4338=PRODUCT_CONTEXT('part definition',#4337,'mechanical');
#4339=PRODUCT('suction pump head','suction pump head v9',$,(#4338));
#4340=PRESENTATION_STYLE_ASSIGNMENT((#4341));
#4341=SURFACE_STYLE_USAGE(.BOTH.,#4342);
#4342=SURFACE_SIDE_STYLE('',(#4343));
#4343=SURFACE_STYLE_FILL_AREA(#4344);
#4344=FILL_AREA_STYLE('Steel - Satin',(#4345));
#4345=FILL_AREA_STYLE_COLOUR('Steel - Satin',#4346);
#4346=COLOUR_RGB('Steel - Satin',0.627450980392157,0.627450980392157,0.627450980392157);
ENDSEC;
END-ISO-10303-21;
