ISO-10303-21;
HEADER;
/* Generated by software containing ST-Developer
 * from STEP Tools, Inc. (www.steptools.com) 
 */

FILE_DESCRIPTION(
/* description */ (''),
/* implementation_level */ '2;1');

FILE_NAME(
/* name */ '24 deep well led array.step',
/* time_stamp */ '2026-08-04T21:45:31+02:00',
/* author */ (''),
/* organization */ (''),
/* preprocessor_version */ 'ST-DEVELOPER v20.1',
/* originating_system */ 'Autodesk Translation Framework v15.8.0.0',
/* authorisation */ '');

FILE_SCHEMA (('AUTOMOTIVE_DESIGN { 1 0 10303 214 3 1 1 }'));
ENDSEC;

DATA;
#10=MECHANICAL_DESIGN_GEOMETRIC_PRESENTATION_REPRESENTATION('',(#13),#5109);
#11=SHAPE_REPRESENTATION_RELATIONSHIP('SRR','None',#5116,#12);
#12=ADVANCED_BREP_SHAPE_REPRESENTATION('',(#14),#5108);
#13=STYLED_ITEM('',(#5125),#14);
#14=MANIFOLD_SOLID_BREP('Body1',#2781);
#15=TOROIDAL_SURFACE('',#2839,4.00000000000001,1.);
#16=TOROIDAL_SURFACE('',#2847,4.00000000000001,1.);
#17=TOROIDAL_SURFACE('',#2855,4.00000000000001,1.);
#18=TOROIDAL_SURFACE('',#2863,4.00000000000001,1.);
#19=TOROIDAL_SURFACE('',#2871,4.00000000000001,1.);
#20=TOROIDAL_SURFACE('',#2879,4.00000000000001,1.);
#21=TOROIDAL_SURFACE('',#2887,4.,1.);
#22=TOROIDAL_SURFACE('',#2895,4.,1.);
#23=TOROIDAL_SURFACE('',#2903,4.,1.);
#24=TOROIDAL_SURFACE('',#2911,4.,1.);
#25=TOROIDAL_SURFACE('',#2919,4.,1.);
#26=TOROIDAL_SURFACE('',#2927,4.,1.);
#27=TOROIDAL_SURFACE('',#2935,4.,1.);
#28=TOROIDAL_SURFACE('',#2943,4.,1.);
#29=TOROIDAL_SURFACE('',#2951,4.,1.);
#30=TOROIDAL_SURFACE('',#2959,4.,1.);
#31=TOROIDAL_SURFACE('',#2967,4.,1.);
#32=TOROIDAL_SURFACE('',#2975,4.00000000000001,1.);
#33=TOROIDAL_SURFACE('',#2983,3.99999999999999,1.);
#34=TOROIDAL_SURFACE('',#2991,4.00000000000001,1.);
#35=TOROIDAL_SURFACE('',#2999,4.,1.);
#36=TOROIDAL_SURFACE('',#3007,4.,1.);
#37=TOROIDAL_SURFACE('',#3015,4.,1.);
#38=TOROIDAL_SURFACE('',#3023,4.,1.);
#39=TOROIDAL_SURFACE('',#3031,7.,3.);
#40=TOROIDAL_SURFACE('',#3036,7.,3.);
#41=TOROIDAL_SURFACE('',#3041,7.,3.);
#42=TOROIDAL_SURFACE('',#3046,7.,3.);
#43=TOROIDAL_SURFACE('',#3051,7.,3.);
#44=TOROIDAL_SURFACE('',#3056,7.,3.);
#45=TOROIDAL_SURFACE('',#3061,7.,3.);
#46=TOROIDAL_SURFACE('',#3066,7.,3.);
#47=TOROIDAL_SURFACE('',#3071,7.,3.);
#48=TOROIDAL_SURFACE('',#3076,7.,3.);
#49=TOROIDAL_SURFACE('',#3081,7.,3.);
#50=TOROIDAL_SURFACE('',#3086,7.,3.);
#51=TOROIDAL_SURFACE('',#3091,6.99999999999999,3.);
#52=TOROIDAL_SURFACE('',#3096,6.99999999999999,3.);
#53=TOROIDAL_SURFACE('',#3101,7.,3.);
#54=TOROIDAL_SURFACE('',#3106,6.99999999999999,3.);
#55=TOROIDAL_SURFACE('',#3111,7.,3.);
#56=TOROIDAL_SURFACE('',#3116,6.99999999999999,3.);
#57=TOROIDAL_SURFACE('',#3121,7.,3.);
#58=TOROIDAL_SURFACE('',#3126,7.,3.);
#59=TOROIDAL_SURFACE('',#3131,7.,3.);
#60=TOROIDAL_SURFACE('',#3136,7.,3.);
#61=TOROIDAL_SURFACE('',#3141,7.,3.);
#62=TOROIDAL_SURFACE('',#3146,7.,3.);
#63=FACE_BOUND('',#629,.T.);
#64=FACE_BOUND('',#630,.T.);
#65=FACE_BOUND('',#631,.T.);
#66=FACE_BOUND('',#632,.T.);
#67=FACE_BOUND('',#633,.T.);
#68=FACE_BOUND('',#634,.T.);
#69=FACE_BOUND('',#635,.T.);
#70=FACE_BOUND('',#636,.T.);
#71=FACE_BOUND('',#637,.T.);
#72=FACE_BOUND('',#638,.T.);
#73=FACE_BOUND('',#639,.T.);
#74=FACE_BOUND('',#640,.T.);
#75=FACE_BOUND('',#641,.T.);
#76=FACE_BOUND('',#642,.T.);
#77=FACE_BOUND('',#643,.T.);
#78=FACE_BOUND('',#644,.T.);
#79=FACE_BOUND('',#645,.T.);
#80=FACE_BOUND('',#646,.T.);
#81=FACE_BOUND('',#647,.T.);
#82=FACE_BOUND('',#648,.T.);
#83=FACE_BOUND('',#649,.T.);
#84=FACE_BOUND('',#650,.T.);
#85=FACE_BOUND('',#651,.T.);
#86=FACE_BOUND('',#652,.T.);
#87=FACE_BOUND('',#658,.T.);
#88=FACE_BOUND('',#758,.T.);
#89=FACE_BOUND('',#759,.T.);
#90=FACE_BOUND('',#760,.T.);
#91=FACE_BOUND('',#761,.T.);
#92=FACE_BOUND('',#762,.T.);
#93=FACE_BOUND('',#763,.T.);
#94=FACE_BOUND('',#764,.T.);
#95=FACE_BOUND('',#765,.T.);
#96=FACE_BOUND('',#766,.T.);
#97=FACE_BOUND('',#767,.T.);
#98=FACE_BOUND('',#768,.T.);
#99=FACE_BOUND('',#769,.T.);
#100=FACE_BOUND('',#770,.T.);
#101=FACE_BOUND('',#771,.T.);
#102=FACE_BOUND('',#772,.T.);
#103=FACE_BOUND('',#773,.T.);
#104=FACE_BOUND('',#774,.T.);
#105=FACE_BOUND('',#775,.T.);
#106=FACE_BOUND('',#776,.T.);
#107=FACE_BOUND('',#777,.T.);
#108=FACE_BOUND('',#778,.T.);
#109=FACE_BOUND('',#779,.T.);
#110=FACE_BOUND('',#780,.T.);
#111=FACE_BOUND('',#781,.T.);
#112=FACE_BOUND('',#783,.T.);
#113=FACE_BOUND('',#785,.T.);
#114=FACE_BOUND('',#787,.T.);
#115=FACE_BOUND('',#789,.T.);
#116=FACE_BOUND('',#791,.T.);
#117=FACE_BOUND('',#793,.T.);
#118=FACE_BOUND('',#795,.T.);
#119=FACE_BOUND('',#797,.T.);
#120=FACE_BOUND('',#799,.T.);
#121=FACE_BOUND('',#801,.T.);
#122=FACE_BOUND('',#803,.T.);
#123=FACE_BOUND('',#805,.T.);
#124=FACE_BOUND('',#807,.T.);
#125=FACE_BOUND('',#809,.T.);
#126=FACE_BOUND('',#811,.T.);
#127=FACE_BOUND('',#813,.T.);
#128=FACE_BOUND('',#815,.T.);
#129=FACE_BOUND('',#817,.T.);
#130=FACE_BOUND('',#819,.T.);
#131=FACE_BOUND('',#821,.T.);
#132=FACE_BOUND('',#823,.T.);
#133=FACE_BOUND('',#825,.T.);
#134=FACE_BOUND('',#827,.T.);
#135=FACE_BOUND('',#829,.T.);
#136=CIRCLE('',#2806,7.);
#137=CIRCLE('',#2807,7.);
#138=CIRCLE('',#2808,7.);
#139=CIRCLE('',#2809,7.);
#140=CIRCLE('',#2810,7.);
#141=CIRCLE('',#2811,7.);
#142=CIRCLE('',#2812,6.99999999999999);
#143=CIRCLE('',#2813,7.);
#144=CIRCLE('',#2814,7.);
#145=CIRCLE('',#2815,7.);
#146=CIRCLE('',#2816,7.);
#147=CIRCLE('',#2817,7.);
#148=CIRCLE('',#2818,7.);
#149=CIRCLE('',#2819,7.);
#150=CIRCLE('',#2820,7.);
#151=CIRCLE('',#2821,6.99999999999999);
#152=CIRCLE('',#2822,6.99999999999999);
#153=CIRCLE('',#2823,6.99999999999999);
#154=CIRCLE('',#2824,7.);
#155=CIRCLE('',#2825,7.);
#156=CIRCLE('',#2826,7.);
#157=CIRCLE('',#2827,7.);
#158=CIRCLE('',#2828,7.);
#159=CIRCLE('',#2829,7.);
#160=CIRCLE('',#2840,4.);
#161=CIRCLE('',#2841,1.);
#162=CIRCLE('',#2842,3.00000000000001);
#163=CIRCLE('',#2843,3.00000000000001);
#164=CIRCLE('',#2844,4.);
#165=CIRCLE('',#2846,3.00000000000001);
#166=CIRCLE('',#2848,4.);
#167=CIRCLE('',#2849,1.);
#168=CIRCLE('',#2850,3.00000000000001);
#169=CIRCLE('',#2851,3.00000000000001);
#170=CIRCLE('',#2852,4.);
#171=CIRCLE('',#2854,3.00000000000001);
#172=CIRCLE('',#2856,4.);
#173=CIRCLE('',#2857,1.);
#174=CIRCLE('',#2858,3.00000000000001);
#175=CIRCLE('',#2859,3.00000000000001);
#176=CIRCLE('',#2860,4.);
#177=CIRCLE('',#2862,3.00000000000001);
#178=CIRCLE('',#2864,4.);
#179=CIRCLE('',#2865,1.);
#180=CIRCLE('',#2866,3.00000000000001);
#181=CIRCLE('',#2867,3.00000000000001);
#182=CIRCLE('',#2868,4.);
#183=CIRCLE('',#2870,3.00000000000001);
#184=CIRCLE('',#2872,4.);
#185=CIRCLE('',#2873,1.);
#186=CIRCLE('',#2874,3.00000000000001);
#187=CIRCLE('',#2875,3.00000000000001);
#188=CIRCLE('',#2876,4.);
#189=CIRCLE('',#2878,3.00000000000001);
#190=CIRCLE('',#2880,4.);
#191=CIRCLE('',#2881,1.);
#192=CIRCLE('',#2882,3.00000000000001);
#193=CIRCLE('',#2883,3.00000000000001);
#194=CIRCLE('',#2884,4.);
#195=CIRCLE('',#2886,3.00000000000001);
#196=CIRCLE('',#2888,4.);
#197=CIRCLE('',#2889,1.);
#198=CIRCLE('',#2890,3.);
#199=CIRCLE('',#2891,3.);
#200=CIRCLE('',#2892,4.);
#201=CIRCLE('',#2894,3.);
#202=CIRCLE('',#2896,4.);
#203=CIRCLE('',#2897,1.);
#204=CIRCLE('',#2898,3.);
#205=CIRCLE('',#2899,3.);
#206=CIRCLE('',#2900,4.);
#207=CIRCLE('',#2902,3.);
#208=CIRCLE('',#2904,3.99999999999999);
#209=CIRCLE('',#2905,1.);
#210=CIRCLE('',#2906,3.);
#211=CIRCLE('',#2907,3.);
#212=CIRCLE('',#2908,3.99999999999999);
#213=CIRCLE('',#2910,3.);
#214=CIRCLE('',#2912,3.99999999999999);
#215=CIRCLE('',#2913,1.);
#216=CIRCLE('',#2914,3.);
#217=CIRCLE('',#2915,3.);
#218=CIRCLE('',#2916,3.99999999999999);
#219=CIRCLE('',#2918,3.);
#220=CIRCLE('',#2920,4.);
#221=CIRCLE('',#2921,1.);
#222=CIRCLE('',#2922,3.);
#223=CIRCLE('',#2923,3.);
#224=CIRCLE('',#2924,4.);
#225=CIRCLE('',#2926,3.);
#226=CIRCLE('',#2928,3.99999999999999);
#227=CIRCLE('',#2929,1.);
#228=CIRCLE('',#2930,3.);
#229=CIRCLE('',#2931,3.);
#230=CIRCLE('',#2932,3.99999999999999);
#231=CIRCLE('',#2934,3.);
#232=CIRCLE('',#2936,4.);
#233=CIRCLE('',#2937,1.);
#234=CIRCLE('',#2938,3.);
#235=CIRCLE('',#2939,3.);
#236=CIRCLE('',#2940,4.);
#237=CIRCLE('',#2942,3.);
#238=CIRCLE('',#2944,4.);
#239=CIRCLE('',#2945,1.);
#240=CIRCLE('',#2946,3.);
#241=CIRCLE('',#2947,3.);
#242=CIRCLE('',#2948,4.);
#243=CIRCLE('',#2950,3.);
#244=CIRCLE('',#2952,4.);
#245=CIRCLE('',#2953,1.);
#246=CIRCLE('',#2954,3.);
#247=CIRCLE('',#2955,3.);
#248=CIRCLE('',#2956,4.);
#249=CIRCLE('',#2958,3.);
#250=CIRCLE('',#2960,4.);
#251=CIRCLE('',#2961,1.);
#252=CIRCLE('',#2962,3.);
#253=CIRCLE('',#2963,3.);
#254=CIRCLE('',#2964,4.);
#255=CIRCLE('',#2966,3.);
#256=CIRCLE('',#2968,4.);
#257=CIRCLE('',#2969,1.);
#258=CIRCLE('',#2970,3.);
#259=CIRCLE('',#2971,3.);
#260=CIRCLE('',#2972,4.);
#261=CIRCLE('',#2974,3.);
#262=CIRCLE('',#2976,3.99999999999999);
#263=CIRCLE('',#2977,1.);
#264=CIRCLE('',#2978,3.00000000000001);
#265=CIRCLE('',#2979,3.00000000000001);
#266=CIRCLE('',#2980,3.99999999999999);
#267=CIRCLE('',#2982,3.00000000000001);
#268=CIRCLE('',#2984,4.);
#269=CIRCLE('',#2985,1.);
#270=CIRCLE('',#2986,2.99999999999999);
#271=CIRCLE('',#2987,2.99999999999999);
#272=CIRCLE('',#2988,4.);
#273=CIRCLE('',#2990,2.99999999999999);
#274=CIRCLE('',#2992,4.);
#275=CIRCLE('',#2993,1.);
#276=CIRCLE('',#2994,3.00000000000001);
#277=CIRCLE('',#2995,3.00000000000001);
#278=CIRCLE('',#2996,4.);
#279=CIRCLE('',#2998,3.00000000000001);
#280=CIRCLE('',#3000,4.);
#281=CIRCLE('',#3001,1.);
#282=CIRCLE('',#3002,3.);
#283=CIRCLE('',#3003,3.);
#284=CIRCLE('',#3004,4.);
#285=CIRCLE('',#3006,3.);
#286=CIRCLE('',#3008,4.);
#287=CIRCLE('',#3009,1.);
#288=CIRCLE('',#3010,3.);
#289=CIRCLE('',#3011,3.);
#290=CIRCLE('',#3012,4.);
#291=CIRCLE('',#3014,3.);
#292=CIRCLE('',#3016,4.);
#293=CIRCLE('',#3017,1.);
#294=CIRCLE('',#3018,3.);
#295=CIRCLE('',#3019,3.);
#296=CIRCLE('',#3020,4.);
#297=CIRCLE('',#3022,3.);
#298=CIRCLE('',#3024,4.);
#299=CIRCLE('',#3025,1.);
#300=CIRCLE('',#3026,3.);
#301=CIRCLE('',#3027,3.);
#302=CIRCLE('',#3028,4.);
#303=CIRCLE('',#3030,3.);
#304=CIRCLE('',#3032,4.);
#305=CIRCLE('',#3033,3.);
#306=CIRCLE('',#3034,4.);
#307=CIRCLE('',#3037,4.);
#308=CIRCLE('',#3038,3.);
#309=CIRCLE('',#3039,4.);
#310=CIRCLE('',#3042,4.);
#311=CIRCLE('',#3043,3.);
#312=CIRCLE('',#3044,4.);
#313=CIRCLE('',#3047,4.);
#314=CIRCLE('',#3048,3.);
#315=CIRCLE('',#3049,4.);
#316=CIRCLE('',#3052,4.);
#317=CIRCLE('',#3053,3.);
#318=CIRCLE('',#3054,4.);
#319=CIRCLE('',#3057,4.);
#320=CIRCLE('',#3058,3.);
#321=CIRCLE('',#3059,4.);
#322=CIRCLE('',#3062,4.);
#323=CIRCLE('',#3063,3.);
#324=CIRCLE('',#3064,4.);
#325=CIRCLE('',#3067,4.);
#326=CIRCLE('',#3068,3.);
#327=CIRCLE('',#3069,4.);
#328=CIRCLE('',#3072,4.);
#329=CIRCLE('',#3073,3.);
#330=CIRCLE('',#3074,4.);
#331=CIRCLE('',#3077,4.);
#332=CIRCLE('',#3078,3.);
#333=CIRCLE('',#3079,4.);
#334=CIRCLE('',#3082,4.);
#335=CIRCLE('',#3083,3.);
#336=CIRCLE('',#3084,4.);
#337=CIRCLE('',#3087,4.);
#338=CIRCLE('',#3088,3.);
#339=CIRCLE('',#3089,4.);
#340=CIRCLE('',#3092,3.99999999999999);
#341=CIRCLE('',#3093,3.);
#342=CIRCLE('',#3094,3.99999999999999);
#343=CIRCLE('',#3097,3.99999999999999);
#344=CIRCLE('',#3098,3.);
#345=CIRCLE('',#3099,3.99999999999999);
#346=CIRCLE('',#3102,4.);
#347=CIRCLE('',#3103,3.);
#348=CIRCLE('',#3104,4.);
#349=CIRCLE('',#3107,3.99999999999999);
#350=CIRCLE('',#3108,3.);
#351=CIRCLE('',#3109,3.99999999999999);
#352=CIRCLE('',#3112,4.);
#353=CIRCLE('',#3113,3.);
#354=CIRCLE('',#3114,4.);
#355=CIRCLE('',#3117,3.99999999999999);
#356=CIRCLE('',#3118,3.);
#357=CIRCLE('',#3119,3.99999999999999);
#358=CIRCLE('',#3122,4.);
#359=CIRCLE('',#3123,3.);
#360=CIRCLE('',#3124,4.);
#361=CIRCLE('',#3127,4.);
#362=CIRCLE('',#3128,3.);
#363=CIRCLE('',#3129,4.);
#364=CIRCLE('',#3132,4.);
#365=CIRCLE('',#3133,3.);
#366=CIRCLE('',#3134,4.);
#367=CIRCLE('',#3137,4.);
#368=CIRCLE('',#3138,3.);
#369=CIRCLE('',#3139,4.);
#370=CIRCLE('',#3142,4.);
#371=CIRCLE('',#3143,3.);
#372=CIRCLE('',#3144,4.);
#373=CIRCLE('',#3147,4.);
#374=CIRCLE('',#3148,3.);
#375=CIRCLE('',#3149,4.);
#376=CIRCLE('',#3154,2.75);
#377=CIRCLE('',#3155,2.75);
#378=CIRCLE('',#3156,2.75);
#379=CIRCLE('',#3157,2.75);
#380=CIRCLE('',#3158,2.74999999999999);
#381=CIRCLE('',#3159,2.75);
#382=CIRCLE('',#3160,2.75);
#383=CIRCLE('',#3161,2.75);
#384=CIRCLE('',#3162,2.75);
#385=CIRCLE('',#3163,2.75);
#386=CIRCLE('',#3164,2.74999999999999);
#387=CIRCLE('',#3165,2.75);
#388=CIRCLE('',#3166,2.75);
#389=CIRCLE('',#3167,2.75);
#390=CIRCLE('',#3168,2.75);
#391=CIRCLE('',#3169,2.75);
#392=CIRCLE('',#3170,2.75);
#393=CIRCLE('',#3171,2.75);
#394=CIRCLE('',#3172,2.75);
#395=CIRCLE('',#3173,2.75);
#396=CIRCLE('',#3174,2.75);
#397=CIRCLE('',#3175,2.75);
#398=CIRCLE('',#3176,2.74999999999999);
#399=CIRCLE('',#3177,2.75);
#400=CIRCLE('',#3179,2.74999999999999);
#401=CIRCLE('',#3181,2.75);
#402=CIRCLE('',#3183,2.75);
#403=CIRCLE('',#3185,2.75);
#404=CIRCLE('',#3187,2.74999999999999);
#405=CIRCLE('',#3189,2.75);
#406=CIRCLE('',#3191,2.75);
#407=CIRCLE('',#3193,2.75);
#408=CIRCLE('',#3195,2.75);
#409=CIRCLE('',#3197,2.75);
#410=CIRCLE('',#3199,2.74999999999999);
#411=CIRCLE('',#3201,2.75);
#412=CIRCLE('',#3203,2.75);
#413=CIRCLE('',#3205,2.75);
#414=CIRCLE('',#3207,2.75);
#415=CIRCLE('',#3209,2.75);
#416=CIRCLE('',#3211,2.75);
#417=CIRCLE('',#3213,2.75);
#418=CIRCLE('',#3215,2.75);
#419=CIRCLE('',#3217,2.75);
#420=CIRCLE('',#3219,2.75);
#421=CIRCLE('',#3221,2.75);
#422=CIRCLE('',#3223,2.75);
#423=CIRCLE('',#3225,2.75);
#424=PLANE('',#2803);
#425=PLANE('',#2804);
#426=PLANE('',#2805);
#427=PLANE('',#2838);
#428=PLANE('',#3151);
#429=PLANE('',#3152);
#430=PLANE('',#3153);
#431=PLANE('',#3178);
#432=PLANE('',#3180);
#433=PLANE('',#3182);
#434=PLANE('',#3184);
#435=PLANE('',#3186);
#436=PLANE('',#3188);
#437=PLANE('',#3190);
#438=PLANE('',#3192);
#439=PLANE('',#3194);
#440=PLANE('',#3196);
#441=PLANE('',#3198);
#442=PLANE('',#3200);
#443=PLANE('',#3202);
#444=PLANE('',#3204);
#445=PLANE('',#3206);
#446=PLANE('',#3208);
#447=PLANE('',#3210);
#448=PLANE('',#3212);
#449=PLANE('',#3214);
#450=PLANE('',#3216);
#451=PLANE('',#3218);
#452=PLANE('',#3220);
#453=PLANE('',#3222);
#454=PLANE('',#3224);
#455=PLANE('',#3250);
#456=PLANE('',#3251);
#457=PLANE('',#3252);
#458=PLANE('',#3253);
#459=FACE_OUTER_BOUND('',#622,.T.);
#460=FACE_OUTER_BOUND('',#623,.T.);
#461=FACE_OUTER_BOUND('',#624,.T.);
#462=FACE_OUTER_BOUND('',#625,.T.);
#463=FACE_OUTER_BOUND('',#626,.T.);
#464=FACE_OUTER_BOUND('',#627,.T.);
#465=FACE_OUTER_BOUND('',#628,.T.);
#466=FACE_OUTER_BOUND('',#653,.T.);
#467=FACE_OUTER_BOUND('',#654,.T.);
#468=FACE_OUTER_BOUND('',#655,.T.);
#469=FACE_OUTER_BOUND('',#656,.T.);
#470=FACE_OUTER_BOUND('',#657,.T.);
#471=FACE_OUTER_BOUND('',#659,.T.);
#472=FACE_OUTER_BOUND('',#660,.T.);
#473=FACE_OUTER_BOUND('',#661,.T.);
#474=FACE_OUTER_BOUND('',#662,.T.);
#475=FACE_OUTER_BOUND('',#663,.T.);
#476=FACE_OUTER_BOUND('',#664,.T.);
#477=FACE_OUTER_BOUND('',#665,.T.);
#478=FACE_OUTER_BOUND('',#666,.T.);
#479=FACE_OUTER_BOUND('',#667,.T.);
#480=FACE_OUTER_BOUND('',#668,.T.);
#481=FACE_OUTER_BOUND('',#669,.T.);
#482=FACE_OUTER_BOUND('',#670,.T.);
#483=FACE_OUTER_BOUND('',#671,.T.);
#484=FACE_OUTER_BOUND('',#672,.T.);
#485=FACE_OUTER_BOUND('',#673,.T.);
#486=FACE_OUTER_BOUND('',#674,.T.);
#487=FACE_OUTER_BOUND('',#675,.T.);
#488=FACE_OUTER_BOUND('',#676,.T.);
#489=FACE_OUTER_BOUND('',#677,.T.);
#490=FACE_OUTER_BOUND('',#678,.T.);
#491=FACE_OUTER_BOUND('',#679,.T.);
#492=FACE_OUTER_BOUND('',#680,.T.);
#493=FACE_OUTER_BOUND('',#681,.T.);
#494=FACE_OUTER_BOUND('',#682,.T.);
#495=FACE_OUTER_BOUND('',#683,.T.);
#496=FACE_OUTER_BOUND('',#684,.T.);
#497=FACE_OUTER_BOUND('',#685,.T.);
#498=FACE_OUTER_BOUND('',#686,.T.);
#499=FACE_OUTER_BOUND('',#687,.T.);
#500=FACE_OUTER_BOUND('',#688,.T.);
#501=FACE_OUTER_BOUND('',#689,.T.);
#502=FACE_OUTER_BOUND('',#690,.T.);
#503=FACE_OUTER_BOUND('',#691,.T.);
#504=FACE_OUTER_BOUND('',#692,.T.);
#505=FACE_OUTER_BOUND('',#693,.T.);
#506=FACE_OUTER_BOUND('',#694,.T.);
#507=FACE_OUTER_BOUND('',#695,.T.);
#508=FACE_OUTER_BOUND('',#696,.T.);
#509=FACE_OUTER_BOUND('',#697,.T.);
#510=FACE_OUTER_BOUND('',#698,.T.);
#511=FACE_OUTER_BOUND('',#699,.T.);
#512=FACE_OUTER_BOUND('',#700,.T.);
#513=FACE_OUTER_BOUND('',#701,.T.);
#514=FACE_OUTER_BOUND('',#702,.T.);
#515=FACE_OUTER_BOUND('',#703,.T.);
#516=FACE_OUTER_BOUND('',#704,.T.);
#517=FACE_OUTER_BOUND('',#705,.T.);
#518=FACE_OUTER_BOUND('',#706,.T.);
#519=FACE_OUTER_BOUND('',#707,.T.);
#520=FACE_OUTER_BOUND('',#708,.T.);
#521=FACE_OUTER_BOUND('',#709,.T.);
#522=FACE_OUTER_BOUND('',#710,.T.);
#523=FACE_OUTER_BOUND('',#711,.T.);
#524=FACE_OUTER_BOUND('',#712,.T.);
#525=FACE_OUTER_BOUND('',#713,.T.);
#526=FACE_OUTER_BOUND('',#714,.T.);
#527=FACE_OUTER_BOUND('',#715,.T.);
#528=FACE_OUTER_BOUND('',#716,.T.);
#529=FACE_OUTER_BOUND('',#717,.T.);
#530=FACE_OUTER_BOUND('',#718,.T.);
#531=FACE_OUTER_BOUND('',#719,.T.);
#532=FACE_OUTER_BOUND('',#720,.T.);
#533=FACE_OUTER_BOUND('',#721,.T.);
#534=FACE_OUTER_BOUND('',#722,.T.);
#535=FACE_OUTER_BOUND('',#723,.T.);
#536=FACE_OUTER_BOUND('',#724,.T.);
#537=FACE_OUTER_BOUND('',#725,.T.);
#538=FACE_OUTER_BOUND('',#726,.T.);
#539=FACE_OUTER_BOUND('',#727,.T.);
#540=FACE_OUTER_BOUND('',#728,.T.);
#541=FACE_OUTER_BOUND('',#729,.T.);
#542=FACE_OUTER_BOUND('',#730,.T.);
#543=FACE_OUTER_BOUND('',#731,.T.);
#544=FACE_OUTER_BOUND('',#732,.T.);
#545=FACE_OUTER_BOUND('',#733,.T.);
#546=FACE_OUTER_BOUND('',#734,.T.);
#547=FACE_OUTER_BOUND('',#735,.T.);
#548=FACE_OUTER_BOUND('',#736,.T.);
#549=FACE_OUTER_BOUND('',#737,.T.);
#550=FACE_OUTER_BOUND('',#738,.T.);
#551=FACE_OUTER_BOUND('',#739,.T.);
#552=FACE_OUTER_BOUND('',#740,.T.);
#553=FACE_OUTER_BOUND('',#741,.T.);
#554=FACE_OUTER_BOUND('',#742,.T.);
#555=FACE_OUTER_BOUND('',#743,.T.);
#556=FACE_OUTER_BOUND('',#744,.T.);
#557=FACE_OUTER_BOUND('',#745,.T.);
#558=FACE_OUTER_BOUND('',#746,.T.);
#559=FACE_OUTER_BOUND('',#747,.T.);
#560=FACE_OUTER_BOUND('',#748,.T.);
#561=FACE_OUTER_BOUND('',#749,.T.);
#562=FACE_OUTER_BOUND('',#750,.T.);
#563=FACE_OUTER_BOUND('',#751,.T.);
#564=FACE_OUTER_BOUND('',#752,.T.);
#565=FACE_OUTER_BOUND('',#753,.T.);
#566=FACE_OUTER_BOUND('',#754,.T.);
#567=FACE_OUTER_BOUND('',#755,.T.);
#568=FACE_OUTER_BOUND('',#756,.T.);
#569=FACE_OUTER_BOUND('',#757,.T.);
#570=FACE_OUTER_BOUND('',#782,.T.);
#571=FACE_OUTER_BOUND('',#784,.T.);
#572=FACE_OUTER_BOUND('',#786,.T.);
#573=FACE_OUTER_BOUND('',#788,.T.);
#574=FACE_OUTER_BOUND('',#790,.T.);
#575=FACE_OUTER_BOUND('',#792,.T.);
#576=FACE_OUTER_BOUND('',#794,.T.);
#577=FACE_OUTER_BOUND('',#796,.T.);
#578=FACE_OUTER_BOUND('',#798,.T.);
#579=FACE_OUTER_BOUND('',#800,.T.);
#580=FACE_OUTER_BOUND('',#802,.T.);
#581=FACE_OUTER_BOUND('',#804,.T.);
#582=FACE_OUTER_BOUND('',#806,.T.);
#583=FACE_OUTER_BOUND('',#808,.T.);
#584=FACE_OUTER_BOUND('',#810,.T.);
#585=FACE_OUTER_BOUND('',#812,.T.);
#586=FACE_OUTER_BOUND('',#814,.T.);
#587=FACE_OUTER_BOUND('',#816,.T.);
#588=FACE_OUTER_BOUND('',#818,.T.);
#589=FACE_OUTER_BOUND('',#820,.T.);
#590=FACE_OUTER_BOUND('',#822,.T.);
#591=FACE_OUTER_BOUND('',#824,.T.);
#592=FACE_OUTER_BOUND('',#826,.T.);
#593=FACE_OUTER_BOUND('',#828,.T.);
#594=FACE_OUTER_BOUND('',#830,.T.);
#595=FACE_OUTER_BOUND('',#831,.T.);
#596=FACE_OUTER_BOUND('',#832,.T.);
#597=FACE_OUTER_BOUND('',#833,.T.);
#598=FACE_OUTER_BOUND('',#834,.T.);
#599=FACE_OUTER_BOUND('',#835,.T.);
#600=FACE_OUTER_BOUND('',#836,.T.);
#601=FACE_OUTER_BOUND('',#837,.T.);
#602=FACE_OUTER_BOUND('',#838,.T.);
#603=FACE_OUTER_BOUND('',#839,.T.);
#604=FACE_OUTER_BOUND('',#840,.T.);
#605=FACE_OUTER_BOUND('',#841,.T.);
#606=FACE_OUTER_BOUND('',#842,.T.);
#607=FACE_OUTER_BOUND('',#843,.T.);
#608=FACE_OUTER_BOUND('',#844,.T.);
#609=FACE_OUTER_BOUND('',#845,.T.);
#610=FACE_OUTER_BOUND('',#846,.T.);
#611=FACE_OUTER_BOUND('',#847,.T.);
#612=FACE_OUTER_BOUND('',#848,.T.);
#613=FACE_OUTER_BOUND('',#849,.T.);
#614=FACE_OUTER_BOUND('',#850,.T.);
#615=FACE_OUTER_BOUND('',#851,.T.);
#616=FACE_OUTER_BOUND('',#852,.T.);
#617=FACE_OUTER_BOUND('',#853,.T.);
#618=FACE_OUTER_BOUND('',#854,.T.);
#619=FACE_OUTER_BOUND('',#855,.T.);
#620=FACE_OUTER_BOUND('',#856,.T.);
#621=FACE_OUTER_BOUND('',#857,.T.);
#622=EDGE_LOOP('',(#1738,#1739,#1740,#1741));
#623=EDGE_LOOP('',(#1742,#1743,#1744,#1745));
#624=EDGE_LOOP('',(#1746,#1747,#1748,#1749));
#625=EDGE_LOOP('',(#1750,#1751,#1752,#1753));
#626=EDGE_LOOP('',(#1754,#1755,#1756,#1757));
#627=EDGE_LOOP('',(#1758,#1759,#1760,#1761));
#628=EDGE_LOOP('',(#1762,#1763,#1764,#1765));
#629=EDGE_LOOP('',(#1766));
#630=EDGE_LOOP('',(#1767));
#631=EDGE_LOOP('',(#1768));
#632=EDGE_LOOP('',(#1769));
#633=EDGE_LOOP('',(#1770));
#634=EDGE_LOOP('',(#1771));
#635=EDGE_LOOP('',(#1772));
#636=EDGE_LOOP('',(#1773));
#637=EDGE_LOOP('',(#1774));
#638=EDGE_LOOP('',(#1775));
#639=EDGE_LOOP('',(#1776));
#640=EDGE_LOOP('',(#1777));
#641=EDGE_LOOP('',(#1778));
#642=EDGE_LOOP('',(#1779));
#643=EDGE_LOOP('',(#1780));
#644=EDGE_LOOP('',(#1781));
#645=EDGE_LOOP('',(#1782));
#646=EDGE_LOOP('',(#1783));
#647=EDGE_LOOP('',(#1784));
#648=EDGE_LOOP('',(#1785));
#649=EDGE_LOOP('',(#1786));
#650=EDGE_LOOP('',(#1787));
#651=EDGE_LOOP('',(#1788));
#652=EDGE_LOOP('',(#1789));
#653=EDGE_LOOP('',(#1790,#1791,#1792,#1793));
#654=EDGE_LOOP('',(#1794,#1795,#1796,#1797));
#655=EDGE_LOOP('',(#1798,#1799,#1800,#1801));
#656=EDGE_LOOP('',(#1802,#1803,#1804,#1805));
#657=EDGE_LOOP('',(#1806,#1807,#1808,#1809));
#658=EDGE_LOOP('',(#1810,#1811,#1812,#1813));
#659=EDGE_LOOP('',(#1814,#1815,#1816,#1817,#1818,#1819));
#660=EDGE_LOOP('',(#1820,#1821,#1822,#1823,#1824));
#661=EDGE_LOOP('',(#1825,#1826,#1827,#1828,#1829,#1830));
#662=EDGE_LOOP('',(#1831,#1832,#1833,#1834,#1835));
#663=EDGE_LOOP('',(#1836,#1837,#1838,#1839,#1840,#1841));
#664=EDGE_LOOP('',(#1842,#1843,#1844,#1845,#1846));
#665=EDGE_LOOP('',(#1847,#1848,#1849,#1850,#1851,#1852));
#666=EDGE_LOOP('',(#1853,#1854,#1855,#1856,#1857));
#667=EDGE_LOOP('',(#1858,#1859,#1860,#1861,#1862,#1863));
#668=EDGE_LOOP('',(#1864,#1865,#1866,#1867,#1868));
#669=EDGE_LOOP('',(#1869,#1870,#1871,#1872,#1873,#1874));
#670=EDGE_LOOP('',(#1875,#1876,#1877,#1878,#1879));
#671=EDGE_LOOP('',(#1880,#1881,#1882,#1883,#1884,#1885));
#672=EDGE_LOOP('',(#1886,#1887,#1888,#1889,#1890));
#673=EDGE_LOOP('',(#1891,#1892,#1893,#1894,#1895,#1896));
#674=EDGE_LOOP('',(#1897,#1898,#1899,#1900,#1901));
#675=EDGE_LOOP('',(#1902,#1903,#1904,#1905,#1906,#1907));
#676=EDGE_LOOP('',(#1908,#1909,#1910,#1911,#1912));
#677=EDGE_LOOP('',(#1913,#1914,#1915,#1916,#1917,#1918));
#678=EDGE_LOOP('',(#1919,#1920,#1921,#1922,#1923));
#679=EDGE_LOOP('',(#1924,#1925,#1926,#1927,#1928,#1929));
#680=EDGE_LOOP('',(#1930,#1931,#1932,#1933,#1934));
#681=EDGE_LOOP('',(#1935,#1936,#1937,#1938,#1939,#1940));
#682=EDGE_LOOP('',(#1941,#1942,#1943,#1944,#1945));
#683=EDGE_LOOP('',(#1946,#1947,#1948,#1949,#1950,#1951));
#684=EDGE_LOOP('',(#1952,#1953,#1954,#1955,#1956));
#685=EDGE_LOOP('',(#1957,#1958,#1959,#1960,#1961,#1962));
#686=EDGE_LOOP('',(#1963,#1964,#1965,#1966,#1967));
#687=EDGE_LOOP('',(#1968,#1969,#1970,#1971,#1972,#1973));
#688=EDGE_LOOP('',(#1974,#1975,#1976,#1977,#1978));
#689=EDGE_LOOP('',(#1979,#1980,#1981,#1982,#1983,#1984));
#690=EDGE_LOOP('',(#1985,#1986,#1987,#1988,#1989));
#691=EDGE_LOOP('',(#1990,#1991,#1992,#1993,#1994,#1995));
#692=EDGE_LOOP('',(#1996,#1997,#1998,#1999,#2000));
#693=EDGE_LOOP('',(#2001,#2002,#2003,#2004,#2005,#2006));
#694=EDGE_LOOP('',(#2007,#2008,#2009,#2010,#2011));
#695=EDGE_LOOP('',(#2012,#2013,#2014,#2015,#2016,#2017));
#696=EDGE_LOOP('',(#2018,#2019,#2020,#2021,#2022));
#697=EDGE_LOOP('',(#2023,#2024,#2025,#2026,#2027,#2028));
#698=EDGE_LOOP('',(#2029,#2030,#2031,#2032,#2033));
#699=EDGE_LOOP('',(#2034,#2035,#2036,#2037,#2038,#2039));
#700=EDGE_LOOP('',(#2040,#2041,#2042,#2043,#2044));
#701=EDGE_LOOP('',(#2045,#2046,#2047,#2048,#2049,#2050));
#702=EDGE_LOOP('',(#2051,#2052,#2053,#2054,#2055));
#703=EDGE_LOOP('',(#2056,#2057,#2058,#2059,#2060,#2061));
#704=EDGE_LOOP('',(#2062,#2063,#2064,#2065,#2066));
#705=EDGE_LOOP('',(#2067,#2068,#2069,#2070,#2071,#2072));
#706=EDGE_LOOP('',(#2073,#2074,#2075,#2076,#2077));
#707=EDGE_LOOP('',(#2078,#2079,#2080,#2081,#2082));
#708=EDGE_LOOP('',(#2083,#2084,#2085,#2086,#2087,#2088));
#709=EDGE_LOOP('',(#2089,#2090,#2091,#2092,#2093));
#710=EDGE_LOOP('',(#2094,#2095,#2096,#2097,#2098,#2099));
#711=EDGE_LOOP('',(#2100,#2101,#2102,#2103,#2104));
#712=EDGE_LOOP('',(#2105,#2106,#2107,#2108,#2109,#2110));
#713=EDGE_LOOP('',(#2111,#2112,#2113,#2114,#2115));
#714=EDGE_LOOP('',(#2116,#2117,#2118,#2119,#2120,#2121));
#715=EDGE_LOOP('',(#2122,#2123,#2124,#2125,#2126));
#716=EDGE_LOOP('',(#2127,#2128,#2129,#2130,#2131,#2132));
#717=EDGE_LOOP('',(#2133,#2134,#2135,#2136,#2137));
#718=EDGE_LOOP('',(#2138,#2139,#2140,#2141,#2142,#2143));
#719=EDGE_LOOP('',(#2144,#2145,#2146,#2147,#2148));
#720=EDGE_LOOP('',(#2149,#2150,#2151,#2152,#2153,#2154));
#721=EDGE_LOOP('',(#2155,#2156,#2157,#2158,#2159));
#722=EDGE_LOOP('',(#2160,#2161,#2162,#2163,#2164,#2165));
#723=EDGE_LOOP('',(#2166,#2167,#2168,#2169,#2170));
#724=EDGE_LOOP('',(#2171,#2172,#2173,#2174,#2175,#2176));
#725=EDGE_LOOP('',(#2177,#2178,#2179,#2180,#2181));
#726=EDGE_LOOP('',(#2182,#2183,#2184,#2185,#2186,#2187));
#727=EDGE_LOOP('',(#2188,#2189,#2190,#2191,#2192));
#728=EDGE_LOOP('',(#2193,#2194,#2195,#2196,#2197,#2198));
#729=EDGE_LOOP('',(#2199,#2200,#2201,#2202,#2203));
#730=EDGE_LOOP('',(#2204,#2205,#2206,#2207,#2208,#2209));
#731=EDGE_LOOP('',(#2210,#2211,#2212,#2213,#2214));
#732=EDGE_LOOP('',(#2215,#2216,#2217,#2218,#2219,#2220));
#733=EDGE_LOOP('',(#2221,#2222,#2223,#2224,#2225));
#734=EDGE_LOOP('',(#2226,#2227,#2228,#2229,#2230,#2231));
#735=EDGE_LOOP('',(#2232,#2233,#2234,#2235,#2236));
#736=EDGE_LOOP('',(#2237,#2238,#2239,#2240,#2241,#2242));
#737=EDGE_LOOP('',(#2243,#2244,#2245,#2246,#2247));
#738=EDGE_LOOP('',(#2248,#2249,#2250,#2251,#2252,#2253));
#739=EDGE_LOOP('',(#2254,#2255,#2256,#2257,#2258));
#740=EDGE_LOOP('',(#2259,#2260,#2261,#2262,#2263,#2264));
#741=EDGE_LOOP('',(#2265,#2266,#2267,#2268,#2269));
#742=EDGE_LOOP('',(#2270,#2271,#2272,#2273,#2274,#2275));
#743=EDGE_LOOP('',(#2276,#2277,#2278,#2279,#2280));
#744=EDGE_LOOP('',(#2281,#2282,#2283,#2284,#2285,#2286));
#745=EDGE_LOOP('',(#2287,#2288,#2289,#2290,#2291));
#746=EDGE_LOOP('',(#2292,#2293,#2294,#2295,#2296,#2297));
#747=EDGE_LOOP('',(#2298,#2299,#2300,#2301,#2302));
#748=EDGE_LOOP('',(#2303,#2304,#2305,#2306,#2307,#2308));
#749=EDGE_LOOP('',(#2309,#2310,#2311,#2312,#2313));
#750=EDGE_LOOP('',(#2314,#2315,#2316,#2317,#2318,#2319));
#751=EDGE_LOOP('',(#2320,#2321,#2322,#2323,#2324));
#752=EDGE_LOOP('',(#2325,#2326,#2327,#2328,#2329,#2330));
#753=EDGE_LOOP('',(#2331,#2332,#2333,#2334,#2335));
#754=EDGE_LOOP('',(#2336,#2337,#2338,#2339,#2340,#2341));
#755=EDGE_LOOP('',(#2342,#2343,#2344,#2345));
#756=EDGE_LOOP('',(#2346,#2347,#2348,#2349));
#757=EDGE_LOOP('',(#2350,#2351,#2352,#2353));
#758=EDGE_LOOP('',(#2354));
#759=EDGE_LOOP('',(#2355));
#760=EDGE_LOOP('',(#2356));
#761=EDGE_LOOP('',(#2357));
#762=EDGE_LOOP('',(#2358));
#763=EDGE_LOOP('',(#2359));
#764=EDGE_LOOP('',(#2360));
#765=EDGE_LOOP('',(#2361));
#766=EDGE_LOOP('',(#2362));
#767=EDGE_LOOP('',(#2363));
#768=EDGE_LOOP('',(#2364));
#769=EDGE_LOOP('',(#2365));
#770=EDGE_LOOP('',(#2366));
#771=EDGE_LOOP('',(#2367));
#772=EDGE_LOOP('',(#2368));
#773=EDGE_LOOP('',(#2369));
#774=EDGE_LOOP('',(#2370));
#775=EDGE_LOOP('',(#2371));
#776=EDGE_LOOP('',(#2372));
#777=EDGE_LOOP('',(#2373));
#778=EDGE_LOOP('',(#2374));
#779=EDGE_LOOP('',(#2375));
#780=EDGE_LOOP('',(#2376));
#781=EDGE_LOOP('',(#2377));
#782=EDGE_LOOP('',(#2378));
#783=EDGE_LOOP('',(#2379));
#784=EDGE_LOOP('',(#2380));
#785=EDGE_LOOP('',(#2381));
#786=EDGE_LOOP('',(#2382));
#787=EDGE_LOOP('',(#2383));
#788=EDGE_LOOP('',(#2384));
#789=EDGE_LOOP('',(#2385));
#790=EDGE_LOOP('',(#2386));
#791=EDGE_LOOP('',(#2387));
#792=EDGE_LOOP('',(#2388));
#793=EDGE_LOOP('',(#2389));
#794=EDGE_LOOP('',(#2390));
#795=EDGE_LOOP('',(#2391));
#796=EDGE_LOOP('',(#2392));
#797=EDGE_LOOP('',(#2393));
#798=EDGE_LOOP('',(#2394));
#799=EDGE_LOOP('',(#2395));
#800=EDGE_LOOP('',(#2396));
#801=EDGE_LOOP('',(#2397));
#802=EDGE_LOOP('',(#2398));
#803=EDGE_LOOP('',(#2399));
#804=EDGE_LOOP('',(#2400));
#805=EDGE_LOOP('',(#2401));
#806=EDGE_LOOP('',(#2402));
#807=EDGE_LOOP('',(#2403));
#808=EDGE_LOOP('',(#2404));
#809=EDGE_LOOP('',(#2405));
#810=EDGE_LOOP('',(#2406));
#811=EDGE_LOOP('',(#2407));
#812=EDGE_LOOP('',(#2408));
#813=EDGE_LOOP('',(#2409));
#814=EDGE_LOOP('',(#2410));
#815=EDGE_LOOP('',(#2411));
#816=EDGE_LOOP('',(#2412));
#817=EDGE_LOOP('',(#2413));
#818=EDGE_LOOP('',(#2414));
#819=EDGE_LOOP('',(#2415));
#820=EDGE_LOOP('',(#2416));
#821=EDGE_LOOP('',(#2417));
#822=EDGE_LOOP('',(#2418));
#823=EDGE_LOOP('',(#2419));
#824=EDGE_LOOP('',(#2420));
#825=EDGE_LOOP('',(#2421));
#826=EDGE_LOOP('',(#2422));
#827=EDGE_LOOP('',(#2423));
#828=EDGE_LOOP('',(#2424));
#829=EDGE_LOOP('',(#2425));
#830=EDGE_LOOP('',(#2426,#2427,#2428,#2429));
#831=EDGE_LOOP('',(#2430,#2431,#2432,#2433));
#832=EDGE_LOOP('',(#2434,#2435,#2436,#2437));
#833=EDGE_LOOP('',(#2438,#2439,#2440,#2441));
#834=EDGE_LOOP('',(#2442,#2443,#2444,#2445));
#835=EDGE_LOOP('',(#2446,#2447,#2448,#2449));
#836=EDGE_LOOP('',(#2450,#2451,#2452,#2453));
#837=EDGE_LOOP('',(#2454,#2455,#2456,#2457));
#838=EDGE_LOOP('',(#2458,#2459,#2460,#2461));
#839=EDGE_LOOP('',(#2462,#2463,#2464,#2465));
#840=EDGE_LOOP('',(#2466,#2467,#2468,#2469));
#841=EDGE_LOOP('',(#2470,#2471,#2472,#2473));
#842=EDGE_LOOP('',(#2474,#2475,#2476,#2477));
#843=EDGE_LOOP('',(#2478,#2479,#2480,#2481));
#844=EDGE_LOOP('',(#2482,#2483,#2484,#2485));
#845=EDGE_LOOP('',(#2486,#2487,#2488,#2489));
#846=EDGE_LOOP('',(#2490,#2491,#2492,#2493));
#847=EDGE_LOOP('',(#2494,#2495,#2496,#2497));
#848=EDGE_LOOP('',(#2498,#2499,#2500,#2501));
#849=EDGE_LOOP('',(#2502,#2503,#2504,#2505));
#850=EDGE_LOOP('',(#2506,#2507,#2508,#2509));
#851=EDGE_LOOP('',(#2510,#2511,#2512,#2513));
#852=EDGE_LOOP('',(#2514,#2515,#2516,#2517));
#853=EDGE_LOOP('',(#2518,#2519,#2520,#2521));
#854=EDGE_LOOP('',(#2522,#2523,#2524,#2525));
#855=EDGE_LOOP('',(#2526,#2527,#2528,#2529));
#856=EDGE_LOOP('',(#2530,#2531,#2532,#2533));
#857=EDGE_LOOP('',(#2534,#2535,#2536,#2537));
#858=ELLIPSE('',#2796,1.41421356237309,1.);
#859=ELLIPSE('',#2797,1.41421356237309,1.);
#860=ELLIPSE('',#2799,1.4142135623731,1.);
#861=ELLIPSE('',#2801,1.4142135623731,1.);
#862=ELLIPSE('',#2831,1.4142135623731,1.);
#863=ELLIPSE('',#2832,1.41421356237309,1.);
#864=ELLIPSE('',#2834,1.4142135623731,1.);
#865=ELLIPSE('',#2836,1.4142135623731,1.);
#866=LINE('',#4282,#970);
#867=LINE('',#4286,#971);
#868=LINE('',#4290,#972);
#869=LINE('',#4292,#973);
#870=LINE('',#4296,#974);
#871=LINE('',#4298,#975);
#872=LINE('',#4301,#976);
#873=LINE('',#4302,#977);
#874=LINE('',#4305,#978);
#875=LINE('',#4307,#979);
#876=LINE('',#4308,#980);
#877=LINE('',#4311,#981);
#878=LINE('',#4312,#982);
#879=LINE('',#4365,#983);
#880=LINE('',#4370,#984);
#881=LINE('',#4373,#985);
#882=LINE('',#4376,#986);
#883=LINE('',#4378,#987);
#884=LINE('',#4380,#988);
#885=LINE('',#4384,#989);
#886=LINE('',#4386,#990);
#887=LINE('',#4388,#991);
#888=LINE('',#4389,#992);
#889=LINE('',#4402,#993);
#890=LINE('',#4416,#994);
#891=LINE('',#4430,#995);
#892=LINE('',#4444,#996);
#893=LINE('',#4458,#997);
#894=LINE('',#4472,#998);
#895=LINE('',#4486,#999);
#896=LINE('',#4500,#1000);
#897=LINE('',#4514,#1001);
#898=LINE('',#4528,#1002);
#899=LINE('',#4542,#1003);
#900=LINE('',#4556,#1004);
#901=LINE('',#4570,#1005);
#902=LINE('',#4584,#1006);
#903=LINE('',#4598,#1007);
#904=LINE('',#4612,#1008);
#905=LINE('',#4626,#1009);
#906=LINE('',#4640,#1010);
#907=LINE('',#4654,#1011);
#908=LINE('',#4668,#1012);
#909=LINE('',#4682,#1013);
#910=LINE('',#4696,#1014);
#911=LINE('',#4710,#1015);
#912=LINE('',#4724,#1016);
#913=LINE('',#4733,#1017);
#914=LINE('',#4741,#1018);
#915=LINE('',#4749,#1019);
#916=LINE('',#4757,#1020);
#917=LINE('',#4765,#1021);
#918=LINE('',#4773,#1022);
#919=LINE('',#4781,#1023);
#920=LINE('',#4789,#1024);
#921=LINE('',#4797,#1025);
#922=LINE('',#4805,#1026);
#923=LINE('',#4813,#1027);
#924=LINE('',#4821,#1028);
#925=LINE('',#4829,#1029);
#926=LINE('',#4837,#1030);
#927=LINE('',#4845,#1031);
#928=LINE('',#4853,#1032);
#929=LINE('',#4861,#1033);
#930=LINE('',#4869,#1034);
#931=LINE('',#4877,#1035);
#932=LINE('',#4885,#1036);
#933=LINE('',#4893,#1037);
#934=LINE('',#4901,#1038);
#935=LINE('',#4909,#1039);
#936=LINE('',#4917,#1040);
#937=LINE('',#4919,#1041);
#938=LINE('',#4924,#1042);
#939=LINE('',#4926,#1043);
#940=LINE('',#4928,#1044);
#941=LINE('',#4929,#1045);
#942=LINE('',#5051,#1046);
#943=LINE('',#5053,#1047);
#944=LINE('',#5055,#1048);
#945=LINE('',#5057,#1049);
#946=LINE('',#5059,#1050);
#947=LINE('',#5061,#1051);
#948=LINE('',#5063,#1052);
#949=LINE('',#5065,#1053);
#950=LINE('',#5067,#1054);
#951=LINE('',#5069,#1055);
#952=LINE('',#5071,#1056);
#953=LINE('',#5073,#1057);
#954=LINE('',#5075,#1058);
#955=LINE('',#5077,#1059);
#956=LINE('',#5079,#1060);
#957=LINE('',#5081,#1061);
#958=LINE('',#5083,#1062);
#959=LINE('',#5085,#1063);
#960=LINE('',#5087,#1064);
#961=LINE('',#5089,#1065);
#962=LINE('',#5091,#1066);
#963=LINE('',#5093,#1067);
#964=LINE('',#5095,#1068);
#965=LINE('',#5097,#1069);
#966=LINE('',#5099,#1070);
#967=LINE('',#5100,#1071);
#968=LINE('',#5102,#1072);
#969=LINE('',#5104,#1073);
#970=VECTOR('',#3258,10.);
#971=VECTOR('',#3261,10.);
#972=VECTOR('',#3266,10.);
#973=VECTOR('',#3267,10.);
#974=VECTOR('',#3272,10.);
#975=VECTOR('',#3273,10.);
#976=VECTOR('',#3278,10.);
#977=VECTOR('',#3279,10.);
#978=VECTOR('',#3282,10.);
#979=VECTOR('',#3283,10.);
#980=VECTOR('',#3284,10.);
#981=VECTOR('',#3287,10.);
#982=VECTOR('',#3288,10.);
#983=VECTOR('',#3341,10.);
#984=VECTOR('',#3348,10.);
#985=VECTOR('',#3351,10.);
#986=VECTOR('',#3354,10.);
#987=VECTOR('',#3357,10.);
#988=VECTOR('',#3360,10.);
#989=VECTOR('',#3363,10.);
#990=VECTOR('',#3364,10.);
#991=VECTOR('',#3365,10.);
#992=VECTOR('',#3366,10.);
#993=VECTOR('',#3381,3.00000000000001);
#994=VECTOR('',#3398,3.00000000000001);
#995=VECTOR('',#3415,3.00000000000001);
#996=VECTOR('',#3432,3.00000000000001);
#997=VECTOR('',#3449,3.00000000000001);
#998=VECTOR('',#3466,3.00000000000001);
#999=VECTOR('',#3483,3.);
#1000=VECTOR('',#3500,3.);
#1001=VECTOR('',#3517,3.);
#1002=VECTOR('',#3534,3.);
#1003=VECTOR('',#3551,3.);
#1004=VECTOR('',#3568,3.);
#1005=VECTOR('',#3585,3.);
#1006=VECTOR('',#3602,3.);
#1007=VECTOR('',#3619,3.);
#1008=VECTOR('',#3636,3.);
#1009=VECTOR('',#3653,3.);
#1010=VECTOR('',#3670,3.00000000000001);
#1011=VECTOR('',#3687,2.99999999999999);
#1012=VECTOR('',#3704,3.00000000000001);
#1013=VECTOR('',#3721,3.);
#1014=VECTOR('',#3738,3.);
#1015=VECTOR('',#3755,3.);
#1016=VECTOR('',#3772,3.);
#1017=VECTOR('',#3785,4.);
#1018=VECTOR('',#3796,4.);
#1019=VECTOR('',#3807,4.);
#1020=VECTOR('',#3818,4.);
#1021=VECTOR('',#3829,4.);
#1022=VECTOR('',#3840,4.);
#1023=VECTOR('',#3851,4.);
#1024=VECTOR('',#3862,4.);
#1025=VECTOR('',#3873,4.);
#1026=VECTOR('',#3884,4.);
#1027=VECTOR('',#3895,4.);
#1028=VECTOR('',#3906,4.);
#1029=VECTOR('',#3917,3.99999999999999);
#1030=VECTOR('',#3928,3.99999999999999);
#1031=VECTOR('',#3939,4.);
#1032=VECTOR('',#3950,3.99999999999999);
#1033=VECTOR('',#3961,4.);
#1034=VECTOR('',#3972,3.99999999999999);
#1035=VECTOR('',#3983,4.);
#1036=VECTOR('',#3994,4.);
#1037=VECTOR('',#4005,4.);
#1038=VECTOR('',#4016,4.);
#1039=VECTOR('',#4027,4.);
#1040=VECTOR('',#4038,4.);
#1041=VECTOR('',#4041,10.);
#1042=VECTOR('',#4046,10.);
#1043=VECTOR('',#4047,10.);
#1044=VECTOR('',#4048,10.);
#1045=VECTOR('',#4049,10.);
#1046=VECTOR('',#4196,2.75);
#1047=VECTOR('',#4199,2.75);
#1048=VECTOR('',#4202,2.75);
#1049=VECTOR('',#4205,2.75);
#1050=VECTOR('',#4208,2.75);
#1051=VECTOR('',#4211,2.75);
#1052=VECTOR('',#4214,2.75);
#1053=VECTOR('',#4217,2.74999999999999);
#1054=VECTOR('',#4220,2.75);
#1055=VECTOR('',#4223,2.75);
#1056=VECTOR('',#4226,2.74999999999999);
#1057=VECTOR('',#4229,2.75);
#1058=VECTOR('',#4232,2.75);
#1059=VECTOR('',#4235,2.75);
#1060=VECTOR('',#4238,2.75);
#1061=VECTOR('',#4241,2.75);
#1062=VECTOR('',#4244,2.75);
#1063=VECTOR('',#4247,2.75);
#1064=VECTOR('',#4250,2.75);
#1065=VECTOR('',#4253,2.75);
#1066=VECTOR('',#4256,2.74999999999999);
#1067=VECTOR('',#4259,2.75);
#1068=VECTOR('',#4262,2.75);
#1069=VECTOR('',#4265,2.75);
#1070=VECTOR('',#4268,10.);
#1071=VECTOR('',#4269,10.);
#1072=VECTOR('',#4272,10.);
#1073=VECTOR('',#4275,10.);
#1074=VERTEX_POINT('',#4280);
#1075=VERTEX_POINT('',#4281);
#1076=VERTEX_POINT('',#4283);
#1077=VERTEX_POINT('',#4285);
#1078=VERTEX_POINT('',#4289);
#1079=VERTEX_POINT('',#4291);
#1080=VERTEX_POINT('',#4295);
#1081=VERTEX_POINT('',#4297);
#1082=VERTEX_POINT('',#4304);
#1083=VERTEX_POINT('',#4306);
#1084=VERTEX_POINT('',#4310);
#1085=VERTEX_POINT('',#4314);
#1086=VERTEX_POINT('',#4316);
#1087=VERTEX_POINT('',#4318);
#1088=VERTEX_POINT('',#4320);
#1089=VERTEX_POINT('',#4322);
#1090=VERTEX_POINT('',#4324);
#1091=VERTEX_POINT('',#4326);
#1092=VERTEX_POINT('',#4328);
#1093=VERTEX_POINT('',#4330);
#1094=VERTEX_POINT('',#4332);
#1095=VERTEX_POINT('',#4334);
#1096=VERTEX_POINT('',#4336);
#1097=VERTEX_POINT('',#4338);
#1098=VERTEX_POINT('',#4340);
#1099=VERTEX_POINT('',#4342);
#1100=VERTEX_POINT('',#4344);
#1101=VERTEX_POINT('',#4346);
#1102=VERTEX_POINT('',#4348);
#1103=VERTEX_POINT('',#4350);
#1104=VERTEX_POINT('',#4352);
#1105=VERTEX_POINT('',#4354);
#1106=VERTEX_POINT('',#4356);
#1107=VERTEX_POINT('',#4358);
#1108=VERTEX_POINT('',#4360);
#1109=VERTEX_POINT('',#4363);
#1110=VERTEX_POINT('',#4364);
#1111=VERTEX_POINT('',#4369);
#1112=VERTEX_POINT('',#4371);
#1113=VERTEX_POINT('',#4375);
#1114=VERTEX_POINT('',#4382);
#1115=VERTEX_POINT('',#4383);
#1116=VERTEX_POINT('',#4385);
#1117=VERTEX_POINT('',#4387);
#1118=VERTEX_POINT('',#4391);
#1119=VERTEX_POINT('',#4392);
#1120=VERTEX_POINT('',#4394);
#1121=VERTEX_POINT('',#4396);
#1122=VERTEX_POINT('',#4401);
#1123=VERTEX_POINT('',#4405);
#1124=VERTEX_POINT('',#4406);
#1125=VERTEX_POINT('',#4408);
#1126=VERTEX_POINT('',#4410);
#1127=VERTEX_POINT('',#4415);
#1128=VERTEX_POINT('',#4419);
#1129=VERTEX_POINT('',#4420);
#1130=VERTEX_POINT('',#4422);
#1131=VERTEX_POINT('',#4424);
#1132=VERTEX_POINT('',#4429);
#1133=VERTEX_POINT('',#4433);
#1134=VERTEX_POINT('',#4434);
#1135=VERTEX_POINT('',#4436);
#1136=VERTEX_POINT('',#4438);
#1137=VERTEX_POINT('',#4443);
#1138=VERTEX_POINT('',#4447);
#1139=VERTEX_POINT('',#4448);
#1140=VERTEX_POINT('',#4450);
#1141=VERTEX_POINT('',#4452);
#1142=VERTEX_POINT('',#4457);
#1143=VERTEX_POINT('',#4461);
#1144=VERTEX_POINT('',#4462);
#1145=VERTEX_POINT('',#4464);
#1146=VERTEX_POINT('',#4466);
#1147=VERTEX_POINT('',#4471);
#1148=VERTEX_POINT('',#4475);
#1149=VERTEX_POINT('',#4476);
#1150=VERTEX_POINT('',#4478);
#1151=VERTEX_POINT('',#4480);
#1152=VERTEX_POINT('',#4485);
#1153=VERTEX_POINT('',#4489);
#1154=VERTEX_POINT('',#4490);
#1155=VERTEX_POINT('',#4492);
#1156=VERTEX_POINT('',#4494);
#1157=VERTEX_POINT('',#4499);
#1158=VERTEX_POINT('',#4503);
#1159=VERTEX_POINT('',#4504);
#1160=VERTEX_POINT('',#4506);
#1161=VERTEX_POINT('',#4508);
#1162=VERTEX_POINT('',#4513);
#1163=VERTEX_POINT('',#4517);
#1164=VERTEX_POINT('',#4518);
#1165=VERTEX_POINT('',#4520);
#1166=VERTEX_POINT('',#4522);
#1167=VERTEX_POINT('',#4527);
#1168=VERTEX_POINT('',#4531);
#1169=VERTEX_POINT('',#4532);
#1170=VERTEX_POINT('',#4534);
#1171=VERTEX_POINT('',#4536);
#1172=VERTEX_POINT('',#4541);
#1173=VERTEX_POINT('',#4545);
#1174=VERTEX_POINT('',#4546);
#1175=VERTEX_POINT('',#4548);
#1176=VERTEX_POINT('',#4550);
#1177=VERTEX_POINT('',#4555);
#1178=VERTEX_POINT('',#4559);
#1179=VERTEX_POINT('',#4560);
#1180=VERTEX_POINT('',#4562);
#1181=VERTEX_POINT('',#4564);
#1182=VERTEX_POINT('',#4569);
#1183=VERTEX_POINT('',#4573);
#1184=VERTEX_POINT('',#4574);
#1185=VERTEX_POINT('',#4576);
#1186=VERTEX_POINT('',#4578);
#1187=VERTEX_POINT('',#4583);
#1188=VERTEX_POINT('',#4587);
#1189=VERTEX_POINT('',#4588);
#1190=VERTEX_POINT('',#4590);
#1191=VERTEX_POINT('',#4592);
#1192=VERTEX_POINT('',#4597);
#1193=VERTEX_POINT('',#4601);
#1194=VERTEX_POINT('',#4602);
#1195=VERTEX_POINT('',#4604);
#1196=VERTEX_POINT('',#4606);
#1197=VERTEX_POINT('',#4611);
#1198=VERTEX_POINT('',#4615);
#1199=VERTEX_POINT('',#4616);
#1200=VERTEX_POINT('',#4618);
#1201=VERTEX_POINT('',#4620);
#1202=VERTEX_POINT('',#4625);
#1203=VERTEX_POINT('',#4629);
#1204=VERTEX_POINT('',#4630);
#1205=VERTEX_POINT('',#4632);
#1206=VERTEX_POINT('',#4634);
#1207=VERTEX_POINT('',#4639);
#1208=VERTEX_POINT('',#4643);
#1209=VERTEX_POINT('',#4644);
#1210=VERTEX_POINT('',#4646);
#1211=VERTEX_POINT('',#4648);
#1212=VERTEX_POINT('',#4653);
#1213=VERTEX_POINT('',#4657);
#1214=VERTEX_POINT('',#4658);
#1215=VERTEX_POINT('',#4660);
#1216=VERTEX_POINT('',#4662);
#1217=VERTEX_POINT('',#4667);
#1218=VERTEX_POINT('',#4671);
#1219=VERTEX_POINT('',#4672);
#1220=VERTEX_POINT('',#4674);
#1221=VERTEX_POINT('',#4676);
#1222=VERTEX_POINT('',#4681);
#1223=VERTEX_POINT('',#4685);
#1224=VERTEX_POINT('',#4686);
#1225=VERTEX_POINT('',#4688);
#1226=VERTEX_POINT('',#4690);
#1227=VERTEX_POINT('',#4695);
#1228=VERTEX_POINT('',#4699);
#1229=VERTEX_POINT('',#4700);
#1230=VERTEX_POINT('',#4702);
#1231=VERTEX_POINT('',#4704);
#1232=VERTEX_POINT('',#4709);
#1233=VERTEX_POINT('',#4713);
#1234=VERTEX_POINT('',#4714);
#1235=VERTEX_POINT('',#4716);
#1236=VERTEX_POINT('',#4718);
#1237=VERTEX_POINT('',#4723);
#1238=VERTEX_POINT('',#4727);
#1239=VERTEX_POINT('',#4728);
#1240=VERTEX_POINT('',#4735);
#1241=VERTEX_POINT('',#4736);
#1242=VERTEX_POINT('',#4743);
#1243=VERTEX_POINT('',#4744);
#1244=VERTEX_POINT('',#4751);
#1245=VERTEX_POINT('',#4752);
#1246=VERTEX_POINT('',#4759);
#1247=VERTEX_POINT('',#4760);
#1248=VERTEX_POINT('',#4767);
#1249=VERTEX_POINT('',#4768);
#1250=VERTEX_POINT('',#4775);
#1251=VERTEX_POINT('',#4776);
#1252=VERTEX_POINT('',#4783);
#1253=VERTEX_POINT('',#4784);
#1254=VERTEX_POINT('',#4791);
#1255=VERTEX_POINT('',#4792);
#1256=VERTEX_POINT('',#4799);
#1257=VERTEX_POINT('',#4800);
#1258=VERTEX_POINT('',#4807);
#1259=VERTEX_POINT('',#4808);
#1260=VERTEX_POINT('',#4815);
#1261=VERTEX_POINT('',#4816);
#1262=VERTEX_POINT('',#4823);
#1263=VERTEX_POINT('',#4824);
#1264=VERTEX_POINT('',#4831);
#1265=VERTEX_POINT('',#4832);
#1266=VERTEX_POINT('',#4839);
#1267=VERTEX_POINT('',#4840);
#1268=VERTEX_POINT('',#4847);
#1269=VERTEX_POINT('',#4848);
#1270=VERTEX_POINT('',#4855);
#1271=VERTEX_POINT('',#4856);
#1272=VERTEX_POINT('',#4863);
#1273=VERTEX_POINT('',#4864);
#1274=VERTEX_POINT('',#4871);
#1275=VERTEX_POINT('',#4872);
#1276=VERTEX_POINT('',#4879);
#1277=VERTEX_POINT('',#4880);
#1278=VERTEX_POINT('',#4887);
#1279=VERTEX_POINT('',#4888);
#1280=VERTEX_POINT('',#4895);
#1281=VERTEX_POINT('',#4896);
#1282=VERTEX_POINT('',#4903);
#1283=VERTEX_POINT('',#4904);
#1284=VERTEX_POINT('',#4911);
#1285=VERTEX_POINT('',#4912);
#1286=VERTEX_POINT('',#4922);
#1287=VERTEX_POINT('',#4923);
#1288=VERTEX_POINT('',#4925);
#1289=VERTEX_POINT('',#4927);
#1290=VERTEX_POINT('',#4930);
#1291=VERTEX_POINT('',#4932);
#1292=VERTEX_POINT('',#4934);
#1293=VERTEX_POINT('',#4936);
#1294=VERTEX_POINT('',#4938);
#1295=VERTEX_POINT('',#4940);
#1296=VERTEX_POINT('',#4942);
#1297=VERTEX_POINT('',#4944);
#1298=VERTEX_POINT('',#4946);
#1299=VERTEX_POINT('',#4948);
#1300=VERTEX_POINT('',#4950);
#1301=VERTEX_POINT('',#4952);
#1302=VERTEX_POINT('',#4954);
#1303=VERTEX_POINT('',#4956);
#1304=VERTEX_POINT('',#4958);
#1305=VERTEX_POINT('',#4960);
#1306=VERTEX_POINT('',#4962);
#1307=VERTEX_POINT('',#4964);
#1308=VERTEX_POINT('',#4966);
#1309=VERTEX_POINT('',#4968);
#1310=VERTEX_POINT('',#4970);
#1311=VERTEX_POINT('',#4972);
#1312=VERTEX_POINT('',#4974);
#1313=VERTEX_POINT('',#4976);
#1314=VERTEX_POINT('',#4979);
#1315=VERTEX_POINT('',#4982);
#1316=VERTEX_POINT('',#4985);
#1317=VERTEX_POINT('',#4988);
#1318=VERTEX_POINT('',#4991);
#1319=VERTEX_POINT('',#4994);
#1320=VERTEX_POINT('',#4997);
#1321=VERTEX_POINT('',#5000);
#1322=VERTEX_POINT('',#5003);
#1323=VERTEX_POINT('',#5006);
#1324=VERTEX_POINT('',#5009);
#1325=VERTEX_POINT('',#5012);
#1326=VERTEX_POINT('',#5015);
#1327=VERTEX_POINT('',#5018);
#1328=VERTEX_POINT('',#5021);
#1329=VERTEX_POINT('',#5024);
#1330=VERTEX_POINT('',#5027);
#1331=VERTEX_POINT('',#5030);
#1332=VERTEX_POINT('',#5033);
#1333=VERTEX_POINT('',#5036);
#1334=VERTEX_POINT('',#5039);
#1335=VERTEX_POINT('',#5042);
#1336=VERTEX_POINT('',#5045);
#1337=VERTEX_POINT('',#5048);
#1338=EDGE_CURVE('',#1074,#1075,#866,.T.);
#1339=EDGE_CURVE('',#1075,#1076,#858,.T.);
#1340=EDGE_CURVE('',#1076,#1077,#867,.T.);
#1341=EDGE_CURVE('',#1077,#1074,#859,.T.);
#1342=EDGE_CURVE('',#1078,#1076,#868,.T.);
#1343=EDGE_CURVE('',#1075,#1079,#869,.T.);
#1344=EDGE_CURVE('',#1078,#1079,#860,.T.);
#1345=EDGE_CURVE('',#1080,#1074,#870,.T.);
#1346=EDGE_CURVE('',#1077,#1081,#871,.T.);
#1347=EDGE_CURVE('',#1081,#1080,#861,.T.);
#1348=EDGE_CURVE('',#1079,#1080,#872,.T.);
#1349=EDGE_CURVE('',#1081,#1078,#873,.T.);
#1350=EDGE_CURVE('',#1077,#1082,#874,.T.);
#1351=EDGE_CURVE('',#1083,#1082,#875,.T.);
#1352=EDGE_CURVE('',#1081,#1083,#876,.T.);
#1353=EDGE_CURVE('',#1076,#1084,#877,.T.);
#1354=EDGE_CURVE('',#1082,#1084,#878,.T.);
#1355=EDGE_CURVE('',#1085,#1085,#136,.T.);
#1356=EDGE_CURVE('',#1086,#1086,#137,.T.);
#1357=EDGE_CURVE('',#1087,#1087,#138,.T.);
#1358=EDGE_CURVE('',#1088,#1088,#139,.T.);
#1359=EDGE_CURVE('',#1089,#1089,#140,.T.);
#1360=EDGE_CURVE('',#1090,#1090,#141,.T.);
#1361=EDGE_CURVE('',#1091,#1091,#142,.T.);
#1362=EDGE_CURVE('',#1092,#1092,#143,.T.);
#1363=EDGE_CURVE('',#1093,#1093,#144,.T.);
#1364=EDGE_CURVE('',#1094,#1094,#145,.T.);
#1365=EDGE_CURVE('',#1095,#1095,#146,.T.);
#1366=EDGE_CURVE('',#1096,#1096,#147,.T.);
#1367=EDGE_CURVE('',#1097,#1097,#148,.T.);
#1368=EDGE_CURVE('',#1098,#1098,#149,.T.);
#1369=EDGE_CURVE('',#1099,#1099,#150,.T.);
#1370=EDGE_CURVE('',#1100,#1100,#151,.T.);
#1371=EDGE_CURVE('',#1101,#1101,#152,.T.);
#1372=EDGE_CURVE('',#1102,#1102,#153,.T.);
#1373=EDGE_CURVE('',#1103,#1103,#154,.T.);
#1374=EDGE_CURVE('',#1104,#1104,#155,.T.);
#1375=EDGE_CURVE('',#1105,#1105,#156,.T.);
#1376=EDGE_CURVE('',#1106,#1106,#157,.T.);
#1377=EDGE_CURVE('',#1107,#1107,#158,.T.);
#1378=EDGE_CURVE('',#1108,#1108,#159,.T.);
#1379=EDGE_CURVE('',#1109,#1110,#879,.T.);
#1380=EDGE_CURVE('',#1110,#1083,#862,.T.);
#1381=EDGE_CURVE('',#1109,#1082,#863,.T.);
#1382=EDGE_CURVE('',#1110,#1111,#880,.T.);
#1383=EDGE_CURVE('',#1111,#1112,#864,.T.);
#1384=EDGE_CURVE('',#1112,#1083,#881,.T.);
#1385=EDGE_CURVE('',#1111,#1113,#882,.T.);
#1386=EDGE_CURVE('',#1113,#1084,#865,.T.);
#1387=EDGE_CURVE('',#1084,#1112,#883,.T.);
#1388=EDGE_CURVE('',#1113,#1109,#884,.T.);
#1389=EDGE_CURVE('',#1114,#1115,#885,.T.);
#1390=EDGE_CURVE('',#1115,#1116,#886,.T.);
#1391=EDGE_CURVE('',#1116,#1117,#887,.T.);
#1392=EDGE_CURVE('',#1117,#1114,#888,.T.);
#1393=EDGE_CURVE('',#1118,#1119,#160,.T.);
#1394=EDGE_CURVE('',#1119,#1120,#161,.T.);
#1395=EDGE_CURVE('',#1120,#1121,#162,.T.);
#1396=EDGE_CURVE('',#1121,#1120,#163,.T.);
#1397=EDGE_CURVE('',#1119,#1118,#164,.T.);
#1398=EDGE_CURVE('',#1121,#1122,#889,.T.);
#1399=EDGE_CURVE('',#1122,#1122,#165,.T.);
#1400=EDGE_CURVE('',#1123,#1124,#166,.T.);
#1401=EDGE_CURVE('',#1124,#1125,#167,.T.);
#1402=EDGE_CURVE('',#1125,#1126,#168,.T.);
#1403=EDGE_CURVE('',#1126,#1125,#169,.T.);
#1404=EDGE_CURVE('',#1124,#1123,#170,.T.);
#1405=EDGE_CURVE('',#1126,#1127,#890,.T.);
#1406=EDGE_CURVE('',#1127,#1127,#171,.T.);
#1407=EDGE_CURVE('',#1128,#1129,#172,.T.);
#1408=EDGE_CURVE('',#1129,#1130,#173,.T.);
#1409=EDGE_CURVE('',#1130,#1131,#174,.T.);
#1410=EDGE_CURVE('',#1131,#1130,#175,.T.);
#1411=EDGE_CURVE('',#1129,#1128,#176,.T.);
#1412=EDGE_CURVE('',#1131,#1132,#891,.T.);
#1413=EDGE_CURVE('',#1132,#1132,#177,.T.);
#1414=EDGE_CURVE('',#1133,#1134,#178,.T.);
#1415=EDGE_CURVE('',#1134,#1135,#179,.T.);
#1416=EDGE_CURVE('',#1135,#1136,#180,.T.);
#1417=EDGE_CURVE('',#1136,#1135,#181,.T.);
#1418=EDGE_CURVE('',#1134,#1133,#182,.T.);
#1419=EDGE_CURVE('',#1136,#1137,#892,.T.);
#1420=EDGE_CURVE('',#1137,#1137,#183,.T.);
#1421=EDGE_CURVE('',#1138,#1139,#184,.T.);
#1422=EDGE_CURVE('',#1139,#1140,#185,.T.);
#1423=EDGE_CURVE('',#1140,#1141,#186,.T.);
#1424=EDGE_CURVE('',#1141,#1140,#187,.T.);
#1425=EDGE_CURVE('',#1139,#1138,#188,.T.);
#1426=EDGE_CURVE('',#1141,#1142,#893,.T.);
#1427=EDGE_CURVE('',#1142,#1142,#189,.T.);
#1428=EDGE_CURVE('',#1143,#1144,#190,.T.);
#1429=EDGE_CURVE('',#1144,#1145,#191,.T.);
#1430=EDGE_CURVE('',#1145,#1146,#192,.T.);
#1431=EDGE_CURVE('',#1146,#1145,#193,.T.);
#1432=EDGE_CURVE('',#1144,#1143,#194,.T.);
#1433=EDGE_CURVE('',#1146,#1147,#894,.T.);
#1434=EDGE_CURVE('',#1147,#1147,#195,.T.);
#1435=EDGE_CURVE('',#1148,#1149,#196,.T.);
#1436=EDGE_CURVE('',#1149,#1150,#197,.T.);
#1437=EDGE_CURVE('',#1150,#1151,#198,.T.);
#1438=EDGE_CURVE('',#1151,#1150,#199,.T.);
#1439=EDGE_CURVE('',#1149,#1148,#200,.T.);
#1440=EDGE_CURVE('',#1151,#1152,#895,.T.);
#1441=EDGE_CURVE('',#1152,#1152,#201,.T.);
#1442=EDGE_CURVE('',#1153,#1154,#202,.T.);
#1443=EDGE_CURVE('',#1154,#1155,#203,.T.);
#1444=EDGE_CURVE('',#1155,#1156,#204,.T.);
#1445=EDGE_CURVE('',#1156,#1155,#205,.T.);
#1446=EDGE_CURVE('',#1154,#1153,#206,.T.);
#1447=EDGE_CURVE('',#1156,#1157,#896,.T.);
#1448=EDGE_CURVE('',#1157,#1157,#207,.T.);
#1449=EDGE_CURVE('',#1158,#1159,#208,.T.);
#1450=EDGE_CURVE('',#1159,#1160,#209,.T.);
#1451=EDGE_CURVE('',#1160,#1161,#210,.T.);
#1452=EDGE_CURVE('',#1161,#1160,#211,.T.);
#1453=EDGE_CURVE('',#1159,#1158,#212,.T.);
#1454=EDGE_CURVE('',#1161,#1162,#897,.T.);
#1455=EDGE_CURVE('',#1162,#1162,#213,.T.);
#1456=EDGE_CURVE('',#1163,#1164,#214,.T.);
#1457=EDGE_CURVE('',#1164,#1165,#215,.T.);
#1458=EDGE_CURVE('',#1165,#1166,#216,.T.);
#1459=EDGE_CURVE('',#1166,#1165,#217,.T.);
#1460=EDGE_CURVE('',#1164,#1163,#218,.T.);
#1461=EDGE_CURVE('',#1166,#1167,#898,.T.);
#1462=EDGE_CURVE('',#1167,#1167,#219,.T.);
#1463=EDGE_CURVE('',#1168,#1169,#220,.T.);
#1464=EDGE_CURVE('',#1169,#1170,#221,.T.);
#1465=EDGE_CURVE('',#1170,#1171,#222,.T.);
#1466=EDGE_CURVE('',#1171,#1170,#223,.T.);
#1467=EDGE_CURVE('',#1169,#1168,#224,.T.);
#1468=EDGE_CURVE('',#1171,#1172,#899,.T.);
#1469=EDGE_CURVE('',#1172,#1172,#225,.T.);
#1470=EDGE_CURVE('',#1173,#1174,#226,.T.);
#1471=EDGE_CURVE('',#1174,#1175,#227,.T.);
#1472=EDGE_CURVE('',#1175,#1176,#228,.T.);
#1473=EDGE_CURVE('',#1176,#1175,#229,.T.);
#1474=EDGE_CURVE('',#1174,#1173,#230,.T.);
#1475=EDGE_CURVE('',#1176,#1177,#900,.T.);
#1476=EDGE_CURVE('',#1177,#1177,#231,.T.);
#1477=EDGE_CURVE('',#1178,#1179,#232,.T.);
#1478=EDGE_CURVE('',#1179,#1180,#233,.T.);
#1479=EDGE_CURVE('',#1180,#1181,#234,.T.);
#1480=EDGE_CURVE('',#1181,#1180,#235,.T.);
#1481=EDGE_CURVE('',#1179,#1178,#236,.T.);
#1482=EDGE_CURVE('',#1181,#1182,#901,.T.);
#1483=EDGE_CURVE('',#1182,#1182,#237,.T.);
#1484=EDGE_CURVE('',#1183,#1184,#238,.T.);
#1485=EDGE_CURVE('',#1184,#1185,#239,.T.);
#1486=EDGE_CURVE('',#1185,#1186,#240,.T.);
#1487=EDGE_CURVE('',#1186,#1185,#241,.T.);
#1488=EDGE_CURVE('',#1184,#1183,#242,.T.);
#1489=EDGE_CURVE('',#1186,#1187,#902,.T.);
#1490=EDGE_CURVE('',#1187,#1187,#243,.T.);
#1491=EDGE_CURVE('',#1188,#1189,#244,.T.);
#1492=EDGE_CURVE('',#1189,#1190,#245,.T.);
#1493=EDGE_CURVE('',#1190,#1191,#246,.T.);
#1494=EDGE_CURVE('',#1191,#1190,#247,.T.);
#1495=EDGE_CURVE('',#1189,#1188,#248,.T.);
#1496=EDGE_CURVE('',#1191,#1192,#903,.T.);
#1497=EDGE_CURVE('',#1192,#1192,#249,.T.);
#1498=EDGE_CURVE('',#1193,#1194,#250,.T.);
#1499=EDGE_CURVE('',#1194,#1195,#251,.T.);
#1500=EDGE_CURVE('',#1195,#1196,#252,.T.);
#1501=EDGE_CURVE('',#1196,#1195,#253,.T.);
#1502=EDGE_CURVE('',#1194,#1193,#254,.T.);
#1503=EDGE_CURVE('',#1196,#1197,#904,.T.);
#1504=EDGE_CURVE('',#1197,#1197,#255,.T.);
#1505=EDGE_CURVE('',#1198,#1199,#256,.T.);
#1506=EDGE_CURVE('',#1199,#1200,#257,.T.);
#1507=EDGE_CURVE('',#1200,#1201,#258,.T.);
#1508=EDGE_CURVE('',#1201,#1200,#259,.T.);
#1509=EDGE_CURVE('',#1199,#1198,#260,.T.);
#1510=EDGE_CURVE('',#1201,#1202,#905,.T.);
#1511=EDGE_CURVE('',#1202,#1202,#261,.T.);
#1512=EDGE_CURVE('',#1203,#1204,#262,.T.);
#1513=EDGE_CURVE('',#1204,#1205,#263,.T.);
#1514=EDGE_CURVE('',#1205,#1206,#264,.T.);
#1515=EDGE_CURVE('',#1206,#1205,#265,.T.);
#1516=EDGE_CURVE('',#1204,#1203,#266,.T.);
#1517=EDGE_CURVE('',#1206,#1207,#906,.T.);
#1518=EDGE_CURVE('',#1207,#1207,#267,.T.);
#1519=EDGE_CURVE('',#1208,#1209,#268,.T.);
#1520=EDGE_CURVE('',#1209,#1210,#269,.T.);
#1521=EDGE_CURVE('',#1210,#1211,#270,.T.);
#1522=EDGE_CURVE('',#1211,#1210,#271,.T.);
#1523=EDGE_CURVE('',#1209,#1208,#272,.T.);
#1524=EDGE_CURVE('',#1211,#1212,#907,.T.);
#1525=EDGE_CURVE('',#1212,#1212,#273,.T.);
#1526=EDGE_CURVE('',#1213,#1214,#274,.T.);
#1527=EDGE_CURVE('',#1214,#1215,#275,.T.);
#1528=EDGE_CURVE('',#1215,#1216,#276,.T.);
#1529=EDGE_CURVE('',#1216,#1215,#277,.T.);
#1530=EDGE_CURVE('',#1214,#1213,#278,.T.);
#1531=EDGE_CURVE('',#1216,#1217,#908,.T.);
#1532=EDGE_CURVE('',#1217,#1217,#279,.T.);
#1533=EDGE_CURVE('',#1218,#1219,#280,.T.);
#1534=EDGE_CURVE('',#1219,#1220,#281,.T.);
#1535=EDGE_CURVE('',#1220,#1221,#282,.T.);
#1536=EDGE_CURVE('',#1221,#1220,#283,.T.);
#1537=EDGE_CURVE('',#1219,#1218,#284,.T.);
#1538=EDGE_CURVE('',#1221,#1222,#909,.T.);
#1539=EDGE_CURVE('',#1222,#1222,#285,.T.);
#1540=EDGE_CURVE('',#1223,#1224,#286,.T.);
#1541=EDGE_CURVE('',#1224,#1225,#287,.T.);
#1542=EDGE_CURVE('',#1225,#1226,#288,.T.);
#1543=EDGE_CURVE('',#1226,#1225,#289,.T.);
#1544=EDGE_CURVE('',#1224,#1223,#290,.T.);
#1545=EDGE_CURVE('',#1226,#1227,#910,.T.);
#1546=EDGE_CURVE('',#1227,#1227,#291,.T.);
#1547=EDGE_CURVE('',#1228,#1229,#292,.T.);
#1548=EDGE_CURVE('',#1229,#1230,#293,.T.);
#1549=EDGE_CURVE('',#1230,#1231,#294,.T.);
#1550=EDGE_CURVE('',#1231,#1230,#295,.T.);
#1551=EDGE_CURVE('',#1229,#1228,#296,.T.);
#1552=EDGE_CURVE('',#1231,#1232,#911,.T.);
#1553=EDGE_CURVE('',#1232,#1232,#297,.T.);
#1554=EDGE_CURVE('',#1233,#1234,#298,.T.);
#1555=EDGE_CURVE('',#1234,#1235,#299,.T.);
#1556=EDGE_CURVE('',#1235,#1236,#300,.T.);
#1557=EDGE_CURVE('',#1236,#1235,#301,.T.);
#1558=EDGE_CURVE('',#1234,#1233,#302,.T.);
#1559=EDGE_CURVE('',#1236,#1237,#912,.T.);
#1560=EDGE_CURVE('',#1237,#1237,#303,.T.);
#1561=EDGE_CURVE('',#1238,#1239,#304,.T.);
#1562=EDGE_CURVE('',#1239,#1085,#305,.T.);
#1563=EDGE_CURVE('',#1239,#1238,#306,.T.);
#1564=EDGE_CURVE('',#1233,#1238,#913,.T.);
#1565=EDGE_CURVE('',#1240,#1241,#307,.T.);
#1566=EDGE_CURVE('',#1241,#1108,#308,.T.);
#1567=EDGE_CURVE('',#1241,#1240,#309,.T.);
#1568=EDGE_CURVE('',#1228,#1240,#914,.T.);
#1569=EDGE_CURVE('',#1242,#1243,#310,.T.);
#1570=EDGE_CURVE('',#1243,#1086,#311,.T.);
#1571=EDGE_CURVE('',#1243,#1242,#312,.T.);
#1572=EDGE_CURVE('',#1223,#1242,#915,.T.);
#1573=EDGE_CURVE('',#1244,#1245,#313,.T.);
#1574=EDGE_CURVE('',#1245,#1107,#314,.T.);
#1575=EDGE_CURVE('',#1245,#1244,#315,.T.);
#1576=EDGE_CURVE('',#1218,#1244,#916,.T.);
#1577=EDGE_CURVE('',#1246,#1247,#316,.T.);
#1578=EDGE_CURVE('',#1247,#1087,#317,.T.);
#1579=EDGE_CURVE('',#1247,#1246,#318,.T.);
#1580=EDGE_CURVE('',#1213,#1246,#917,.T.);
#1581=EDGE_CURVE('',#1248,#1249,#319,.T.);
#1582=EDGE_CURVE('',#1249,#1106,#320,.T.);
#1583=EDGE_CURVE('',#1249,#1248,#321,.T.);
#1584=EDGE_CURVE('',#1118,#1248,#918,.T.);
#1585=EDGE_CURVE('',#1250,#1251,#322,.T.);
#1586=EDGE_CURVE('',#1251,#1088,#323,.T.);
#1587=EDGE_CURVE('',#1251,#1250,#324,.T.);
#1588=EDGE_CURVE('',#1198,#1250,#919,.T.);
#1589=EDGE_CURVE('',#1252,#1253,#325,.T.);
#1590=EDGE_CURVE('',#1253,#1105,#326,.T.);
#1591=EDGE_CURVE('',#1253,#1252,#327,.T.);
#1592=EDGE_CURVE('',#1193,#1252,#920,.T.);
#1593=EDGE_CURVE('',#1254,#1255,#328,.T.);
#1594=EDGE_CURVE('',#1255,#1089,#329,.T.);
#1595=EDGE_CURVE('',#1255,#1254,#330,.T.);
#1596=EDGE_CURVE('',#1188,#1254,#921,.T.);
#1597=EDGE_CURVE('',#1256,#1257,#331,.T.);
#1598=EDGE_CURVE('',#1257,#1104,#332,.T.);
#1599=EDGE_CURVE('',#1257,#1256,#333,.T.);
#1600=EDGE_CURVE('',#1178,#1256,#922,.T.);
#1601=EDGE_CURVE('',#1258,#1259,#334,.T.);
#1602=EDGE_CURVE('',#1259,#1090,#335,.T.);
#1603=EDGE_CURVE('',#1259,#1258,#336,.T.);
#1604=EDGE_CURVE('',#1183,#1258,#923,.T.);
#1605=EDGE_CURVE('',#1260,#1261,#337,.T.);
#1606=EDGE_CURVE('',#1261,#1103,#338,.T.);
#1607=EDGE_CURVE('',#1261,#1260,#339,.T.);
#1608=EDGE_CURVE('',#1168,#1260,#924,.T.);
#1609=EDGE_CURVE('',#1262,#1263,#340,.T.);
#1610=EDGE_CURVE('',#1263,#1091,#341,.T.);
#1611=EDGE_CURVE('',#1263,#1262,#342,.T.);
#1612=EDGE_CURVE('',#1173,#1262,#925,.T.);
#1613=EDGE_CURVE('',#1264,#1265,#343,.T.);
#1614=EDGE_CURVE('',#1265,#1102,#344,.T.);
#1615=EDGE_CURVE('',#1265,#1264,#345,.T.);
#1616=EDGE_CURVE('',#1158,#1264,#926,.T.);
#1617=EDGE_CURVE('',#1266,#1267,#346,.T.);
#1618=EDGE_CURVE('',#1267,#1092,#347,.T.);
#1619=EDGE_CURVE('',#1267,#1266,#348,.T.);
#1620=EDGE_CURVE('',#1153,#1266,#927,.T.);
#1621=EDGE_CURVE('',#1268,#1269,#349,.T.);
#1622=EDGE_CURVE('',#1269,#1101,#350,.T.);
#1623=EDGE_CURVE('',#1269,#1268,#351,.T.);
#1624=EDGE_CURVE('',#1163,#1268,#928,.T.);
#1625=EDGE_CURVE('',#1270,#1271,#352,.T.);
#1626=EDGE_CURVE('',#1271,#1093,#353,.T.);
#1627=EDGE_CURVE('',#1271,#1270,#354,.T.);
#1628=EDGE_CURVE('',#1148,#1270,#929,.T.);
#1629=EDGE_CURVE('',#1272,#1273,#355,.T.);
#1630=EDGE_CURVE('',#1273,#1100,#356,.T.);
#1631=EDGE_CURVE('',#1273,#1272,#357,.T.);
#1632=EDGE_CURVE('',#1203,#1272,#930,.T.);
#1633=EDGE_CURVE('',#1274,#1275,#358,.T.);
#1634=EDGE_CURVE('',#1275,#1094,#359,.T.);
#1635=EDGE_CURVE('',#1275,#1274,#360,.T.);
#1636=EDGE_CURVE('',#1208,#1274,#931,.T.);
#1637=EDGE_CURVE('',#1276,#1277,#361,.T.);
#1638=EDGE_CURVE('',#1277,#1099,#362,.T.);
#1639=EDGE_CURVE('',#1277,#1276,#363,.T.);
#1640=EDGE_CURVE('',#1123,#1276,#932,.T.);
#1641=EDGE_CURVE('',#1278,#1279,#364,.T.);
#1642=EDGE_CURVE('',#1279,#1095,#365,.T.);
#1643=EDGE_CURVE('',#1279,#1278,#366,.T.);
#1644=EDGE_CURVE('',#1143,#1278,#933,.T.);
#1645=EDGE_CURVE('',#1280,#1281,#367,.T.);
#1646=EDGE_CURVE('',#1281,#1098,#368,.T.);
#1647=EDGE_CURVE('',#1281,#1280,#369,.T.);
#1648=EDGE_CURVE('',#1138,#1280,#934,.T.);
#1649=EDGE_CURVE('',#1282,#1283,#370,.T.);
#1650=EDGE_CURVE('',#1283,#1096,#371,.T.);
#1651=EDGE_CURVE('',#1283,#1282,#372,.T.);
#1652=EDGE_CURVE('',#1128,#1282,#935,.T.);
#1653=EDGE_CURVE('',#1284,#1285,#373,.T.);
#1654=EDGE_CURVE('',#1285,#1097,#374,.T.);
#1655=EDGE_CURVE('',#1285,#1284,#375,.T.);
#1656=EDGE_CURVE('',#1133,#1284,#936,.T.);
#1657=EDGE_CURVE('',#1078,#1112,#937,.T.);
#1658=EDGE_CURVE('',#1286,#1287,#938,.T.);
#1659=EDGE_CURVE('',#1287,#1288,#939,.T.);
#1660=EDGE_CURVE('',#1288,#1289,#940,.T.);
#1661=EDGE_CURVE('',#1289,#1286,#941,.T.);
#1662=EDGE_CURVE('',#1290,#1290,#376,.T.);
#1663=EDGE_CURVE('',#1291,#1291,#377,.T.);
#1664=EDGE_CURVE('',#1292,#1292,#378,.T.);
#1665=EDGE_CURVE('',#1293,#1293,#379,.T.);
#1666=EDGE_CURVE('',#1294,#1294,#380,.T.);
#1667=EDGE_CURVE('',#1295,#1295,#381,.T.);
#1668=EDGE_CURVE('',#1296,#1296,#382,.T.);
#1669=EDGE_CURVE('',#1297,#1297,#383,.T.);
#1670=EDGE_CURVE('',#1298,#1298,#384,.T.);
#1671=EDGE_CURVE('',#1299,#1299,#385,.T.);
#1672=EDGE_CURVE('',#1300,#1300,#386,.T.);
#1673=EDGE_CURVE('',#1301,#1301,#387,.T.);
#1674=EDGE_CURVE('',#1302,#1302,#388,.T.);
#1675=EDGE_CURVE('',#1303,#1303,#389,.T.);
#1676=EDGE_CURVE('',#1304,#1304,#390,.T.);
#1677=EDGE_CURVE('',#1305,#1305,#391,.T.);
#1678=EDGE_CURVE('',#1306,#1306,#392,.T.);
#1679=EDGE_CURVE('',#1307,#1307,#393,.T.);
#1680=EDGE_CURVE('',#1308,#1308,#394,.T.);
#1681=EDGE_CURVE('',#1309,#1309,#395,.T.);
#1682=EDGE_CURVE('',#1310,#1310,#396,.T.);
#1683=EDGE_CURVE('',#1311,#1311,#397,.T.);
#1684=EDGE_CURVE('',#1312,#1312,#398,.T.);
#1685=EDGE_CURVE('',#1313,#1313,#399,.T.);
#1686=EDGE_CURVE('',#1314,#1314,#400,.T.);
#1687=EDGE_CURVE('',#1315,#1315,#401,.T.);
#1688=EDGE_CURVE('',#1316,#1316,#402,.T.);
#1689=EDGE_CURVE('',#1317,#1317,#403,.T.);
#1690=EDGE_CURVE('',#1318,#1318,#404,.T.);
#1691=EDGE_CURVE('',#1319,#1319,#405,.T.);
#1692=EDGE_CURVE('',#1320,#1320,#406,.T.);
#1693=EDGE_CURVE('',#1321,#1321,#407,.T.);
#1694=EDGE_CURVE('',#1322,#1322,#408,.T.);
#1695=EDGE_CURVE('',#1323,#1323,#409,.T.);
#1696=EDGE_CURVE('',#1324,#1324,#410,.T.);
#1697=EDGE_CURVE('',#1325,#1325,#411,.T.);
#1698=EDGE_CURVE('',#1326,#1326,#412,.T.);
#1699=EDGE_CURVE('',#1327,#1327,#413,.T.);
#1700=EDGE_CURVE('',#1328,#1328,#414,.T.);
#1701=EDGE_CURVE('',#1329,#1329,#415,.T.);
#1702=EDGE_CURVE('',#1330,#1330,#416,.T.);
#1703=EDGE_CURVE('',#1331,#1331,#417,.T.);
#1704=EDGE_CURVE('',#1332,#1332,#418,.T.);
#1705=EDGE_CURVE('',#1333,#1333,#419,.T.);
#1706=EDGE_CURVE('',#1334,#1334,#420,.T.);
#1707=EDGE_CURVE('',#1335,#1335,#421,.T.);
#1708=EDGE_CURVE('',#1336,#1336,#422,.T.);
#1709=EDGE_CURVE('',#1337,#1337,#423,.T.);
#1710=EDGE_CURVE('',#1330,#1306,#942,.T.);
#1711=EDGE_CURVE('',#1326,#1296,#943,.T.);
#1712=EDGE_CURVE('',#1333,#1301,#944,.T.);
#1713=EDGE_CURVE('',#1315,#1302,#945,.T.);
#1714=EDGE_CURVE('',#1325,#1308,#946,.T.);
#1715=EDGE_CURVE('',#1335,#1292,#947,.T.);
#1716=EDGE_CURVE('',#1328,#1293,#948,.T.);
#1717=EDGE_CURVE('',#1318,#1312,#949,.T.);
#1718=EDGE_CURVE('',#1317,#1304,#950,.T.);
#1719=EDGE_CURVE('',#1334,#1311,#951,.T.);
#1720=EDGE_CURVE('',#1314,#1300,#952,.T.);
#1721=EDGE_CURVE('',#1327,#1307,#953,.T.);
#1722=EDGE_CURVE('',#1316,#1299,#954,.T.);
#1723=EDGE_CURVE('',#1323,#1298,#955,.T.);
#1724=EDGE_CURVE('',#1321,#1295,#956,.T.);
#1725=EDGE_CURVE('',#1320,#1309,#957,.T.);
#1726=EDGE_CURVE('',#1332,#1303,#958,.T.);
#1727=EDGE_CURVE('',#1337,#1313,#959,.T.);
#1728=EDGE_CURVE('',#1331,#1297,#960,.T.);
#1729=EDGE_CURVE('',#1336,#1290,#961,.T.);
#1730=EDGE_CURVE('',#1324,#1294,#962,.T.);
#1731=EDGE_CURVE('',#1319,#1291,#963,.T.);
#1732=EDGE_CURVE('',#1329,#1310,#964,.T.);
#1733=EDGE_CURVE('',#1322,#1305,#965,.T.);
#1734=EDGE_CURVE('',#1287,#1114,#966,.T.);
#1735=EDGE_CURVE('',#1288,#1117,#967,.T.);
#1736=EDGE_CURVE('',#1289,#1116,#968,.T.);
#1737=EDGE_CURVE('',#1286,#1115,#969,.T.);
#1738=ORIENTED_EDGE('',*,*,#1338,.T.);
#1739=ORIENTED_EDGE('',*,*,#1339,.T.);
#1740=ORIENTED_EDGE('',*,*,#1340,.T.);
#1741=ORIENTED_EDGE('',*,*,#1341,.T.);
#1742=ORIENTED_EDGE('',*,*,#1342,.T.);
#1743=ORIENTED_EDGE('',*,*,#1339,.F.);
#1744=ORIENTED_EDGE('',*,*,#1343,.T.);
#1745=ORIENTED_EDGE('',*,*,#1344,.F.);
#1746=ORIENTED_EDGE('',*,*,#1345,.T.);
#1747=ORIENTED_EDGE('',*,*,#1341,.F.);
#1748=ORIENTED_EDGE('',*,*,#1346,.T.);
#1749=ORIENTED_EDGE('',*,*,#1347,.T.);
#1750=ORIENTED_EDGE('',*,*,#1348,.T.);
#1751=ORIENTED_EDGE('',*,*,#1347,.F.);
#1752=ORIENTED_EDGE('',*,*,#1349,.T.);
#1753=ORIENTED_EDGE('',*,*,#1344,.T.);
#1754=ORIENTED_EDGE('',*,*,#1346,.F.);
#1755=ORIENTED_EDGE('',*,*,#1350,.T.);
#1756=ORIENTED_EDGE('',*,*,#1351,.F.);
#1757=ORIENTED_EDGE('',*,*,#1352,.F.);
#1758=ORIENTED_EDGE('',*,*,#1340,.F.);
#1759=ORIENTED_EDGE('',*,*,#1353,.T.);
#1760=ORIENTED_EDGE('',*,*,#1354,.F.);
#1761=ORIENTED_EDGE('',*,*,#1350,.F.);
#1762=ORIENTED_EDGE('',*,*,#1338,.F.);
#1763=ORIENTED_EDGE('',*,*,#1345,.F.);
#1764=ORIENTED_EDGE('',*,*,#1348,.F.);
#1765=ORIENTED_EDGE('',*,*,#1343,.F.);
#1766=ORIENTED_EDGE('',*,*,#1355,.F.);
#1767=ORIENTED_EDGE('',*,*,#1356,.F.);
#1768=ORIENTED_EDGE('',*,*,#1357,.F.);
#1769=ORIENTED_EDGE('',*,*,#1358,.F.);
#1770=ORIENTED_EDGE('',*,*,#1359,.F.);
#1771=ORIENTED_EDGE('',*,*,#1360,.F.);
#1772=ORIENTED_EDGE('',*,*,#1361,.F.);
#1773=ORIENTED_EDGE('',*,*,#1362,.F.);
#1774=ORIENTED_EDGE('',*,*,#1363,.F.);
#1775=ORIENTED_EDGE('',*,*,#1364,.F.);
#1776=ORIENTED_EDGE('',*,*,#1365,.F.);
#1777=ORIENTED_EDGE('',*,*,#1366,.F.);
#1778=ORIENTED_EDGE('',*,*,#1367,.F.);
#1779=ORIENTED_EDGE('',*,*,#1368,.F.);
#1780=ORIENTED_EDGE('',*,*,#1369,.F.);
#1781=ORIENTED_EDGE('',*,*,#1370,.F.);
#1782=ORIENTED_EDGE('',*,*,#1371,.F.);
#1783=ORIENTED_EDGE('',*,*,#1372,.F.);
#1784=ORIENTED_EDGE('',*,*,#1373,.F.);
#1785=ORIENTED_EDGE('',*,*,#1374,.F.);
#1786=ORIENTED_EDGE('',*,*,#1375,.F.);
#1787=ORIENTED_EDGE('',*,*,#1376,.F.);
#1788=ORIENTED_EDGE('',*,*,#1377,.F.);
#1789=ORIENTED_EDGE('',*,*,#1378,.F.);
#1790=ORIENTED_EDGE('',*,*,#1379,.T.);
#1791=ORIENTED_EDGE('',*,*,#1380,.T.);
#1792=ORIENTED_EDGE('',*,*,#1351,.T.);
#1793=ORIENTED_EDGE('',*,*,#1381,.F.);
#1794=ORIENTED_EDGE('',*,*,#1382,.T.);
#1795=ORIENTED_EDGE('',*,*,#1383,.T.);
#1796=ORIENTED_EDGE('',*,*,#1384,.T.);
#1797=ORIENTED_EDGE('',*,*,#1380,.F.);
#1798=ORIENTED_EDGE('',*,*,#1385,.T.);
#1799=ORIENTED_EDGE('',*,*,#1386,.T.);
#1800=ORIENTED_EDGE('',*,*,#1387,.T.);
#1801=ORIENTED_EDGE('',*,*,#1383,.F.);
#1802=ORIENTED_EDGE('',*,*,#1354,.T.);
#1803=ORIENTED_EDGE('',*,*,#1386,.F.);
#1804=ORIENTED_EDGE('',*,*,#1388,.T.);
#1805=ORIENTED_EDGE('',*,*,#1381,.T.);
#1806=ORIENTED_EDGE('',*,*,#1389,.T.);
#1807=ORIENTED_EDGE('',*,*,#1390,.T.);
#1808=ORIENTED_EDGE('',*,*,#1391,.T.);
#1809=ORIENTED_EDGE('',*,*,#1392,.T.);
#1810=ORIENTED_EDGE('',*,*,#1379,.F.);
#1811=ORIENTED_EDGE('',*,*,#1388,.F.);
#1812=ORIENTED_EDGE('',*,*,#1385,.F.);
#1813=ORIENTED_EDGE('',*,*,#1382,.F.);
#1814=ORIENTED_EDGE('',*,*,#1393,.T.);
#1815=ORIENTED_EDGE('',*,*,#1394,.T.);
#1816=ORIENTED_EDGE('',*,*,#1395,.T.);
#1817=ORIENTED_EDGE('',*,*,#1396,.T.);
#1818=ORIENTED_EDGE('',*,*,#1394,.F.);
#1819=ORIENTED_EDGE('',*,*,#1397,.T.);
#1820=ORIENTED_EDGE('',*,*,#1396,.F.);
#1821=ORIENTED_EDGE('',*,*,#1398,.T.);
#1822=ORIENTED_EDGE('',*,*,#1399,.T.);
#1823=ORIENTED_EDGE('',*,*,#1398,.F.);
#1824=ORIENTED_EDGE('',*,*,#1395,.F.);
#1825=ORIENTED_EDGE('',*,*,#1400,.T.);
#1826=ORIENTED_EDGE('',*,*,#1401,.T.);
#1827=ORIENTED_EDGE('',*,*,#1402,.T.);
#1828=ORIENTED_EDGE('',*,*,#1403,.T.);
#1829=ORIENTED_EDGE('',*,*,#1401,.F.);
#1830=ORIENTED_EDGE('',*,*,#1404,.T.);
#1831=ORIENTED_EDGE('',*,*,#1403,.F.);
#1832=ORIENTED_EDGE('',*,*,#1405,.T.);
#1833=ORIENTED_EDGE('',*,*,#1406,.T.);
#1834=ORIENTED_EDGE('',*,*,#1405,.F.);
#1835=ORIENTED_EDGE('',*,*,#1402,.F.);
#1836=ORIENTED_EDGE('',*,*,#1407,.T.);
#1837=ORIENTED_EDGE('',*,*,#1408,.T.);
#1838=ORIENTED_EDGE('',*,*,#1409,.T.);
#1839=ORIENTED_EDGE('',*,*,#1410,.T.);
#1840=ORIENTED_EDGE('',*,*,#1408,.F.);
#1841=ORIENTED_EDGE('',*,*,#1411,.T.);
#1842=ORIENTED_EDGE('',*,*,#1410,.F.);
#1843=ORIENTED_EDGE('',*,*,#1412,.T.);
#1844=ORIENTED_EDGE('',*,*,#1413,.T.);
#1845=ORIENTED_EDGE('',*,*,#1412,.F.);
#1846=ORIENTED_EDGE('',*,*,#1409,.F.);
#1847=ORIENTED_EDGE('',*,*,#1414,.T.);
#1848=ORIENTED_EDGE('',*,*,#1415,.T.);
#1849=ORIENTED_EDGE('',*,*,#1416,.T.);
#1850=ORIENTED_EDGE('',*,*,#1417,.T.);
#1851=ORIENTED_EDGE('',*,*,#1415,.F.);
#1852=ORIENTED_EDGE('',*,*,#1418,.T.);
#1853=ORIENTED_EDGE('',*,*,#1417,.F.);
#1854=ORIENTED_EDGE('',*,*,#1419,.T.);
#1855=ORIENTED_EDGE('',*,*,#1420,.T.);
#1856=ORIENTED_EDGE('',*,*,#1419,.F.);
#1857=ORIENTED_EDGE('',*,*,#1416,.F.);
#1858=ORIENTED_EDGE('',*,*,#1421,.T.);
#1859=ORIENTED_EDGE('',*,*,#1422,.T.);
#1860=ORIENTED_EDGE('',*,*,#1423,.T.);
#1861=ORIENTED_EDGE('',*,*,#1424,.T.);
#1862=ORIENTED_EDGE('',*,*,#1422,.F.);
#1863=ORIENTED_EDGE('',*,*,#1425,.T.);
#1864=ORIENTED_EDGE('',*,*,#1424,.F.);
#1865=ORIENTED_EDGE('',*,*,#1426,.T.);
#1866=ORIENTED_EDGE('',*,*,#1427,.T.);
#1867=ORIENTED_EDGE('',*,*,#1426,.F.);
#1868=ORIENTED_EDGE('',*,*,#1423,.F.);
#1869=ORIENTED_EDGE('',*,*,#1428,.T.);
#1870=ORIENTED_EDGE('',*,*,#1429,.T.);
#1871=ORIENTED_EDGE('',*,*,#1430,.T.);
#1872=ORIENTED_EDGE('',*,*,#1431,.T.);
#1873=ORIENTED_EDGE('',*,*,#1429,.F.);
#1874=ORIENTED_EDGE('',*,*,#1432,.T.);
#1875=ORIENTED_EDGE('',*,*,#1431,.F.);
#1876=ORIENTED_EDGE('',*,*,#1433,.T.);
#1877=ORIENTED_EDGE('',*,*,#1434,.T.);
#1878=ORIENTED_EDGE('',*,*,#1433,.F.);
#1879=ORIENTED_EDGE('',*,*,#1430,.F.);
#1880=ORIENTED_EDGE('',*,*,#1435,.T.);
#1881=ORIENTED_EDGE('',*,*,#1436,.T.);
#1882=ORIENTED_EDGE('',*,*,#1437,.T.);
#1883=ORIENTED_EDGE('',*,*,#1438,.T.);
#1884=ORIENTED_EDGE('',*,*,#1436,.F.);
#1885=ORIENTED_EDGE('',*,*,#1439,.T.);
#1886=ORIENTED_EDGE('',*,*,#1438,.F.);
#1887=ORIENTED_EDGE('',*,*,#1440,.T.);
#1888=ORIENTED_EDGE('',*,*,#1441,.T.);
#1889=ORIENTED_EDGE('',*,*,#1440,.F.);
#1890=ORIENTED_EDGE('',*,*,#1437,.F.);
#1891=ORIENTED_EDGE('',*,*,#1442,.T.);
#1892=ORIENTED_EDGE('',*,*,#1443,.T.);
#1893=ORIENTED_EDGE('',*,*,#1444,.T.);
#1894=ORIENTED_EDGE('',*,*,#1445,.T.);
#1895=ORIENTED_EDGE('',*,*,#1443,.F.);
#1896=ORIENTED_EDGE('',*,*,#1446,.T.);
#1897=ORIENTED_EDGE('',*,*,#1445,.F.);
#1898=ORIENTED_EDGE('',*,*,#1447,.T.);
#1899=ORIENTED_EDGE('',*,*,#1448,.T.);
#1900=ORIENTED_EDGE('',*,*,#1447,.F.);
#1901=ORIENTED_EDGE('',*,*,#1444,.F.);
#1902=ORIENTED_EDGE('',*,*,#1449,.T.);
#1903=ORIENTED_EDGE('',*,*,#1450,.T.);
#1904=ORIENTED_EDGE('',*,*,#1451,.T.);
#1905=ORIENTED_EDGE('',*,*,#1452,.T.);
#1906=ORIENTED_EDGE('',*,*,#1450,.F.);
#1907=ORIENTED_EDGE('',*,*,#1453,.T.);
#1908=ORIENTED_EDGE('',*,*,#1452,.F.);
#1909=ORIENTED_EDGE('',*,*,#1454,.T.);
#1910=ORIENTED_EDGE('',*,*,#1455,.T.);
#1911=ORIENTED_EDGE('',*,*,#1454,.F.);
#1912=ORIENTED_EDGE('',*,*,#1451,.F.);
#1913=ORIENTED_EDGE('',*,*,#1456,.T.);
#1914=ORIENTED_EDGE('',*,*,#1457,.T.);
#1915=ORIENTED_EDGE('',*,*,#1458,.T.);
#1916=ORIENTED_EDGE('',*,*,#1459,.T.);
#1917=ORIENTED_EDGE('',*,*,#1457,.F.);
#1918=ORIENTED_EDGE('',*,*,#1460,.T.);
#1919=ORIENTED_EDGE('',*,*,#1459,.F.);
#1920=ORIENTED_EDGE('',*,*,#1461,.T.);
#1921=ORIENTED_EDGE('',*,*,#1462,.T.);
#1922=ORIENTED_EDGE('',*,*,#1461,.F.);
#1923=ORIENTED_EDGE('',*,*,#1458,.F.);
#1924=ORIENTED_EDGE('',*,*,#1463,.T.);
#1925=ORIENTED_EDGE('',*,*,#1464,.T.);
#1926=ORIENTED_EDGE('',*,*,#1465,.T.);
#1927=ORIENTED_EDGE('',*,*,#1466,.T.);
#1928=ORIENTED_EDGE('',*,*,#1464,.F.);
#1929=ORIENTED_EDGE('',*,*,#1467,.T.);
#1930=ORIENTED_EDGE('',*,*,#1466,.F.);
#1931=ORIENTED_EDGE('',*,*,#1468,.T.);
#1932=ORIENTED_EDGE('',*,*,#1469,.T.);
#1933=ORIENTED_EDGE('',*,*,#1468,.F.);
#1934=ORIENTED_EDGE('',*,*,#1465,.F.);
#1935=ORIENTED_EDGE('',*,*,#1470,.T.);
#1936=ORIENTED_EDGE('',*,*,#1471,.T.);
#1937=ORIENTED_EDGE('',*,*,#1472,.T.);
#1938=ORIENTED_EDGE('',*,*,#1473,.T.);
#1939=ORIENTED_EDGE('',*,*,#1471,.F.);
#1940=ORIENTED_EDGE('',*,*,#1474,.T.);
#1941=ORIENTED_EDGE('',*,*,#1473,.F.);
#1942=ORIENTED_EDGE('',*,*,#1475,.T.);
#1943=ORIENTED_EDGE('',*,*,#1476,.T.);
#1944=ORIENTED_EDGE('',*,*,#1475,.F.);
#1945=ORIENTED_EDGE('',*,*,#1472,.F.);
#1946=ORIENTED_EDGE('',*,*,#1477,.T.);
#1947=ORIENTED_EDGE('',*,*,#1478,.T.);
#1948=ORIENTED_EDGE('',*,*,#1479,.T.);
#1949=ORIENTED_EDGE('',*,*,#1480,.T.);
#1950=ORIENTED_EDGE('',*,*,#1478,.F.);
#1951=ORIENTED_EDGE('',*,*,#1481,.T.);
#1952=ORIENTED_EDGE('',*,*,#1480,.F.);
#1953=ORIENTED_EDGE('',*,*,#1482,.T.);
#1954=ORIENTED_EDGE('',*,*,#1483,.T.);
#1955=ORIENTED_EDGE('',*,*,#1482,.F.);
#1956=ORIENTED_EDGE('',*,*,#1479,.F.);
#1957=ORIENTED_EDGE('',*,*,#1484,.T.);
#1958=ORIENTED_EDGE('',*,*,#1485,.T.);
#1959=ORIENTED_EDGE('',*,*,#1486,.T.);
#1960=ORIENTED_EDGE('',*,*,#1487,.T.);
#1961=ORIENTED_EDGE('',*,*,#1485,.F.);
#1962=ORIENTED_EDGE('',*,*,#1488,.T.);
#1963=ORIENTED_EDGE('',*,*,#1487,.F.);
#1964=ORIENTED_EDGE('',*,*,#1489,.T.);
#1965=ORIENTED_EDGE('',*,*,#1490,.T.);
#1966=ORIENTED_EDGE('',*,*,#1489,.F.);
#1967=ORIENTED_EDGE('',*,*,#1486,.F.);
#1968=ORIENTED_EDGE('',*,*,#1491,.T.);
#1969=ORIENTED_EDGE('',*,*,#1492,.T.);
#1970=ORIENTED_EDGE('',*,*,#1493,.T.);
#1971=ORIENTED_EDGE('',*,*,#1494,.T.);
#1972=ORIENTED_EDGE('',*,*,#1492,.F.);
#1973=ORIENTED_EDGE('',*,*,#1495,.T.);
#1974=ORIENTED_EDGE('',*,*,#1494,.F.);
#1975=ORIENTED_EDGE('',*,*,#1496,.T.);
#1976=ORIENTED_EDGE('',*,*,#1497,.T.);
#1977=ORIENTED_EDGE('',*,*,#1496,.F.);
#1978=ORIENTED_EDGE('',*,*,#1493,.F.);
#1979=ORIENTED_EDGE('',*,*,#1498,.T.);
#1980=ORIENTED_EDGE('',*,*,#1499,.T.);
#1981=ORIENTED_EDGE('',*,*,#1500,.T.);
#1982=ORIENTED_EDGE('',*,*,#1501,.T.);
#1983=ORIENTED_EDGE('',*,*,#1499,.F.);
#1984=ORIENTED_EDGE('',*,*,#1502,.T.);
#1985=ORIENTED_EDGE('',*,*,#1501,.F.);
#1986=ORIENTED_EDGE('',*,*,#1503,.T.);
#1987=ORIENTED_EDGE('',*,*,#1504,.T.);
#1988=ORIENTED_EDGE('',*,*,#1503,.F.);
#1989=ORIENTED_EDGE('',*,*,#1500,.F.);
#1990=ORIENTED_EDGE('',*,*,#1505,.T.);
#1991=ORIENTED_EDGE('',*,*,#1506,.T.);
#1992=ORIENTED_EDGE('',*,*,#1507,.T.);
#1993=ORIENTED_EDGE('',*,*,#1508,.T.);
#1994=ORIENTED_EDGE('',*,*,#1506,.F.);
#1995=ORIENTED_EDGE('',*,*,#1509,.T.);
#1996=ORIENTED_EDGE('',*,*,#1508,.F.);
#1997=ORIENTED_EDGE('',*,*,#1510,.T.);
#1998=ORIENTED_EDGE('',*,*,#1511,.T.);
#1999=ORIENTED_EDGE('',*,*,#1510,.F.);
#2000=ORIENTED_EDGE('',*,*,#1507,.F.);
#2001=ORIENTED_EDGE('',*,*,#1512,.T.);
#2002=ORIENTED_EDGE('',*,*,#1513,.T.);
#2003=ORIENTED_EDGE('',*,*,#1514,.T.);
#2004=ORIENTED_EDGE('',*,*,#1515,.T.);
#2005=ORIENTED_EDGE('',*,*,#1513,.F.);
#2006=ORIENTED_EDGE('',*,*,#1516,.T.);
#2007=ORIENTED_EDGE('',*,*,#1515,.F.);
#2008=ORIENTED_EDGE('',*,*,#1517,.T.);
#2009=ORIENTED_EDGE('',*,*,#1518,.T.);
#2010=ORIENTED_EDGE('',*,*,#1517,.F.);
#2011=ORIENTED_EDGE('',*,*,#1514,.F.);
#2012=ORIENTED_EDGE('',*,*,#1519,.T.);
#2013=ORIENTED_EDGE('',*,*,#1520,.T.);
#2014=ORIENTED_EDGE('',*,*,#1521,.T.);
#2015=ORIENTED_EDGE('',*,*,#1522,.T.);
#2016=ORIENTED_EDGE('',*,*,#1520,.F.);
#2017=ORIENTED_EDGE('',*,*,#1523,.T.);
#2018=ORIENTED_EDGE('',*,*,#1522,.F.);
#2019=ORIENTED_EDGE('',*,*,#1524,.T.);
#2020=ORIENTED_EDGE('',*,*,#1525,.T.);
#2021=ORIENTED_EDGE('',*,*,#1524,.F.);
#2022=ORIENTED_EDGE('',*,*,#1521,.F.);
#2023=ORIENTED_EDGE('',*,*,#1526,.T.);
#2024=ORIENTED_EDGE('',*,*,#1527,.T.);
#2025=ORIENTED_EDGE('',*,*,#1528,.T.);
#2026=ORIENTED_EDGE('',*,*,#1529,.T.);
#2027=ORIENTED_EDGE('',*,*,#1527,.F.);
#2028=ORIENTED_EDGE('',*,*,#1530,.T.);
#2029=ORIENTED_EDGE('',*,*,#1529,.F.);
#2030=ORIENTED_EDGE('',*,*,#1531,.T.);
#2031=ORIENTED_EDGE('',*,*,#1532,.T.);
#2032=ORIENTED_EDGE('',*,*,#1531,.F.);
#2033=ORIENTED_EDGE('',*,*,#1528,.F.);
#2034=ORIENTED_EDGE('',*,*,#1533,.T.);
#2035=ORIENTED_EDGE('',*,*,#1534,.T.);
#2036=ORIENTED_EDGE('',*,*,#1535,.T.);
#2037=ORIENTED_EDGE('',*,*,#1536,.T.);
#2038=ORIENTED_EDGE('',*,*,#1534,.F.);
#2039=ORIENTED_EDGE('',*,*,#1537,.T.);
#2040=ORIENTED_EDGE('',*,*,#1536,.F.);
#2041=ORIENTED_EDGE('',*,*,#1538,.T.);
#2042=ORIENTED_EDGE('',*,*,#1539,.T.);
#2043=ORIENTED_EDGE('',*,*,#1538,.F.);
#2044=ORIENTED_EDGE('',*,*,#1535,.F.);
#2045=ORIENTED_EDGE('',*,*,#1540,.T.);
#2046=ORIENTED_EDGE('',*,*,#1541,.T.);
#2047=ORIENTED_EDGE('',*,*,#1542,.T.);
#2048=ORIENTED_EDGE('',*,*,#1543,.T.);
#2049=ORIENTED_EDGE('',*,*,#1541,.F.);
#2050=ORIENTED_EDGE('',*,*,#1544,.T.);
#2051=ORIENTED_EDGE('',*,*,#1543,.F.);
#2052=ORIENTED_EDGE('',*,*,#1545,.T.);
#2053=ORIENTED_EDGE('',*,*,#1546,.T.);
#2054=ORIENTED_EDGE('',*,*,#1545,.F.);
#2055=ORIENTED_EDGE('',*,*,#1542,.F.);
#2056=ORIENTED_EDGE('',*,*,#1547,.T.);
#2057=ORIENTED_EDGE('',*,*,#1548,.T.);
#2058=ORIENTED_EDGE('',*,*,#1549,.T.);
#2059=ORIENTED_EDGE('',*,*,#1550,.T.);
#2060=ORIENTED_EDGE('',*,*,#1548,.F.);
#2061=ORIENTED_EDGE('',*,*,#1551,.T.);
#2062=ORIENTED_EDGE('',*,*,#1550,.F.);
#2063=ORIENTED_EDGE('',*,*,#1552,.T.);
#2064=ORIENTED_EDGE('',*,*,#1553,.T.);
#2065=ORIENTED_EDGE('',*,*,#1552,.F.);
#2066=ORIENTED_EDGE('',*,*,#1549,.F.);
#2067=ORIENTED_EDGE('',*,*,#1554,.T.);
#2068=ORIENTED_EDGE('',*,*,#1555,.T.);
#2069=ORIENTED_EDGE('',*,*,#1556,.T.);
#2070=ORIENTED_EDGE('',*,*,#1557,.T.);
#2071=ORIENTED_EDGE('',*,*,#1555,.F.);
#2072=ORIENTED_EDGE('',*,*,#1558,.T.);
#2073=ORIENTED_EDGE('',*,*,#1557,.F.);
#2074=ORIENTED_EDGE('',*,*,#1559,.T.);
#2075=ORIENTED_EDGE('',*,*,#1560,.T.);
#2076=ORIENTED_EDGE('',*,*,#1559,.F.);
#2077=ORIENTED_EDGE('',*,*,#1556,.F.);
#2078=ORIENTED_EDGE('',*,*,#1561,.T.);
#2079=ORIENTED_EDGE('',*,*,#1562,.T.);
#2080=ORIENTED_EDGE('',*,*,#1355,.T.);
#2081=ORIENTED_EDGE('',*,*,#1562,.F.);
#2082=ORIENTED_EDGE('',*,*,#1563,.T.);
#2083=ORIENTED_EDGE('',*,*,#1554,.F.);
#2084=ORIENTED_EDGE('',*,*,#1564,.T.);
#2085=ORIENTED_EDGE('',*,*,#1563,.F.);
#2086=ORIENTED_EDGE('',*,*,#1561,.F.);
#2087=ORIENTED_EDGE('',*,*,#1564,.F.);
#2088=ORIENTED_EDGE('',*,*,#1558,.F.);
#2089=ORIENTED_EDGE('',*,*,#1565,.T.);
#2090=ORIENTED_EDGE('',*,*,#1566,.T.);
#2091=ORIENTED_EDGE('',*,*,#1378,.T.);
#2092=ORIENTED_EDGE('',*,*,#1566,.F.);
#2093=ORIENTED_EDGE('',*,*,#1567,.T.);
#2094=ORIENTED_EDGE('',*,*,#1547,.F.);
#2095=ORIENTED_EDGE('',*,*,#1568,.T.);
#2096=ORIENTED_EDGE('',*,*,#1567,.F.);
#2097=ORIENTED_EDGE('',*,*,#1565,.F.);
#2098=ORIENTED_EDGE('',*,*,#1568,.F.);
#2099=ORIENTED_EDGE('',*,*,#1551,.F.);
#2100=ORIENTED_EDGE('',*,*,#1569,.T.);
#2101=ORIENTED_EDGE('',*,*,#1570,.T.);
#2102=ORIENTED_EDGE('',*,*,#1356,.T.);
#2103=ORIENTED_EDGE('',*,*,#1570,.F.);
#2104=ORIENTED_EDGE('',*,*,#1571,.T.);
#2105=ORIENTED_EDGE('',*,*,#1540,.F.);
#2106=ORIENTED_EDGE('',*,*,#1572,.T.);
#2107=ORIENTED_EDGE('',*,*,#1571,.F.);
#2108=ORIENTED_EDGE('',*,*,#1569,.F.);
#2109=ORIENTED_EDGE('',*,*,#1572,.F.);
#2110=ORIENTED_EDGE('',*,*,#1544,.F.);
#2111=ORIENTED_EDGE('',*,*,#1573,.T.);
#2112=ORIENTED_EDGE('',*,*,#1574,.T.);
#2113=ORIENTED_EDGE('',*,*,#1377,.T.);
#2114=ORIENTED_EDGE('',*,*,#1574,.F.);
#2115=ORIENTED_EDGE('',*,*,#1575,.T.);
#2116=ORIENTED_EDGE('',*,*,#1533,.F.);
#2117=ORIENTED_EDGE('',*,*,#1576,.T.);
#2118=ORIENTED_EDGE('',*,*,#1575,.F.);
#2119=ORIENTED_EDGE('',*,*,#1573,.F.);
#2120=ORIENTED_EDGE('',*,*,#1576,.F.);
#2121=ORIENTED_EDGE('',*,*,#1537,.F.);
#2122=ORIENTED_EDGE('',*,*,#1577,.T.);
#2123=ORIENTED_EDGE('',*,*,#1578,.T.);
#2124=ORIENTED_EDGE('',*,*,#1357,.T.);
#2125=ORIENTED_EDGE('',*,*,#1578,.F.);
#2126=ORIENTED_EDGE('',*,*,#1579,.T.);
#2127=ORIENTED_EDGE('',*,*,#1526,.F.);
#2128=ORIENTED_EDGE('',*,*,#1580,.T.);
#2129=ORIENTED_EDGE('',*,*,#1579,.F.);
#2130=ORIENTED_EDGE('',*,*,#1577,.F.);
#2131=ORIENTED_EDGE('',*,*,#1580,.F.);
#2132=ORIENTED_EDGE('',*,*,#1530,.F.);
#2133=ORIENTED_EDGE('',*,*,#1581,.T.);
#2134=ORIENTED_EDGE('',*,*,#1582,.T.);
#2135=ORIENTED_EDGE('',*,*,#1376,.T.);
#2136=ORIENTED_EDGE('',*,*,#1582,.F.);
#2137=ORIENTED_EDGE('',*,*,#1583,.T.);
#2138=ORIENTED_EDGE('',*,*,#1393,.F.);
#2139=ORIENTED_EDGE('',*,*,#1584,.T.);
#2140=ORIENTED_EDGE('',*,*,#1583,.F.);
#2141=ORIENTED_EDGE('',*,*,#1581,.F.);
#2142=ORIENTED_EDGE('',*,*,#1584,.F.);
#2143=ORIENTED_EDGE('',*,*,#1397,.F.);
#2144=ORIENTED_EDGE('',*,*,#1585,.T.);
#2145=ORIENTED_EDGE('',*,*,#1586,.T.);
#2146=ORIENTED_EDGE('',*,*,#1358,.T.);
#2147=ORIENTED_EDGE('',*,*,#1586,.F.);
#2148=ORIENTED_EDGE('',*,*,#1587,.T.);
#2149=ORIENTED_EDGE('',*,*,#1505,.F.);
#2150=ORIENTED_EDGE('',*,*,#1588,.T.);
#2151=ORIENTED_EDGE('',*,*,#1587,.F.);
#2152=ORIENTED_EDGE('',*,*,#1585,.F.);
#2153=ORIENTED_EDGE('',*,*,#1588,.F.);
#2154=ORIENTED_EDGE('',*,*,#1509,.F.);
#2155=ORIENTED_EDGE('',*,*,#1589,.T.);
#2156=ORIENTED_EDGE('',*,*,#1590,.T.);
#2157=ORIENTED_EDGE('',*,*,#1375,.T.);
#2158=ORIENTED_EDGE('',*,*,#1590,.F.);
#2159=ORIENTED_EDGE('',*,*,#1591,.T.);
#2160=ORIENTED_EDGE('',*,*,#1498,.F.);
#2161=ORIENTED_EDGE('',*,*,#1592,.T.);
#2162=ORIENTED_EDGE('',*,*,#1591,.F.);
#2163=ORIENTED_EDGE('',*,*,#1589,.F.);
#2164=ORIENTED_EDGE('',*,*,#1592,.F.);
#2165=ORIENTED_EDGE('',*,*,#1502,.F.);
#2166=ORIENTED_EDGE('',*,*,#1593,.T.);
#2167=ORIENTED_EDGE('',*,*,#1594,.T.);
#2168=ORIENTED_EDGE('',*,*,#1359,.T.);
#2169=ORIENTED_EDGE('',*,*,#1594,.F.);
#2170=ORIENTED_EDGE('',*,*,#1595,.T.);
#2171=ORIENTED_EDGE('',*,*,#1491,.F.);
#2172=ORIENTED_EDGE('',*,*,#1596,.T.);
#2173=ORIENTED_EDGE('',*,*,#1595,.F.);
#2174=ORIENTED_EDGE('',*,*,#1593,.F.);
#2175=ORIENTED_EDGE('',*,*,#1596,.F.);
#2176=ORIENTED_EDGE('',*,*,#1495,.F.);
#2177=ORIENTED_EDGE('',*,*,#1597,.T.);
#2178=ORIENTED_EDGE('',*,*,#1598,.T.);
#2179=ORIENTED_EDGE('',*,*,#1374,.T.);
#2180=ORIENTED_EDGE('',*,*,#1598,.F.);
#2181=ORIENTED_EDGE('',*,*,#1599,.T.);
#2182=ORIENTED_EDGE('',*,*,#1477,.F.);
#2183=ORIENTED_EDGE('',*,*,#1600,.T.);
#2184=ORIENTED_EDGE('',*,*,#1599,.F.);
#2185=ORIENTED_EDGE('',*,*,#1597,.F.);
#2186=ORIENTED_EDGE('',*,*,#1600,.F.);
#2187=ORIENTED_EDGE('',*,*,#1481,.F.);
#2188=ORIENTED_EDGE('',*,*,#1601,.T.);
#2189=ORIENTED_EDGE('',*,*,#1602,.T.);
#2190=ORIENTED_EDGE('',*,*,#1360,.T.);
#2191=ORIENTED_EDGE('',*,*,#1602,.F.);
#2192=ORIENTED_EDGE('',*,*,#1603,.T.);
#2193=ORIENTED_EDGE('',*,*,#1484,.F.);
#2194=ORIENTED_EDGE('',*,*,#1604,.T.);
#2195=ORIENTED_EDGE('',*,*,#1603,.F.);
#2196=ORIENTED_EDGE('',*,*,#1601,.F.);
#2197=ORIENTED_EDGE('',*,*,#1604,.F.);
#2198=ORIENTED_EDGE('',*,*,#1488,.F.);
#2199=ORIENTED_EDGE('',*,*,#1605,.T.);
#2200=ORIENTED_EDGE('',*,*,#1606,.T.);
#2201=ORIENTED_EDGE('',*,*,#1373,.T.);
#2202=ORIENTED_EDGE('',*,*,#1606,.F.);
#2203=ORIENTED_EDGE('',*,*,#1607,.T.);
#2204=ORIENTED_EDGE('',*,*,#1463,.F.);
#2205=ORIENTED_EDGE('',*,*,#1608,.T.);
#2206=ORIENTED_EDGE('',*,*,#1607,.F.);
#2207=ORIENTED_EDGE('',*,*,#1605,.F.);
#2208=ORIENTED_EDGE('',*,*,#1608,.F.);
#2209=ORIENTED_EDGE('',*,*,#1467,.F.);
#2210=ORIENTED_EDGE('',*,*,#1609,.T.);
#2211=ORIENTED_EDGE('',*,*,#1610,.T.);
#2212=ORIENTED_EDGE('',*,*,#1361,.T.);
#2213=ORIENTED_EDGE('',*,*,#1610,.F.);
#2214=ORIENTED_EDGE('',*,*,#1611,.T.);
#2215=ORIENTED_EDGE('',*,*,#1470,.F.);
#2216=ORIENTED_EDGE('',*,*,#1612,.T.);
#2217=ORIENTED_EDGE('',*,*,#1611,.F.);
#2218=ORIENTED_EDGE('',*,*,#1609,.F.);
#2219=ORIENTED_EDGE('',*,*,#1612,.F.);
#2220=ORIENTED_EDGE('',*,*,#1474,.F.);
#2221=ORIENTED_EDGE('',*,*,#1613,.T.);
#2222=ORIENTED_EDGE('',*,*,#1614,.T.);
#2223=ORIENTED_EDGE('',*,*,#1372,.T.);
#2224=ORIENTED_EDGE('',*,*,#1614,.F.);
#2225=ORIENTED_EDGE('',*,*,#1615,.T.);
#2226=ORIENTED_EDGE('',*,*,#1449,.F.);
#2227=ORIENTED_EDGE('',*,*,#1616,.T.);
#2228=ORIENTED_EDGE('',*,*,#1615,.F.);
#2229=ORIENTED_EDGE('',*,*,#1613,.F.);
#2230=ORIENTED_EDGE('',*,*,#1616,.F.);
#2231=ORIENTED_EDGE('',*,*,#1453,.F.);
#2232=ORIENTED_EDGE('',*,*,#1617,.T.);
#2233=ORIENTED_EDGE('',*,*,#1618,.T.);
#2234=ORIENTED_EDGE('',*,*,#1362,.T.);
#2235=ORIENTED_EDGE('',*,*,#1618,.F.);
#2236=ORIENTED_EDGE('',*,*,#1619,.T.);
#2237=ORIENTED_EDGE('',*,*,#1442,.F.);
#2238=ORIENTED_EDGE('',*,*,#1620,.T.);
#2239=ORIENTED_EDGE('',*,*,#1619,.F.);
#2240=ORIENTED_EDGE('',*,*,#1617,.F.);
#2241=ORIENTED_EDGE('',*,*,#1620,.F.);
#2242=ORIENTED_EDGE('',*,*,#1446,.F.);
#2243=ORIENTED_EDGE('',*,*,#1621,.T.);
#2244=ORIENTED_EDGE('',*,*,#1622,.T.);
#2245=ORIENTED_EDGE('',*,*,#1371,.T.);
#2246=ORIENTED_EDGE('',*,*,#1622,.F.);
#2247=ORIENTED_EDGE('',*,*,#1623,.T.);
#2248=ORIENTED_EDGE('',*,*,#1456,.F.);
#2249=ORIENTED_EDGE('',*,*,#1624,.T.);
#2250=ORIENTED_EDGE('',*,*,#1623,.F.);
#2251=ORIENTED_EDGE('',*,*,#1621,.F.);
#2252=ORIENTED_EDGE('',*,*,#1624,.F.);
#2253=ORIENTED_EDGE('',*,*,#1460,.F.);
#2254=ORIENTED_EDGE('',*,*,#1625,.T.);
#2255=ORIENTED_EDGE('',*,*,#1626,.T.);
#2256=ORIENTED_EDGE('',*,*,#1363,.T.);
#2257=ORIENTED_EDGE('',*,*,#1626,.F.);
#2258=ORIENTED_EDGE('',*,*,#1627,.T.);
#2259=ORIENTED_EDGE('',*,*,#1435,.F.);
#2260=ORIENTED_EDGE('',*,*,#1628,.T.);
#2261=ORIENTED_EDGE('',*,*,#1627,.F.);
#2262=ORIENTED_EDGE('',*,*,#1625,.F.);
#2263=ORIENTED_EDGE('',*,*,#1628,.F.);
#2264=ORIENTED_EDGE('',*,*,#1439,.F.);
#2265=ORIENTED_EDGE('',*,*,#1629,.T.);
#2266=ORIENTED_EDGE('',*,*,#1630,.T.);
#2267=ORIENTED_EDGE('',*,*,#1370,.T.);
#2268=ORIENTED_EDGE('',*,*,#1630,.F.);
#2269=ORIENTED_EDGE('',*,*,#1631,.T.);
#2270=ORIENTED_EDGE('',*,*,#1512,.F.);
#2271=ORIENTED_EDGE('',*,*,#1632,.T.);
#2272=ORIENTED_EDGE('',*,*,#1631,.F.);
#2273=ORIENTED_EDGE('',*,*,#1629,.F.);
#2274=ORIENTED_EDGE('',*,*,#1632,.F.);
#2275=ORIENTED_EDGE('',*,*,#1516,.F.);
#2276=ORIENTED_EDGE('',*,*,#1633,.T.);
#2277=ORIENTED_EDGE('',*,*,#1634,.T.);
#2278=ORIENTED_EDGE('',*,*,#1364,.T.);
#2279=ORIENTED_EDGE('',*,*,#1634,.F.);
#2280=ORIENTED_EDGE('',*,*,#1635,.T.);
#2281=ORIENTED_EDGE('',*,*,#1519,.F.);
#2282=ORIENTED_EDGE('',*,*,#1636,.T.);
#2283=ORIENTED_EDGE('',*,*,#1635,.F.);
#2284=ORIENTED_EDGE('',*,*,#1633,.F.);
#2285=ORIENTED_EDGE('',*,*,#1636,.F.);
#2286=ORIENTED_EDGE('',*,*,#1523,.F.);
#2287=ORIENTED_EDGE('',*,*,#1637,.T.);
#2288=ORIENTED_EDGE('',*,*,#1638,.T.);
#2289=ORIENTED_EDGE('',*,*,#1369,.T.);
#2290=ORIENTED_EDGE('',*,*,#1638,.F.);
#2291=ORIENTED_EDGE('',*,*,#1639,.T.);
#2292=ORIENTED_EDGE('',*,*,#1400,.F.);
#2293=ORIENTED_EDGE('',*,*,#1640,.T.);
#2294=ORIENTED_EDGE('',*,*,#1639,.F.);
#2295=ORIENTED_EDGE('',*,*,#1637,.F.);
#2296=ORIENTED_EDGE('',*,*,#1640,.F.);
#2297=ORIENTED_EDGE('',*,*,#1404,.F.);
#2298=ORIENTED_EDGE('',*,*,#1641,.T.);
#2299=ORIENTED_EDGE('',*,*,#1642,.T.);
#2300=ORIENTED_EDGE('',*,*,#1365,.T.);
#2301=ORIENTED_EDGE('',*,*,#1642,.F.);
#2302=ORIENTED_EDGE('',*,*,#1643,.T.);
#2303=ORIENTED_EDGE('',*,*,#1428,.F.);
#2304=ORIENTED_EDGE('',*,*,#1644,.T.);
#2305=ORIENTED_EDGE('',*,*,#1643,.F.);
#2306=ORIENTED_EDGE('',*,*,#1641,.F.);
#2307=ORIENTED_EDGE('',*,*,#1644,.F.);
#2308=ORIENTED_EDGE('',*,*,#1432,.F.);
#2309=ORIENTED_EDGE('',*,*,#1645,.T.);
#2310=ORIENTED_EDGE('',*,*,#1646,.T.);
#2311=ORIENTED_EDGE('',*,*,#1368,.T.);
#2312=ORIENTED_EDGE('',*,*,#1646,.F.);
#2313=ORIENTED_EDGE('',*,*,#1647,.T.);
#2314=ORIENTED_EDGE('',*,*,#1421,.F.);
#2315=ORIENTED_EDGE('',*,*,#1648,.T.);
#2316=ORIENTED_EDGE('',*,*,#1647,.F.);
#2317=ORIENTED_EDGE('',*,*,#1645,.F.);
#2318=ORIENTED_EDGE('',*,*,#1648,.F.);
#2319=ORIENTED_EDGE('',*,*,#1425,.F.);
#2320=ORIENTED_EDGE('',*,*,#1649,.T.);
#2321=ORIENTED_EDGE('',*,*,#1650,.T.);
#2322=ORIENTED_EDGE('',*,*,#1366,.T.);
#2323=ORIENTED_EDGE('',*,*,#1650,.F.);
#2324=ORIENTED_EDGE('',*,*,#1651,.T.);
#2325=ORIENTED_EDGE('',*,*,#1407,.F.);
#2326=ORIENTED_EDGE('',*,*,#1652,.T.);
#2327=ORIENTED_EDGE('',*,*,#1651,.F.);
#2328=ORIENTED_EDGE('',*,*,#1649,.F.);
#2329=ORIENTED_EDGE('',*,*,#1652,.F.);
#2330=ORIENTED_EDGE('',*,*,#1411,.F.);
#2331=ORIENTED_EDGE('',*,*,#1653,.T.);
#2332=ORIENTED_EDGE('',*,*,#1654,.T.);
#2333=ORIENTED_EDGE('',*,*,#1367,.T.);
#2334=ORIENTED_EDGE('',*,*,#1654,.F.);
#2335=ORIENTED_EDGE('',*,*,#1655,.T.);
#2336=ORIENTED_EDGE('',*,*,#1414,.F.);
#2337=ORIENTED_EDGE('',*,*,#1656,.T.);
#2338=ORIENTED_EDGE('',*,*,#1655,.F.);
#2339=ORIENTED_EDGE('',*,*,#1653,.F.);
#2340=ORIENTED_EDGE('',*,*,#1656,.F.);
#2341=ORIENTED_EDGE('',*,*,#1418,.F.);
#2342=ORIENTED_EDGE('',*,*,#1349,.F.);
#2343=ORIENTED_EDGE('',*,*,#1352,.T.);
#2344=ORIENTED_EDGE('',*,*,#1384,.F.);
#2345=ORIENTED_EDGE('',*,*,#1657,.F.);
#2346=ORIENTED_EDGE('',*,*,#1342,.F.);
#2347=ORIENTED_EDGE('',*,*,#1657,.T.);
#2348=ORIENTED_EDGE('',*,*,#1387,.F.);
#2349=ORIENTED_EDGE('',*,*,#1353,.F.);
#2350=ORIENTED_EDGE('',*,*,#1658,.T.);
#2351=ORIENTED_EDGE('',*,*,#1659,.T.);
#2352=ORIENTED_EDGE('',*,*,#1660,.T.);
#2353=ORIENTED_EDGE('',*,*,#1661,.T.);
#2354=ORIENTED_EDGE('',*,*,#1662,.F.);
#2355=ORIENTED_EDGE('',*,*,#1663,.F.);
#2356=ORIENTED_EDGE('',*,*,#1664,.F.);
#2357=ORIENTED_EDGE('',*,*,#1665,.F.);
#2358=ORIENTED_EDGE('',*,*,#1666,.F.);
#2359=ORIENTED_EDGE('',*,*,#1667,.F.);
#2360=ORIENTED_EDGE('',*,*,#1668,.F.);
#2361=ORIENTED_EDGE('',*,*,#1669,.F.);
#2362=ORIENTED_EDGE('',*,*,#1670,.F.);
#2363=ORIENTED_EDGE('',*,*,#1671,.F.);
#2364=ORIENTED_EDGE('',*,*,#1672,.F.);
#2365=ORIENTED_EDGE('',*,*,#1673,.F.);
#2366=ORIENTED_EDGE('',*,*,#1674,.F.);
#2367=ORIENTED_EDGE('',*,*,#1675,.F.);
#2368=ORIENTED_EDGE('',*,*,#1676,.F.);
#2369=ORIENTED_EDGE('',*,*,#1677,.F.);
#2370=ORIENTED_EDGE('',*,*,#1678,.F.);
#2371=ORIENTED_EDGE('',*,*,#1679,.F.);
#2372=ORIENTED_EDGE('',*,*,#1680,.F.);
#2373=ORIENTED_EDGE('',*,*,#1681,.F.);
#2374=ORIENTED_EDGE('',*,*,#1682,.F.);
#2375=ORIENTED_EDGE('',*,*,#1683,.F.);
#2376=ORIENTED_EDGE('',*,*,#1684,.F.);
#2377=ORIENTED_EDGE('',*,*,#1685,.F.);
#2378=ORIENTED_EDGE('',*,*,#1448,.F.);
#2379=ORIENTED_EDGE('',*,*,#1686,.T.);
#2380=ORIENTED_EDGE('',*,*,#1476,.F.);
#2381=ORIENTED_EDGE('',*,*,#1687,.T.);
#2382=ORIENTED_EDGE('',*,*,#1427,.F.);
#2383=ORIENTED_EDGE('',*,*,#1688,.T.);
#2384=ORIENTED_EDGE('',*,*,#1413,.F.);
#2385=ORIENTED_EDGE('',*,*,#1689,.T.);
#2386=ORIENTED_EDGE('',*,*,#1441,.F.);
#2387=ORIENTED_EDGE('',*,*,#1690,.T.);
#2388=ORIENTED_EDGE('',*,*,#1469,.F.);
#2389=ORIENTED_EDGE('',*,*,#1691,.T.);
#2390=ORIENTED_EDGE('',*,*,#1497,.F.);
#2391=ORIENTED_EDGE('',*,*,#1692,.T.);
#2392=ORIENTED_EDGE('',*,*,#1511,.F.);
#2393=ORIENTED_EDGE('',*,*,#1693,.T.);
#2394=ORIENTED_EDGE('',*,*,#1406,.F.);
#2395=ORIENTED_EDGE('',*,*,#1694,.T.);
#2396=ORIENTED_EDGE('',*,*,#1532,.F.);
#2397=ORIENTED_EDGE('',*,*,#1695,.T.);
#2398=ORIENTED_EDGE('',*,*,#1539,.F.);
#2399=ORIENTED_EDGE('',*,*,#1696,.T.);
#2400=ORIENTED_EDGE('',*,*,#1553,.F.);
#2401=ORIENTED_EDGE('',*,*,#1697,.T.);
#2402=ORIENTED_EDGE('',*,*,#1560,.F.);
#2403=ORIENTED_EDGE('',*,*,#1698,.T.);
#2404=ORIENTED_EDGE('',*,*,#1546,.F.);
#2405=ORIENTED_EDGE('',*,*,#1699,.T.);
#2406=ORIENTED_EDGE('',*,*,#1399,.F.);
#2407=ORIENTED_EDGE('',*,*,#1700,.T.);
#2408=ORIENTED_EDGE('',*,*,#1525,.F.);
#2409=ORIENTED_EDGE('',*,*,#1701,.T.);
#2410=ORIENTED_EDGE('',*,*,#1518,.F.);
#2411=ORIENTED_EDGE('',*,*,#1702,.T.);
#2412=ORIENTED_EDGE('',*,*,#1504,.F.);
#2413=ORIENTED_EDGE('',*,*,#1703,.T.);
#2414=ORIENTED_EDGE('',*,*,#1490,.F.);
#2415=ORIENTED_EDGE('',*,*,#1704,.T.);
#2416=ORIENTED_EDGE('',*,*,#1462,.F.);
#2417=ORIENTED_EDGE('',*,*,#1705,.T.);
#2418=ORIENTED_EDGE('',*,*,#1434,.F.);
#2419=ORIENTED_EDGE('',*,*,#1706,.T.);
#2420=ORIENTED_EDGE('',*,*,#1420,.F.);
#2421=ORIENTED_EDGE('',*,*,#1707,.T.);
#2422=ORIENTED_EDGE('',*,*,#1483,.F.);
#2423=ORIENTED_EDGE('',*,*,#1708,.T.);
#2424=ORIENTED_EDGE('',*,*,#1455,.F.);
#2425=ORIENTED_EDGE('',*,*,#1709,.T.);
#2426=ORIENTED_EDGE('',*,*,#1702,.F.);
#2427=ORIENTED_EDGE('',*,*,#1710,.T.);
#2428=ORIENTED_EDGE('',*,*,#1678,.T.);
#2429=ORIENTED_EDGE('',*,*,#1710,.F.);
#2430=ORIENTED_EDGE('',*,*,#1698,.F.);
#2431=ORIENTED_EDGE('',*,*,#1711,.T.);
#2432=ORIENTED_EDGE('',*,*,#1668,.T.);
#2433=ORIENTED_EDGE('',*,*,#1711,.F.);
#2434=ORIENTED_EDGE('',*,*,#1705,.F.);
#2435=ORIENTED_EDGE('',*,*,#1712,.T.);
#2436=ORIENTED_EDGE('',*,*,#1673,.T.);
#2437=ORIENTED_EDGE('',*,*,#1712,.F.);
#2438=ORIENTED_EDGE('',*,*,#1687,.F.);
#2439=ORIENTED_EDGE('',*,*,#1713,.T.);
#2440=ORIENTED_EDGE('',*,*,#1674,.T.);
#2441=ORIENTED_EDGE('',*,*,#1713,.F.);
#2442=ORIENTED_EDGE('',*,*,#1697,.F.);
#2443=ORIENTED_EDGE('',*,*,#1714,.T.);
#2444=ORIENTED_EDGE('',*,*,#1680,.T.);
#2445=ORIENTED_EDGE('',*,*,#1714,.F.);
#2446=ORIENTED_EDGE('',*,*,#1707,.F.);
#2447=ORIENTED_EDGE('',*,*,#1715,.T.);
#2448=ORIENTED_EDGE('',*,*,#1664,.T.);
#2449=ORIENTED_EDGE('',*,*,#1715,.F.);
#2450=ORIENTED_EDGE('',*,*,#1700,.F.);
#2451=ORIENTED_EDGE('',*,*,#1716,.T.);
#2452=ORIENTED_EDGE('',*,*,#1665,.T.);
#2453=ORIENTED_EDGE('',*,*,#1716,.F.);
#2454=ORIENTED_EDGE('',*,*,#1690,.F.);
#2455=ORIENTED_EDGE('',*,*,#1717,.T.);
#2456=ORIENTED_EDGE('',*,*,#1684,.T.);
#2457=ORIENTED_EDGE('',*,*,#1717,.F.);
#2458=ORIENTED_EDGE('',*,*,#1689,.F.);
#2459=ORIENTED_EDGE('',*,*,#1718,.T.);
#2460=ORIENTED_EDGE('',*,*,#1676,.T.);
#2461=ORIENTED_EDGE('',*,*,#1718,.F.);
#2462=ORIENTED_EDGE('',*,*,#1706,.F.);
#2463=ORIENTED_EDGE('',*,*,#1719,.T.);
#2464=ORIENTED_EDGE('',*,*,#1683,.T.);
#2465=ORIENTED_EDGE('',*,*,#1719,.F.);
#2466=ORIENTED_EDGE('',*,*,#1686,.F.);
#2467=ORIENTED_EDGE('',*,*,#1720,.T.);
#2468=ORIENTED_EDGE('',*,*,#1672,.T.);
#2469=ORIENTED_EDGE('',*,*,#1720,.F.);
#2470=ORIENTED_EDGE('',*,*,#1699,.F.);
#2471=ORIENTED_EDGE('',*,*,#1721,.T.);
#2472=ORIENTED_EDGE('',*,*,#1679,.T.);
#2473=ORIENTED_EDGE('',*,*,#1721,.F.);
#2474=ORIENTED_EDGE('',*,*,#1688,.F.);
#2475=ORIENTED_EDGE('',*,*,#1722,.T.);
#2476=ORIENTED_EDGE('',*,*,#1671,.T.);
#2477=ORIENTED_EDGE('',*,*,#1722,.F.);
#2478=ORIENTED_EDGE('',*,*,#1695,.F.);
#2479=ORIENTED_EDGE('',*,*,#1723,.T.);
#2480=ORIENTED_EDGE('',*,*,#1670,.T.);
#2481=ORIENTED_EDGE('',*,*,#1723,.F.);
#2482=ORIENTED_EDGE('',*,*,#1693,.F.);
#2483=ORIENTED_EDGE('',*,*,#1724,.T.);
#2484=ORIENTED_EDGE('',*,*,#1667,.T.);
#2485=ORIENTED_EDGE('',*,*,#1724,.F.);
#2486=ORIENTED_EDGE('',*,*,#1692,.F.);
#2487=ORIENTED_EDGE('',*,*,#1725,.T.);
#2488=ORIENTED_EDGE('',*,*,#1681,.T.);
#2489=ORIENTED_EDGE('',*,*,#1725,.F.);
#2490=ORIENTED_EDGE('',*,*,#1704,.F.);
#2491=ORIENTED_EDGE('',*,*,#1726,.T.);
#2492=ORIENTED_EDGE('',*,*,#1675,.T.);
#2493=ORIENTED_EDGE('',*,*,#1726,.F.);
#2494=ORIENTED_EDGE('',*,*,#1709,.F.);
#2495=ORIENTED_EDGE('',*,*,#1727,.T.);
#2496=ORIENTED_EDGE('',*,*,#1685,.T.);
#2497=ORIENTED_EDGE('',*,*,#1727,.F.);
#2498=ORIENTED_EDGE('',*,*,#1703,.F.);
#2499=ORIENTED_EDGE('',*,*,#1728,.T.);
#2500=ORIENTED_EDGE('',*,*,#1669,.T.);
#2501=ORIENTED_EDGE('',*,*,#1728,.F.);
#2502=ORIENTED_EDGE('',*,*,#1708,.F.);
#2503=ORIENTED_EDGE('',*,*,#1729,.T.);
#2504=ORIENTED_EDGE('',*,*,#1662,.T.);
#2505=ORIENTED_EDGE('',*,*,#1729,.F.);
#2506=ORIENTED_EDGE('',*,*,#1696,.F.);
#2507=ORIENTED_EDGE('',*,*,#1730,.T.);
#2508=ORIENTED_EDGE('',*,*,#1666,.T.);
#2509=ORIENTED_EDGE('',*,*,#1730,.F.);
#2510=ORIENTED_EDGE('',*,*,#1691,.F.);
#2511=ORIENTED_EDGE('',*,*,#1731,.T.);
#2512=ORIENTED_EDGE('',*,*,#1663,.T.);
#2513=ORIENTED_EDGE('',*,*,#1731,.F.);
#2514=ORIENTED_EDGE('',*,*,#1701,.F.);
#2515=ORIENTED_EDGE('',*,*,#1732,.T.);
#2516=ORIENTED_EDGE('',*,*,#1682,.T.);
#2517=ORIENTED_EDGE('',*,*,#1732,.F.);
#2518=ORIENTED_EDGE('',*,*,#1694,.F.);
#2519=ORIENTED_EDGE('',*,*,#1733,.T.);
#2520=ORIENTED_EDGE('',*,*,#1677,.T.);
#2521=ORIENTED_EDGE('',*,*,#1733,.F.);
#2522=ORIENTED_EDGE('',*,*,#1659,.F.);
#2523=ORIENTED_EDGE('',*,*,#1734,.T.);
#2524=ORIENTED_EDGE('',*,*,#1392,.F.);
#2525=ORIENTED_EDGE('',*,*,#1735,.F.);
#2526=ORIENTED_EDGE('',*,*,#1660,.F.);
#2527=ORIENTED_EDGE('',*,*,#1735,.T.);
#2528=ORIENTED_EDGE('',*,*,#1391,.F.);
#2529=ORIENTED_EDGE('',*,*,#1736,.F.);
#2530=ORIENTED_EDGE('',*,*,#1661,.F.);
#2531=ORIENTED_EDGE('',*,*,#1736,.T.);
#2532=ORIENTED_EDGE('',*,*,#1390,.F.);
#2533=ORIENTED_EDGE('',*,*,#1737,.F.);
#2534=ORIENTED_EDGE('',*,*,#1658,.F.);
#2535=ORIENTED_EDGE('',*,*,#1737,.T.);
#2536=ORIENTED_EDGE('',*,*,#1389,.F.);
#2537=ORIENTED_EDGE('',*,*,#1734,.F.);
#2538=CYLINDRICAL_SURFACE('',#2795,1.);
#2539=CYLINDRICAL_SURFACE('',#2798,1.);
#2540=CYLINDRICAL_SURFACE('',#2800,1.);
#2541=CYLINDRICAL_SURFACE('',#2802,1.);
#2542=CYLINDRICAL_SURFACE('',#2830,1.);
#2543=CYLINDRICAL_SURFACE('',#2833,1.);
#2544=CYLINDRICAL_SURFACE('',#2835,1.);
#2545=CYLINDRICAL_SURFACE('',#2837,1.);
#2546=CYLINDRICAL_SURFACE('',#2845,3.00000000000001);
#2547=CYLINDRICAL_SURFACE('',#2853,3.00000000000001);
#2548=CYLINDRICAL_SURFACE('',#2861,3.00000000000001);
#2549=CYLINDRICAL_SURFACE('',#2869,3.00000000000001);
#2550=CYLINDRICAL_SURFACE('',#2877,3.00000000000001);
#2551=CYLINDRICAL_SURFACE('',#2885,3.00000000000001);
#2552=CYLINDRICAL_SURFACE('',#2893,3.);
#2553=CYLINDRICAL_SURFACE('',#2901,3.);
#2554=CYLINDRICAL_SURFACE('',#2909,3.);
#2555=CYLINDRICAL_SURFACE('',#2917,3.);
#2556=CYLINDRICAL_SURFACE('',#2925,3.);
#2557=CYLINDRICAL_SURFACE('',#2933,3.);
#2558=CYLINDRICAL_SURFACE('',#2941,3.);
#2559=CYLINDRICAL_SURFACE('',#2949,3.);
#2560=CYLINDRICAL_SURFACE('',#2957,3.);
#2561=CYLINDRICAL_SURFACE('',#2965,3.);
#2562=CYLINDRICAL_SURFACE('',#2973,3.);
#2563=CYLINDRICAL_SURFACE('',#2981,3.00000000000001);
#2564=CYLINDRICAL_SURFACE('',#2989,2.99999999999999);
#2565=CYLINDRICAL_SURFACE('',#2997,3.00000000000001);
#2566=CYLINDRICAL_SURFACE('',#3005,3.);
#2567=CYLINDRICAL_SURFACE('',#3013,3.);
#2568=CYLINDRICAL_SURFACE('',#3021,3.);
#2569=CYLINDRICAL_SURFACE('',#3029,3.);
#2570=CYLINDRICAL_SURFACE('',#3035,4.);
#2571=CYLINDRICAL_SURFACE('',#3040,4.);
#2572=CYLINDRICAL_SURFACE('',#3045,4.);
#2573=CYLINDRICAL_SURFACE('',#3050,4.);
#2574=CYLINDRICAL_SURFACE('',#3055,4.);
#2575=CYLINDRICAL_SURFACE('',#3060,4.);
#2576=CYLINDRICAL_SURFACE('',#3065,4.);
#2577=CYLINDRICAL_SURFACE('',#3070,4.);
#2578=CYLINDRICAL_SURFACE('',#3075,4.);
#2579=CYLINDRICAL_SURFACE('',#3080,4.);
#2580=CYLINDRICAL_SURFACE('',#3085,4.);
#2581=CYLINDRICAL_SURFACE('',#3090,4.);
#2582=CYLINDRICAL_SURFACE('',#3095,3.99999999999999);
#2583=CYLINDRICAL_SURFACE('',#3100,3.99999999999999);
#2584=CYLINDRICAL_SURFACE('',#3105,4.);
#2585=CYLINDRICAL_SURFACE('',#3110,3.99999999999999);
#2586=CYLINDRICAL_SURFACE('',#3115,4.);
#2587=CYLINDRICAL_SURFACE('',#3120,3.99999999999999);
#2588=CYLINDRICAL_SURFACE('',#3125,4.);
#2589=CYLINDRICAL_SURFACE('',#3130,4.);
#2590=CYLINDRICAL_SURFACE('',#3135,4.);
#2591=CYLINDRICAL_SURFACE('',#3140,4.);
#2592=CYLINDRICAL_SURFACE('',#3145,4.);
#2593=CYLINDRICAL_SURFACE('',#3150,4.);
#2594=CYLINDRICAL_SURFACE('',#3226,2.75);
#2595=CYLINDRICAL_SURFACE('',#3227,2.75);
#2596=CYLINDRICAL_SURFACE('',#3228,2.75);
#2597=CYLINDRICAL_SURFACE('',#3229,2.75);
#2598=CYLINDRICAL_SURFACE('',#3230,2.75);
#2599=CYLINDRICAL_SURFACE('',#3231,2.75);
#2600=CYLINDRICAL_SURFACE('',#3232,2.75);
#2601=CYLINDRICAL_SURFACE('',#3233,2.74999999999999);
#2602=CYLINDRICAL_SURFACE('',#3234,2.75);
#2603=CYLINDRICAL_SURFACE('',#3235,2.75);
#2604=CYLINDRICAL_SURFACE('',#3236,2.74999999999999);
#2605=CYLINDRICAL_SURFACE('',#3237,2.75);
#2606=CYLINDRICAL_SURFACE('',#3238,2.75);
#2607=CYLINDRICAL_SURFACE('',#3239,2.75);
#2608=CYLINDRICAL_SURFACE('',#3240,2.75);
#2609=CYLINDRICAL_SURFACE('',#3241,2.75);
#2610=CYLINDRICAL_SURFACE('',#3242,2.75);
#2611=CYLINDRICAL_SURFACE('',#3243,2.75);
#2612=CYLINDRICAL_SURFACE('',#3244,2.75);
#2613=CYLINDRICAL_SURFACE('',#3245,2.75);
#2614=CYLINDRICAL_SURFACE('',#3246,2.74999999999999);
#2615=CYLINDRICAL_SURFACE('',#3247,2.75);
#2616=CYLINDRICAL_SURFACE('',#3248,2.75);
#2617=CYLINDRICAL_SURFACE('',#3249,2.75);
#2618=ADVANCED_FACE('',(#459),#2538,.F.);
#2619=ADVANCED_FACE('',(#460),#2539,.F.);
#2620=ADVANCED_FACE('',(#461),#2540,.F.);
#2621=ADVANCED_FACE('',(#462),#2541,.F.);
#2622=ADVANCED_FACE('',(#463),#424,.T.);
#2623=ADVANCED_FACE('',(#464),#425,.T.);
#2624=ADVANCED_FACE('',(#465,#63,#64,#65,#66,#67,#68,#69,#70,#71,#72,#73,
#74,#75,#76,#77,#78,#79,#80,#81,#82,#83,#84,#85,#86),#426,.T.);
#2625=ADVANCED_FACE('',(#466),#2542,.T.);
#2626=ADVANCED_FACE('',(#467),#2543,.T.);
#2627=ADVANCED_FACE('',(#468),#2544,.T.);
#2628=ADVANCED_FACE('',(#469),#2545,.T.);
#2629=ADVANCED_FACE('',(#470,#87),#427,.T.);
#2630=ADVANCED_FACE('',(#471),#15,.T.);
#2631=ADVANCED_FACE('',(#472),#2546,.F.);
#2632=ADVANCED_FACE('',(#473),#16,.T.);
#2633=ADVANCED_FACE('',(#474),#2547,.F.);
#2634=ADVANCED_FACE('',(#475),#17,.T.);
#2635=ADVANCED_FACE('',(#476),#2548,.F.);
#2636=ADVANCED_FACE('',(#477),#18,.T.);
#2637=ADVANCED_FACE('',(#478),#2549,.F.);
#2638=ADVANCED_FACE('',(#479),#19,.T.);
#2639=ADVANCED_FACE('',(#480),#2550,.F.);
#2640=ADVANCED_FACE('',(#481),#20,.T.);
#2641=ADVANCED_FACE('',(#482),#2551,.F.);
#2642=ADVANCED_FACE('',(#483),#21,.T.);
#2643=ADVANCED_FACE('',(#484),#2552,.F.);
#2644=ADVANCED_FACE('',(#485),#22,.T.);
#2645=ADVANCED_FACE('',(#486),#2553,.F.);
#2646=ADVANCED_FACE('',(#487),#23,.T.);
#2647=ADVANCED_FACE('',(#488),#2554,.F.);
#2648=ADVANCED_FACE('',(#489),#24,.T.);
#2649=ADVANCED_FACE('',(#490),#2555,.F.);
#2650=ADVANCED_FACE('',(#491),#25,.T.);
#2651=ADVANCED_FACE('',(#492),#2556,.F.);
#2652=ADVANCED_FACE('',(#493),#26,.T.);
#2653=ADVANCED_FACE('',(#494),#2557,.F.);
#2654=ADVANCED_FACE('',(#495),#27,.T.);
#2655=ADVANCED_FACE('',(#496),#2558,.F.);
#2656=ADVANCED_FACE('',(#497),#28,.T.);
#2657=ADVANCED_FACE('',(#498),#2559,.F.);
#2658=ADVANCED_FACE('',(#499),#29,.T.);
#2659=ADVANCED_FACE('',(#500),#2560,.F.);
#2660=ADVANCED_FACE('',(#501),#30,.T.);
#2661=ADVANCED_FACE('',(#502),#2561,.F.);
#2662=ADVANCED_FACE('',(#503),#31,.T.);
#2663=ADVANCED_FACE('',(#504),#2562,.F.);
#2664=ADVANCED_FACE('',(#505),#32,.T.);
#2665=ADVANCED_FACE('',(#506),#2563,.F.);
#2666=ADVANCED_FACE('',(#507),#33,.T.);
#2667=ADVANCED_FACE('',(#508),#2564,.F.);
#2668=ADVANCED_FACE('',(#509),#34,.T.);
#2669=ADVANCED_FACE('',(#510),#2565,.F.);
#2670=ADVANCED_FACE('',(#511),#35,.T.);
#2671=ADVANCED_FACE('',(#512),#2566,.F.);
#2672=ADVANCED_FACE('',(#513),#36,.T.);
#2673=ADVANCED_FACE('',(#514),#2567,.F.);
#2674=ADVANCED_FACE('',(#515),#37,.T.);
#2675=ADVANCED_FACE('',(#516),#2568,.F.);
#2676=ADVANCED_FACE('',(#517),#38,.T.);
#2677=ADVANCED_FACE('',(#518),#2569,.F.);
#2678=ADVANCED_FACE('',(#519),#39,.F.);
#2679=ADVANCED_FACE('',(#520),#2570,.T.);
#2680=ADVANCED_FACE('',(#521),#40,.F.);
#2681=ADVANCED_FACE('',(#522),#2571,.T.);
#2682=ADVANCED_FACE('',(#523),#41,.F.);
#2683=ADVANCED_FACE('',(#524),#2572,.T.);
#2684=ADVANCED_FACE('',(#525),#42,.F.);
#2685=ADVANCED_FACE('',(#526),#2573,.T.);
#2686=ADVANCED_FACE('',(#527),#43,.F.);
#2687=ADVANCED_FACE('',(#528),#2574,.T.);
#2688=ADVANCED_FACE('',(#529),#44,.F.);
#2689=ADVANCED_FACE('',(#530),#2575,.T.);
#2690=ADVANCED_FACE('',(#531),#45,.F.);
#2691=ADVANCED_FACE('',(#532),#2576,.T.);
#2692=ADVANCED_FACE('',(#533),#46,.F.);
#2693=ADVANCED_FACE('',(#534),#2577,.T.);
#2694=ADVANCED_FACE('',(#535),#47,.F.);
#2695=ADVANCED_FACE('',(#536),#2578,.T.);
#2696=ADVANCED_FACE('',(#537),#48,.F.);
#2697=ADVANCED_FACE('',(#538),#2579,.T.);
#2698=ADVANCED_FACE('',(#539),#49,.F.);
#2699=ADVANCED_FACE('',(#540),#2580,.T.);
#2700=ADVANCED_FACE('',(#541),#50,.F.);
#2701=ADVANCED_FACE('',(#542),#2581,.T.);
#2702=ADVANCED_FACE('',(#543),#51,.F.);
#2703=ADVANCED_FACE('',(#544),#2582,.T.);
#2704=ADVANCED_FACE('',(#545),#52,.F.);
#2705=ADVANCED_FACE('',(#546),#2583,.T.);
#2706=ADVANCED_FACE('',(#547),#53,.F.);
#2707=ADVANCED_FACE('',(#548),#2584,.T.);
#2708=ADVANCED_FACE('',(#549),#54,.F.);
#2709=ADVANCED_FACE('',(#550),#2585,.T.);
#2710=ADVANCED_FACE('',(#551),#55,.F.);
#2711=ADVANCED_FACE('',(#552),#2586,.T.);
#2712=ADVANCED_FACE('',(#553),#56,.F.);
#2713=ADVANCED_FACE('',(#554),#2587,.T.);
#2714=ADVANCED_FACE('',(#555),#57,.F.);
#2715=ADVANCED_FACE('',(#556),#2588,.T.);
#2716=ADVANCED_FACE('',(#557),#58,.F.);
#2717=ADVANCED_FACE('',(#558),#2589,.T.);
#2718=ADVANCED_FACE('',(#559),#59,.F.);
#2719=ADVANCED_FACE('',(#560),#2590,.T.);
#2720=ADVANCED_FACE('',(#561),#60,.F.);
#2721=ADVANCED_FACE('',(#562),#2591,.T.);
#2722=ADVANCED_FACE('',(#563),#61,.F.);
#2723=ADVANCED_FACE('',(#564),#2592,.T.);
#2724=ADVANCED_FACE('',(#565),#62,.F.);
#2725=ADVANCED_FACE('',(#566),#2593,.T.);
#2726=ADVANCED_FACE('',(#567),#428,.T.);
#2727=ADVANCED_FACE('',(#568),#429,.T.);
#2728=ADVANCED_FACE('',(#569,#88,#89,#90,#91,#92,#93,#94,#95,#96,#97,#98,
#99,#100,#101,#102,#103,#104,#105,#106,#107,#108,#109,#110,#111),#430,.F.);
#2729=ADVANCED_FACE('',(#570,#112),#431,.T.);
#2730=ADVANCED_FACE('',(#571,#113),#432,.T.);
#2731=ADVANCED_FACE('',(#572,#114),#433,.T.);
#2732=ADVANCED_FACE('',(#573,#115),#434,.T.);
#2733=ADVANCED_FACE('',(#574,#116),#435,.T.);
#2734=ADVANCED_FACE('',(#575,#117),#436,.T.);
#2735=ADVANCED_FACE('',(#576,#118),#437,.T.);
#2736=ADVANCED_FACE('',(#577,#119),#438,.T.);
#2737=ADVANCED_FACE('',(#578,#120),#439,.T.);
#2738=ADVANCED_FACE('',(#579,#121),#440,.T.);
#2739=ADVANCED_FACE('',(#580,#122),#441,.T.);
#2740=ADVANCED_FACE('',(#581,#123),#442,.T.);
#2741=ADVANCED_FACE('',(#582,#124),#443,.T.);
#2742=ADVANCED_FACE('',(#583,#125),#444,.T.);
#2743=ADVANCED_FACE('',(#584,#126),#445,.T.);
#2744=ADVANCED_FACE('',(#585,#127),#446,.T.);
#2745=ADVANCED_FACE('',(#586,#128),#447,.T.);
#2746=ADVANCED_FACE('',(#587,#129),#448,.T.);
#2747=ADVANCED_FACE('',(#588,#130),#449,.T.);
#2748=ADVANCED_FACE('',(#589,#131),#450,.T.);
#2749=ADVANCED_FACE('',(#590,#132),#451,.T.);
#2750=ADVANCED_FACE('',(#591,#133),#452,.T.);
#2751=ADVANCED_FACE('',(#592,#134),#453,.T.);
#2752=ADVANCED_FACE('',(#593,#135),#454,.T.);
#2753=ADVANCED_FACE('',(#594),#2594,.F.);
#2754=ADVANCED_FACE('',(#595),#2595,.F.);
#2755=ADVANCED_FACE('',(#596),#2596,.F.);
#2756=ADVANCED_FACE('',(#597),#2597,.F.);
#2757=ADVANCED_FACE('',(#598),#2598,.F.);
#2758=ADVANCED_FACE('',(#599),#2599,.F.);
#2759=ADVANCED_FACE('',(#600),#2600,.F.);
#2760=ADVANCED_FACE('',(#601),#2601,.F.);
#2761=ADVANCED_FACE('',(#602),#2602,.F.);
#2762=ADVANCED_FACE('',(#603),#2603,.F.);
#2763=ADVANCED_FACE('',(#604),#2604,.F.);
#2764=ADVANCED_FACE('',(#605),#2605,.F.);
#2765=ADVANCED_FACE('',(#606),#2606,.F.);
#2766=ADVANCED_FACE('',(#607),#2607,.F.);
#2767=ADVANCED_FACE('',(#608),#2608,.F.);
#2768=ADVANCED_FACE('',(#609),#2609,.F.);
#2769=ADVANCED_FACE('',(#610),#2610,.F.);
#2770=ADVANCED_FACE('',(#611),#2611,.F.);
#2771=ADVANCED_FACE('',(#612),#2612,.F.);
#2772=ADVANCED_FACE('',(#613),#2613,.F.);
#2773=ADVANCED_FACE('',(#614),#2614,.F.);
#2774=ADVANCED_FACE('',(#615),#2615,.F.);
#2775=ADVANCED_FACE('',(#616),#2616,.F.);
#2776=ADVANCED_FACE('',(#617),#2617,.F.);
#2777=ADVANCED_FACE('',(#618),#455,.T.);
#2778=ADVANCED_FACE('',(#619),#456,.T.);
#2779=ADVANCED_FACE('',(#620),#457,.T.);
#2780=ADVANCED_FACE('',(#621),#458,.T.);
#2781=CLOSED_SHELL('',(#2618,#2619,#2620,#2621,#2622,#2623,#2624,#2625,
#2626,#2627,#2628,#2629,#2630,#2631,#2632,#2633,#2634,#2635,#2636,#2637,
#2638,#2639,#2640,#2641,#2642,#2643,#2644,#2645,#2646,#2647,#2648,#2649,
#2650,#2651,#2652,#2653,#2654,#2655,#2656,#2657,#2658,#2659,#2660,#2661,
#2662,#2663,#2664,#2665,#2666,#2667,#2668,#2669,#2670,#2671,#2672,#2673,
#2674,#2675,#2676,#2677,#2678,#2679,#2680,#2681,#2682,#2683,#2684,#2685,
#2686,#2687,#2688,#2689,#2690,#2691,#2692,#2693,#2694,#2695,#2696,#2697,
#2698,#2699,#2700,#2701,#2702,#2703,#2704,#2705,#2706,#2707,#2708,#2709,
#2710,#2711,#2712,#2713,#2714,#2715,#2716,#2717,#2718,#2719,#2720,#2721,
#2722,#2723,#2724,#2725,#2726,#2727,#2728,#2729,#2730,#2731,#2732,#2733,
#2734,#2735,#2736,#2737,#2738,#2739,#2740,#2741,#2742,#2743,#2744,#2745,
#2746,#2747,#2748,#2749,#2750,#2751,#2752,#2753,#2754,#2755,#2756,#2757,
#2758,#2759,#2760,#2761,#2762,#2763,#2764,#2765,#2766,#2767,#2768,#2769,
#2770,#2771,#2772,#2773,#2774,#2775,#2776,#2777,#2778,#2779,#2780));
#2782=DERIVED_UNIT_ELEMENT(#2784,1.);
#2783=DERIVED_UNIT_ELEMENT(#5111,-3.);
#2784=(
MASS_UNIT()
NAMED_UNIT(*)
SI_UNIT(.KILO.,.GRAM.)
);
#2785=DERIVED_UNIT((#2782,#2783));
#2786=MEASURE_REPRESENTATION_ITEM('density measure',
POSITIVE_RATIO_MEASURE(7850.),#2785);
#2787=PROPERTY_DEFINITION_REPRESENTATION(#2792,#2789);
#2788=PROPERTY_DEFINITION_REPRESENTATION(#2793,#2790);
#2789=REPRESENTATION('material name',(#2791),#5108);
#2790=REPRESENTATION('density',(#2786),#5108);
#2791=DESCRIPTIVE_REPRESENTATION_ITEM('Steel','Steel');
#2792=PROPERTY_DEFINITION('material property','material name',#5118);
#2793=PROPERTY_DEFINITION('material property','density of part',#5118);
#2794=AXIS2_PLACEMENT_3D('',#4278,#3254,#3255);
#2795=AXIS2_PLACEMENT_3D('',#4279,#3256,#3257);
#2796=AXIS2_PLACEMENT_3D('',#4284,#3259,#3260);
#2797=AXIS2_PLACEMENT_3D('',#4287,#3262,#3263);
#2798=AXIS2_PLACEMENT_3D('',#4288,#3264,#3265);
#2799=AXIS2_PLACEMENT_3D('',#4293,#3268,#3269);
#2800=AXIS2_PLACEMENT_3D('',#4294,#3270,#3271);
#2801=AXIS2_PLACEMENT_3D('',#4299,#3274,#3275);
#2802=AXIS2_PLACEMENT_3D('',#4300,#3276,#3277);
#2803=AXIS2_PLACEMENT_3D('',#4303,#3280,#3281);
#2804=AXIS2_PLACEMENT_3D('',#4309,#3285,#3286);
#2805=AXIS2_PLACEMENT_3D('',#4313,#3289,#3290);
#2806=AXIS2_PLACEMENT_3D('',#4315,#3291,#3292);
#2807=AXIS2_PLACEMENT_3D('',#4317,#3293,#3294);
#2808=AXIS2_PLACEMENT_3D('',#4319,#3295,#3296);
#2809=AXIS2_PLACEMENT_3D('',#4321,#3297,#3298);
#2810=AXIS2_PLACEMENT_3D('',#4323,#3299,#3300);
#2811=AXIS2_PLACEMENT_3D('',#4325,#3301,#3302);
#2812=AXIS2_PLACEMENT_3D('',#4327,#3303,#3304);
#2813=AXIS2_PLACEMENT_3D('',#4329,#3305,#3306);
#2814=AXIS2_PLACEMENT_3D('',#4331,#3307,#3308);
#2815=AXIS2_PLACEMENT_3D('',#4333,#3309,#3310);
#2816=AXIS2_PLACEMENT_3D('',#4335,#3311,#3312);
#2817=AXIS2_PLACEMENT_3D('',#4337,#3313,#3314);
#2818=AXIS2_PLACEMENT_3D('',#4339,#3315,#3316);
#2819=AXIS2_PLACEMENT_3D('',#4341,#3317,#3318);
#2820=AXIS2_PLACEMENT_3D('',#4343,#3319,#3320);
#2821=AXIS2_PLACEMENT_3D('',#4345,#3321,#3322);
#2822=AXIS2_PLACEMENT_3D('',#4347,#3323,#3324);
#2823=AXIS2_PLACEMENT_3D('',#4349,#3325,#3326);
#2824=AXIS2_PLACEMENT_3D('',#4351,#3327,#3328);
#2825=AXIS2_PLACEMENT_3D('',#4353,#3329,#3330);
#2826=AXIS2_PLACEMENT_3D('',#4355,#3331,#3332);
#2827=AXIS2_PLACEMENT_3D('',#4357,#3333,#3334);
#2828=AXIS2_PLACEMENT_3D('',#4359,#3335,#3336);
#2829=AXIS2_PLACEMENT_3D('',#4361,#3337,#3338);
#2830=AXIS2_PLACEMENT_3D('',#4362,#3339,#3340);
#2831=AXIS2_PLACEMENT_3D('',#4366,#3342,#3343);
#2832=AXIS2_PLACEMENT_3D('',#4367,#3344,#3345);
#2833=AXIS2_PLACEMENT_3D('',#4368,#3346,#3347);
#2834=AXIS2_PLACEMENT_3D('',#4372,#3349,#3350);
#2835=AXIS2_PLACEMENT_3D('',#4374,#3352,#3353);
#2836=AXIS2_PLACEMENT_3D('',#4377,#3355,#3356);
#2837=AXIS2_PLACEMENT_3D('',#4379,#3358,#3359);
#2838=AXIS2_PLACEMENT_3D('',#4381,#3361,#3362);
#2839=AXIS2_PLACEMENT_3D('',#4390,#3367,#3368);
#2840=AXIS2_PLACEMENT_3D('',#4393,#3369,#3370);
#2841=AXIS2_PLACEMENT_3D('',#4395,#3371,#3372);
#2842=AXIS2_PLACEMENT_3D('',#4397,#3373,#3374);
#2843=AXIS2_PLACEMENT_3D('',#4398,#3375,#3376);
#2844=AXIS2_PLACEMENT_3D('',#4399,#3377,#3378);
#2845=AXIS2_PLACEMENT_3D('',#4400,#3379,#3380);
#2846=AXIS2_PLACEMENT_3D('',#4403,#3382,#3383);
#2847=AXIS2_PLACEMENT_3D('',#4404,#3384,#3385);
#2848=AXIS2_PLACEMENT_3D('',#4407,#3386,#3387);
#2849=AXIS2_PLACEMENT_3D('',#4409,#3388,#3389);
#2850=AXIS2_PLACEMENT_3D('',#4411,#3390,#3391);
#2851=AXIS2_PLACEMENT_3D('',#4412,#3392,#3393);
#2852=AXIS2_PLACEMENT_3D('',#4413,#3394,#3395);
#2853=AXIS2_PLACEMENT_3D('',#4414,#3396,#3397);
#2854=AXIS2_PLACEMENT_3D('',#4417,#3399,#3400);
#2855=AXIS2_PLACEMENT_3D('',#4418,#3401,#3402);
#2856=AXIS2_PLACEMENT_3D('',#4421,#3403,#3404);
#2857=AXIS2_PLACEMENT_3D('',#4423,#3405,#3406);
#2858=AXIS2_PLACEMENT_3D('',#4425,#3407,#3408);
#2859=AXIS2_PLACEMENT_3D('',#4426,#3409,#3410);
#2860=AXIS2_PLACEMENT_3D('',#4427,#3411,#3412);
#2861=AXIS2_PLACEMENT_3D('',#4428,#3413,#3414);
#2862=AXIS2_PLACEMENT_3D('',#4431,#3416,#3417);
#2863=AXIS2_PLACEMENT_3D('',#4432,#3418,#3419);
#2864=AXIS2_PLACEMENT_3D('',#4435,#3420,#3421);
#2865=AXIS2_PLACEMENT_3D('',#4437,#3422,#3423);
#2866=AXIS2_PLACEMENT_3D('',#4439,#3424,#3425);
#2867=AXIS2_PLACEMENT_3D('',#4440,#3426,#3427);
#2868=AXIS2_PLACEMENT_3D('',#4441,#3428,#3429);
#2869=AXIS2_PLACEMENT_3D('',#4442,#3430,#3431);
#2870=AXIS2_PLACEMENT_3D('',#4445,#3433,#3434);
#2871=AXIS2_PLACEMENT_3D('',#4446,#3435,#3436);
#2872=AXIS2_PLACEMENT_3D('',#4449,#3437,#3438);
#2873=AXIS2_PLACEMENT_3D('',#4451,#3439,#3440);
#2874=AXIS2_PLACEMENT_3D('',#4453,#3441,#3442);
#2875=AXIS2_PLACEMENT_3D('',#4454,#3443,#3444);
#2876=AXIS2_PLACEMENT_3D('',#4455,#3445,#3446);
#2877=AXIS2_PLACEMENT_3D('',#4456,#3447,#3448);
#2878=AXIS2_PLACEMENT_3D('',#4459,#3450,#3451);
#2879=AXIS2_PLACEMENT_3D('',#4460,#3452,#3453);
#2880=AXIS2_PLACEMENT_3D('',#4463,#3454,#3455);
#2881=AXIS2_PLACEMENT_3D('',#4465,#3456,#3457);
#2882=AXIS2_PLACEMENT_3D('',#4467,#3458,#3459);
#2883=AXIS2_PLACEMENT_3D('',#4468,#3460,#3461);
#2884=AXIS2_PLACEMENT_3D('',#4469,#3462,#3463);
#2885=AXIS2_PLACEMENT_3D('',#4470,#3464,#3465);
#2886=AXIS2_PLACEMENT_3D('',#4473,#3467,#3468);
#2887=AXIS2_PLACEMENT_3D('',#4474,#3469,#3470);
#2888=AXIS2_PLACEMENT_3D('',#4477,#3471,#3472);
#2889=AXIS2_PLACEMENT_3D('',#4479,#3473,#3474);
#2890=AXIS2_PLACEMENT_3D('',#4481,#3475,#3476);
#2891=AXIS2_PLACEMENT_3D('',#4482,#3477,#3478);
#2892=AXIS2_PLACEMENT_3D('',#4483,#3479,#3480);
#2893=AXIS2_PLACEMENT_3D('',#4484,#3481,#3482);
#2894=AXIS2_PLACEMENT_3D('',#4487,#3484,#3485);
#2895=AXIS2_PLACEMENT_3D('',#4488,#3486,#3487);
#2896=AXIS2_PLACEMENT_3D('',#4491,#3488,#3489);
#2897=AXIS2_PLACEMENT_3D('',#4493,#3490,#3491);
#2898=AXIS2_PLACEMENT_3D('',#4495,#3492,#3493);
#2899=AXIS2_PLACEMENT_3D('',#4496,#3494,#3495);
#2900=AXIS2_PLACEMENT_3D('',#4497,#3496,#3497);
#2901=AXIS2_PLACEMENT_3D('',#4498,#3498,#3499);
#2902=AXIS2_PLACEMENT_3D('',#4501,#3501,#3502);
#2903=AXIS2_PLACEMENT_3D('',#4502,#3503,#3504);
#2904=AXIS2_PLACEMENT_3D('',#4505,#3505,#3506);
#2905=AXIS2_PLACEMENT_3D('',#4507,#3507,#3508);
#2906=AXIS2_PLACEMENT_3D('',#4509,#3509,#3510);
#2907=AXIS2_PLACEMENT_3D('',#4510,#3511,#3512);
#2908=AXIS2_PLACEMENT_3D('',#4511,#3513,#3514);
#2909=AXIS2_PLACEMENT_3D('',#4512,#3515,#3516);
#2910=AXIS2_PLACEMENT_3D('',#4515,#3518,#3519);
#2911=AXIS2_PLACEMENT_3D('',#4516,#3520,#3521);
#2912=AXIS2_PLACEMENT_3D('',#4519,#3522,#3523);
#2913=AXIS2_PLACEMENT_3D('',#4521,#3524,#3525);
#2914=AXIS2_PLACEMENT_3D('',#4523,#3526,#3527);
#2915=AXIS2_PLACEMENT_3D('',#4524,#3528,#3529);
#2916=AXIS2_PLACEMENT_3D('',#4525,#3530,#3531);
#2917=AXIS2_PLACEMENT_3D('',#4526,#3532,#3533);
#2918=AXIS2_PLACEMENT_3D('',#4529,#3535,#3536);
#2919=AXIS2_PLACEMENT_3D('',#4530,#3537,#3538);
#2920=AXIS2_PLACEMENT_3D('',#4533,#3539,#3540);
#2921=AXIS2_PLACEMENT_3D('',#4535,#3541,#3542);
#2922=AXIS2_PLACEMENT_3D('',#4537,#3543,#3544);
#2923=AXIS2_PLACEMENT_3D('',#4538,#3545,#3546);
#2924=AXIS2_PLACEMENT_3D('',#4539,#3547,#3548);
#2925=AXIS2_PLACEMENT_3D('',#4540,#3549,#3550);
#2926=AXIS2_PLACEMENT_3D('',#4543,#3552,#3553);
#2927=AXIS2_PLACEMENT_3D('',#4544,#3554,#3555);
#2928=AXIS2_PLACEMENT_3D('',#4547,#3556,#3557);
#2929=AXIS2_PLACEMENT_3D('',#4549,#3558,#3559);
#2930=AXIS2_PLACEMENT_3D('',#4551,#3560,#3561);
#2931=AXIS2_PLACEMENT_3D('',#4552,#3562,#3563);
#2932=AXIS2_PLACEMENT_3D('',#4553,#3564,#3565);
#2933=AXIS2_PLACEMENT_3D('',#4554,#3566,#3567);
#2934=AXIS2_PLACEMENT_3D('',#4557,#3569,#3570);
#2935=AXIS2_PLACEMENT_3D('',#4558,#3571,#3572);
#2936=AXIS2_PLACEMENT_3D('',#4561,#3573,#3574);
#2937=AXIS2_PLACEMENT_3D('',#4563,#3575,#3576);
#2938=AXIS2_PLACEMENT_3D('',#4565,#3577,#3578);
#2939=AXIS2_PLACEMENT_3D('',#4566,#3579,#3580);
#2940=AXIS2_PLACEMENT_3D('',#4567,#3581,#3582);
#2941=AXIS2_PLACEMENT_3D('',#4568,#3583,#3584);
#2942=AXIS2_PLACEMENT_3D('',#4571,#3586,#3587);
#2943=AXIS2_PLACEMENT_3D('',#4572,#3588,#3589);
#2944=AXIS2_PLACEMENT_3D('',#4575,#3590,#3591);
#2945=AXIS2_PLACEMENT_3D('',#4577,#3592,#3593);
#2946=AXIS2_PLACEMENT_3D('',#4579,#3594,#3595);
#2947=AXIS2_PLACEMENT_3D('',#4580,#3596,#3597);
#2948=AXIS2_PLACEMENT_3D('',#4581,#3598,#3599);
#2949=AXIS2_PLACEMENT_3D('',#4582,#3600,#3601);
#2950=AXIS2_PLACEMENT_3D('',#4585,#3603,#3604);
#2951=AXIS2_PLACEMENT_3D('',#4586,#3605,#3606);
#2952=AXIS2_PLACEMENT_3D('',#4589,#3607,#3608);
#2953=AXIS2_PLACEMENT_3D('',#4591,#3609,#3610);
#2954=AXIS2_PLACEMENT_3D('',#4593,#3611,#3612);
#2955=AXIS2_PLACEMENT_3D('',#4594,#3613,#3614);
#2956=AXIS2_PLACEMENT_3D('',#4595,#3615,#3616);
#2957=AXIS2_PLACEMENT_3D('',#4596,#3617,#3618);
#2958=AXIS2_PLACEMENT_3D('',#4599,#3620,#3621);
#2959=AXIS2_PLACEMENT_3D('',#4600,#3622,#3623);
#2960=AXIS2_PLACEMENT_3D('',#4603,#3624,#3625);
#2961=AXIS2_PLACEMENT_3D('',#4605,#3626,#3627);
#2962=AXIS2_PLACEMENT_3D('',#4607,#3628,#3629);
#2963=AXIS2_PLACEMENT_3D('',#4608,#3630,#3631);
#2964=AXIS2_PLACEMENT_3D('',#4609,#3632,#3633);
#2965=AXIS2_PLACEMENT_3D('',#4610,#3634,#3635);
#2966=AXIS2_PLACEMENT_3D('',#4613,#3637,#3638);
#2967=AXIS2_PLACEMENT_3D('',#4614,#3639,#3640);
#2968=AXIS2_PLACEMENT_3D('',#4617,#3641,#3642);
#2969=AXIS2_PLACEMENT_3D('',#4619,#3643,#3644);
#2970=AXIS2_PLACEMENT_3D('',#4621,#3645,#3646);
#2971=AXIS2_PLACEMENT_3D('',#4622,#3647,#3648);
#2972=AXIS2_PLACEMENT_3D('',#4623,#3649,#3650);
#2973=AXIS2_PLACEMENT_3D('',#4624,#3651,#3652);
#2974=AXIS2_PLACEMENT_3D('',#4627,#3654,#3655);
#2975=AXIS2_PLACEMENT_3D('',#4628,#3656,#3657);
#2976=AXIS2_PLACEMENT_3D('',#4631,#3658,#3659);
#2977=AXIS2_PLACEMENT_3D('',#4633,#3660,#3661);
#2978=AXIS2_PLACEMENT_3D('',#4635,#3662,#3663);
#2979=AXIS2_PLACEMENT_3D('',#4636,#3664,#3665);
#2980=AXIS2_PLACEMENT_3D('',#4637,#3666,#3667);
#2981=AXIS2_PLACEMENT_3D('',#4638,#3668,#3669);
#2982=AXIS2_PLACEMENT_3D('',#4641,#3671,#3672);
#2983=AXIS2_PLACEMENT_3D('',#4642,#3673,#3674);
#2984=AXIS2_PLACEMENT_3D('',#4645,#3675,#3676);
#2985=AXIS2_PLACEMENT_3D('',#4647,#3677,#3678);
#2986=AXIS2_PLACEMENT_3D('',#4649,#3679,#3680);
#2987=AXIS2_PLACEMENT_3D('',#4650,#3681,#3682);
#2988=AXIS2_PLACEMENT_3D('',#4651,#3683,#3684);
#2989=AXIS2_PLACEMENT_3D('',#4652,#3685,#3686);
#2990=AXIS2_PLACEMENT_3D('',#4655,#3688,#3689);
#2991=AXIS2_PLACEMENT_3D('',#4656,#3690,#3691);
#2992=AXIS2_PLACEMENT_3D('',#4659,#3692,#3693);
#2993=AXIS2_PLACEMENT_3D('',#4661,#3694,#3695);
#2994=AXIS2_PLACEMENT_3D('',#4663,#3696,#3697);
#2995=AXIS2_PLACEMENT_3D('',#4664,#3698,#3699);
#2996=AXIS2_PLACEMENT_3D('',#4665,#3700,#3701);
#2997=AXIS2_PLACEMENT_3D('',#4666,#3702,#3703);
#2998=AXIS2_PLACEMENT_3D('',#4669,#3705,#3706);
#2999=AXIS2_PLACEMENT_3D('',#4670,#3707,#3708);
#3000=AXIS2_PLACEMENT_3D('',#4673,#3709,#3710);
#3001=AXIS2_PLACEMENT_3D('',#4675,#3711,#3712);
#3002=AXIS2_PLACEMENT_3D('',#4677,#3713,#3714);
#3003=AXIS2_PLACEMENT_3D('',#4678,#3715,#3716);
#3004=AXIS2_PLACEMENT_3D('',#4679,#3717,#3718);
#3005=AXIS2_PLACEMENT_3D('',#4680,#3719,#3720);
#3006=AXIS2_PLACEMENT_3D('',#4683,#3722,#3723);
#3007=AXIS2_PLACEMENT_3D('',#4684,#3724,#3725);
#3008=AXIS2_PLACEMENT_3D('',#4687,#3726,#3727);
#3009=AXIS2_PLACEMENT_3D('',#4689,#3728,#3729);
#3010=AXIS2_PLACEMENT_3D('',#4691,#3730,#3731);
#3011=AXIS2_PLACEMENT_3D('',#4692,#3732,#3733);
#3012=AXIS2_PLACEMENT_3D('',#4693,#3734,#3735);
#3013=AXIS2_PLACEMENT_3D('',#4694,#3736,#3737);
#3014=AXIS2_PLACEMENT_3D('',#4697,#3739,#3740);
#3015=AXIS2_PLACEMENT_3D('',#4698,#3741,#3742);
#3016=AXIS2_PLACEMENT_3D('',#4701,#3743,#3744);
#3017=AXIS2_PLACEMENT_3D('',#4703,#3745,#3746);
#3018=AXIS2_PLACEMENT_3D('',#4705,#3747,#3748);
#3019=AXIS2_PLACEMENT_3D('',#4706,#3749,#3750);
#3020=AXIS2_PLACEMENT_3D('',#4707,#3751,#3752);
#3021=AXIS2_PLACEMENT_3D('',#4708,#3753,#3754);
#3022=AXIS2_PLACEMENT_3D('',#4711,#3756,#3757);
#3023=AXIS2_PLACEMENT_3D('',#4712,#3758,#3759);
#3024=AXIS2_PLACEMENT_3D('',#4715,#3760,#3761);
#3025=AXIS2_PLACEMENT_3D('',#4717,#3762,#3763);
#3026=AXIS2_PLACEMENT_3D('',#4719,#3764,#3765);
#3027=AXIS2_PLACEMENT_3D('',#4720,#3766,#3767);
#3028=AXIS2_PLACEMENT_3D('',#4721,#3768,#3769);
#3029=AXIS2_PLACEMENT_3D('',#4722,#3770,#3771);
#3030=AXIS2_PLACEMENT_3D('',#4725,#3773,#3774);
#3031=AXIS2_PLACEMENT_3D('',#4726,#3775,#3776);
#3032=AXIS2_PLACEMENT_3D('',#4729,#3777,#3778);
#3033=AXIS2_PLACEMENT_3D('',#4730,#3779,#3780);
#3034=AXIS2_PLACEMENT_3D('',#4731,#3781,#3782);
#3035=AXIS2_PLACEMENT_3D('',#4732,#3783,#3784);
#3036=AXIS2_PLACEMENT_3D('',#4734,#3786,#3787);
#3037=AXIS2_PLACEMENT_3D('',#4737,#3788,#3789);
#3038=AXIS2_PLACEMENT_3D('',#4738,#3790,#3791);
#3039=AXIS2_PLACEMENT_3D('',#4739,#3792,#3793);
#3040=AXIS2_PLACEMENT_3D('',#4740,#3794,#3795);
#3041=AXIS2_PLACEMENT_3D('',#4742,#3797,#3798);
#3042=AXIS2_PLACEMENT_3D('',#4745,#3799,#3800);
#3043=AXIS2_PLACEMENT_3D('',#4746,#3801,#3802);
#3044=AXIS2_PLACEMENT_3D('',#4747,#3803,#3804);
#3045=AXIS2_PLACEMENT_3D('',#4748,#3805,#3806);
#3046=AXIS2_PLACEMENT_3D('',#4750,#3808,#3809);
#3047=AXIS2_PLACEMENT_3D('',#4753,#3810,#3811);
#3048=AXIS2_PLACEMENT_3D('',#4754,#3812,#3813);
#3049=AXIS2_PLACEMENT_3D('',#4755,#3814,#3815);
#3050=AXIS2_PLACEMENT_3D('',#4756,#3816,#3817);
#3051=AXIS2_PLACEMENT_3D('',#4758,#3819,#3820);
#3052=AXIS2_PLACEMENT_3D('',#4761,#3821,#3822);
#3053=AXIS2_PLACEMENT_3D('',#4762,#3823,#3824);
#3054=AXIS2_PLACEMENT_3D('',#4763,#3825,#3826);
#3055=AXIS2_PLACEMENT_3D('',#4764,#3827,#3828);
#3056=AXIS2_PLACEMENT_3D('',#4766,#3830,#3831);
#3057=AXIS2_PLACEMENT_3D('',#4769,#3832,#3833);
#3058=AXIS2_PLACEMENT_3D('',#4770,#3834,#3835);
#3059=AXIS2_PLACEMENT_3D('',#4771,#3836,#3837);
#3060=AXIS2_PLACEMENT_3D('',#4772,#3838,#3839);
#3061=AXIS2_PLACEMENT_3D('',#4774,#3841,#3842);
#3062=AXIS2_PLACEMENT_3D('',#4777,#3843,#3844);
#3063=AXIS2_PLACEMENT_3D('',#4778,#3845,#3846);
#3064=AXIS2_PLACEMENT_3D('',#4779,#3847,#3848);
#3065=AXIS2_PLACEMENT_3D('',#4780,#3849,#3850);
#3066=AXIS2_PLACEMENT_3D('',#4782,#3852,#3853);
#3067=AXIS2_PLACEMENT_3D('',#4785,#3854,#3855);
#3068=AXIS2_PLACEMENT_3D('',#4786,#3856,#3857);
#3069=AXIS2_PLACEMENT_3D('',#4787,#3858,#3859);
#3070=AXIS2_PLACEMENT_3D('',#4788,#3860,#3861);
#3071=AXIS2_PLACEMENT_3D('',#4790,#3863,#3864);
#3072=AXIS2_PLACEMENT_3D('',#4793,#3865,#3866);
#3073=AXIS2_PLACEMENT_3D('',#4794,#3867,#3868);
#3074=AXIS2_PLACEMENT_3D('',#4795,#3869,#3870);
#3075=AXIS2_PLACEMENT_3D('',#4796,#3871,#3872);
#3076=AXIS2_PLACEMENT_3D('',#4798,#3874,#3875);
#3077=AXIS2_PLACEMENT_3D('',#4801,#3876,#3877);
#3078=AXIS2_PLACEMENT_3D('',#4802,#3878,#3879);
#3079=AXIS2_PLACEMENT_3D('',#4803,#3880,#3881);
#3080=AXIS2_PLACEMENT_3D('',#4804,#3882,#3883);
#3081=AXIS2_PLACEMENT_3D('',#4806,#3885,#3886);
#3082=AXIS2_PLACEMENT_3D('',#4809,#3887,#3888);
#3083=AXIS2_PLACEMENT_3D('',#4810,#3889,#3890);
#3084=AXIS2_PLACEMENT_3D('',#4811,#3891,#3892);
#3085=AXIS2_PLACEMENT_3D('',#4812,#3893,#3894);
#3086=AXIS2_PLACEMENT_3D('',#4814,#3896,#3897);
#3087=AXIS2_PLACEMENT_3D('',#4817,#3898,#3899);
#3088=AXIS2_PLACEMENT_3D('',#4818,#3900,#3901);
#3089=AXIS2_PLACEMENT_3D('',#4819,#3902,#3903);
#3090=AXIS2_PLACEMENT_3D('',#4820,#3904,#3905);
#3091=AXIS2_PLACEMENT_3D('',#4822,#3907,#3908);
#3092=AXIS2_PLACEMENT_3D('',#4825,#3909,#3910);
#3093=AXIS2_PLACEMENT_3D('',#4826,#3911,#3912);
#3094=AXIS2_PLACEMENT_3D('',#4827,#3913,#3914);
#3095=AXIS2_PLACEMENT_3D('',#4828,#3915,#3916);
#3096=AXIS2_PLACEMENT_3D('',#4830,#3918,#3919);
#3097=AXIS2_PLACEMENT_3D('',#4833,#3920,#3921);
#3098=AXIS2_PLACEMENT_3D('',#4834,#3922,#3923);
#3099=AXIS2_PLACEMENT_3D('',#4835,#3924,#3925);
#3100=AXIS2_PLACEMENT_3D('',#4836,#3926,#3927);
#3101=AXIS2_PLACEMENT_3D('',#4838,#3929,#3930);
#3102=AXIS2_PLACEMENT_3D('',#4841,#3931,#3932);
#3103=AXIS2_PLACEMENT_3D('',#4842,#3933,#3934);
#3104=AXIS2_PLACEMENT_3D('',#4843,#3935,#3936);
#3105=AXIS2_PLACEMENT_3D('',#4844,#3937,#3938);
#3106=AXIS2_PLACEMENT_3D('',#4846,#3940,#3941);
#3107=AXIS2_PLACEMENT_3D('',#4849,#3942,#3943);
#3108=AXIS2_PLACEMENT_3D('',#4850,#3944,#3945);
#3109=AXIS2_PLACEMENT_3D('',#4851,#3946,#3947);
#3110=AXIS2_PLACEMENT_3D('',#4852,#3948,#3949);
#3111=AXIS2_PLACEMENT_3D('',#4854,#3951,#3952);
#3112=AXIS2_PLACEMENT_3D('',#4857,#3953,#3954);
#3113=AXIS2_PLACEMENT_3D('',#4858,#3955,#3956);
#3114=AXIS2_PLACEMENT_3D('',#4859,#3957,#3958);
#3115=AXIS2_PLACEMENT_3D('',#4860,#3959,#3960);
#3116=AXIS2_PLACEMENT_3D('',#4862,#3962,#3963);
#3117=AXIS2_PLACEMENT_3D('',#4865,#3964,#3965);
#3118=AXIS2_PLACEMENT_3D('',#4866,#3966,#3967);
#3119=AXIS2_PLACEMENT_3D('',#4867,#3968,#3969);
#3120=AXIS2_PLACEMENT_3D('',#4868,#3970,#3971);
#3121=AXIS2_PLACEMENT_3D('',#4870,#3973,#3974);
#3122=AXIS2_PLACEMENT_3D('',#4873,#3975,#3976);
#3123=AXIS2_PLACEMENT_3D('',#4874,#3977,#3978);
#3124=AXIS2_PLACEMENT_3D('',#4875,#3979,#3980);
#3125=AXIS2_PLACEMENT_3D('',#4876,#3981,#3982);
#3126=AXIS2_PLACEMENT_3D('',#4878,#3984,#3985);
#3127=AXIS2_PLACEMENT_3D('',#4881,#3986,#3987);
#3128=AXIS2_PLACEMENT_3D('',#4882,#3988,#3989);
#3129=AXIS2_PLACEMENT_3D('',#4883,#3990,#3991);
#3130=AXIS2_PLACEMENT_3D('',#4884,#3992,#3993);
#3131=AXIS2_PLACEMENT_3D('',#4886,#3995,#3996);
#3132=AXIS2_PLACEMENT_3D('',#4889,#3997,#3998);
#3133=AXIS2_PLACEMENT_3D('',#4890,#3999,#4000);
#3134=AXIS2_PLACEMENT_3D('',#4891,#4001,#4002);
#3135=AXIS2_PLACEMENT_3D('',#4892,#4003,#4004);
#3136=AXIS2_PLACEMENT_3D('',#4894,#4006,#4007);
#3137=AXIS2_PLACEMENT_3D('',#4897,#4008,#4009);
#3138=AXIS2_PLACEMENT_3D('',#4898,#4010,#4011);
#3139=AXIS2_PLACEMENT_3D('',#4899,#4012,#4013);
#3140=AXIS2_PLACEMENT_3D('',#4900,#4014,#4015);
#3141=AXIS2_PLACEMENT_3D('',#4902,#4017,#4018);
#3142=AXIS2_PLACEMENT_3D('',#4905,#4019,#4020);
#3143=AXIS2_PLACEMENT_3D('',#4906,#4021,#4022);
#3144=AXIS2_PLACEMENT_3D('',#4907,#4023,#4024);
#3145=AXIS2_PLACEMENT_3D('',#4908,#4025,#4026);
#3146=AXIS2_PLACEMENT_3D('',#4910,#4028,#4029);
#3147=AXIS2_PLACEMENT_3D('',#4913,#4030,#4031);
#3148=AXIS2_PLACEMENT_3D('',#4914,#4032,#4033);
#3149=AXIS2_PLACEMENT_3D('',#4915,#4034,#4035);
#3150=AXIS2_PLACEMENT_3D('',#4916,#4036,#4037);
#3151=AXIS2_PLACEMENT_3D('',#4918,#4039,#4040);
#3152=AXIS2_PLACEMENT_3D('',#4920,#4042,#4043);
#3153=AXIS2_PLACEMENT_3D('',#4921,#4044,#4045);
#3154=AXIS2_PLACEMENT_3D('',#4931,#4050,#4051);
#3155=AXIS2_PLACEMENT_3D('',#4933,#4052,#4053);
#3156=AXIS2_PLACEMENT_3D('',#4935,#4054,#4055);
#3157=AXIS2_PLACEMENT_3D('',#4937,#4056,#4057);
#3158=AXIS2_PLACEMENT_3D('',#4939,#4058,#4059);
#3159=AXIS2_PLACEMENT_3D('',#4941,#4060,#4061);
#3160=AXIS2_PLACEMENT_3D('',#4943,#4062,#4063);
#3161=AXIS2_PLACEMENT_3D('',#4945,#4064,#4065);
#3162=AXIS2_PLACEMENT_3D('',#4947,#4066,#4067);
#3163=AXIS2_PLACEMENT_3D('',#4949,#4068,#4069);
#3164=AXIS2_PLACEMENT_3D('',#4951,#4070,#4071);
#3165=AXIS2_PLACEMENT_3D('',#4953,#4072,#4073);
#3166=AXIS2_PLACEMENT_3D('',#4955,#4074,#4075);
#3167=AXIS2_PLACEMENT_3D('',#4957,#4076,#4077);
#3168=AXIS2_PLACEMENT_3D('',#4959,#4078,#4079);
#3169=AXIS2_PLACEMENT_3D('',#4961,#4080,#4081);
#3170=AXIS2_PLACEMENT_3D('',#4963,#4082,#4083);
#3171=AXIS2_PLACEMENT_3D('',#4965,#4084,#4085);
#3172=AXIS2_PLACEMENT_3D('',#4967,#4086,#4087);
#3173=AXIS2_PLACEMENT_3D('',#4969,#4088,#4089);
#3174=AXIS2_PLACEMENT_3D('',#4971,#4090,#4091);
#3175=AXIS2_PLACEMENT_3D('',#4973,#4092,#4093);
#3176=AXIS2_PLACEMENT_3D('',#4975,#4094,#4095);
#3177=AXIS2_PLACEMENT_3D('',#4977,#4096,#4097);
#3178=AXIS2_PLACEMENT_3D('',#4978,#4098,#4099);
#3179=AXIS2_PLACEMENT_3D('',#4980,#4100,#4101);
#3180=AXIS2_PLACEMENT_3D('',#4981,#4102,#4103);
#3181=AXIS2_PLACEMENT_3D('',#4983,#4104,#4105);
#3182=AXIS2_PLACEMENT_3D('',#4984,#4106,#4107);
#3183=AXIS2_PLACEMENT_3D('',#4986,#4108,#4109);
#3184=AXIS2_PLACEMENT_3D('',#4987,#4110,#4111);
#3185=AXIS2_PLACEMENT_3D('',#4989,#4112,#4113);
#3186=AXIS2_PLACEMENT_3D('',#4990,#4114,#4115);
#3187=AXIS2_PLACEMENT_3D('',#4992,#4116,#4117);
#3188=AXIS2_PLACEMENT_3D('',#4993,#4118,#4119);
#3189=AXIS2_PLACEMENT_3D('',#4995,#4120,#4121);
#3190=AXIS2_PLACEMENT_3D('',#4996,#4122,#4123);
#3191=AXIS2_PLACEMENT_3D('',#4998,#4124,#4125);
#3192=AXIS2_PLACEMENT_3D('',#4999,#4126,#4127);
#3193=AXIS2_PLACEMENT_3D('',#5001,#4128,#4129);
#3194=AXIS2_PLACEMENT_3D('',#5002,#4130,#4131);
#3195=AXIS2_PLACEMENT_3D('',#5004,#4132,#4133);
#3196=AXIS2_PLACEMENT_3D('',#5005,#4134,#4135);
#3197=AXIS2_PLACEMENT_3D('',#5007,#4136,#4137);
#3198=AXIS2_PLACEMENT_3D('',#5008,#4138,#4139);
#3199=AXIS2_PLACEMENT_3D('',#5010,#4140,#4141);
#3200=AXIS2_PLACEMENT_3D('',#5011,#4142,#4143);
#3201=AXIS2_PLACEMENT_3D('',#5013,#4144,#4145);
#3202=AXIS2_PLACEMENT_3D('',#5014,#4146,#4147);
#3203=AXIS2_PLACEMENT_3D('',#5016,#4148,#4149);
#3204=AXIS2_PLACEMENT_3D('',#5017,#4150,#4151);
#3205=AXIS2_PLACEMENT_3D('',#5019,#4152,#4153);
#3206=AXIS2_PLACEMENT_3D('',#5020,#4154,#4155);
#3207=AXIS2_PLACEMENT_3D('',#5022,#4156,#4157);
#3208=AXIS2_PLACEMENT_3D('',#5023,#4158,#4159);
#3209=AXIS2_PLACEMENT_3D('',#5025,#4160,#4161);
#3210=AXIS2_PLACEMENT_3D('',#5026,#4162,#4163);
#3211=AXIS2_PLACEMENT_3D('',#5028,#4164,#4165);
#3212=AXIS2_PLACEMENT_3D('',#5029,#4166,#4167);
#3213=AXIS2_PLACEMENT_3D('',#5031,#4168,#4169);
#3214=AXIS2_PLACEMENT_3D('',#5032,#4170,#4171);
#3215=AXIS2_PLACEMENT_3D('',#5034,#4172,#4173);
#3216=AXIS2_PLACEMENT_3D('',#5035,#4174,#4175);
#3217=AXIS2_PLACEMENT_3D('',#5037,#4176,#4177);
#3218=AXIS2_PLACEMENT_3D('',#5038,#4178,#4179);
#3219=AXIS2_PLACEMENT_3D('',#5040,#4180,#4181);
#3220=AXIS2_PLACEMENT_3D('',#5041,#4182,#4183);
#3221=AXIS2_PLACEMENT_3D('',#5043,#4184,#4185);
#3222=AXIS2_PLACEMENT_3D('',#5044,#4186,#4187);
#3223=AXIS2_PLACEMENT_3D('',#5046,#4188,#4189);
#3224=AXIS2_PLACEMENT_3D('',#5047,#4190,#4191);
#3225=AXIS2_PLACEMENT_3D('',#5049,#4192,#4193);
#3226=AXIS2_PLACEMENT_3D('',#5050,#4194,#4195);
#3227=AXIS2_PLACEMENT_3D('',#5052,#4197,#4198);
#3228=AXIS2_PLACEMENT_3D('',#5054,#4200,#4201);
#3229=AXIS2_PLACEMENT_3D('',#5056,#4203,#4204);
#3230=AXIS2_PLACEMENT_3D('',#5058,#4206,#4207);
#3231=AXIS2_PLACEMENT_3D('',#5060,#4209,#4210);
#3232=AXIS2_PLACEMENT_3D('',#5062,#4212,#4213);
#3233=AXIS2_PLACEMENT_3D('',#5064,#4215,#4216);
#3234=AXIS2_PLACEMENT_3D('',#5066,#4218,#4219);
#3235=AXIS2_PLACEMENT_3D('',#5068,#4221,#4222);
#3236=AXIS2_PLACEMENT_3D('',#5070,#4224,#4225);
#3237=AXIS2_PLACEMENT_3D('',#5072,#4227,#4228);
#3238=AXIS2_PLACEMENT_3D('',#5074,#4230,#4231);
#3239=AXIS2_PLACEMENT_3D('',#5076,#4233,#4234);
#3240=AXIS2_PLACEMENT_3D('',#5078,#4236,#4237);
#3241=AXIS2_PLACEMENT_3D('',#5080,#4239,#4240);
#3242=AXIS2_PLACEMENT_3D('',#5082,#4242,#4243);
#3243=AXIS2_PLACEMENT_3D('',#5084,#4245,#4246);
#3244=AXIS2_PLACEMENT_3D('',#5086,#4248,#4249);
#3245=AXIS2_PLACEMENT_3D('',#5088,#4251,#4252);
#3246=AXIS2_PLACEMENT_3D('',#5090,#4254,#4255);
#3247=AXIS2_PLACEMENT_3D('',#5092,#4257,#4258);
#3248=AXIS2_PLACEMENT_3D('',#5094,#4260,#4261);
#3249=AXIS2_PLACEMENT_3D('',#5096,#4263,#4264);
#3250=AXIS2_PLACEMENT_3D('',#5098,#4266,#4267);
#3251=AXIS2_PLACEMENT_3D('',#5101,#4270,#4271);
#3252=AXIS2_PLACEMENT_3D('',#5103,#4273,#4274);
#3253=AXIS2_PLACEMENT_3D('',#5105,#4276,#4277);
#3254=DIRECTION('axis',(0.,0.,1.));
#3255=DIRECTION('refdir',(1.,0.,0.));
#3256=DIRECTION('center_axis',(1.218537466052E-16,0.,1.));
#3257=DIRECTION('ref_axis',(-0.707106781186548,-0.707106781186548,0.));
#3258=DIRECTION('',(-1.218537466052E-16,0.,-1.));
#3259=DIRECTION('center_axis',(0.707106781186547,-1.17756934401283E-15,
-0.707106781186548));
#3260=DIRECTION('ref_axis',(-0.707106781186548,1.17756934401283E-15,-0.707106781186547));
#3261=DIRECTION('',(1.218537466052E-16,0.,1.));
#3262=DIRECTION('center_axis',(0.707106781186546,1.57009245868377E-15,0.707106781186549));
#3263=DIRECTION('ref_axis',(0.707106781186549,1.57009245868378E-15,-0.707106781186546));
#3264=DIRECTION('center_axis',(-1.,0.,-2.23835287222814E-18));
#3265=DIRECTION('ref_axis',(0.,-0.707106781186548,-0.707106781186547));
#3266=DIRECTION('',(-1.,0.,-2.23835287222814E-18));
#3267=DIRECTION('',(1.,0.,2.23835287222814E-18));
#3268=DIRECTION('center_axis',(-0.707106781186548,1.25607396694702E-14,
-0.707106781186547));
#3269=DIRECTION('ref_axis',(-0.707106781186547,1.25607396694702E-14,0.707106781186549));
#3270=DIRECTION('center_axis',(1.,0.,0.));
#3271=DIRECTION('ref_axis',(0.,-0.707106781186542,0.707106781186553));
#3272=DIRECTION('',(-1.,0.,0.));
#3273=DIRECTION('',(1.,0.,0.));
#3274=DIRECTION('center_axis',(0.707106781186548,0.,-0.707106781186548));
#3275=DIRECTION('ref_axis',(-0.707106781186547,0.,-0.707106781186547));
#3276=DIRECTION('center_axis',(-2.16628882853689E-16,0.,-1.));
#3277=DIRECTION('ref_axis',(0.70710678118654,-0.707106781186555,0.));
#3278=DIRECTION('',(2.16628882853689E-16,0.,1.));
#3279=DIRECTION('',(-2.16628882853689E-16,0.,-1.));
#3280=DIRECTION('center_axis',(0.,0.,-1.));
#3281=DIRECTION('ref_axis',(-1.,0.,0.));
#3282=DIRECTION('',(0.,1.,0.));
#3283=DIRECTION('',(-1.,0.,0.));
#3284=DIRECTION('',(0.,1.,0.));
#3285=DIRECTION('center_axis',(1.,0.,-1.218537466052E-16));
#3286=DIRECTION('ref_axis',(-1.218537466052E-16,0.,-1.));
#3287=DIRECTION('',(0.,1.,0.));
#3288=DIRECTION('',(-1.218537466052E-16,0.,-1.));
#3289=DIRECTION('center_axis',(0.,1.,0.));
#3290=DIRECTION('ref_axis',(1.,0.,0.));
#3291=DIRECTION('center_axis',(0.,1.,0.));
#3292=DIRECTION('ref_axis',(1.,0.,0.));
#3293=DIRECTION('center_axis',(0.,1.,0.));
#3294=DIRECTION('ref_axis',(1.,0.,0.));
#3295=DIRECTION('center_axis',(0.,1.,0.));
#3296=DIRECTION('ref_axis',(1.,0.,0.));
#3297=DIRECTION('center_axis',(0.,1.,0.));
#3298=DIRECTION('ref_axis',(1.,0.,0.));
#3299=DIRECTION('center_axis',(0.,1.,0.));
#3300=DIRECTION('ref_axis',(1.,0.,0.));
#3301=DIRECTION('center_axis',(0.,1.,0.));
#3302=DIRECTION('ref_axis',(1.,0.,0.));
#3303=DIRECTION('center_axis',(0.,1.,0.));
#3304=DIRECTION('ref_axis',(1.,0.,0.));
#3305=DIRECTION('center_axis',(0.,1.,0.));
#3306=DIRECTION('ref_axis',(1.,0.,0.));
#3307=DIRECTION('center_axis',(0.,1.,0.));
#3308=DIRECTION('ref_axis',(1.,0.,0.));
#3309=DIRECTION('center_axis',(0.,1.,0.));
#3310=DIRECTION('ref_axis',(1.,0.,0.));
#3311=DIRECTION('center_axis',(0.,1.,0.));
#3312=DIRECTION('ref_axis',(1.,0.,0.));
#3313=DIRECTION('center_axis',(0.,1.,0.));
#3314=DIRECTION('ref_axis',(1.,0.,0.));
#3315=DIRECTION('center_axis',(0.,1.,0.));
#3316=DIRECTION('ref_axis',(1.,0.,0.));
#3317=DIRECTION('center_axis',(0.,1.,0.));
#3318=DIRECTION('ref_axis',(1.,0.,0.));
#3319=DIRECTION('center_axis',(0.,1.,0.));
#3320=DIRECTION('ref_axis',(1.,0.,0.));
#3321=DIRECTION('center_axis',(0.,1.,0.));
#3322=DIRECTION('ref_axis',(1.,0.,0.));
#3323=DIRECTION('center_axis',(0.,1.,0.));
#3324=DIRECTION('ref_axis',(1.,0.,0.));
#3325=DIRECTION('center_axis',(0.,1.,0.));
#3326=DIRECTION('ref_axis',(1.,0.,0.));
#3327=DIRECTION('center_axis',(0.,1.,0.));
#3328=DIRECTION('ref_axis',(1.,0.,0.));
#3329=DIRECTION('center_axis',(0.,1.,0.));
#3330=DIRECTION('ref_axis',(1.,0.,0.));
#3331=DIRECTION('center_axis',(0.,1.,0.));
#3332=DIRECTION('ref_axis',(1.,0.,0.));
#3333=DIRECTION('center_axis',(0.,1.,0.));
#3334=DIRECTION('ref_axis',(1.,0.,0.));
#3335=DIRECTION('center_axis',(0.,1.,0.));
#3336=DIRECTION('ref_axis',(1.,0.,0.));
#3337=DIRECTION('center_axis',(0.,1.,0.));
#3338=DIRECTION('ref_axis',(1.,0.,0.));
#3339=DIRECTION('center_axis',(-1.,0.,0.));
#3340=DIRECTION('ref_axis',(0.,0.707106781186542,-0.707106781186553));
#3341=DIRECTION('',(1.,0.,0.));
#3342=DIRECTION('center_axis',(-0.707106781186548,0.,0.707106781186548));
#3343=DIRECTION('ref_axis',(0.707106781186547,0.,0.707106781186547));
#3344=DIRECTION('center_axis',(-0.707106781186546,-5.00466971205452E-15,
-0.707106781186549));
#3345=DIRECTION('ref_axis',(-0.707106781186549,-5.00466971205455E-15,0.707106781186546));
#3346=DIRECTION('center_axis',(2.16628882853689E-16,0.,1.));
#3347=DIRECTION('ref_axis',(-0.70710678118654,0.707106781186555,0.));
#3348=DIRECTION('',(-2.16628882853689E-16,0.,-1.));
#3349=DIRECTION('center_axis',(0.707106781186548,1.23644781121347E-14,0.707106781186547));
#3350=DIRECTION('ref_axis',(0.707106781186547,1.23644781121347E-14,-0.707106781186548));
#3351=DIRECTION('',(2.16628882853689E-16,0.,1.));
#3352=DIRECTION('center_axis',(1.,0.,2.23835287222814E-18));
#3353=DIRECTION('ref_axis',(0.,0.707106781186548,0.707106781186547));
#3354=DIRECTION('',(-1.,0.,-2.23835287222814E-18));
#3355=DIRECTION('center_axis',(0.707106781186546,-3.92523114670944E-15,
-0.707106781186549));
#3356=DIRECTION('ref_axis',(-0.707106781186549,-3.92523114670942E-15,-0.707106781186546));
#3357=DIRECTION('',(1.,0.,2.23835287222814E-18));
#3358=DIRECTION('center_axis',(-1.218537466052E-16,0.,-1.));
#3359=DIRECTION('ref_axis',(0.707106781186548,0.707106781186547,0.));
#3360=DIRECTION('',(1.218537466052E-16,0.,1.));
#3361=DIRECTION('center_axis',(0.,1.,0.));
#3362=DIRECTION('ref_axis',(0.,0.,1.));
#3363=DIRECTION('',(-1.30647879268374E-33,0.,1.));
#3364=DIRECTION('',(1.,0.,0.));
#3365=DIRECTION('',(0.,0.,-1.));
#3366=DIRECTION('',(-1.,0.,-1.64648128578987E-33));
#3367=DIRECTION('center_axis',(0.,-1.,0.));
#3368=DIRECTION('ref_axis',(0.,0.,-1.));
#3369=DIRECTION('center_axis',(0.,1.,0.));
#3370=DIRECTION('ref_axis',(1.,0.,0.));
#3371=DIRECTION('center_axis',(-1.,0.,0.));
#3372=DIRECTION('ref_axis',(0.,0.,1.));
#3373=DIRECTION('center_axis',(0.,-1.,0.));
#3374=DIRECTION('ref_axis',(1.,0.,0.));
#3375=DIRECTION('center_axis',(0.,-1.,0.));
#3376=DIRECTION('ref_axis',(1.,0.,0.));
#3377=DIRECTION('center_axis',(0.,1.,0.));
#3378=DIRECTION('ref_axis',(1.,0.,0.));
#3379=DIRECTION('center_axis',(0.,1.,0.));
#3380=DIRECTION('ref_axis',(1.,0.,0.));
#3381=DIRECTION('',(0.,-1.,0.));
#3382=DIRECTION('center_axis',(0.,-1.,0.));
#3383=DIRECTION('ref_axis',(1.,0.,0.));
#3384=DIRECTION('center_axis',(0.,-1.,0.));
#3385=DIRECTION('ref_axis',(0.,0.,-1.));
#3386=DIRECTION('center_axis',(0.,1.,0.));
#3387=DIRECTION('ref_axis',(1.,0.,0.));
#3388=DIRECTION('center_axis',(-1.,0.,0.));
#3389=DIRECTION('ref_axis',(0.,0.,1.));
#3390=DIRECTION('center_axis',(0.,-1.,0.));
#3391=DIRECTION('ref_axis',(1.,0.,0.));
#3392=DIRECTION('center_axis',(0.,-1.,0.));
#3393=DIRECTION('ref_axis',(1.,0.,0.));
#3394=DIRECTION('center_axis',(0.,1.,0.));
#3395=DIRECTION('ref_axis',(1.,0.,0.));
#3396=DIRECTION('center_axis',(0.,1.,0.));
#3397=DIRECTION('ref_axis',(1.,0.,0.));
#3398=DIRECTION('',(0.,-1.,0.));
#3399=DIRECTION('center_axis',(0.,-1.,0.));
#3400=DIRECTION('ref_axis',(1.,0.,0.));
#3401=DIRECTION('center_axis',(0.,-1.,0.));
#3402=DIRECTION('ref_axis',(0.,0.,-1.));
#3403=DIRECTION('center_axis',(0.,1.,0.));
#3404=DIRECTION('ref_axis',(1.,0.,0.));
#3405=DIRECTION('center_axis',(-1.,0.,0.));
#3406=DIRECTION('ref_axis',(0.,0.,1.));
#3407=DIRECTION('center_axis',(0.,-1.,0.));
#3408=DIRECTION('ref_axis',(1.,0.,0.));
#3409=DIRECTION('center_axis',(0.,-1.,0.));
#3410=DIRECTION('ref_axis',(1.,0.,0.));
#3411=DIRECTION('center_axis',(0.,1.,0.));
#3412=DIRECTION('ref_axis',(1.,0.,0.));
#3413=DIRECTION('center_axis',(0.,1.,0.));
#3414=DIRECTION('ref_axis',(1.,0.,0.));
#3415=DIRECTION('',(0.,-1.,0.));
#3416=DIRECTION('center_axis',(0.,-1.,0.));
#3417=DIRECTION('ref_axis',(1.,0.,0.));
#3418=DIRECTION('center_axis',(0.,-1.,0.));
#3419=DIRECTION('ref_axis',(0.,0.,-1.));
#3420=DIRECTION('center_axis',(0.,1.,0.));
#3421=DIRECTION('ref_axis',(1.,0.,0.));
#3422=DIRECTION('center_axis',(-1.,0.,0.));
#3423=DIRECTION('ref_axis',(0.,0.,1.));
#3424=DIRECTION('center_axis',(0.,-1.,0.));
#3425=DIRECTION('ref_axis',(1.,0.,0.));
#3426=DIRECTION('center_axis',(0.,-1.,0.));
#3427=DIRECTION('ref_axis',(1.,0.,0.));
#3428=DIRECTION('center_axis',(0.,1.,0.));
#3429=DIRECTION('ref_axis',(1.,0.,0.));
#3430=DIRECTION('center_axis',(0.,1.,0.));
#3431=DIRECTION('ref_axis',(1.,0.,0.));
#3432=DIRECTION('',(0.,-1.,0.));
#3433=DIRECTION('center_axis',(0.,-1.,0.));
#3434=DIRECTION('ref_axis',(1.,0.,0.));
#3435=DIRECTION('center_axis',(0.,-1.,0.));
#3436=DIRECTION('ref_axis',(0.,0.,-1.));
#3437=DIRECTION('center_axis',(0.,1.,0.));
#3438=DIRECTION('ref_axis',(1.,0.,0.));
#3439=DIRECTION('center_axis',(-1.,0.,0.));
#3440=DIRECTION('ref_axis',(0.,0.,1.));
#3441=DIRECTION('center_axis',(0.,-1.,0.));
#3442=DIRECTION('ref_axis',(1.,0.,0.));
#3443=DIRECTION('center_axis',(0.,-1.,0.));
#3444=DIRECTION('ref_axis',(1.,0.,0.));
#3445=DIRECTION('center_axis',(0.,1.,0.));
#3446=DIRECTION('ref_axis',(1.,0.,0.));
#3447=DIRECTION('center_axis',(0.,1.,0.));
#3448=DIRECTION('ref_axis',(1.,0.,0.));
#3449=DIRECTION('',(0.,-1.,0.));
#3450=DIRECTION('center_axis',(0.,-1.,0.));
#3451=DIRECTION('ref_axis',(1.,0.,0.));
#3452=DIRECTION('center_axis',(0.,-1.,0.));
#3453=DIRECTION('ref_axis',(0.,0.,-1.));
#3454=DIRECTION('center_axis',(0.,1.,0.));
#3455=DIRECTION('ref_axis',(1.,0.,0.));
#3456=DIRECTION('center_axis',(-1.,0.,0.));
#3457=DIRECTION('ref_axis',(0.,0.,1.));
#3458=DIRECTION('center_axis',(0.,-1.,0.));
#3459=DIRECTION('ref_axis',(1.,0.,0.));
#3460=DIRECTION('center_axis',(0.,-1.,0.));
#3461=DIRECTION('ref_axis',(1.,0.,0.));
#3462=DIRECTION('center_axis',(0.,1.,0.));
#3463=DIRECTION('ref_axis',(1.,0.,0.));
#3464=DIRECTION('center_axis',(0.,1.,0.));
#3465=DIRECTION('ref_axis',(1.,0.,0.));
#3466=DIRECTION('',(0.,-1.,0.));
#3467=DIRECTION('center_axis',(0.,-1.,0.));
#3468=DIRECTION('ref_axis',(1.,0.,0.));
#3469=DIRECTION('center_axis',(0.,-1.,0.));
#3470=DIRECTION('ref_axis',(0.,0.,-1.));
#3471=DIRECTION('center_axis',(0.,1.,0.));
#3472=DIRECTION('ref_axis',(1.,0.,0.));
#3473=DIRECTION('center_axis',(-1.,0.,0.));
#3474=DIRECTION('ref_axis',(0.,0.,1.));
#3475=DIRECTION('center_axis',(0.,-1.,0.));
#3476=DIRECTION('ref_axis',(1.,0.,0.));
#3477=DIRECTION('center_axis',(0.,-1.,0.));
#3478=DIRECTION('ref_axis',(1.,0.,0.));
#3479=DIRECTION('center_axis',(0.,1.,0.));
#3480=DIRECTION('ref_axis',(1.,0.,0.));
#3481=DIRECTION('center_axis',(0.,1.,0.));
#3482=DIRECTION('ref_axis',(1.,0.,0.));
#3483=DIRECTION('',(0.,-1.,0.));
#3484=DIRECTION('center_axis',(0.,-1.,0.));
#3485=DIRECTION('ref_axis',(1.,0.,0.));
#3486=DIRECTION('center_axis',(0.,-1.,0.));
#3487=DIRECTION('ref_axis',(0.,0.,-1.));
#3488=DIRECTION('center_axis',(0.,1.,0.));
#3489=DIRECTION('ref_axis',(1.,0.,0.));
#3490=DIRECTION('center_axis',(-1.,0.,0.));
#3491=DIRECTION('ref_axis',(0.,0.,1.));
#3492=DIRECTION('center_axis',(0.,-1.,0.));
#3493=DIRECTION('ref_axis',(1.,0.,0.));
#3494=DIRECTION('center_axis',(0.,-1.,0.));
#3495=DIRECTION('ref_axis',(1.,0.,0.));
#3496=DIRECTION('center_axis',(0.,1.,0.));
#3497=DIRECTION('ref_axis',(1.,0.,0.));
#3498=DIRECTION('center_axis',(0.,1.,0.));
#3499=DIRECTION('ref_axis',(1.,0.,0.));
#3500=DIRECTION('',(0.,-1.,0.));
#3501=DIRECTION('center_axis',(0.,-1.,0.));
#3502=DIRECTION('ref_axis',(1.,0.,0.));
#3503=DIRECTION('center_axis',(0.,-1.,0.));
#3504=DIRECTION('ref_axis',(0.,0.,-1.));
#3505=DIRECTION('center_axis',(0.,1.,0.));
#3506=DIRECTION('ref_axis',(1.,0.,0.));
#3507=DIRECTION('center_axis',(-1.,0.,0.));
#3508=DIRECTION('ref_axis',(0.,0.,1.));
#3509=DIRECTION('center_axis',(0.,-1.,0.));
#3510=DIRECTION('ref_axis',(1.,0.,0.));
#3511=DIRECTION('center_axis',(0.,-1.,0.));
#3512=DIRECTION('ref_axis',(1.,0.,0.));
#3513=DIRECTION('center_axis',(0.,1.,0.));
#3514=DIRECTION('ref_axis',(1.,0.,0.));
#3515=DIRECTION('center_axis',(0.,1.,0.));
#3516=DIRECTION('ref_axis',(1.,0.,0.));
#3517=DIRECTION('',(0.,-1.,0.));
#3518=DIRECTION('center_axis',(0.,-1.,0.));
#3519=DIRECTION('ref_axis',(1.,0.,0.));
#3520=DIRECTION('center_axis',(0.,-1.,0.));
#3521=DIRECTION('ref_axis',(0.,0.,-1.));
#3522=DIRECTION('center_axis',(0.,1.,0.));
#3523=DIRECTION('ref_axis',(1.,0.,0.));
#3524=DIRECTION('center_axis',(-1.,0.,0.));
#3525=DIRECTION('ref_axis',(0.,0.,1.));
#3526=DIRECTION('center_axis',(0.,-1.,0.));
#3527=DIRECTION('ref_axis',(1.,0.,0.));
#3528=DIRECTION('center_axis',(0.,-1.,0.));
#3529=DIRECTION('ref_axis',(1.,0.,0.));
#3530=DIRECTION('center_axis',(0.,1.,0.));
#3531=DIRECTION('ref_axis',(1.,0.,0.));
#3532=DIRECTION('center_axis',(0.,1.,0.));
#3533=DIRECTION('ref_axis',(1.,0.,0.));
#3534=DIRECTION('',(0.,-1.,0.));
#3535=DIRECTION('center_axis',(0.,-1.,0.));
#3536=DIRECTION('ref_axis',(1.,0.,0.));
#3537=DIRECTION('center_axis',(0.,-1.,0.));
#3538=DIRECTION('ref_axis',(0.,0.,-1.));
#3539=DIRECTION('center_axis',(0.,1.,0.));
#3540=DIRECTION('ref_axis',(1.,0.,0.));
#3541=DIRECTION('center_axis',(-1.,0.,0.));
#3542=DIRECTION('ref_axis',(0.,0.,1.));
#3543=DIRECTION('center_axis',(0.,-1.,0.));
#3544=DIRECTION('ref_axis',(1.,0.,0.));
#3545=DIRECTION('center_axis',(0.,-1.,0.));
#3546=DIRECTION('ref_axis',(1.,0.,0.));
#3547=DIRECTION('center_axis',(0.,1.,0.));
#3548=DIRECTION('ref_axis',(1.,0.,0.));
#3549=DIRECTION('center_axis',(0.,1.,0.));
#3550=DIRECTION('ref_axis',(1.,0.,0.));
#3551=DIRECTION('',(0.,-1.,0.));
#3552=DIRECTION('center_axis',(0.,-1.,0.));
#3553=DIRECTION('ref_axis',(1.,0.,0.));
#3554=DIRECTION('center_axis',(0.,-1.,0.));
#3555=DIRECTION('ref_axis',(0.,0.,-1.));
#3556=DIRECTION('center_axis',(0.,1.,0.));
#3557=DIRECTION('ref_axis',(1.,0.,0.));
#3558=DIRECTION('center_axis',(-1.,0.,0.));
#3559=DIRECTION('ref_axis',(0.,0.,1.));
#3560=DIRECTION('center_axis',(0.,-1.,0.));
#3561=DIRECTION('ref_axis',(1.,0.,0.));
#3562=DIRECTION('center_axis',(0.,-1.,0.));
#3563=DIRECTION('ref_axis',(1.,0.,0.));
#3564=DIRECTION('center_axis',(0.,1.,0.));
#3565=DIRECTION('ref_axis',(1.,0.,0.));
#3566=DIRECTION('center_axis',(0.,1.,0.));
#3567=DIRECTION('ref_axis',(1.,0.,0.));
#3568=DIRECTION('',(0.,-1.,0.));
#3569=DIRECTION('center_axis',(0.,-1.,0.));
#3570=DIRECTION('ref_axis',(1.,0.,0.));
#3571=DIRECTION('center_axis',(0.,-1.,0.));
#3572=DIRECTION('ref_axis',(0.,0.,-1.));
#3573=DIRECTION('center_axis',(0.,1.,0.));
#3574=DIRECTION('ref_axis',(1.,0.,0.));
#3575=DIRECTION('center_axis',(-1.,0.,0.));
#3576=DIRECTION('ref_axis',(0.,0.,1.));
#3577=DIRECTION('center_axis',(0.,-1.,0.));
#3578=DIRECTION('ref_axis',(1.,0.,0.));
#3579=DIRECTION('center_axis',(0.,-1.,0.));
#3580=DIRECTION('ref_axis',(1.,0.,0.));
#3581=DIRECTION('center_axis',(0.,1.,0.));
#3582=DIRECTION('ref_axis',(1.,0.,0.));
#3583=DIRECTION('center_axis',(0.,1.,0.));
#3584=DIRECTION('ref_axis',(1.,0.,0.));
#3585=DIRECTION('',(0.,-1.,0.));
#3586=DIRECTION('center_axis',(0.,-1.,0.));
#3587=DIRECTION('ref_axis',(1.,0.,0.));
#3588=DIRECTION('center_axis',(0.,-1.,0.));
#3589=DIRECTION('ref_axis',(0.,0.,-1.));
#3590=DIRECTION('center_axis',(0.,1.,0.));
#3591=DIRECTION('ref_axis',(1.,0.,0.));
#3592=DIRECTION('center_axis',(-1.,0.,0.));
#3593=DIRECTION('ref_axis',(0.,0.,1.));
#3594=DIRECTION('center_axis',(0.,-1.,0.));
#3595=DIRECTION('ref_axis',(1.,0.,0.));
#3596=DIRECTION('center_axis',(0.,-1.,0.));
#3597=DIRECTION('ref_axis',(1.,0.,0.));
#3598=DIRECTION('center_axis',(0.,1.,0.));
#3599=DIRECTION('ref_axis',(1.,0.,0.));
#3600=DIRECTION('center_axis',(0.,1.,0.));
#3601=DIRECTION('ref_axis',(1.,0.,0.));
#3602=DIRECTION('',(0.,-1.,0.));
#3603=DIRECTION('center_axis',(0.,-1.,0.));
#3604=DIRECTION('ref_axis',(1.,0.,0.));
#3605=DIRECTION('center_axis',(0.,-1.,0.));
#3606=DIRECTION('ref_axis',(0.,0.,-1.));
#3607=DIRECTION('center_axis',(0.,1.,0.));
#3608=DIRECTION('ref_axis',(1.,0.,0.));
#3609=DIRECTION('center_axis',(-1.,0.,0.));
#3610=DIRECTION('ref_axis',(0.,0.,1.));
#3611=DIRECTION('center_axis',(0.,-1.,0.));
#3612=DIRECTION('ref_axis',(1.,0.,0.));
#3613=DIRECTION('center_axis',(0.,-1.,0.));
#3614=DIRECTION('ref_axis',(1.,0.,0.));
#3615=DIRECTION('center_axis',(0.,1.,0.));
#3616=DIRECTION('ref_axis',(1.,0.,0.));
#3617=DIRECTION('center_axis',(0.,1.,0.));
#3618=DIRECTION('ref_axis',(1.,0.,0.));
#3619=DIRECTION('',(0.,-1.,0.));
#3620=DIRECTION('center_axis',(0.,-1.,0.));
#3621=DIRECTION('ref_axis',(1.,0.,0.));
#3622=DIRECTION('center_axis',(0.,-1.,0.));
#3623=DIRECTION('ref_axis',(0.,0.,-1.));
#3624=DIRECTION('center_axis',(0.,1.,0.));
#3625=DIRECTION('ref_axis',(1.,0.,0.));
#3626=DIRECTION('center_axis',(-1.,0.,0.));
#3627=DIRECTION('ref_axis',(0.,0.,1.));
#3628=DIRECTION('center_axis',(0.,-1.,0.));
#3629=DIRECTION('ref_axis',(1.,0.,0.));
#3630=DIRECTION('center_axis',(0.,-1.,0.));
#3631=DIRECTION('ref_axis',(1.,0.,0.));
#3632=DIRECTION('center_axis',(0.,1.,0.));
#3633=DIRECTION('ref_axis',(1.,0.,0.));
#3634=DIRECTION('center_axis',(0.,1.,0.));
#3635=DIRECTION('ref_axis',(1.,0.,0.));
#3636=DIRECTION('',(0.,-1.,0.));
#3637=DIRECTION('center_axis',(0.,-1.,0.));
#3638=DIRECTION('ref_axis',(1.,0.,0.));
#3639=DIRECTION('center_axis',(0.,-1.,0.));
#3640=DIRECTION('ref_axis',(0.,0.,-1.));
#3641=DIRECTION('center_axis',(0.,1.,0.));
#3642=DIRECTION('ref_axis',(1.,0.,0.));
#3643=DIRECTION('center_axis',(-1.,0.,0.));
#3644=DIRECTION('ref_axis',(0.,0.,1.));
#3645=DIRECTION('center_axis',(0.,-1.,0.));
#3646=DIRECTION('ref_axis',(1.,0.,0.));
#3647=DIRECTION('center_axis',(0.,-1.,0.));
#3648=DIRECTION('ref_axis',(1.,0.,0.));
#3649=DIRECTION('center_axis',(0.,1.,0.));
#3650=DIRECTION('ref_axis',(1.,0.,0.));
#3651=DIRECTION('center_axis',(0.,1.,0.));
#3652=DIRECTION('ref_axis',(1.,0.,0.));
#3653=DIRECTION('',(0.,-1.,0.));
#3654=DIRECTION('center_axis',(0.,-1.,0.));
#3655=DIRECTION('ref_axis',(1.,0.,0.));
#3656=DIRECTION('center_axis',(0.,-1.,0.));
#3657=DIRECTION('ref_axis',(0.,0.,-1.));
#3658=DIRECTION('center_axis',(0.,1.,0.));
#3659=DIRECTION('ref_axis',(1.,0.,0.));
#3660=DIRECTION('center_axis',(-1.,0.,0.));
#3661=DIRECTION('ref_axis',(0.,0.,1.));
#3662=DIRECTION('center_axis',(0.,-1.,0.));
#3663=DIRECTION('ref_axis',(1.,0.,0.));
#3664=DIRECTION('center_axis',(0.,-1.,0.));
#3665=DIRECTION('ref_axis',(1.,0.,0.));
#3666=DIRECTION('center_axis',(0.,1.,0.));
#3667=DIRECTION('ref_axis',(1.,0.,0.));
#3668=DIRECTION('center_axis',(0.,1.,0.));
#3669=DIRECTION('ref_axis',(1.,0.,0.));
#3670=DIRECTION('',(0.,-1.,0.));
#3671=DIRECTION('center_axis',(0.,-1.,0.));
#3672=DIRECTION('ref_axis',(1.,0.,0.));
#3673=DIRECTION('center_axis',(0.,-1.,0.));
#3674=DIRECTION('ref_axis',(0.,0.,-1.));
#3675=DIRECTION('center_axis',(0.,1.,0.));
#3676=DIRECTION('ref_axis',(1.,0.,0.));
#3677=DIRECTION('center_axis',(-1.,0.,0.));
#3678=DIRECTION('ref_axis',(0.,0.,1.));
#3679=DIRECTION('center_axis',(0.,-1.,0.));
#3680=DIRECTION('ref_axis',(1.,0.,0.));
#3681=DIRECTION('center_axis',(0.,-1.,0.));
#3682=DIRECTION('ref_axis',(1.,0.,0.));
#3683=DIRECTION('center_axis',(0.,1.,0.));
#3684=DIRECTION('ref_axis',(1.,0.,0.));
#3685=DIRECTION('center_axis',(0.,1.,0.));
#3686=DIRECTION('ref_axis',(1.,0.,0.));
#3687=DIRECTION('',(0.,-1.,0.));
#3688=DIRECTION('center_axis',(0.,-1.,0.));
#3689=DIRECTION('ref_axis',(1.,0.,0.));
#3690=DIRECTION('center_axis',(0.,-1.,0.));
#3691=DIRECTION('ref_axis',(0.,0.,-1.));
#3692=DIRECTION('center_axis',(0.,1.,0.));
#3693=DIRECTION('ref_axis',(1.,0.,0.));
#3694=DIRECTION('center_axis',(-1.,0.,0.));
#3695=DIRECTION('ref_axis',(0.,0.,1.));
#3696=DIRECTION('center_axis',(0.,-1.,0.));
#3697=DIRECTION('ref_axis',(1.,0.,0.));
#3698=DIRECTION('center_axis',(0.,-1.,0.));
#3699=DIRECTION('ref_axis',(1.,0.,0.));
#3700=DIRECTION('center_axis',(0.,1.,0.));
#3701=DIRECTION('ref_axis',(1.,0.,0.));
#3702=DIRECTION('center_axis',(0.,1.,0.));
#3703=DIRECTION('ref_axis',(1.,0.,0.));
#3704=DIRECTION('',(0.,-1.,0.));
#3705=DIRECTION('center_axis',(0.,-1.,0.));
#3706=DIRECTION('ref_axis',(1.,0.,0.));
#3707=DIRECTION('center_axis',(0.,-1.,0.));
#3708=DIRECTION('ref_axis',(0.,0.,-1.));
#3709=DIRECTION('center_axis',(0.,1.,0.));
#3710=DIRECTION('ref_axis',(1.,0.,0.));
#3711=DIRECTION('center_axis',(-1.,0.,0.));
#3712=DIRECTION('ref_axis',(0.,0.,1.));
#3713=DIRECTION('center_axis',(0.,-1.,0.));
#3714=DIRECTION('ref_axis',(1.,0.,0.));
#3715=DIRECTION('center_axis',(0.,-1.,0.));
#3716=DIRECTION('ref_axis',(1.,0.,0.));
#3717=DIRECTION('center_axis',(0.,1.,0.));
#3718=DIRECTION('ref_axis',(1.,0.,0.));
#3719=DIRECTION('center_axis',(0.,1.,0.));
#3720=DIRECTION('ref_axis',(1.,0.,0.));
#3721=DIRECTION('',(0.,-1.,0.));
#3722=DIRECTION('center_axis',(0.,-1.,0.));
#3723=DIRECTION('ref_axis',(1.,0.,0.));
#3724=DIRECTION('center_axis',(0.,-1.,0.));
#3725=DIRECTION('ref_axis',(0.,0.,-1.));
#3726=DIRECTION('center_axis',(0.,1.,0.));
#3727=DIRECTION('ref_axis',(1.,0.,0.));
#3728=DIRECTION('center_axis',(-1.,0.,0.));
#3729=DIRECTION('ref_axis',(0.,0.,1.));
#3730=DIRECTION('center_axis',(0.,-1.,0.));
#3731=DIRECTION('ref_axis',(1.,0.,0.));
#3732=DIRECTION('center_axis',(0.,-1.,0.));
#3733=DIRECTION('ref_axis',(1.,0.,0.));
#3734=DIRECTION('center_axis',(0.,1.,0.));
#3735=DIRECTION('ref_axis',(1.,0.,0.));
#3736=DIRECTION('center_axis',(0.,1.,0.));
#3737=DIRECTION('ref_axis',(1.,0.,0.));
#3738=DIRECTION('',(0.,-1.,0.));
#3739=DIRECTION('center_axis',(0.,-1.,0.));
#3740=DIRECTION('ref_axis',(1.,0.,0.));
#3741=DIRECTION('center_axis',(0.,-1.,0.));
#3742=DIRECTION('ref_axis',(0.,0.,-1.));
#3743=DIRECTION('center_axis',(0.,1.,0.));
#3744=DIRECTION('ref_axis',(1.,0.,0.));
#3745=DIRECTION('center_axis',(-1.,0.,0.));
#3746=DIRECTION('ref_axis',(0.,0.,1.));
#3747=DIRECTION('center_axis',(0.,-1.,0.));
#3748=DIRECTION('ref_axis',(1.,0.,0.));
#3749=DIRECTION('center_axis',(0.,-1.,0.));
#3750=DIRECTION('ref_axis',(1.,0.,0.));
#3751=DIRECTION('center_axis',(0.,1.,0.));
#3752=DIRECTION('ref_axis',(1.,0.,0.));
#3753=DIRECTION('center_axis',(0.,1.,0.));
#3754=DIRECTION('ref_axis',(1.,0.,0.));
#3755=DIRECTION('',(0.,-1.,0.));
#3756=DIRECTION('center_axis',(0.,-1.,0.));
#3757=DIRECTION('ref_axis',(1.,0.,0.));
#3758=DIRECTION('center_axis',(0.,-1.,0.));
#3759=DIRECTION('ref_axis',(0.,0.,-1.));
#3760=DIRECTION('center_axis',(0.,1.,0.));
#3761=DIRECTION('ref_axis',(1.,0.,0.));
#3762=DIRECTION('center_axis',(-1.,0.,0.));
#3763=DIRECTION('ref_axis',(0.,0.,1.));
#3764=DIRECTION('center_axis',(0.,-1.,0.));
#3765=DIRECTION('ref_axis',(1.,0.,0.));
#3766=DIRECTION('center_axis',(0.,-1.,0.));
#3767=DIRECTION('ref_axis',(1.,0.,0.));
#3768=DIRECTION('center_axis',(0.,1.,0.));
#3769=DIRECTION('ref_axis',(1.,0.,0.));
#3770=DIRECTION('center_axis',(0.,1.,0.));
#3771=DIRECTION('ref_axis',(1.,0.,0.));
#3772=DIRECTION('',(0.,-1.,0.));
#3773=DIRECTION('center_axis',(0.,-1.,0.));
#3774=DIRECTION('ref_axis',(1.,0.,0.));
#3775=DIRECTION('center_axis',(0.,-1.,0.));
#3776=DIRECTION('ref_axis',(0.,0.,-1.));
#3777=DIRECTION('center_axis',(0.,-1.,0.));
#3778=DIRECTION('ref_axis',(1.,0.,0.));
#3779=DIRECTION('center_axis',(-1.,0.,-2.22044604925031E-16));
#3780=DIRECTION('ref_axis',(-2.22044604925031E-16,0.,1.));
#3781=DIRECTION('center_axis',(0.,-1.,0.));
#3782=DIRECTION('ref_axis',(1.,0.,0.));
#3783=DIRECTION('center_axis',(0.,1.,0.));
#3784=DIRECTION('ref_axis',(1.,0.,0.));
#3785=DIRECTION('',(0.,-1.,0.));
#3786=DIRECTION('center_axis',(0.,-1.,0.));
#3787=DIRECTION('ref_axis',(0.,0.,-1.));
#3788=DIRECTION('center_axis',(0.,-1.,0.));
#3789=DIRECTION('ref_axis',(1.,0.,0.));
#3790=DIRECTION('center_axis',(-1.,0.,0.));
#3791=DIRECTION('ref_axis',(0.,0.,1.));
#3792=DIRECTION('center_axis',(0.,-1.,0.));
#3793=DIRECTION('ref_axis',(1.,0.,0.));
#3794=DIRECTION('center_axis',(0.,1.,0.));
#3795=DIRECTION('ref_axis',(1.,0.,0.));
#3796=DIRECTION('',(0.,-1.,0.));
#3797=DIRECTION('center_axis',(0.,-1.,0.));
#3798=DIRECTION('ref_axis',(0.,0.,-1.));
#3799=DIRECTION('center_axis',(0.,-1.,0.));
#3800=DIRECTION('ref_axis',(1.,0.,0.));
#3801=DIRECTION('center_axis',(-1.,0.,0.));
#3802=DIRECTION('ref_axis',(0.,0.,1.));
#3803=DIRECTION('center_axis',(0.,-1.,0.));
#3804=DIRECTION('ref_axis',(1.,0.,0.));
#3805=DIRECTION('center_axis',(0.,1.,0.));
#3806=DIRECTION('ref_axis',(1.,0.,0.));
#3807=DIRECTION('',(0.,-1.,0.));
#3808=DIRECTION('center_axis',(0.,-1.,0.));
#3809=DIRECTION('ref_axis',(0.,0.,-1.));
#3810=DIRECTION('center_axis',(0.,-1.,0.));
#3811=DIRECTION('ref_axis',(1.,0.,0.));
#3812=DIRECTION('center_axis',(-1.,0.,0.));
#3813=DIRECTION('ref_axis',(0.,0.,1.));
#3814=DIRECTION('center_axis',(0.,-1.,0.));
#3815=DIRECTION('ref_axis',(1.,0.,0.));
#3816=DIRECTION('center_axis',(0.,1.,0.));
#3817=DIRECTION('ref_axis',(1.,0.,0.));
#3818=DIRECTION('',(0.,-1.,0.));
#3819=DIRECTION('center_axis',(0.,-1.,0.));
#3820=DIRECTION('ref_axis',(0.,0.,-1.));
#3821=DIRECTION('center_axis',(0.,-1.,0.));
#3822=DIRECTION('ref_axis',(1.,0.,0.));
#3823=DIRECTION('center_axis',(-1.,0.,0.));
#3824=DIRECTION('ref_axis',(0.,0.,1.));
#3825=DIRECTION('center_axis',(0.,-1.,0.));
#3826=DIRECTION('ref_axis',(1.,0.,0.));
#3827=DIRECTION('center_axis',(0.,1.,0.));
#3828=DIRECTION('ref_axis',(1.,0.,0.));
#3829=DIRECTION('',(0.,-1.,0.));
#3830=DIRECTION('center_axis',(0.,-1.,0.));
#3831=DIRECTION('ref_axis',(0.,0.,-1.));
#3832=DIRECTION('center_axis',(0.,-1.,0.));
#3833=DIRECTION('ref_axis',(1.,0.,0.));
#3834=DIRECTION('center_axis',(-1.,0.,0.));
#3835=DIRECTION('ref_axis',(0.,0.,1.));
#3836=DIRECTION('center_axis',(0.,-1.,0.));
#3837=DIRECTION('ref_axis',(1.,0.,0.));
#3838=DIRECTION('center_axis',(0.,1.,0.));
#3839=DIRECTION('ref_axis',(1.,0.,0.));
#3840=DIRECTION('',(0.,-1.,0.));
#3841=DIRECTION('center_axis',(0.,-1.,0.));
#3842=DIRECTION('ref_axis',(0.,0.,-1.));
#3843=DIRECTION('center_axis',(0.,-1.,0.));
#3844=DIRECTION('ref_axis',(1.,0.,0.));
#3845=DIRECTION('center_axis',(-1.,0.,0.));
#3846=DIRECTION('ref_axis',(0.,0.,1.));
#3847=DIRECTION('center_axis',(0.,-1.,0.));
#3848=DIRECTION('ref_axis',(1.,0.,0.));
#3849=DIRECTION('center_axis',(0.,1.,0.));
#3850=DIRECTION('ref_axis',(1.,0.,0.));
#3851=DIRECTION('',(0.,-1.,0.));
#3852=DIRECTION('center_axis',(0.,-1.,0.));
#3853=DIRECTION('ref_axis',(0.,0.,-1.));
#3854=DIRECTION('center_axis',(0.,-1.,0.));
#3855=DIRECTION('ref_axis',(1.,0.,0.));
#3856=DIRECTION('center_axis',(-1.,0.,0.));
#3857=DIRECTION('ref_axis',(0.,0.,1.));
#3858=DIRECTION('center_axis',(0.,-1.,0.));
#3859=DIRECTION('ref_axis',(1.,0.,0.));
#3860=DIRECTION('center_axis',(0.,1.,0.));
#3861=DIRECTION('ref_axis',(1.,0.,0.));
#3862=DIRECTION('',(0.,-1.,0.));
#3863=DIRECTION('center_axis',(0.,-1.,0.));
#3864=DIRECTION('ref_axis',(0.,0.,-1.));
#3865=DIRECTION('center_axis',(0.,-1.,0.));
#3866=DIRECTION('ref_axis',(1.,0.,0.));
#3867=DIRECTION('center_axis',(-1.,0.,-2.22044604925031E-16));
#3868=DIRECTION('ref_axis',(-2.22044604925031E-16,0.,1.));
#3869=DIRECTION('center_axis',(0.,-1.,0.));
#3870=DIRECTION('ref_axis',(1.,0.,0.));
#3871=DIRECTION('center_axis',(0.,1.,0.));
#3872=DIRECTION('ref_axis',(1.,0.,0.));
#3873=DIRECTION('',(0.,-1.,0.));
#3874=DIRECTION('center_axis',(0.,-1.,0.));
#3875=DIRECTION('ref_axis',(0.,0.,-1.));
#3876=DIRECTION('center_axis',(0.,-1.,0.));
#3877=DIRECTION('ref_axis',(1.,0.,0.));
#3878=DIRECTION('center_axis',(-1.,0.,-2.22044604925031E-16));
#3879=DIRECTION('ref_axis',(-2.22044604925031E-16,0.,1.));
#3880=DIRECTION('center_axis',(0.,-1.,0.));
#3881=DIRECTION('ref_axis',(1.,0.,0.));
#3882=DIRECTION('center_axis',(0.,1.,0.));
#3883=DIRECTION('ref_axis',(1.,0.,0.));
#3884=DIRECTION('',(0.,-1.,0.));
#3885=DIRECTION('center_axis',(0.,-1.,0.));
#3886=DIRECTION('ref_axis',(0.,0.,-1.));
#3887=DIRECTION('center_axis',(0.,-1.,0.));
#3888=DIRECTION('ref_axis',(1.,0.,0.));
#3889=DIRECTION('center_axis',(-1.,0.,-2.22044604925031E-16));
#3890=DIRECTION('ref_axis',(-2.22044604925031E-16,0.,1.));
#3891=DIRECTION('center_axis',(0.,-1.,0.));
#3892=DIRECTION('ref_axis',(1.,0.,0.));
#3893=DIRECTION('center_axis',(0.,1.,0.));
#3894=DIRECTION('ref_axis',(1.,0.,0.));
#3895=DIRECTION('',(0.,-1.,0.));
#3896=DIRECTION('center_axis',(0.,-1.,0.));
#3897=DIRECTION('ref_axis',(0.,0.,-1.));
#3898=DIRECTION('center_axis',(0.,-1.,0.));
#3899=DIRECTION('ref_axis',(1.,0.,0.));
#3900=DIRECTION('center_axis',(-1.,0.,0.));
#3901=DIRECTION('ref_axis',(0.,0.,1.));
#3902=DIRECTION('center_axis',(0.,-1.,0.));
#3903=DIRECTION('ref_axis',(1.,0.,0.));
#3904=DIRECTION('center_axis',(0.,1.,0.));
#3905=DIRECTION('ref_axis',(1.,0.,0.));
#3906=DIRECTION('',(0.,-1.,0.));
#3907=DIRECTION('center_axis',(0.,-1.,0.));
#3908=DIRECTION('ref_axis',(0.,0.,-1.));
#3909=DIRECTION('center_axis',(0.,-1.,0.));
#3910=DIRECTION('ref_axis',(1.,0.,0.));
#3911=DIRECTION('center_axis',(-1.,0.,0.));
#3912=DIRECTION('ref_axis',(0.,0.,1.));
#3913=DIRECTION('center_axis',(0.,-1.,0.));
#3914=DIRECTION('ref_axis',(1.,0.,0.));
#3915=DIRECTION('center_axis',(0.,1.,0.));
#3916=DIRECTION('ref_axis',(1.,0.,0.));
#3917=DIRECTION('',(0.,-1.,0.));
#3918=DIRECTION('center_axis',(0.,-1.,0.));
#3919=DIRECTION('ref_axis',(0.,0.,-1.));
#3920=DIRECTION('center_axis',(0.,-1.,0.));
#3921=DIRECTION('ref_axis',(1.,0.,0.));
#3922=DIRECTION('center_axis',(-1.,0.,0.));
#3923=DIRECTION('ref_axis',(0.,0.,1.));
#3924=DIRECTION('center_axis',(0.,-1.,0.));
#3925=DIRECTION('ref_axis',(1.,0.,0.));
#3926=DIRECTION('center_axis',(0.,1.,0.));
#3927=DIRECTION('ref_axis',(1.,0.,0.));
#3928=DIRECTION('',(0.,-1.,0.));
#3929=DIRECTION('center_axis',(0.,-1.,0.));
#3930=DIRECTION('ref_axis',(0.,0.,-1.));
#3931=DIRECTION('center_axis',(0.,-1.,0.));
#3932=DIRECTION('ref_axis',(1.,0.,0.));
#3933=DIRECTION('center_axis',(-1.,0.,0.));
#3934=DIRECTION('ref_axis',(0.,0.,1.));
#3935=DIRECTION('center_axis',(0.,-1.,0.));
#3936=DIRECTION('ref_axis',(1.,0.,0.));
#3937=DIRECTION('center_axis',(0.,1.,0.));
#3938=DIRECTION('ref_axis',(1.,0.,0.));
#3939=DIRECTION('',(0.,-1.,0.));
#3940=DIRECTION('center_axis',(0.,-1.,0.));
#3941=DIRECTION('ref_axis',(0.,0.,-1.));
#3942=DIRECTION('center_axis',(0.,-1.,0.));
#3943=DIRECTION('ref_axis',(1.,0.,0.));
#3944=DIRECTION('center_axis',(-1.,0.,0.));
#3945=DIRECTION('ref_axis',(0.,0.,1.));
#3946=DIRECTION('center_axis',(0.,-1.,0.));
#3947=DIRECTION('ref_axis',(1.,0.,0.));
#3948=DIRECTION('center_axis',(0.,1.,0.));
#3949=DIRECTION('ref_axis',(1.,0.,0.));
#3950=DIRECTION('',(0.,-1.,0.));
#3951=DIRECTION('center_axis',(0.,-1.,0.));
#3952=DIRECTION('ref_axis',(0.,0.,-1.));
#3953=DIRECTION('center_axis',(0.,-1.,0.));
#3954=DIRECTION('ref_axis',(1.,0.,0.));
#3955=DIRECTION('center_axis',(-1.,0.,0.));
#3956=DIRECTION('ref_axis',(0.,0.,1.));
#3957=DIRECTION('center_axis',(0.,-1.,0.));
#3958=DIRECTION('ref_axis',(1.,0.,0.));
#3959=DIRECTION('center_axis',(0.,1.,0.));
#3960=DIRECTION('ref_axis',(1.,0.,0.));
#3961=DIRECTION('',(0.,-1.,0.));
#3962=DIRECTION('center_axis',(0.,-1.,0.));
#3963=DIRECTION('ref_axis',(0.,0.,-1.));
#3964=DIRECTION('center_axis',(0.,-1.,0.));
#3965=DIRECTION('ref_axis',(1.,0.,0.));
#3966=DIRECTION('center_axis',(-1.,0.,0.));
#3967=DIRECTION('ref_axis',(0.,0.,1.));
#3968=DIRECTION('center_axis',(0.,-1.,0.));
#3969=DIRECTION('ref_axis',(1.,0.,0.));
#3970=DIRECTION('center_axis',(0.,1.,0.));
#3971=DIRECTION('ref_axis',(1.,0.,0.));
#3972=DIRECTION('',(0.,-1.,0.));
#3973=DIRECTION('center_axis',(0.,-1.,0.));
#3974=DIRECTION('ref_axis',(0.,0.,-1.));
#3975=DIRECTION('center_axis',(0.,-1.,0.));
#3976=DIRECTION('ref_axis',(1.,0.,0.));
#3977=DIRECTION('center_axis',(-1.,0.,0.));
#3978=DIRECTION('ref_axis',(0.,0.,1.));
#3979=DIRECTION('center_axis',(0.,-1.,0.));
#3980=DIRECTION('ref_axis',(1.,0.,0.));
#3981=DIRECTION('center_axis',(0.,1.,0.));
#3982=DIRECTION('ref_axis',(1.,0.,0.));
#3983=DIRECTION('',(0.,-1.,0.));
#3984=DIRECTION('center_axis',(0.,-1.,0.));
#3985=DIRECTION('ref_axis',(0.,0.,-1.));
#3986=DIRECTION('center_axis',(0.,-1.,0.));
#3987=DIRECTION('ref_axis',(1.,0.,0.));
#3988=DIRECTION('center_axis',(-1.,0.,0.));
#3989=DIRECTION('ref_axis',(0.,0.,1.));
#3990=DIRECTION('center_axis',(0.,-1.,0.));
#3991=DIRECTION('ref_axis',(1.,0.,0.));
#3992=DIRECTION('center_axis',(0.,1.,0.));
#3993=DIRECTION('ref_axis',(1.,0.,0.));
#3994=DIRECTION('',(0.,-1.,0.));
#3995=DIRECTION('center_axis',(0.,-1.,0.));
#3996=DIRECTION('ref_axis',(0.,0.,-1.));
#3997=DIRECTION('center_axis',(0.,-1.,0.));
#3998=DIRECTION('ref_axis',(1.,0.,0.));
#3999=DIRECTION('center_axis',(-1.,0.,0.));
#4000=DIRECTION('ref_axis',(0.,0.,1.));
#4001=DIRECTION('center_axis',(0.,-1.,0.));
#4002=DIRECTION('ref_axis',(1.,0.,0.));
#4003=DIRECTION('center_axis',(0.,1.,0.));
#4004=DIRECTION('ref_axis',(1.,0.,0.));
#4005=DIRECTION('',(0.,-1.,0.));
#4006=DIRECTION('center_axis',(0.,-1.,0.));
#4007=DIRECTION('ref_axis',(0.,0.,-1.));
#4008=DIRECTION('center_axis',(0.,-1.,0.));
#4009=DIRECTION('ref_axis',(1.,0.,0.));
#4010=DIRECTION('center_axis',(-1.,0.,0.));
#4011=DIRECTION('ref_axis',(0.,0.,1.));
#4012=DIRECTION('center_axis',(0.,-1.,0.));
#4013=DIRECTION('ref_axis',(1.,0.,0.));
#4014=DIRECTION('center_axis',(0.,1.,0.));
#4015=DIRECTION('ref_axis',(1.,0.,0.));
#4016=DIRECTION('',(0.,-1.,0.));
#4017=DIRECTION('center_axis',(0.,-1.,0.));
#4018=DIRECTION('ref_axis',(0.,0.,-1.));
#4019=DIRECTION('center_axis',(0.,-1.,0.));
#4020=DIRECTION('ref_axis',(1.,0.,0.));
#4021=DIRECTION('center_axis',(-1.,0.,0.));
#4022=DIRECTION('ref_axis',(0.,0.,1.));
#4023=DIRECTION('center_axis',(0.,-1.,0.));
#4024=DIRECTION('ref_axis',(1.,0.,0.));
#4025=DIRECTION('center_axis',(0.,1.,0.));
#4026=DIRECTION('ref_axis',(1.,0.,0.));
#4027=DIRECTION('',(0.,-1.,0.));
#4028=DIRECTION('center_axis',(0.,-1.,0.));
#4029=DIRECTION('ref_axis',(0.,0.,-1.));
#4030=DIRECTION('center_axis',(0.,-1.,0.));
#4031=DIRECTION('ref_axis',(1.,0.,0.));
#4032=DIRECTION('center_axis',(-1.,0.,0.));
#4033=DIRECTION('ref_axis',(0.,0.,1.));
#4034=DIRECTION('center_axis',(0.,-1.,0.));
#4035=DIRECTION('ref_axis',(1.,0.,0.));
#4036=DIRECTION('center_axis',(0.,1.,0.));
#4037=DIRECTION('ref_axis',(1.,0.,0.));
#4038=DIRECTION('',(0.,-1.,0.));
#4039=DIRECTION('center_axis',(-1.,0.,2.16628882853689E-16));
#4040=DIRECTION('ref_axis',(2.16628882853689E-16,0.,1.));
#4041=DIRECTION('',(0.,1.,0.));
#4042=DIRECTION('center_axis',(-2.23835287222814E-18,0.,1.));
#4043=DIRECTION('ref_axis',(1.,0.,2.23835287222814E-18));
#4044=DIRECTION('center_axis',(0.,1.,0.));
#4045=DIRECTION('ref_axis',(1.,0.,0.));
#4046=DIRECTION('',(1.30647879268374E-33,0.,-1.));
#4047=DIRECTION('',(1.,0.,1.64648128578987E-33));
#4048=DIRECTION('',(0.,0.,1.));
#4049=DIRECTION('',(-1.,0.,0.));
#4050=DIRECTION('center_axis',(0.,-1.,0.));
#4051=DIRECTION('ref_axis',(1.,0.,0.));
#4052=DIRECTION('center_axis',(0.,-1.,0.));
#4053=DIRECTION('ref_axis',(1.,0.,0.));
#4054=DIRECTION('center_axis',(0.,-1.,0.));
#4055=DIRECTION('ref_axis',(1.,0.,0.));
#4056=DIRECTION('center_axis',(0.,-1.,0.));
#4057=DIRECTION('ref_axis',(1.,0.,0.));
#4058=DIRECTION('center_axis',(0.,-1.,0.));
#4059=DIRECTION('ref_axis',(1.,0.,0.));
#4060=DIRECTION('center_axis',(0.,-1.,0.));
#4061=DIRECTION('ref_axis',(1.,0.,0.));
#4062=DIRECTION('center_axis',(0.,-1.,0.));
#4063=DIRECTION('ref_axis',(1.,0.,0.));
#4064=DIRECTION('center_axis',(0.,-1.,0.));
#4065=DIRECTION('ref_axis',(1.,0.,0.));
#4066=DIRECTION('center_axis',(0.,-1.,0.));
#4067=DIRECTION('ref_axis',(1.,0.,0.));
#4068=DIRECTION('center_axis',(0.,-1.,0.));
#4069=DIRECTION('ref_axis',(1.,0.,0.));
#4070=DIRECTION('center_axis',(0.,-1.,0.));
#4071=DIRECTION('ref_axis',(1.,0.,0.));
#4072=DIRECTION('center_axis',(0.,-1.,0.));
#4073=DIRECTION('ref_axis',(1.,0.,0.));
#4074=DIRECTION('center_axis',(0.,-1.,0.));
#4075=DIRECTION('ref_axis',(1.,0.,0.));
#4076=DIRECTION('center_axis',(0.,-1.,0.));
#4077=DIRECTION('ref_axis',(1.,0.,0.));
#4078=DIRECTION('center_axis',(0.,-1.,0.));
#4079=DIRECTION('ref_axis',(1.,0.,0.));
#4080=DIRECTION('center_axis',(0.,-1.,0.));
#4081=DIRECTION('ref_axis',(1.,0.,0.));
#4082=DIRECTION('center_axis',(0.,-1.,0.));
#4083=DIRECTION('ref_axis',(1.,0.,0.));
#4084=DIRECTION('center_axis',(0.,-1.,0.));
#4085=DIRECTION('ref_axis',(1.,0.,0.));
#4086=DIRECTION('center_axis',(0.,-1.,0.));
#4087=DIRECTION('ref_axis',(1.,0.,0.));
#4088=DIRECTION('center_axis',(0.,-1.,0.));
#4089=DIRECTION('ref_axis',(1.,0.,0.));
#4090=DIRECTION('center_axis',(0.,-1.,0.));
#4091=DIRECTION('ref_axis',(1.,0.,0.));
#4092=DIRECTION('center_axis',(0.,-1.,0.));
#4093=DIRECTION('ref_axis',(1.,0.,0.));
#4094=DIRECTION('center_axis',(0.,-1.,0.));
#4095=DIRECTION('ref_axis',(1.,0.,0.));
#4096=DIRECTION('center_axis',(0.,-1.,0.));
#4097=DIRECTION('ref_axis',(1.,0.,0.));
#4098=DIRECTION('center_axis',(0.,1.,0.));
#4099=DIRECTION('ref_axis',(1.,0.,0.));
#4100=DIRECTION('center_axis',(0.,-1.,0.));
#4101=DIRECTION('ref_axis',(1.,0.,0.));
#4102=DIRECTION('center_axis',(0.,1.,0.));
#4103=DIRECTION('ref_axis',(1.,0.,0.));
#4104=DIRECTION('center_axis',(0.,-1.,0.));
#4105=DIRECTION('ref_axis',(1.,0.,0.));
#4106=DIRECTION('center_axis',(0.,1.,0.));
#4107=DIRECTION('ref_axis',(1.,0.,0.));
#4108=DIRECTION('center_axis',(0.,-1.,0.));
#4109=DIRECTION('ref_axis',(1.,0.,0.));
#4110=DIRECTION('center_axis',(0.,1.,0.));
#4111=DIRECTION('ref_axis',(1.,0.,0.));
#4112=DIRECTION('center_axis',(0.,-1.,0.));
#4113=DIRECTION('ref_axis',(1.,0.,0.));
#4114=DIRECTION('center_axis',(0.,1.,0.));
#4115=DIRECTION('ref_axis',(1.,0.,0.));
#4116=DIRECTION('center_axis',(0.,-1.,0.));
#4117=DIRECTION('ref_axis',(1.,0.,0.));
#4118=DIRECTION('center_axis',(0.,1.,0.));
#4119=DIRECTION('ref_axis',(1.,0.,0.));
#4120=DIRECTION('center_axis',(0.,-1.,0.));
#4121=DIRECTION('ref_axis',(1.,0.,0.));
#4122=DIRECTION('center_axis',(0.,1.,0.));
#4123=DIRECTION('ref_axis',(1.,0.,0.));
#4124=DIRECTION('center_axis',(0.,-1.,0.));
#4125=DIRECTION('ref_axis',(1.,0.,0.));
#4126=DIRECTION('center_axis',(0.,1.,0.));
#4127=DIRECTION('ref_axis',(1.,0.,0.));
#4128=DIRECTION('center_axis',(0.,-1.,0.));
#4129=DIRECTION('ref_axis',(1.,0.,0.));
#4130=DIRECTION('center_axis',(0.,1.,0.));
#4131=DIRECTION('ref_axis',(1.,0.,0.));
#4132=DIRECTION('center_axis',(0.,-1.,0.));
#4133=DIRECTION('ref_axis',(1.,0.,0.));
#4134=DIRECTION('center_axis',(0.,1.,0.));
#4135=DIRECTION('ref_axis',(1.,0.,0.));
#4136=DIRECTION('center_axis',(0.,-1.,0.));
#4137=DIRECTION('ref_axis',(1.,0.,0.));
#4138=DIRECTION('center_axis',(0.,1.,0.));
#4139=DIRECTION('ref_axis',(1.,0.,0.));
#4140=DIRECTION('center_axis',(0.,-1.,0.));
#4141=DIRECTION('ref_axis',(1.,0.,0.));
#4142=DIRECTION('center_axis',(0.,1.,0.));
#4143=DIRECTION('ref_axis',(1.,0.,0.));
#4144=DIRECTION('center_axis',(0.,-1.,0.));
#4145=DIRECTION('ref_axis',(1.,0.,0.));
#4146=DIRECTION('center_axis',(0.,1.,0.));
#4147=DIRECTION('ref_axis',(1.,0.,0.));
#4148=DIRECTION('center_axis',(0.,-1.,0.));
#4149=DIRECTION('ref_axis',(1.,0.,0.));
#4150=DIRECTION('center_axis',(0.,1.,0.));
#4151=DIRECTION('ref_axis',(1.,0.,0.));
#4152=DIRECTION('center_axis',(0.,-1.,0.));
#4153=DIRECTION('ref_axis',(1.,0.,0.));
#4154=DIRECTION('center_axis',(0.,1.,0.));
#4155=DIRECTION('ref_axis',(1.,0.,0.));
#4156=DIRECTION('center_axis',(0.,-1.,0.));
#4157=DIRECTION('ref_axis',(1.,0.,0.));
#4158=DIRECTION('center_axis',(0.,1.,0.));
#4159=DIRECTION('ref_axis',(1.,0.,0.));
#4160=DIRECTION('center_axis',(0.,-1.,0.));
#4161=DIRECTION('ref_axis',(1.,0.,0.));
#4162=DIRECTION('center_axis',(0.,1.,0.));
#4163=DIRECTION('ref_axis',(1.,0.,0.));
#4164=DIRECTION('center_axis',(0.,-1.,0.));
#4165=DIRECTION('ref_axis',(1.,0.,0.));
#4166=DIRECTION('center_axis',(0.,1.,0.));
#4167=DIRECTION('ref_axis',(1.,0.,0.));
#4168=DIRECTION('center_axis',(0.,-1.,0.));
#4169=DIRECTION('ref_axis',(1.,0.,0.));
#4170=DIRECTION('center_axis',(0.,1.,0.));
#4171=DIRECTION('ref_axis',(1.,0.,0.));
#4172=DIRECTION('center_axis',(0.,-1.,0.));
#4173=DIRECTION('ref_axis',(1.,0.,0.));
#4174=DIRECTION('center_axis',(0.,1.,0.));
#4175=DIRECTION('ref_axis',(1.,0.,0.));
#4176=DIRECTION('center_axis',(0.,-1.,0.));
#4177=DIRECTION('ref_axis',(1.,0.,0.));
#4178=DIRECTION('center_axis',(0.,1.,0.));
#4179=DIRECTION('ref_axis',(1.,0.,0.));
#4180=DIRECTION('center_axis',(0.,-1.,0.));
#4181=DIRECTION('ref_axis',(1.,0.,0.));
#4182=DIRECTION('center_axis',(0.,1.,0.));
#4183=DIRECTION('ref_axis',(1.,0.,0.));
#4184=DIRECTION('center_axis',(0.,-1.,0.));
#4185=DIRECTION('ref_axis',(1.,0.,0.));
#4186=DIRECTION('center_axis',(0.,1.,0.));
#4187=DIRECTION('ref_axis',(1.,0.,0.));
#4188=DIRECTION('center_axis',(0.,-1.,0.));
#4189=DIRECTION('ref_axis',(1.,0.,0.));
#4190=DIRECTION('center_axis',(0.,1.,0.));
#4191=DIRECTION('ref_axis',(1.,0.,0.));
#4192=DIRECTION('center_axis',(0.,-1.,0.));
#4193=DIRECTION('ref_axis',(1.,0.,0.));
#4194=DIRECTION('center_axis',(0.,1.,0.));
#4195=DIRECTION('ref_axis',(1.,0.,0.));
#4196=DIRECTION('',(0.,-1.,0.));
#4197=DIRECTION('center_axis',(0.,1.,0.));
#4198=DIRECTION('ref_axis',(1.,0.,0.));
#4199=DIRECTION('',(0.,-1.,0.));
#4200=DIRECTION('center_axis',(0.,1.,0.));
#4201=DIRECTION('ref_axis',(1.,0.,0.));
#4202=DIRECTION('',(0.,-1.,0.));
#4203=DIRECTION('center_axis',(0.,1.,0.));
#4204=DIRECTION('ref_axis',(1.,0.,0.));
#4205=DIRECTION('',(0.,-1.,0.));
#4206=DIRECTION('center_axis',(0.,1.,0.));
#4207=DIRECTION('ref_axis',(1.,0.,0.));
#4208=DIRECTION('',(0.,-1.,0.));
#4209=DIRECTION('center_axis',(0.,1.,0.));
#4210=DIRECTION('ref_axis',(1.,0.,0.));
#4211=DIRECTION('',(0.,-1.,0.));
#4212=DIRECTION('center_axis',(0.,1.,0.));
#4213=DIRECTION('ref_axis',(1.,0.,0.));
#4214=DIRECTION('',(0.,-1.,0.));
#4215=DIRECTION('center_axis',(0.,1.,0.));
#4216=DIRECTION('ref_axis',(1.,0.,0.));
#4217=DIRECTION('',(0.,-1.,0.));
#4218=DIRECTION('center_axis',(0.,1.,0.));
#4219=DIRECTION('ref_axis',(1.,0.,0.));
#4220=DIRECTION('',(0.,-1.,0.));
#4221=DIRECTION('center_axis',(0.,1.,0.));
#4222=DIRECTION('ref_axis',(1.,0.,0.));
#4223=DIRECTION('',(0.,-1.,0.));
#4224=DIRECTION('center_axis',(0.,1.,0.));
#4225=DIRECTION('ref_axis',(1.,0.,0.));
#4226=DIRECTION('',(0.,-1.,0.));
#4227=DIRECTION('center_axis',(0.,1.,0.));
#4228=DIRECTION('ref_axis',(1.,0.,0.));
#4229=DIRECTION('',(0.,-1.,0.));
#4230=DIRECTION('center_axis',(0.,1.,0.));
#4231=DIRECTION('ref_axis',(1.,0.,0.));
#4232=DIRECTION('',(0.,-1.,0.));
#4233=DIRECTION('center_axis',(0.,1.,0.));
#4234=DIRECTION('ref_axis',(1.,0.,0.));
#4235=DIRECTION('',(0.,-1.,0.));
#4236=DIRECTION('center_axis',(0.,1.,0.));
#4237=DIRECTION('ref_axis',(1.,0.,0.));
#4238=DIRECTION('',(0.,-1.,0.));
#4239=DIRECTION('center_axis',(0.,1.,0.));
#4240=DIRECTION('ref_axis',(1.,0.,0.));
#4241=DIRECTION('',(0.,-1.,0.));
#4242=DIRECTION('center_axis',(0.,1.,0.));
#4243=DIRECTION('ref_axis',(1.,0.,0.));
#4244=DIRECTION('',(0.,-1.,0.));
#4245=DIRECTION('center_axis',(0.,1.,0.));
#4246=DIRECTION('ref_axis',(1.,0.,0.));
#4247=DIRECTION('',(0.,-1.,0.));
#4248=DIRECTION('center_axis',(0.,1.,0.));
#4249=DIRECTION('ref_axis',(1.,0.,0.));
#4250=DIRECTION('',(0.,-1.,0.));
#4251=DIRECTION('center_axis',(0.,1.,0.));
#4252=DIRECTION('ref_axis',(1.,0.,0.));
#4253=DIRECTION('',(0.,-1.,0.));
#4254=DIRECTION('center_axis',(0.,1.,0.));
#4255=DIRECTION('ref_axis',(1.,0.,0.));
#4256=DIRECTION('',(0.,-1.,0.));
#4257=DIRECTION('center_axis',(0.,1.,0.));
#4258=DIRECTION('ref_axis',(1.,0.,0.));
#4259=DIRECTION('',(0.,-1.,0.));
#4260=DIRECTION('center_axis',(0.,1.,0.));
#4261=DIRECTION('ref_axis',(1.,0.,0.));
#4262=DIRECTION('',(0.,-1.,0.));
#4263=DIRECTION('center_axis',(0.,1.,0.));
#4264=DIRECTION('ref_axis',(1.,0.,0.));
#4265=DIRECTION('',(0.,-1.,0.));
#4266=DIRECTION('center_axis',(1.64648128578987E-33,0.,-1.));
#4267=DIRECTION('ref_axis',(-1.,0.,-1.64648128578987E-33));
#4268=DIRECTION('',(0.,1.,0.));
#4269=DIRECTION('',(0.,1.,0.));
#4270=DIRECTION('center_axis',(1.,0.,0.));
#4271=DIRECTION('ref_axis',(0.,0.,-1.));
#4272=DIRECTION('',(0.,1.,0.));
#4273=DIRECTION('center_axis',(0.,0.,1.));
#4274=DIRECTION('ref_axis',(1.,0.,0.));
#4275=DIRECTION('',(0.,1.,0.));
#4276=DIRECTION('center_axis',(-1.,0.,-1.30647879268374E-33));
#4277=DIRECTION('ref_axis',(-1.30647879268374E-33,0.,1.));
#4278=CARTESIAN_POINT('',(0.,0.,0.));
#4279=CARTESIAN_POINT('Origin',(2.75,2.,63.25));
#4280=CARTESIAN_POINT('',(2.75,1.,82.75));
#4281=CARTESIAN_POINT('',(2.74999999999999,1.,2.74999999999999));
#4282=CARTESIAN_POINT('',(2.75,1.,63.25));
#4283=CARTESIAN_POINT('',(1.74999999999999,2.,1.74999999999999));
#4284=CARTESIAN_POINT('Origin',(2.74999999999999,2.,2.74999999999999));
#4285=CARTESIAN_POINT('',(1.75,2.,83.75));
#4286=CARTESIAN_POINT('',(1.75,2.,63.25));
#4287=CARTESIAN_POINT('Origin',(2.75,2.,82.75));
#4288=CARTESIAN_POINT('Origin',(32.75,2.,2.74999999999999));
#4289=CARTESIAN_POINT('',(125.75,2.,1.74999999999999));
#4290=CARTESIAN_POINT('',(32.75,2.,1.74999999999999));
#4291=CARTESIAN_POINT('',(124.75,1.,2.74999999999999));
#4292=CARTESIAN_POINT('',(32.75,1.,2.74999999999999));
#4293=CARTESIAN_POINT('Origin',(124.75,2.,2.74999999999999));
#4294=CARTESIAN_POINT('Origin',(94.75,2.,82.75));
#4295=CARTESIAN_POINT('',(124.75,1.,82.75));
#4296=CARTESIAN_POINT('',(94.75,1.,82.75));
#4297=CARTESIAN_POINT('',(125.75,2.,83.75));
#4298=CARTESIAN_POINT('',(94.75,2.,83.75));
#4299=CARTESIAN_POINT('Origin',(124.75,2.,82.75));
#4300=CARTESIAN_POINT('Origin',(124.75,2.,22.25));
#4301=CARTESIAN_POINT('',(124.75,1.,22.25));
#4302=CARTESIAN_POINT('',(125.75,2.,22.25));
#4303=CARTESIAN_POINT('Origin',(125.75,0.,83.75));
#4304=CARTESIAN_POINT('',(1.75,3.,83.75));
#4305=CARTESIAN_POINT('',(1.75,0.,83.75));
#4306=CARTESIAN_POINT('',(125.75,3.,83.75));
#4307=CARTESIAN_POINT('',(94.75,3.,83.75));
#4308=CARTESIAN_POINT('',(125.75,0.,83.75));
#4309=CARTESIAN_POINT('Origin',(1.75,0.,83.75));
#4310=CARTESIAN_POINT('',(1.74999999999999,3.,1.74999999999999));
#4311=CARTESIAN_POINT('',(1.74999999999999,0.,1.74999999999999));
#4312=CARTESIAN_POINT('',(1.75,3.,63.25));
#4313=CARTESIAN_POINT('Origin',(63.75,1.,42.75));
#4314=CARTESIAN_POINT('',(18.75,1.,22.75));
#4315=CARTESIAN_POINT('Origin',(18.75,1.,15.75));
#4316=CARTESIAN_POINT('',(54.75,1.,22.75));
#4317=CARTESIAN_POINT('Origin',(54.75,1.,15.75));
#4318=CARTESIAN_POINT('',(90.75,1.,22.75));
#4319=CARTESIAN_POINT('Origin',(90.75,1.,15.75));
#4320=CARTESIAN_POINT('',(54.75,1.,40.75));
#4321=CARTESIAN_POINT('Origin',(54.75,1.,33.75));
#4322=CARTESIAN_POINT('',(18.75,1.,40.75));
#4323=CARTESIAN_POINT('Origin',(18.75,1.,33.75));
#4324=CARTESIAN_POINT('',(18.75,1.,58.75));
#4325=CARTESIAN_POINT('Origin',(18.75,1.,51.75));
#4326=CARTESIAN_POINT('',(36.75,1.,76.75));
#4327=CARTESIAN_POINT('Origin',(36.75,1.,69.75));
#4328=CARTESIAN_POINT('',(72.75,1.,76.75));
#4329=CARTESIAN_POINT('Origin',(72.75,1.,69.75));
#4330=CARTESIAN_POINT('',(72.75,1.,58.75));
#4331=CARTESIAN_POINT('Origin',(72.75,1.,51.75));
#4332=CARTESIAN_POINT('',(90.75,1.,40.75));
#4333=CARTESIAN_POINT('Origin',(90.75,1.,33.75));
#4334=CARTESIAN_POINT('',(90.75,1.,58.75));
#4335=CARTESIAN_POINT('Origin',(90.75,1.,51.75));
#4336=CARTESIAN_POINT('',(108.75,1.,58.75));
#4337=CARTESIAN_POINT('Origin',(108.75,1.,51.75));
#4338=CARTESIAN_POINT('',(108.75,1.,76.75));
#4339=CARTESIAN_POINT('Origin',(108.75,1.,69.75));
#4340=CARTESIAN_POINT('',(90.75,1.,76.75));
#4341=CARTESIAN_POINT('Origin',(90.75,1.,69.75));
#4342=CARTESIAN_POINT('',(108.75,1.,40.75));
#4343=CARTESIAN_POINT('Origin',(108.75,1.,33.75));
#4344=CARTESIAN_POINT('',(72.75,1.,40.75));
#4345=CARTESIAN_POINT('Origin',(72.75,1.,33.75));
#4346=CARTESIAN_POINT('',(54.75,1.,58.75));
#4347=CARTESIAN_POINT('Origin',(54.75,1.,51.75));
#4348=CARTESIAN_POINT('',(54.75,1.,76.75));
#4349=CARTESIAN_POINT('Origin',(54.75,1.,69.75));
#4350=CARTESIAN_POINT('',(36.75,1.,58.75));
#4351=CARTESIAN_POINT('Origin',(36.75,1.,51.75));
#4352=CARTESIAN_POINT('',(18.75,1.,76.75));
#4353=CARTESIAN_POINT('Origin',(18.75,1.,69.75));
#4354=CARTESIAN_POINT('',(36.75,1.,40.75));
#4355=CARTESIAN_POINT('Origin',(36.75,1.,33.75));
#4356=CARTESIAN_POINT('',(108.75,1.,22.75));
#4357=CARTESIAN_POINT('Origin',(108.75,1.,15.75));
#4358=CARTESIAN_POINT('',(72.75,1.,22.75));
#4359=CARTESIAN_POINT('Origin',(72.75,1.,15.75));
#4360=CARTESIAN_POINT('',(36.75,1.,22.75));
#4361=CARTESIAN_POINT('Origin',(36.75,1.,15.75));
#4362=CARTESIAN_POINT('Origin',(94.75,3.,84.75));
#4363=CARTESIAN_POINT('',(0.749999999999993,4.,84.75));
#4364=CARTESIAN_POINT('',(126.75,4.,84.75));
#4365=CARTESIAN_POINT('',(94.75,4.,84.75));
#4366=CARTESIAN_POINT('Origin',(126.75,3.,84.75));
#4367=CARTESIAN_POINT('Origin',(0.75,3.,84.75));
#4368=CARTESIAN_POINT('Origin',(126.75,3.,22.25));
#4369=CARTESIAN_POINT('',(126.75,4.,0.749999999999989));
#4370=CARTESIAN_POINT('',(126.75,4.,22.25));
#4371=CARTESIAN_POINT('',(125.75,3.,1.74999999999999));
#4372=CARTESIAN_POINT('Origin',(126.75,3.,0.749999999999988));
#4373=CARTESIAN_POINT('',(125.75,3.,22.25));
#4374=CARTESIAN_POINT('Origin',(32.75,3.,0.749999999999988));
#4375=CARTESIAN_POINT('',(0.74999999999999,4.,0.749999999999984));
#4376=CARTESIAN_POINT('',(32.75,4.,0.749999999999988));
#4377=CARTESIAN_POINT('Origin',(0.749999999999988,3.,0.749999999999988));
#4378=CARTESIAN_POINT('',(32.75,3.,1.74999999999999));
#4379=CARTESIAN_POINT('Origin',(0.749999999999997,3.,63.25));
#4380=CARTESIAN_POINT('',(0.749999999999997,4.,63.25));
#4381=CARTESIAN_POINT('Origin',(63.75,4.,42.75));
#4382=CARTESIAN_POINT('',(0.,4.,0.));
#4383=CARTESIAN_POINT('',(0.,4.,85.5));
#4384=CARTESIAN_POINT('',(-1.1170393677446E-31,4.,85.5));
#4385=CARTESIAN_POINT('',(127.5,4.,85.5));
#4386=CARTESIAN_POINT('',(127.5,4.,85.5));
#4387=CARTESIAN_POINT('',(127.5,4.,0.));
#4388=CARTESIAN_POINT('',(127.5,4.,2.09926363938209E-31));
#4389=CARTESIAN_POINT('',(0.,4.,0.));
#4390=CARTESIAN_POINT('Origin',(108.75,29.,15.75));
#4391=CARTESIAN_POINT('',(104.75,30.,15.75));
#4392=CARTESIAN_POINT('',(108.75,30.,19.75));
#4393=CARTESIAN_POINT('Origin',(108.75,30.,15.75));
#4394=CARTESIAN_POINT('',(108.75,29.,18.75));
#4395=CARTESIAN_POINT('Origin',(108.75,29.,19.75));
#4396=CARTESIAN_POINT('',(105.75,29.,15.75));
#4397=CARTESIAN_POINT('Origin',(108.75,29.,15.75));
#4398=CARTESIAN_POINT('Origin',(108.75,29.,15.75));
#4399=CARTESIAN_POINT('Origin',(108.75,30.,15.75));
#4400=CARTESIAN_POINT('Origin',(108.75,0.,15.75));
#4401=CARTESIAN_POINT('',(105.75,28.,15.75));
#4402=CARTESIAN_POINT('',(105.75,0.,15.75));
#4403=CARTESIAN_POINT('Origin',(108.75,28.,15.75));
#4404=CARTESIAN_POINT('Origin',(108.75,29.,33.75));
#4405=CARTESIAN_POINT('',(104.75,30.,33.75));
#4406=CARTESIAN_POINT('',(108.75,30.,37.75));
#4407=CARTESIAN_POINT('Origin',(108.75,30.,33.75));
#4408=CARTESIAN_POINT('',(108.75,29.,36.75));
#4409=CARTESIAN_POINT('Origin',(108.75,29.,37.75));
#4410=CARTESIAN_POINT('',(105.75,29.,33.75));
#4411=CARTESIAN_POINT('Origin',(108.75,29.,33.75));
#4412=CARTESIAN_POINT('Origin',(108.75,29.,33.75));
#4413=CARTESIAN_POINT('Origin',(108.75,30.,33.75));
#4414=CARTESIAN_POINT('Origin',(108.75,0.,33.75));
#4415=CARTESIAN_POINT('',(105.75,28.,33.75));
#4416=CARTESIAN_POINT('',(105.75,0.,33.75));
#4417=CARTESIAN_POINT('Origin',(108.75,28.,33.75));
#4418=CARTESIAN_POINT('Origin',(108.75,29.,51.75));
#4419=CARTESIAN_POINT('',(104.75,30.,51.75));
#4420=CARTESIAN_POINT('',(108.75,30.,55.75));
#4421=CARTESIAN_POINT('Origin',(108.75,30.,51.75));
#4422=CARTESIAN_POINT('',(108.75,29.,54.75));
#4423=CARTESIAN_POINT('Origin',(108.75,29.,55.75));
#4424=CARTESIAN_POINT('',(105.75,29.,51.75));
#4425=CARTESIAN_POINT('Origin',(108.75,29.,51.75));
#4426=CARTESIAN_POINT('Origin',(108.75,29.,51.75));
#4427=CARTESIAN_POINT('Origin',(108.75,30.,51.75));
#4428=CARTESIAN_POINT('Origin',(108.75,0.,51.75));
#4429=CARTESIAN_POINT('',(105.75,28.,51.75));
#4430=CARTESIAN_POINT('',(105.75,0.,51.75));
#4431=CARTESIAN_POINT('Origin',(108.75,28.,51.75));
#4432=CARTESIAN_POINT('Origin',(108.75,29.,69.75));
#4433=CARTESIAN_POINT('',(104.75,30.,69.75));
#4434=CARTESIAN_POINT('',(108.75,30.,73.75));
#4435=CARTESIAN_POINT('Origin',(108.75,30.,69.75));
#4436=CARTESIAN_POINT('',(108.75,29.,72.75));
#4437=CARTESIAN_POINT('Origin',(108.75,29.,73.75));
#4438=CARTESIAN_POINT('',(105.75,29.,69.75));
#4439=CARTESIAN_POINT('Origin',(108.75,29.,69.75));
#4440=CARTESIAN_POINT('Origin',(108.75,29.,69.75));
#4441=CARTESIAN_POINT('Origin',(108.75,30.,69.75));
#4442=CARTESIAN_POINT('Origin',(108.75,0.,69.75));
#4443=CARTESIAN_POINT('',(105.75,28.,69.75));
#4444=CARTESIAN_POINT('',(105.75,0.,69.75));
#4445=CARTESIAN_POINT('Origin',(108.75,28.,69.75));
#4446=CARTESIAN_POINT('Origin',(90.75,29.,69.75));
#4447=CARTESIAN_POINT('',(86.75,30.,69.75));
#4448=CARTESIAN_POINT('',(90.75,30.,73.75));
#4449=CARTESIAN_POINT('Origin',(90.75,30.,69.75));
#4450=CARTESIAN_POINT('',(90.75,29.,72.75));
#4451=CARTESIAN_POINT('Origin',(90.75,29.,73.75));
#4452=CARTESIAN_POINT('',(87.75,29.,69.75));
#4453=CARTESIAN_POINT('Origin',(90.75,29.,69.75));
#4454=CARTESIAN_POINT('Origin',(90.75,29.,69.75));
#4455=CARTESIAN_POINT('Origin',(90.75,30.,69.75));
#4456=CARTESIAN_POINT('Origin',(90.75,0.,69.75));
#4457=CARTESIAN_POINT('',(87.75,28.,69.75));
#4458=CARTESIAN_POINT('',(87.75,0.,69.75));
#4459=CARTESIAN_POINT('Origin',(90.75,28.,69.75));
#4460=CARTESIAN_POINT('Origin',(90.75,29.,51.75));
#4461=CARTESIAN_POINT('',(86.75,30.,51.75));
#4462=CARTESIAN_POINT('',(90.75,30.,55.75));
#4463=CARTESIAN_POINT('Origin',(90.75,30.,51.75));
#4464=CARTESIAN_POINT('',(90.75,29.,54.75));
#4465=CARTESIAN_POINT('Origin',(90.75,29.,55.75));
#4466=CARTESIAN_POINT('',(87.75,29.,51.75));
#4467=CARTESIAN_POINT('Origin',(90.75,29.,51.75));
#4468=CARTESIAN_POINT('Origin',(90.75,29.,51.75));
#4469=CARTESIAN_POINT('Origin',(90.75,30.,51.75));
#4470=CARTESIAN_POINT('Origin',(90.75,0.,51.75));
#4471=CARTESIAN_POINT('',(87.75,28.,51.75));
#4472=CARTESIAN_POINT('',(87.75,0.,51.75));
#4473=CARTESIAN_POINT('Origin',(90.75,28.,51.75));
#4474=CARTESIAN_POINT('Origin',(72.75,29.,51.75));
#4475=CARTESIAN_POINT('',(68.75,30.,51.75));
#4476=CARTESIAN_POINT('',(72.75,30.,55.75));
#4477=CARTESIAN_POINT('Origin',(72.75,30.,51.75));
#4478=CARTESIAN_POINT('',(72.75,29.,54.75));
#4479=CARTESIAN_POINT('Origin',(72.75,29.,55.75));
#4480=CARTESIAN_POINT('',(69.75,29.,51.75));
#4481=CARTESIAN_POINT('Origin',(72.75,29.,51.75));
#4482=CARTESIAN_POINT('Origin',(72.75,29.,51.75));
#4483=CARTESIAN_POINT('Origin',(72.75,30.,51.75));
#4484=CARTESIAN_POINT('Origin',(72.75,0.,51.75));
#4485=CARTESIAN_POINT('',(69.75,28.,51.75));
#4486=CARTESIAN_POINT('',(69.75,0.,51.75));
#4487=CARTESIAN_POINT('Origin',(72.75,28.,51.75));
#4488=CARTESIAN_POINT('Origin',(72.75,29.,69.75));
#4489=CARTESIAN_POINT('',(68.75,30.,69.75));
#4490=CARTESIAN_POINT('',(72.75,30.,73.75));
#4491=CARTESIAN_POINT('Origin',(72.75,30.,69.75));
#4492=CARTESIAN_POINT('',(72.75,29.,72.75));
#4493=CARTESIAN_POINT('Origin',(72.75,29.,73.75));
#4494=CARTESIAN_POINT('',(69.75,29.,69.75));
#4495=CARTESIAN_POINT('Origin',(72.75,29.,69.75));
#4496=CARTESIAN_POINT('Origin',(72.75,29.,69.75));
#4497=CARTESIAN_POINT('Origin',(72.75,30.,69.75));
#4498=CARTESIAN_POINT('Origin',(72.75,0.,69.75));
#4499=CARTESIAN_POINT('',(69.75,28.,69.75));
#4500=CARTESIAN_POINT('',(69.75,0.,69.75));
#4501=CARTESIAN_POINT('Origin',(72.75,28.,69.75));
#4502=CARTESIAN_POINT('Origin',(54.75,29.,69.75));
#4503=CARTESIAN_POINT('',(50.75,30.,69.75));
#4504=CARTESIAN_POINT('',(54.75,30.,73.75));
#4505=CARTESIAN_POINT('Origin',(54.75,30.,69.75));
#4506=CARTESIAN_POINT('',(54.75,29.,72.75));
#4507=CARTESIAN_POINT('Origin',(54.75,29.,73.75));
#4508=CARTESIAN_POINT('',(51.75,29.,69.75));
#4509=CARTESIAN_POINT('Origin',(54.75,29.,69.75));
#4510=CARTESIAN_POINT('Origin',(54.75,29.,69.75));
#4511=CARTESIAN_POINT('Origin',(54.75,30.,69.75));
#4512=CARTESIAN_POINT('Origin',(54.75,0.,69.75));
#4513=CARTESIAN_POINT('',(51.75,28.,69.75));
#4514=CARTESIAN_POINT('',(51.75,0.,69.75));
#4515=CARTESIAN_POINT('Origin',(54.75,28.,69.75));
#4516=CARTESIAN_POINT('Origin',(54.75,29.,51.75));
#4517=CARTESIAN_POINT('',(50.75,30.,51.75));
#4518=CARTESIAN_POINT('',(54.75,30.,55.75));
#4519=CARTESIAN_POINT('Origin',(54.75,30.,51.75));
#4520=CARTESIAN_POINT('',(54.75,29.,54.75));
#4521=CARTESIAN_POINT('Origin',(54.75,29.,55.75));
#4522=CARTESIAN_POINT('',(51.75,29.,51.75));
#4523=CARTESIAN_POINT('Origin',(54.75,29.,51.75));
#4524=CARTESIAN_POINT('Origin',(54.75,29.,51.75));
#4525=CARTESIAN_POINT('Origin',(54.75,30.,51.75));
#4526=CARTESIAN_POINT('Origin',(54.75,0.,51.75));
#4527=CARTESIAN_POINT('',(51.75,28.,51.75));
#4528=CARTESIAN_POINT('',(51.75,0.,51.75));
#4529=CARTESIAN_POINT('Origin',(54.75,28.,51.75));
#4530=CARTESIAN_POINT('Origin',(36.75,29.,51.75));
#4531=CARTESIAN_POINT('',(32.75,30.,51.75));
#4532=CARTESIAN_POINT('',(36.75,30.,55.75));
#4533=CARTESIAN_POINT('Origin',(36.75,30.,51.75));
#4534=CARTESIAN_POINT('',(36.75,29.,54.75));
#4535=CARTESIAN_POINT('Origin',(36.75,29.,55.75));
#4536=CARTESIAN_POINT('',(33.75,29.,51.75));
#4537=CARTESIAN_POINT('Origin',(36.75,29.,51.75));
#4538=CARTESIAN_POINT('Origin',(36.75,29.,51.75));
#4539=CARTESIAN_POINT('Origin',(36.75,30.,51.75));
#4540=CARTESIAN_POINT('Origin',(36.75,0.,51.75));
#4541=CARTESIAN_POINT('',(33.75,28.,51.75));
#4542=CARTESIAN_POINT('',(33.75,0.,51.75));
#4543=CARTESIAN_POINT('Origin',(36.75,28.,51.75));
#4544=CARTESIAN_POINT('Origin',(36.75,29.,69.75));
#4545=CARTESIAN_POINT('',(32.75,30.,69.75));
#4546=CARTESIAN_POINT('',(36.75,30.,73.75));
#4547=CARTESIAN_POINT('Origin',(36.75,30.,69.75));
#4548=CARTESIAN_POINT('',(36.75,29.,72.75));
#4549=CARTESIAN_POINT('Origin',(36.75,29.,73.75));
#4550=CARTESIAN_POINT('',(33.75,29.,69.75));
#4551=CARTESIAN_POINT('Origin',(36.75,29.,69.75));
#4552=CARTESIAN_POINT('Origin',(36.75,29.,69.75));
#4553=CARTESIAN_POINT('Origin',(36.75,30.,69.75));
#4554=CARTESIAN_POINT('Origin',(36.75,0.,69.75));
#4555=CARTESIAN_POINT('',(33.75,28.,69.75));
#4556=CARTESIAN_POINT('',(33.75,0.,69.75));
#4557=CARTESIAN_POINT('Origin',(36.75,28.,69.75));
#4558=CARTESIAN_POINT('Origin',(18.75,29.,69.75));
#4559=CARTESIAN_POINT('',(14.75,30.,69.75));
#4560=CARTESIAN_POINT('',(18.75,30.,73.75));
#4561=CARTESIAN_POINT('Origin',(18.75,30.,69.75));
#4562=CARTESIAN_POINT('',(18.75,29.,72.75));
#4563=CARTESIAN_POINT('Origin',(18.75,29.,73.75));
#4564=CARTESIAN_POINT('',(15.75,29.,69.75));
#4565=CARTESIAN_POINT('Origin',(18.75,29.,69.75));
#4566=CARTESIAN_POINT('Origin',(18.75,29.,69.75));
#4567=CARTESIAN_POINT('Origin',(18.75,30.,69.75));
#4568=CARTESIAN_POINT('Origin',(18.75,0.,69.75));
#4569=CARTESIAN_POINT('',(15.75,28.,69.75));
#4570=CARTESIAN_POINT('',(15.75,0.,69.75));
#4571=CARTESIAN_POINT('Origin',(18.75,28.,69.75));
#4572=CARTESIAN_POINT('Origin',(18.75,29.,51.75));
#4573=CARTESIAN_POINT('',(14.75,30.,51.75));
#4574=CARTESIAN_POINT('',(18.75,30.,55.75));
#4575=CARTESIAN_POINT('Origin',(18.75,30.,51.75));
#4576=CARTESIAN_POINT('',(18.75,29.,54.75));
#4577=CARTESIAN_POINT('Origin',(18.75,29.,55.75));
#4578=CARTESIAN_POINT('',(15.75,29.,51.75));
#4579=CARTESIAN_POINT('Origin',(18.75,29.,51.75));
#4580=CARTESIAN_POINT('Origin',(18.75,29.,51.75));
#4581=CARTESIAN_POINT('Origin',(18.75,30.,51.75));
#4582=CARTESIAN_POINT('Origin',(18.75,0.,51.75));
#4583=CARTESIAN_POINT('',(15.75,28.,51.75));
#4584=CARTESIAN_POINT('',(15.75,0.,51.75));
#4585=CARTESIAN_POINT('Origin',(18.75,28.,51.75));
#4586=CARTESIAN_POINT('Origin',(18.75,29.,33.75));
#4587=CARTESIAN_POINT('',(14.75,30.,33.75));
#4588=CARTESIAN_POINT('',(18.75,30.,37.75));
#4589=CARTESIAN_POINT('Origin',(18.75,30.,33.75));
#4590=CARTESIAN_POINT('',(18.75,29.,36.75));
#4591=CARTESIAN_POINT('Origin',(18.75,29.,37.75));
#4592=CARTESIAN_POINT('',(15.75,29.,33.75));
#4593=CARTESIAN_POINT('Origin',(18.75,29.,33.75));
#4594=CARTESIAN_POINT('Origin',(18.75,29.,33.75));
#4595=CARTESIAN_POINT('Origin',(18.75,30.,33.75));
#4596=CARTESIAN_POINT('Origin',(18.75,0.,33.75));
#4597=CARTESIAN_POINT('',(15.75,28.,33.75));
#4598=CARTESIAN_POINT('',(15.75,0.,33.75));
#4599=CARTESIAN_POINT('Origin',(18.75,28.,33.75));
#4600=CARTESIAN_POINT('Origin',(36.75,29.,33.75));
#4601=CARTESIAN_POINT('',(32.75,30.,33.75));
#4602=CARTESIAN_POINT('',(36.75,30.,37.75));
#4603=CARTESIAN_POINT('Origin',(36.75,30.,33.75));
#4604=CARTESIAN_POINT('',(36.75,29.,36.75));
#4605=CARTESIAN_POINT('Origin',(36.75,29.,37.75));
#4606=CARTESIAN_POINT('',(33.75,29.,33.75));
#4607=CARTESIAN_POINT('Origin',(36.75,29.,33.75));
#4608=CARTESIAN_POINT('Origin',(36.75,29.,33.75));
#4609=CARTESIAN_POINT('Origin',(36.75,30.,33.75));
#4610=CARTESIAN_POINT('Origin',(36.75,0.,33.75));
#4611=CARTESIAN_POINT('',(33.75,28.,33.75));
#4612=CARTESIAN_POINT('',(33.75,0.,33.75));
#4613=CARTESIAN_POINT('Origin',(36.75,28.,33.75));
#4614=CARTESIAN_POINT('Origin',(54.75,29.,33.75));
#4615=CARTESIAN_POINT('',(50.75,30.,33.75));
#4616=CARTESIAN_POINT('',(54.75,30.,37.75));
#4617=CARTESIAN_POINT('Origin',(54.75,30.,33.75));
#4618=CARTESIAN_POINT('',(54.75,29.,36.75));
#4619=CARTESIAN_POINT('Origin',(54.75,29.,37.75));
#4620=CARTESIAN_POINT('',(51.75,29.,33.75));
#4621=CARTESIAN_POINT('Origin',(54.75,29.,33.75));
#4622=CARTESIAN_POINT('Origin',(54.75,29.,33.75));
#4623=CARTESIAN_POINT('Origin',(54.75,30.,33.75));
#4624=CARTESIAN_POINT('Origin',(54.75,0.,33.75));
#4625=CARTESIAN_POINT('',(51.75,28.,33.75));
#4626=CARTESIAN_POINT('',(51.75,0.,33.75));
#4627=CARTESIAN_POINT('Origin',(54.75,28.,33.75));
#4628=CARTESIAN_POINT('Origin',(72.75,29.,33.75));
#4629=CARTESIAN_POINT('',(68.75,30.,33.75));
#4630=CARTESIAN_POINT('',(72.75,30.,37.75));
#4631=CARTESIAN_POINT('Origin',(72.75,30.,33.75));
#4632=CARTESIAN_POINT('',(72.75,29.,36.75));
#4633=CARTESIAN_POINT('Origin',(72.75,29.,37.75));
#4634=CARTESIAN_POINT('',(69.75,29.,33.75));
#4635=CARTESIAN_POINT('Origin',(72.75,29.,33.75));
#4636=CARTESIAN_POINT('Origin',(72.75,29.,33.75));
#4637=CARTESIAN_POINT('Origin',(72.75,30.,33.75));
#4638=CARTESIAN_POINT('Origin',(72.75,0.,33.75));
#4639=CARTESIAN_POINT('',(69.75,28.,33.75));
#4640=CARTESIAN_POINT('',(69.75,0.,33.75));
#4641=CARTESIAN_POINT('Origin',(72.75,28.,33.75));
#4642=CARTESIAN_POINT('Origin',(90.75,29.,33.75));
#4643=CARTESIAN_POINT('',(86.75,30.,33.75));
#4644=CARTESIAN_POINT('',(90.75,30.,37.75));
#4645=CARTESIAN_POINT('Origin',(90.75,30.,33.75));
#4646=CARTESIAN_POINT('',(90.75,29.,36.75));
#4647=CARTESIAN_POINT('Origin',(90.75,29.,37.75));
#4648=CARTESIAN_POINT('',(87.75,29.,33.75));
#4649=CARTESIAN_POINT('Origin',(90.75,29.,33.75));
#4650=CARTESIAN_POINT('Origin',(90.75,29.,33.75));
#4651=CARTESIAN_POINT('Origin',(90.75,30.,33.75));
#4652=CARTESIAN_POINT('Origin',(90.75,0.,33.75));
#4653=CARTESIAN_POINT('',(87.75,28.,33.75));
#4654=CARTESIAN_POINT('',(87.75,0.,33.75));
#4655=CARTESIAN_POINT('Origin',(90.75,28.,33.75));
#4656=CARTESIAN_POINT('Origin',(90.75,29.,15.75));
#4657=CARTESIAN_POINT('',(86.75,30.,15.75));
#4658=CARTESIAN_POINT('',(90.75,30.,19.75));
#4659=CARTESIAN_POINT('Origin',(90.75,30.,15.75));
#4660=CARTESIAN_POINT('',(90.75,29.,18.75));
#4661=CARTESIAN_POINT('Origin',(90.75,29.,19.75));
#4662=CARTESIAN_POINT('',(87.75,29.,15.75));
#4663=CARTESIAN_POINT('Origin',(90.75,29.,15.75));
#4664=CARTESIAN_POINT('Origin',(90.75,29.,15.75));
#4665=CARTESIAN_POINT('Origin',(90.75,30.,15.75));
#4666=CARTESIAN_POINT('Origin',(90.75,0.,15.75));
#4667=CARTESIAN_POINT('',(87.75,28.,15.75));
#4668=CARTESIAN_POINT('',(87.75,0.,15.75));
#4669=CARTESIAN_POINT('Origin',(90.75,28.,15.75));
#4670=CARTESIAN_POINT('Origin',(72.75,29.,15.75));
#4671=CARTESIAN_POINT('',(68.75,30.,15.75));
#4672=CARTESIAN_POINT('',(72.75,30.,19.75));
#4673=CARTESIAN_POINT('Origin',(72.75,30.,15.75));
#4674=CARTESIAN_POINT('',(72.75,29.,18.75));
#4675=CARTESIAN_POINT('Origin',(72.75,29.,19.75));
#4676=CARTESIAN_POINT('',(69.75,29.,15.75));
#4677=CARTESIAN_POINT('Origin',(72.75,29.,15.75));
#4678=CARTESIAN_POINT('Origin',(72.75,29.,15.75));
#4679=CARTESIAN_POINT('Origin',(72.75,30.,15.75));
#4680=CARTESIAN_POINT('Origin',(72.75,0.,15.75));
#4681=CARTESIAN_POINT('',(69.75,28.,15.75));
#4682=CARTESIAN_POINT('',(69.75,0.,15.75));
#4683=CARTESIAN_POINT('Origin',(72.75,28.,15.75));
#4684=CARTESIAN_POINT('Origin',(54.75,29.,15.75));
#4685=CARTESIAN_POINT('',(50.75,30.,15.75));
#4686=CARTESIAN_POINT('',(54.75,30.,19.75));
#4687=CARTESIAN_POINT('Origin',(54.75,30.,15.75));
#4688=CARTESIAN_POINT('',(54.75,29.,18.75));
#4689=CARTESIAN_POINT('Origin',(54.75,29.,19.75));
#4690=CARTESIAN_POINT('',(51.75,29.,15.75));
#4691=CARTESIAN_POINT('Origin',(54.75,29.,15.75));
#4692=CARTESIAN_POINT('Origin',(54.75,29.,15.75));
#4693=CARTESIAN_POINT('Origin',(54.75,30.,15.75));
#4694=CARTESIAN_POINT('Origin',(54.75,0.,15.75));
#4695=CARTESIAN_POINT('',(51.75,28.,15.75));
#4696=CARTESIAN_POINT('',(51.75,0.,15.75));
#4697=CARTESIAN_POINT('Origin',(54.75,28.,15.75));
#4698=CARTESIAN_POINT('Origin',(36.75,29.,15.75));
#4699=CARTESIAN_POINT('',(32.75,30.,15.75));
#4700=CARTESIAN_POINT('',(36.75,30.,19.75));
#4701=CARTESIAN_POINT('Origin',(36.75,30.,15.75));
#4702=CARTESIAN_POINT('',(36.75,29.,18.75));
#4703=CARTESIAN_POINT('Origin',(36.75,29.,19.75));
#4704=CARTESIAN_POINT('',(33.75,29.,15.75));
#4705=CARTESIAN_POINT('Origin',(36.75,29.,15.75));
#4706=CARTESIAN_POINT('Origin',(36.75,29.,15.75));
#4707=CARTESIAN_POINT('Origin',(36.75,30.,15.75));
#4708=CARTESIAN_POINT('Origin',(36.75,0.,15.75));
#4709=CARTESIAN_POINT('',(33.75,28.,15.75));
#4710=CARTESIAN_POINT('',(33.75,0.,15.75));
#4711=CARTESIAN_POINT('Origin',(36.75,28.,15.75));
#4712=CARTESIAN_POINT('Origin',(18.75,29.,15.75));
#4713=CARTESIAN_POINT('',(14.75,30.,15.75));
#4714=CARTESIAN_POINT('',(18.75,30.,19.75));
#4715=CARTESIAN_POINT('Origin',(18.75,30.,15.75));
#4716=CARTESIAN_POINT('',(18.75,29.,18.75));
#4717=CARTESIAN_POINT('Origin',(18.75,29.,19.75));
#4718=CARTESIAN_POINT('',(15.75,29.,15.75));
#4719=CARTESIAN_POINT('Origin',(18.75,29.,15.75));
#4720=CARTESIAN_POINT('Origin',(18.75,29.,15.75));
#4721=CARTESIAN_POINT('Origin',(18.75,30.,15.75));
#4722=CARTESIAN_POINT('Origin',(18.75,0.,15.75));
#4723=CARTESIAN_POINT('',(15.75,28.,15.75));
#4724=CARTESIAN_POINT('',(15.75,0.,15.75));
#4725=CARTESIAN_POINT('Origin',(18.75,28.,15.75));
#4726=CARTESIAN_POINT('Origin',(18.75,4.,15.75));
#4727=CARTESIAN_POINT('',(14.75,4.,15.75));
#4728=CARTESIAN_POINT('',(18.75,4.,19.75));
#4729=CARTESIAN_POINT('Origin',(18.75,4.,15.75));
#4730=CARTESIAN_POINT('Origin',(18.75,4.,22.75));
#4731=CARTESIAN_POINT('Origin',(18.75,4.,15.75));
#4732=CARTESIAN_POINT('Origin',(18.75,0.,15.75));
#4733=CARTESIAN_POINT('',(14.75,0.,15.75));
#4734=CARTESIAN_POINT('Origin',(36.75,4.,15.75));
#4735=CARTESIAN_POINT('',(32.75,4.,15.75));
#4736=CARTESIAN_POINT('',(36.75,4.,19.75));
#4737=CARTESIAN_POINT('Origin',(36.75,4.,15.75));
#4738=CARTESIAN_POINT('Origin',(36.75,4.,22.75));
#4739=CARTESIAN_POINT('Origin',(36.75,4.,15.75));
#4740=CARTESIAN_POINT('Origin',(36.75,0.,15.75));
#4741=CARTESIAN_POINT('',(32.75,0.,15.75));
#4742=CARTESIAN_POINT('Origin',(54.75,4.,15.75));
#4743=CARTESIAN_POINT('',(50.75,4.,15.75));
#4744=CARTESIAN_POINT('',(54.75,4.,19.75));
#4745=CARTESIAN_POINT('Origin',(54.75,4.,15.75));
#4746=CARTESIAN_POINT('Origin',(54.75,4.,22.75));
#4747=CARTESIAN_POINT('Origin',(54.75,4.,15.75));
#4748=CARTESIAN_POINT('Origin',(54.75,0.,15.75));
#4749=CARTESIAN_POINT('',(50.75,0.,15.75));
#4750=CARTESIAN_POINT('Origin',(72.75,4.,15.75));
#4751=CARTESIAN_POINT('',(68.75,4.,15.75));
#4752=CARTESIAN_POINT('',(72.75,4.,19.75));
#4753=CARTESIAN_POINT('Origin',(72.75,4.,15.75));
#4754=CARTESIAN_POINT('Origin',(72.75,4.,22.75));
#4755=CARTESIAN_POINT('Origin',(72.75,4.,15.75));
#4756=CARTESIAN_POINT('Origin',(72.75,0.,15.75));
#4757=CARTESIAN_POINT('',(68.75,0.,15.75));
#4758=CARTESIAN_POINT('Origin',(90.75,4.,15.75));
#4759=CARTESIAN_POINT('',(86.75,4.,15.75));
#4760=CARTESIAN_POINT('',(90.75,4.,19.75));
#4761=CARTESIAN_POINT('Origin',(90.75,4.,15.75));
#4762=CARTESIAN_POINT('Origin',(90.75,4.,22.75));
#4763=CARTESIAN_POINT('Origin',(90.75,4.,15.75));
#4764=CARTESIAN_POINT('Origin',(90.75,0.,15.75));
#4765=CARTESIAN_POINT('',(86.75,0.,15.75));
#4766=CARTESIAN_POINT('Origin',(108.75,4.,15.75));
#4767=CARTESIAN_POINT('',(104.75,4.,15.75));
#4768=CARTESIAN_POINT('',(108.75,4.,19.75));
#4769=CARTESIAN_POINT('Origin',(108.75,4.,15.75));
#4770=CARTESIAN_POINT('Origin',(108.75,4.,22.75));
#4771=CARTESIAN_POINT('Origin',(108.75,4.,15.75));
#4772=CARTESIAN_POINT('Origin',(108.75,0.,15.75));
#4773=CARTESIAN_POINT('',(104.75,0.,15.75));
#4774=CARTESIAN_POINT('Origin',(54.75,4.,33.75));
#4775=CARTESIAN_POINT('',(50.75,4.,33.75));
#4776=CARTESIAN_POINT('',(54.75,4.,37.75));
#4777=CARTESIAN_POINT('Origin',(54.75,4.,33.75));
#4778=CARTESIAN_POINT('Origin',(54.75,4.,40.75));
#4779=CARTESIAN_POINT('Origin',(54.75,4.,33.75));
#4780=CARTESIAN_POINT('Origin',(54.75,0.,33.75));
#4781=CARTESIAN_POINT('',(50.75,0.,33.75));
#4782=CARTESIAN_POINT('Origin',(36.75,4.,33.75));
#4783=CARTESIAN_POINT('',(32.75,4.,33.75));
#4784=CARTESIAN_POINT('',(36.75,4.,37.75));
#4785=CARTESIAN_POINT('Origin',(36.75,4.,33.75));
#4786=CARTESIAN_POINT('Origin',(36.75,4.,40.75));
#4787=CARTESIAN_POINT('Origin',(36.75,4.,33.75));
#4788=CARTESIAN_POINT('Origin',(36.75,0.,33.75));
#4789=CARTESIAN_POINT('',(32.75,0.,33.75));
#4790=CARTESIAN_POINT('Origin',(18.75,4.,33.75));
#4791=CARTESIAN_POINT('',(14.75,4.,33.75));
#4792=CARTESIAN_POINT('',(18.75,4.,37.75));
#4793=CARTESIAN_POINT('Origin',(18.75,4.,33.75));
#4794=CARTESIAN_POINT('Origin',(18.75,4.,40.75));
#4795=CARTESIAN_POINT('Origin',(18.75,4.,33.75));
#4796=CARTESIAN_POINT('Origin',(18.75,0.,33.75));
#4797=CARTESIAN_POINT('',(14.75,0.,33.75));
#4798=CARTESIAN_POINT('Origin',(18.75,4.,69.75));
#4799=CARTESIAN_POINT('',(14.75,4.,69.75));
#4800=CARTESIAN_POINT('',(18.75,4.,73.75));
#4801=CARTESIAN_POINT('Origin',(18.75,4.,69.75));
#4802=CARTESIAN_POINT('Origin',(18.75,4.,76.75));
#4803=CARTESIAN_POINT('Origin',(18.75,4.,69.75));
#4804=CARTESIAN_POINT('Origin',(18.75,0.,69.75));
#4805=CARTESIAN_POINT('',(14.75,0.,69.75));
#4806=CARTESIAN_POINT('Origin',(18.75,4.,51.75));
#4807=CARTESIAN_POINT('',(14.75,4.,51.75));
#4808=CARTESIAN_POINT('',(18.75,4.,55.75));
#4809=CARTESIAN_POINT('Origin',(18.75,4.,51.75));
#4810=CARTESIAN_POINT('Origin',(18.75,4.,58.75));
#4811=CARTESIAN_POINT('Origin',(18.75,4.,51.75));
#4812=CARTESIAN_POINT('Origin',(18.75,0.,51.75));
#4813=CARTESIAN_POINT('',(14.75,0.,51.75));
#4814=CARTESIAN_POINT('Origin',(36.75,4.,51.75));
#4815=CARTESIAN_POINT('',(32.75,4.,51.75));
#4816=CARTESIAN_POINT('',(36.75,4.,55.75));
#4817=CARTESIAN_POINT('Origin',(36.75,4.,51.75));
#4818=CARTESIAN_POINT('Origin',(36.75,4.,58.75));
#4819=CARTESIAN_POINT('Origin',(36.75,4.,51.75));
#4820=CARTESIAN_POINT('Origin',(36.75,0.,51.75));
#4821=CARTESIAN_POINT('',(32.75,0.,51.75));
#4822=CARTESIAN_POINT('Origin',(36.75,4.,69.75));
#4823=CARTESIAN_POINT('',(32.75,4.,69.75));
#4824=CARTESIAN_POINT('',(36.75,4.,73.75));
#4825=CARTESIAN_POINT('Origin',(36.75,4.,69.75));
#4826=CARTESIAN_POINT('Origin',(36.75,4.,76.75));
#4827=CARTESIAN_POINT('Origin',(36.75,4.,69.75));
#4828=CARTESIAN_POINT('Origin',(36.75,0.,69.75));
#4829=CARTESIAN_POINT('',(32.75,0.,69.75));
#4830=CARTESIAN_POINT('Origin',(54.75,4.,69.75));
#4831=CARTESIAN_POINT('',(50.75,4.,69.75));
#4832=CARTESIAN_POINT('',(54.75,4.,73.75));
#4833=CARTESIAN_POINT('Origin',(54.75,4.,69.75));
#4834=CARTESIAN_POINT('Origin',(54.75,4.,76.75));
#4835=CARTESIAN_POINT('Origin',(54.75,4.,69.75));
#4836=CARTESIAN_POINT('Origin',(54.75,0.,69.75));
#4837=CARTESIAN_POINT('',(50.75,0.,69.75));
#4838=CARTESIAN_POINT('Origin',(72.75,4.,69.75));
#4839=CARTESIAN_POINT('',(68.75,4.,69.75));
#4840=CARTESIAN_POINT('',(72.75,4.,73.75));
#4841=CARTESIAN_POINT('Origin',(72.75,4.,69.75));
#4842=CARTESIAN_POINT('Origin',(72.75,4.,76.75));
#4843=CARTESIAN_POINT('Origin',(72.75,4.,69.75));
#4844=CARTESIAN_POINT('Origin',(72.75,0.,69.75));
#4845=CARTESIAN_POINT('',(68.75,0.,69.75));
#4846=CARTESIAN_POINT('Origin',(54.75,4.,51.75));
#4847=CARTESIAN_POINT('',(50.75,4.,51.75));
#4848=CARTESIAN_POINT('',(54.75,4.,55.75));
#4849=CARTESIAN_POINT('Origin',(54.75,4.,51.75));
#4850=CARTESIAN_POINT('Origin',(54.75,4.,58.75));
#4851=CARTESIAN_POINT('Origin',(54.75,4.,51.75));
#4852=CARTESIAN_POINT('Origin',(54.75,0.,51.75));
#4853=CARTESIAN_POINT('',(50.75,0.,51.75));
#4854=CARTESIAN_POINT('Origin',(72.75,4.,51.75));
#4855=CARTESIAN_POINT('',(68.75,4.,51.75));
#4856=CARTESIAN_POINT('',(72.75,4.,55.75));
#4857=CARTESIAN_POINT('Origin',(72.75,4.,51.75));
#4858=CARTESIAN_POINT('Origin',(72.75,4.,58.75));
#4859=CARTESIAN_POINT('Origin',(72.75,4.,51.75));
#4860=CARTESIAN_POINT('Origin',(72.75,0.,51.75));
#4861=CARTESIAN_POINT('',(68.75,0.,51.75));
#4862=CARTESIAN_POINT('Origin',(72.75,4.,33.75));
#4863=CARTESIAN_POINT('',(68.75,4.,33.75));
#4864=CARTESIAN_POINT('',(72.75,4.,37.75));
#4865=CARTESIAN_POINT('Origin',(72.75,4.,33.75));
#4866=CARTESIAN_POINT('Origin',(72.75,4.,40.75));
#4867=CARTESIAN_POINT('Origin',(72.75,4.,33.75));
#4868=CARTESIAN_POINT('Origin',(72.75,0.,33.75));
#4869=CARTESIAN_POINT('',(68.75,0.,33.75));
#4870=CARTESIAN_POINT('Origin',(90.75,4.,33.75));
#4871=CARTESIAN_POINT('',(86.75,4.,33.75));
#4872=CARTESIAN_POINT('',(90.75,4.,37.75));
#4873=CARTESIAN_POINT('Origin',(90.75,4.,33.75));
#4874=CARTESIAN_POINT('Origin',(90.75,4.,40.75));
#4875=CARTESIAN_POINT('Origin',(90.75,4.,33.75));
#4876=CARTESIAN_POINT('Origin',(90.75,0.,33.75));
#4877=CARTESIAN_POINT('',(86.75,0.,33.75));
#4878=CARTESIAN_POINT('Origin',(108.75,4.,33.75));
#4879=CARTESIAN_POINT('',(104.75,4.,33.75));
#4880=CARTESIAN_POINT('',(108.75,4.,37.75));
#4881=CARTESIAN_POINT('Origin',(108.75,4.,33.75));
#4882=CARTESIAN_POINT('Origin',(108.75,4.,40.75));
#4883=CARTESIAN_POINT('Origin',(108.75,4.,33.75));
#4884=CARTESIAN_POINT('Origin',(108.75,0.,33.75));
#4885=CARTESIAN_POINT('',(104.75,0.,33.75));
#4886=CARTESIAN_POINT('Origin',(90.75,4.,51.75));
#4887=CARTESIAN_POINT('',(86.75,4.,51.75));
#4888=CARTESIAN_POINT('',(90.75,4.,55.75));
#4889=CARTESIAN_POINT('Origin',(90.75,4.,51.75));
#4890=CARTESIAN_POINT('Origin',(90.75,4.,58.75));
#4891=CARTESIAN_POINT('Origin',(90.75,4.,51.75));
#4892=CARTESIAN_POINT('Origin',(90.75,0.,51.75));
#4893=CARTESIAN_POINT('',(86.75,0.,51.75));
#4894=CARTESIAN_POINT('Origin',(90.75,4.,69.75));
#4895=CARTESIAN_POINT('',(86.75,4.,69.75));
#4896=CARTESIAN_POINT('',(90.75,4.,73.75));
#4897=CARTESIAN_POINT('Origin',(90.75,4.,69.75));
#4898=CARTESIAN_POINT('Origin',(90.75,4.,76.75));
#4899=CARTESIAN_POINT('Origin',(90.75,4.,69.75));
#4900=CARTESIAN_POINT('Origin',(90.75,0.,69.75));
#4901=CARTESIAN_POINT('',(86.75,0.,69.75));
#4902=CARTESIAN_POINT('Origin',(108.75,4.,51.75));
#4903=CARTESIAN_POINT('',(104.75,4.,51.75));
#4904=CARTESIAN_POINT('',(108.75,4.,55.75));
#4905=CARTESIAN_POINT('Origin',(108.75,4.,51.75));
#4906=CARTESIAN_POINT('Origin',(108.75,4.,58.75));
#4907=CARTESIAN_POINT('Origin',(108.75,4.,51.75));
#4908=CARTESIAN_POINT('Origin',(108.75,0.,51.75));
#4909=CARTESIAN_POINT('',(104.75,0.,51.75));
#4910=CARTESIAN_POINT('Origin',(108.75,4.,69.75));
#4911=CARTESIAN_POINT('',(104.75,4.,69.75));
#4912=CARTESIAN_POINT('',(108.75,4.,73.75));
#4913=CARTESIAN_POINT('Origin',(108.75,4.,69.75));
#4914=CARTESIAN_POINT('Origin',(108.75,4.,76.75));
#4915=CARTESIAN_POINT('Origin',(108.75,4.,69.75));
#4916=CARTESIAN_POINT('Origin',(108.75,0.,69.75));
#4917=CARTESIAN_POINT('',(104.75,0.,69.75));
#4918=CARTESIAN_POINT('Origin',(125.75,0.,1.74999999999999));
#4919=CARTESIAN_POINT('',(125.75,0.,1.74999999999999));
#4920=CARTESIAN_POINT('Origin',(1.74999999999999,0.,1.74999999999999));
#4921=CARTESIAN_POINT('Origin',(63.75,0.,42.75));
#4922=CARTESIAN_POINT('',(-1.1170393677446E-31,0.,85.5));
#4923=CARTESIAN_POINT('',(0.,0.,0.));
#4924=CARTESIAN_POINT('',(-1.1170393677446E-31,0.,85.5));
#4925=CARTESIAN_POINT('',(127.5,0.,2.09926363938209E-31));
#4926=CARTESIAN_POINT('',(0.,0.,0.));
#4927=CARTESIAN_POINT('',(127.5,0.,85.5));
#4928=CARTESIAN_POINT('',(127.5,0.,2.09926363938209E-31));
#4929=CARTESIAN_POINT('',(127.5,0.,85.5));
#4930=CARTESIAN_POINT('',(16.,0.,69.75));
#4931=CARTESIAN_POINT('Origin',(18.75,0.,69.75));
#4932=CARTESIAN_POINT('',(34.,0.,51.75));
#4933=CARTESIAN_POINT('Origin',(36.75,0.,51.75));
#4934=CARTESIAN_POINT('',(106.,0.,69.75));
#4935=CARTESIAN_POINT('Origin',(108.75,0.,69.75));
#4936=CARTESIAN_POINT('',(106.,0.,15.75));
#4937=CARTESIAN_POINT('Origin',(108.75,0.,15.75));
#4938=CARTESIAN_POINT('',(70.,0.,15.75));
#4939=CARTESIAN_POINT('Origin',(72.75,0.,15.75));
#4940=CARTESIAN_POINT('',(52.,0.,33.75));
#4941=CARTESIAN_POINT('Origin',(54.75,0.,33.75));
#4942=CARTESIAN_POINT('',(16.,0.,15.75));
#4943=CARTESIAN_POINT('Origin',(18.75,0.,15.75));
#4944=CARTESIAN_POINT('',(34.,0.,33.75));
#4945=CARTESIAN_POINT('Origin',(36.75,0.,33.75));
#4946=CARTESIAN_POINT('',(88.,0.,15.75));
#4947=CARTESIAN_POINT('Origin',(90.75,0.,15.75));
#4948=CARTESIAN_POINT('',(88.,0.,69.75));
#4949=CARTESIAN_POINT('Origin',(90.75,0.,69.75));
#4950=CARTESIAN_POINT('',(70.,0.,69.75));
#4951=CARTESIAN_POINT('Origin',(72.75,0.,69.75));
#4952=CARTESIAN_POINT('',(52.,0.,51.75));
#4953=CARTESIAN_POINT('Origin',(54.75,0.,51.75));
#4954=CARTESIAN_POINT('',(34.,0.,69.75));
#4955=CARTESIAN_POINT('Origin',(36.75,0.,69.75));
#4956=CARTESIAN_POINT('',(16.,0.,51.75));
#4957=CARTESIAN_POINT('Origin',(18.75,0.,51.75));
#4958=CARTESIAN_POINT('',(106.,0.,51.75));
#4959=CARTESIAN_POINT('Origin',(108.75,0.,51.75));
#4960=CARTESIAN_POINT('',(106.,0.,33.75));
#4961=CARTESIAN_POINT('Origin',(108.75,0.,33.75));
#4962=CARTESIAN_POINT('',(70.,0.,33.75));
#4963=CARTESIAN_POINT('Origin',(72.75,0.,33.75));
#4964=CARTESIAN_POINT('',(52.,0.,15.75));
#4965=CARTESIAN_POINT('Origin',(54.75,0.,15.75));
#4966=CARTESIAN_POINT('',(34.,0.,15.75));
#4967=CARTESIAN_POINT('Origin',(36.75,0.,15.75));
#4968=CARTESIAN_POINT('',(16.,0.,33.75));
#4969=CARTESIAN_POINT('Origin',(18.75,0.,33.75));
#4970=CARTESIAN_POINT('',(88.,0.,33.75));
#4971=CARTESIAN_POINT('Origin',(90.75,0.,33.75));
#4972=CARTESIAN_POINT('',(88.,0.,51.75));
#4973=CARTESIAN_POINT('Origin',(90.75,0.,51.75));
#4974=CARTESIAN_POINT('',(70.,0.,51.75));
#4975=CARTESIAN_POINT('Origin',(72.75,0.,51.75));
#4976=CARTESIAN_POINT('',(52.,0.,69.75));
#4977=CARTESIAN_POINT('Origin',(54.75,0.,69.75));
#4978=CARTESIAN_POINT('Origin',(63.75,28.,42.75));
#4979=CARTESIAN_POINT('',(70.,28.,69.75));
#4980=CARTESIAN_POINT('Origin',(72.75,28.,69.75));
#4981=CARTESIAN_POINT('Origin',(63.75,28.,42.75));
#4982=CARTESIAN_POINT('',(34.,28.,69.75));
#4983=CARTESIAN_POINT('Origin',(36.75,28.,69.75));
#4984=CARTESIAN_POINT('Origin',(63.75,28.,42.75));
#4985=CARTESIAN_POINT('',(88.,28.,69.75));
#4986=CARTESIAN_POINT('Origin',(90.75,28.,69.75));
#4987=CARTESIAN_POINT('Origin',(63.75,28.,42.75));
#4988=CARTESIAN_POINT('',(106.,28.,51.75));
#4989=CARTESIAN_POINT('Origin',(108.75,28.,51.75));
#4990=CARTESIAN_POINT('Origin',(63.75,28.,42.75));
#4991=CARTESIAN_POINT('',(70.,28.,51.75));
#4992=CARTESIAN_POINT('Origin',(72.75,28.,51.75));
#4993=CARTESIAN_POINT('Origin',(63.75,28.,42.75));
#4994=CARTESIAN_POINT('',(34.,28.,51.75));
#4995=CARTESIAN_POINT('Origin',(36.75,28.,51.75));
#4996=CARTESIAN_POINT('Origin',(63.75,28.,42.75));
#4997=CARTESIAN_POINT('',(16.,28.,33.75));
#4998=CARTESIAN_POINT('Origin',(18.75,28.,33.75));
#4999=CARTESIAN_POINT('Origin',(63.75,28.,42.75));
#5000=CARTESIAN_POINT('',(52.,28.,33.75));
#5001=CARTESIAN_POINT('Origin',(54.75,28.,33.75));
#5002=CARTESIAN_POINT('Origin',(63.75,28.,42.75));
#5003=CARTESIAN_POINT('',(106.,28.,33.75));
#5004=CARTESIAN_POINT('Origin',(108.75,28.,33.75));
#5005=CARTESIAN_POINT('Origin',(63.75,28.,42.75));
#5006=CARTESIAN_POINT('',(88.,28.,15.75));
#5007=CARTESIAN_POINT('Origin',(90.75,28.,15.75));
#5008=CARTESIAN_POINT('Origin',(63.75,28.,42.75));
#5009=CARTESIAN_POINT('',(70.,28.,15.75));
#5010=CARTESIAN_POINT('Origin',(72.75,28.,15.75));
#5011=CARTESIAN_POINT('Origin',(63.75,28.,42.75));
#5012=CARTESIAN_POINT('',(34.,28.,15.75));
#5013=CARTESIAN_POINT('Origin',(36.75,28.,15.75));
#5014=CARTESIAN_POINT('Origin',(63.75,28.,42.75));
#5015=CARTESIAN_POINT('',(16.,28.,15.75));
#5016=CARTESIAN_POINT('Origin',(18.75,28.,15.75));
#5017=CARTESIAN_POINT('Origin',(63.75,28.,42.75));
#5018=CARTESIAN_POINT('',(52.,28.,15.75));
#5019=CARTESIAN_POINT('Origin',(54.75,28.,15.75));
#5020=CARTESIAN_POINT('Origin',(63.75,28.,42.75));
#5021=CARTESIAN_POINT('',(106.,28.,15.75));
#5022=CARTESIAN_POINT('Origin',(108.75,28.,15.75));
#5023=CARTESIAN_POINT('Origin',(63.75,28.,42.75));
#5024=CARTESIAN_POINT('',(88.,28.,33.75));
#5025=CARTESIAN_POINT('Origin',(90.75,28.,33.75));
#5026=CARTESIAN_POINT('Origin',(63.75,28.,42.75));
#5027=CARTESIAN_POINT('',(70.,28.,33.75));
#5028=CARTESIAN_POINT('Origin',(72.75,28.,33.75));
#5029=CARTESIAN_POINT('Origin',(63.75,28.,42.75));
#5030=CARTESIAN_POINT('',(34.,28.,33.75));
#5031=CARTESIAN_POINT('Origin',(36.75,28.,33.75));
#5032=CARTESIAN_POINT('Origin',(63.75,28.,42.75));
#5033=CARTESIAN_POINT('',(16.,28.,51.75));
#5034=CARTESIAN_POINT('Origin',(18.75,28.,51.75));
#5035=CARTESIAN_POINT('Origin',(63.75,28.,42.75));
#5036=CARTESIAN_POINT('',(52.,28.,51.75));
#5037=CARTESIAN_POINT('Origin',(54.75,28.,51.75));
#5038=CARTESIAN_POINT('Origin',(63.75,28.,42.75));
#5039=CARTESIAN_POINT('',(88.,28.,51.75));
#5040=CARTESIAN_POINT('Origin',(90.75,28.,51.75));
#5041=CARTESIAN_POINT('Origin',(63.75,28.,42.75));
#5042=CARTESIAN_POINT('',(106.,28.,69.75));
#5043=CARTESIAN_POINT('Origin',(108.75,28.,69.75));
#5044=CARTESIAN_POINT('Origin',(63.75,28.,42.75));
#5045=CARTESIAN_POINT('',(16.,28.,69.75));
#5046=CARTESIAN_POINT('Origin',(18.75,28.,69.75));
#5047=CARTESIAN_POINT('Origin',(63.75,28.,42.75));
#5048=CARTESIAN_POINT('',(52.,28.,69.75));
#5049=CARTESIAN_POINT('Origin',(54.75,28.,69.75));
#5050=CARTESIAN_POINT('Origin',(72.75,0.,33.75));
#5051=CARTESIAN_POINT('',(70.,0.,33.75));
#5052=CARTESIAN_POINT('Origin',(18.75,0.,15.75));
#5053=CARTESIAN_POINT('',(16.,0.,15.75));
#5054=CARTESIAN_POINT('Origin',(54.75,0.,51.75));
#5055=CARTESIAN_POINT('',(52.,0.,51.75));
#5056=CARTESIAN_POINT('Origin',(36.75,0.,69.75));
#5057=CARTESIAN_POINT('',(34.,0.,69.75));
#5058=CARTESIAN_POINT('Origin',(36.75,0.,15.75));
#5059=CARTESIAN_POINT('',(34.,0.,15.75));
#5060=CARTESIAN_POINT('Origin',(108.75,0.,69.75));
#5061=CARTESIAN_POINT('',(106.,0.,69.75));
#5062=CARTESIAN_POINT('Origin',(108.75,0.,15.75));
#5063=CARTESIAN_POINT('',(106.,0.,15.75));
#5064=CARTESIAN_POINT('Origin',(72.75,0.,51.75));
#5065=CARTESIAN_POINT('',(70.,0.,51.75));
#5066=CARTESIAN_POINT('Origin',(108.75,0.,51.75));
#5067=CARTESIAN_POINT('',(106.,0.,51.75));
#5068=CARTESIAN_POINT('Origin',(90.75,0.,51.75));
#5069=CARTESIAN_POINT('',(88.,0.,51.75));
#5070=CARTESIAN_POINT('Origin',(72.75,0.,69.75));
#5071=CARTESIAN_POINT('',(70.,0.,69.75));
#5072=CARTESIAN_POINT('Origin',(54.75,0.,15.75));
#5073=CARTESIAN_POINT('',(52.,0.,15.75));
#5074=CARTESIAN_POINT('Origin',(90.75,0.,69.75));
#5075=CARTESIAN_POINT('',(88.,0.,69.75));
#5076=CARTESIAN_POINT('Origin',(90.75,0.,15.75));
#5077=CARTESIAN_POINT('',(88.,0.,15.75));
#5078=CARTESIAN_POINT('Origin',(54.75,0.,33.75));
#5079=CARTESIAN_POINT('',(52.,0.,33.75));
#5080=CARTESIAN_POINT('Origin',(18.75,0.,33.75));
#5081=CARTESIAN_POINT('',(16.,0.,33.75));
#5082=CARTESIAN_POINT('Origin',(18.75,0.,51.75));
#5083=CARTESIAN_POINT('',(16.,0.,51.75));
#5084=CARTESIAN_POINT('Origin',(54.75,0.,69.75));
#5085=CARTESIAN_POINT('',(52.,0.,69.75));
#5086=CARTESIAN_POINT('Origin',(36.75,0.,33.75));
#5087=CARTESIAN_POINT('',(34.,0.,33.75));
#5088=CARTESIAN_POINT('Origin',(18.75,0.,69.75));
#5089=CARTESIAN_POINT('',(16.,0.,69.75));
#5090=CARTESIAN_POINT('Origin',(72.75,0.,15.75));
#5091=CARTESIAN_POINT('',(70.,0.,15.75));
#5092=CARTESIAN_POINT('Origin',(36.75,0.,51.75));
#5093=CARTESIAN_POINT('',(34.,0.,51.75));
#5094=CARTESIAN_POINT('Origin',(90.75,0.,33.75));
#5095=CARTESIAN_POINT('',(88.,0.,33.75));
#5096=CARTESIAN_POINT('Origin',(108.75,0.,33.75));
#5097=CARTESIAN_POINT('',(106.,0.,33.75));
#5098=CARTESIAN_POINT('Origin',(127.5,0.,2.09926363938209E-31));
#5099=CARTESIAN_POINT('',(0.,0.,0.));
#5100=CARTESIAN_POINT('',(127.5,0.,2.09926363938209E-31));
#5101=CARTESIAN_POINT('Origin',(127.5,0.,85.5));
#5102=CARTESIAN_POINT('',(127.5,0.,85.5));
#5103=CARTESIAN_POINT('Origin',(0.,0.,85.5));
#5104=CARTESIAN_POINT('',(-1.1170393677446E-31,0.,85.5));
#5105=CARTESIAN_POINT('Origin',(0.,0.,0.));
#5106=UNCERTAINTY_MEASURE_WITH_UNIT(LENGTH_MEASURE(0.01),#5110,
'DISTANCE_ACCURACY_VALUE',
'Maximum model space distance between geometric entities at asserted c
onnectivities');
#5107=UNCERTAINTY_MEASURE_WITH_UNIT(LENGTH_MEASURE(0.01),#5110,
'DISTANCE_ACCURACY_VALUE',
'Maximum model space distance between geometric entities at asserted c
onnectivities');
#5108=(
GEOMETRIC_REPRESENTATION_CONTEXT(3)
GLOBAL_UNCERTAINTY_ASSIGNED_CONTEXT((#5106))
GLOBAL_UNIT_ASSIGNED_CONTEXT((#5110,#5112,#5113))
REPRESENTATION_CONTEXT('','3D')
);
#5109=(
GEOMETRIC_REPRESENTATION_CONTEXT(3)
GLOBAL_UNCERTAINTY_ASSIGNED_CONTEXT((#5107))
GLOBAL_UNIT_ASSIGNED_CONTEXT((#5110,#5112,#5113))
REPRESENTATION_CONTEXT('','3D')
);
#5110=(
LENGTH_UNIT()
NAMED_UNIT(*)
SI_UNIT(.MILLI.,.METRE.)
);
#5111=(
LENGTH_UNIT()
NAMED_UNIT(*)
SI_UNIT($,.METRE.)
);
#5112=(
NAMED_UNIT(*)
PLANE_ANGLE_UNIT()
SI_UNIT($,.RADIAN.)
);
#5113=(
NAMED_UNIT(*)
SI_UNIT($,.STERADIAN.)
SOLID_ANGLE_UNIT()
);
#5114=SHAPE_DEFINITION_REPRESENTATION(#5115,#5116);
#5115=PRODUCT_DEFINITION_SHAPE('',$,#5118);
#5116=SHAPE_REPRESENTATION('',(#2794),#5108);
#5117=PRODUCT_DEFINITION_CONTEXT('part definition',#5122,'design');
#5118=PRODUCT_DEFINITION('24 deep well led array',
'24 deep well led array v3',#5119,#5117);
#5119=PRODUCT_DEFINITION_FORMATION('',$,#5124);
#5120=PRODUCT_RELATED_PRODUCT_CATEGORY('24 deep well led array v3',
'24 deep well led array v3',(#5124));
#5121=APPLICATION_PROTOCOL_DEFINITION('international standard',
'automotive_design',2009,#5122);
#5122=APPLICATION_CONTEXT(
'Core Data for Automotive Mechanical Design Process');
#5123=PRODUCT_CONTEXT('part definition',#5122,'mechanical');
#5124=PRODUCT('24 deep well led array','24 deep well led array v3',$,(#5123));
#5125=PRESENTATION_STYLE_ASSIGNMENT((#5126));
#5126=SURFACE_STYLE_USAGE(.BOTH.,#5127);
#5127=SURFACE_SIDE_STYLE('',(#5128));
#5128=SURFACE_STYLE_FILL_AREA(#5129);
#5129=FILL_AREA_STYLE('Steel - Satin',(#5130));
#5130=FILL_AREA_STYLE_COLOUR('Steel - Satin',#5131);
#5131=COLOUR_RGB('Steel - Satin',0.627450980392157,0.627450980392157,0.627450980392157);
ENDSEC;
END-ISO-10303-21;
